Subject ID,AB,Tau,Ptau,Feature_1_x,Feature_2_x,Feature_3_x,Feature_4_x,Feature_5_x,Feature_6_x,Feature_7_x,Feature_8_x,Feature_9_x,Feature_10_x,Feature_11_x,Feature_12_x,Feature_13_x,Feature_14_x,Feature_15_x,Feature_16_x,Feature_17_x,Feature_18_x,Feature_19_x,Feature_20_x,Feature_21_x,Feature_22_x,Feature_23_x,Feature_24_x,Feature_25_x,Feature_26_x,Feature_27_x,Feature_28_x,Feature_29_x,Feature_30_x,Feature_31_x,Feature_32_x,Feature_33_x,Feature_34_x,Feature_35_x,Feature_36_x,Feature_37_x,Feature_38_x,Feature_39_x,Feature_40_x,Feature_41_x,Feature_42_x,Feature_43_x,Feature_44_x,Feature_45_x,Feature_46_x,Feature_47_x,Feature_48_x,Feature_49_x,Feature_50_x,Feature_51_x,Feature_52_x,Feature_53_x,Feature_54_x,Feature_55_x,Feature_56_x,Feature_57_x,Feature_58_x,Feature_59_x,Feature_60_x,Feature_61_x,Feature_62_x,Feature_63_x,Feature_64_x,Feature_65_x,Feature_66_x,Feature_67_x,Feature_68_x,Feature_69_x,Feature_70_x,Feature_71_x,Feature_72_x,Feature_73_x,Feature_74_x,Feature_75_x,Feature_76_x,Feature_77_x,Feature_78_x,Feature_79_x,Feature_80_x,Feature_81_x,Feature_82_x,Feature_83_x,Feature_84_x,Feature_85_x,Feature_86_x,Feature_87_x,Feature_88_x,Feature_89_x,Feature_90_x,Feature_91_x,Feature_92_x,Feature_93_x,Feature_94_x,Feature_95_x,Feature_96_x,Feature_97_x,Feature_98_x,Feature_99_x,Feature_100_x,Feature_101_x,Feature_102_x,Feature_103_x,Feature_104_x,Feature_105_x,Feature_106_x,Feature_107_x,Feature_108_x,Feature_109_x,Feature_110_x,Feature_111_x,Feature_112_x,Feature_113_x,Feature_114_x,Feature_115_x,Feature_116_x,Feature_117_x,Feature_118_x,Feature_119_x,Feature_120_x,Feature_121_x,Feature_122_x,Feature_123_x,Feature_124_x,Feature_125_x,Feature_126_x,Feature_127_x,Feature_128_x,Feature_129_x,Feature_130_x,Feature_131_x,Feature_132_x,Feature_133_x,Feature_134_x,Feature_135_x,Feature_136_x,Feature_137_x,Feature_138_x,Feature_139_x,Feature_140_x,Feature_141_x,Feature_142_x,Feature_143_x,Feature_144_x,Feature_145_x,Feature_146_x,Feature_147_x,Feature_148_x,Feature_149_x,Feature_150_x,Feature_151_x,Feature_152_x,Feature_153_x,Feature_154_x,Feature_155_x,Feature_156_x,Feature_157_x,Feature_158_x,Feature_159_x,Feature_160_x,Feature_161_x,Feature_162_x,Feature_163_x,Feature_164_x,Feature_165_x,Feature_166_x,Feature_167_x,Feature_168_x,Feature_169_x,Feature_170_x,Feature_171_x,Feature_172_x,Feature_173_x,Feature_174_x,Feature_175_x,Feature_176_x,Feature_177_x,Feature_178_x,Feature_179_x,Feature_180_x,Feature_181_x,Feature_182_x,Feature_183_x,Feature_184_x,Feature_185_x,Feature_186_x,Feature_187_x,Feature_188_x,Feature_189_x,Feature_190_x,Feature_191_x,Feature_192_x,Feature_193_x,Feature_194_x,Feature_195_x,Feature_196_x,Feature_197_x,Feature_198_x,Feature_199_x,Feature_200_x,Feature_1_y,Feature_2_y,Feature_3_y,Feature_4_y,Feature_5_y,Feature_6_y,Feature_7_y,Feature_8_y,Feature_9_y,Feature_10_y,Feature_11_y,Feature_12_y,Feature_13_y,Feature_14_y,Feature_15_y,Feature_16_y,Feature_17_y,Feature_18_y,Feature_19_y,Feature_20_y,Feature_21_y,Feature_22_y,Feature_23_y,Feature_24_y,Feature_25_y,Feature_26_y,Feature_27_y,Feature_28_y,Feature_29_y,Feature_30_y,Feature_31_y,Feature_32_y,Feature_33_y,Feature_34_y,Feature_35_y,Feature_36_y,Feature_37_y,Feature_38_y,Feature_39_y,Feature_40_y,Feature_41_y,Feature_42_y,Feature_43_y,Feature_44_y,Feature_45_y,Feature_46_y,Feature_47_y,Feature_48_y,Feature_49_y,Feature_50_y,Feature_51_y,Feature_52_y,Feature_53_y,Feature_54_y,Feature_55_y,Feature_56_y,Feature_57_y,Feature_58_y,Feature_59_y,Feature_60_y,Feature_61_y,Feature_62_y,Feature_63_y,Feature_64_y,Feature_65_y,Feature_66_y,Feature_67_y,Feature_68_y,Feature_69_y,Feature_70_y,Feature_71_y,Feature_72_y,Feature_73_y,Feature_74_y,Feature_75_y,Feature_76_y,Feature_77_y,Feature_78_y,Feature_79_y,Feature_80_y,Feature_81_y,Feature_82_y,Feature_83_y,Feature_84_y,Feature_85_y,Feature_86_y,Feature_87_y,Feature_88_y,Feature_89_y,Feature_90_y,Feature_91_y,Feature_92_y,Feature_93_y,Feature_94_y,Feature_95_y,Feature_96_y,Feature_97_y,Feature_98_y,Feature_99_y,Feature_100_y,Feature_101_y,Feature_102_y,Feature_103_y,Feature_104_y,Feature_105_y,Feature_106_y,Feature_107_y,Feature_108_y,Feature_109_y,Feature_110_y,Feature_111_y,Feature_112_y,Feature_113_y,Feature_114_y,Feature_115_y,Feature_116_y,Feature_117_y,Feature_118_y,Feature_119_y,Feature_120_y,Feature_121_y,Feature_122_y,Feature_123_y,Feature_124_y,Feature_125_y,Feature_126_y,Feature_127_y,Feature_128_y,Feature_129_y,Feature_130_y,Feature_131_y,Feature_132_y,Feature_133_y,Feature_134_y,Feature_135_y,Feature_136_y,Feature_137_y,Feature_138_y,Feature_139_y,Feature_140_y,Feature_141_y,Feature_142_y,Feature_143_y,Feature_144_y,Feature_145_y,Feature_146_y,Feature_147_y,Feature_148_y,Feature_149_y,Feature_150_y,Feature_151_y,Feature_152_y,Feature_153_y,Feature_154_y,Feature_155_y,Feature_156_y,Feature_157_y,Feature_158_y,Feature_159_y,Feature_160_y,Feature_161_y,Feature_162_y,Feature_163_y,Feature_164_y,Feature_165_y,Feature_166_y,Feature_167_y,Feature_168_y,Feature_169_y,Feature_170_y,Feature_171_y,Feature_172_y,Feature_173_y,Feature_174_y,Feature_175_y,Feature_176_y,Feature_177_y,Feature_178_y,Feature_179_y,Feature_180_y,Feature_181_y,Feature_182_y,Feature_183_y,Feature_184_y,Feature_185_y,Feature_186_y,Feature_187_y,Feature_188_y,Feature_189_y,Feature_190_y,Feature_191_y,Feature_192_y,Feature_193_y,Feature_194_y,Feature_195_y,Feature_196_y,Feature_197_y,Feature_198_y,Feature_199_y,Feature_200_y
002_S_0295,888.0,355.0,34.7,0.398,0.375,0.564,0.535,0.588,0.644,0.637,0.682,0.615,0.716,0.652,0.583,0.648,0.484,0.573,0.577,0.541,0.605,0.627,0.616,0.691,0.643,0.69,0.612,0.655,0.662,0.635,0.612,0.641,0.61,0.674,0.678,0.55,0.534,0.666,0.704,0.573,0.587,0.729,0.67,0.794,0.688,0.67,0.742,0.7,0.723,0.617,0.713,0.779,0.714,0.695,0.764,0.551,0.556,0.78,0.673,0.562,0.68,0.676,0.728,0.633,0.63,0.7,0.68,0.646,0.634,0.598,0.567,0.549,0.569,0.663,0.701,0.679,0.661,0.649,0.715,0.684,0.703,0.668,0.689,0.701,0.697,0.612,0.632,0.702,0.659,0.625,0.73,0.624,0.683,0.672,0.723,0.7,0.599,0.651,0.608,0.682,0.632,0.62,0.763,0.664,0.676,0.656,0.615,0.689,0.663,0.657,0.712,0.642,0.682,0.646,0.576,0.633,0.669,0.631,0.678,0.632,0.703,0.632,0.685,0.608,0.571,0.614,0.709,0.624,0.691,0.703,0.663,0.591,0.682,0.648,0.693,0.698,0.656,0.758,0.61,0.703,0.774,0.633,0.621,0.728,0.727,0.667,0.773,0.788,0.78,0.691,0.698,0.657,0.693,0.61,0.696,0.708,0.765,0.784,0.703,0.759,0.713,0.706,0.603,0.801,0.551,0.642,0.731,0.715,0.698,0.697,0.681,0.718,0.675,0.648,0.646,0.569,0.701,0.682,0.61,0.681,0.736,0.684,0.707,0.724,0.598,0.689,0.707,0.705,0.635,0.701,0.681,0.676,0.678,0.693,0.67,0.627,0.659,0.59,0.65,0.71,0.654,0.666,0.773,1.02,0.719,1.04,0.85,0.902,1.04,1.04,1.08,0.951,1.05,0.987,1.05,0.942,0.968,0.995,0.977,0.942,0.965,0.995,0.921,0.898,1.08,0.978,1.03,1.04,1.0,1.08,1.05,1.09,1.07,1.04,1.09,1.14,1.06,1.05,1.03,1.05,1.08,1.07,1.04,1.09,0.985,1.02,0.94,1.01,1.04,1.07,1.19,1.04,1.01,1.09,1.08,0.962,1.03,0.86,0.87,1.16,1.25,1.06,1.03,1.09,1.21,1.19,1.09,1.19,1.01,1.19,1.15,1.22,1.22,1.22,1.2,1.24,0.908,1.23,1.17,1.17,1.15,1.2,1.07,1.24,1.06,0.985,1.1,1.03,1.07,1.13,1.23,1.22,1.21,1.19,1.1,1.23,1.14,1.16,1.17,1.14,1.09,1.13,1.1,1.27,1.21,1.14,1.25,1.23,1.24,1.19,1.13,1.29,1.24,1.29,1.15,1.17,1.2,1.21,1.13,1.12,1.13,1.15,1.11,1.16,1.03,1.12,1.08,1.19,0.973,1.11,1.17,1.12,1.23,1.11,1.21,1.07,1.19,1.12,1.19,1.15,1.1,1.29,1.07,1.13,1.21,1.25,1.13,1.13,1.17,1.07,1.16,1.26,1.22,1.2,1.37,1.27,1.15,1.05,1.11,1.19,1.18,1.11,1.3,0.939,1.12,0.98,1.15,1.35,1.14,1.2,1.18,1.29,1.14,1.19,1.26,1.36,1.26,1.34,1.31,1.33,1.35,1.12,1.18,1.39,1.48,1.22,1.28,1.25,1.46,1.07,1.09,1.13,1.21,0.942,1.21,1.22,1.31,1.17,1.05,0.962,1.09,1.14,1.23
002_S_0413,1010.0,107.0,10.6,0.384,0.36,0.561,0.524,0.562,0.633,0.623,0.68,0.604,0.704,0.648,0.573,0.645,0.492,0.561,0.573,0.545,0.623,0.64,0.619,0.687,0.64,0.694,0.623,0.658,0.659,0.628,0.621,0.629,0.592,0.676,0.672,0.543,0.536,0.668,0.705,0.594,0.583,0.743,0.669,0.799,0.686,0.667,0.731,0.697,0.722,0.62,0.702,0.775,0.71,0.706,0.764,0.517,0.542,0.789,0.671,0.542,0.691,0.647,0.716,0.615,0.632,0.698,0.672,0.653,0.619,0.593,0.571,0.542,0.552,0.66,0.7,0.67,0.656,0.645,0.71,0.668,0.694,0.667,0.669,0.695,0.709,0.605,0.626,0.7,0.655,0.641,0.725,0.632,0.701,0.654,0.717,0.702,0.599,0.649,0.598,0.668,0.627,0.616,0.749,0.669,0.675,0.634,0.605,0.683,0.651,0.654,0.701,0.649,0.666,0.639,0.572,0.651,0.672,0.666,0.681,0.636,0.701,0.65,0.697,0.59,0.612,0.668,0.715,0.64,0.696,0.704,0.655,0.589,0.668,0.641,0.691,0.707,0.646,0.76,0.62,0.709,0.77,0.629,0.619,0.728,0.723,0.677,0.782,0.775,0.79,0.69,0.7,0.675,0.688,0.637,0.705,0.69,0.757,0.767,0.696,0.774,0.722,0.701,0.606,0.806,0.529,0.62,0.742,0.68,0.687,0.714,0.684,0.718,0.656,0.646,0.647,0.6,0.701,0.712,0.619,0.686,0.746,0.692,0.643,0.732,0.604,0.677,0.697,0.695,0.633,0.696,0.689,0.709,0.691,0.696,0.688,0.64,0.653,0.575,0.658,0.737,0.67,0.678,0.764,0.956,0.668,0.996,0.821,0.879,1.01,1.01,1.06,0.915,1.03,0.936,1.09,0.91,0.92,0.977,0.975,0.994,1.04,1.0,0.971,0.965,1.08,0.95,1.05,1.06,0.986,1.06,1.01,1.1,1.08,1.07,1.11,1.1,1.08,1.09,1.05,1.07,1.08,1.12,1.08,1.04,0.975,1.08,0.934,0.974,1.05,1.13,1.19,1.04,0.946,1.08,1.03,0.919,0.98,0.848,0.849,1.17,1.31,1.11,1.04,1.17,1.27,1.21,1.14,1.21,0.993,1.15,1.19,1.24,1.21,1.23,1.25,1.25,0.895,1.23,1.2,1.13,1.11,1.2,1.0,1.17,1.01,0.941,1.1,1.04,1.15,1.17,1.14,1.17,1.14,1.19,1.08,1.24,1.21,1.24,1.2,1.07,0.951,1.16,1.11,1.25,1.23,1.27,1.31,1.27,1.33,1.27,1.05,1.41,1.22,1.29,1.19,1.18,1.13,1.31,1.12,1.14,1.12,1.17,1.13,1.15,1.17,1.17,1.14,1.15,0.945,1.07,1.15,1.12,1.17,1.17,1.21,1.16,1.33,1.14,1.27,1.17,1.06,1.26,1.15,1.14,1.17,1.21,1.1,1.13,1.14,1.15,1.15,1.22,1.21,1.18,1.34,1.22,1.09,1.02,1.13,1.15,1.14,1.05,1.18,0.841,1.02,0.885,1.07,1.3,1.14,1.18,1.24,1.25,1.08,1.14,1.22,1.33,1.29,1.33,1.34,1.29,1.3,1.17,1.24,1.5,1.41,1.13,1.21,1.26,1.31,1.03,1.04,1.09,1.25,0.853,1.2,1.29,1.25,1.13,0.935,1.02,1.03,1.24,1.24
002_S_0685,1700.0,266.0,22.8,0.379,0.352,0.547,0.523,0.552,0.621,0.628,0.668,0.597,0.695,0.637,0.565,0.636,0.455,0.555,0.547,0.496,0.564,0.604,0.583,0.68,0.617,0.674,0.602,0.636,0.629,0.613,0.579,0.646,0.593,0.666,0.65,0.513,0.5,0.635,0.677,0.535,0.54,0.695,0.656,0.779,0.674,0.627,0.723,0.688,0.698,0.597,0.668,0.74,0.692,0.678,0.73,0.543,0.549,0.783,0.639,0.554,0.664,0.645,0.701,0.592,0.591,0.669,0.688,0.634,0.605,0.582,0.522,0.537,0.542,0.638,0.684,0.654,0.633,0.628,0.647,0.685,0.686,0.638,0.65,0.677,0.681,0.589,0.618,0.693,0.643,0.626,0.689,0.605,0.677,0.605,0.689,0.654,0.594,0.618,0.597,0.688,0.644,0.599,0.742,0.676,0.667,0.651,0.6,0.678,0.65,0.675,0.727,0.651,0.663,0.644,0.567,0.598,0.651,0.63,0.65,0.598,0.676,0.605,0.626,0.593,0.579,0.618,0.695,0.618,0.664,0.693,0.638,0.544,0.672,0.661,0.687,0.707,0.62,0.741,0.605,0.691,0.743,0.618,0.579,0.697,0.707,0.634,0.769,0.764,0.776,0.697,0.695,0.671,0.635,0.624,0.695,0.637,0.765,0.772,0.669,0.725,0.679,0.674,0.592,0.804,0.541,0.642,0.748,0.687,0.674,0.678,0.629,0.669,0.648,0.652,0.644,0.535,0.669,0.655,0.577,0.653,0.712,0.651,0.667,0.726,0.596,0.673,0.704,0.653,0.631,0.684,0.668,0.658,0.667,0.654,0.643,0.608,0.635,0.607,0.653,0.713,0.652,0.655,0.762,0.949,0.688,1.02,0.835,0.897,1.02,1.02,1.04,0.92,1.09,0.945,1.06,0.932,0.933,1.01,0.956,0.989,1.03,1.03,0.994,0.891,1.02,0.97,1.05,1.02,1.01,1.08,1.02,1.01,1.08,1.05,1.07,1.11,1.08,1.05,0.963,1.06,1.07,1.1,1.09,1.09,0.974,1.08,0.975,1.01,1.07,1.13,1.19,1.06,0.959,1.07,1.08,0.946,0.996,0.855,0.862,1.13,1.27,1.1,1.06,1.13,1.24,1.15,1.1,1.17,1.01,1.16,1.2,1.14,1.21,1.26,1.24,1.3,0.899,1.24,1.19,1.15,1.16,1.26,1.04,1.2,1.04,0.97,1.1,1.0,1.12,1.16,1.19,1.21,1.21,1.21,1.1,1.22,1.16,1.15,1.19,1.06,0.9,1.13,1.05,1.18,1.24,1.19,1.29,1.24,1.25,0.996,0.961,1.36,1.17,1.3,1.14,1.15,1.11,1.33,1.14,1.16,1.1,1.12,1.16,1.1,1.18,1.12,1.03,1.1,0.96,1.04,1.19,1.13,1.22,1.07,1.16,1.1,1.19,1.16,1.29,1.19,1.04,1.26,1.13,1.09,1.22,1.22,1.13,1.17,1.19,1.16,1.24,1.36,1.25,1.25,1.36,1.25,1.2,1.09,1.19,1.15,1.17,1.07,1.23,0.874,1.07,0.919,1.04,1.31,1.21,1.2,1.22,1.28,1.11,1.14,1.21,1.37,1.29,1.39,1.35,1.32,1.3,1.26,1.26,1.39,1.53,1.19,1.26,1.29,1.42,1.05,1.06,1.17,1.23,0.904,1.21,1.34,1.23,1.05,0.919,0.885,1.05,1.2,1.25
002_S_1261,1220.0,239.0,21.8,0.396,0.367,0.553,0.539,0.581,0.635,0.628,0.685,0.619,0.722,0.659,0.597,0.643,0.497,0.591,0.577,0.544,0.611,0.636,0.633,0.691,0.655,0.702,0.639,0.663,0.661,0.64,0.622,0.636,0.595,0.693,0.686,0.573,0.56,0.675,0.674,0.594,0.594,0.744,0.683,0.807,0.702,0.686,0.738,0.701,0.726,0.622,0.717,0.784,0.715,0.692,0.747,0.538,0.541,0.786,0.665,0.562,0.699,0.707,0.731,0.608,0.65,0.702,0.696,0.646,0.647,0.612,0.565,0.569,0.563,0.668,0.707,0.68,0.66,0.663,0.68,0.69,0.706,0.67,0.659,0.687,0.711,0.619,0.632,0.697,0.672,0.613,0.72,0.609,0.678,0.625,0.7,0.668,0.623,0.657,0.639,0.7,0.626,0.628,0.755,0.671,0.682,0.636,0.611,0.679,0.672,0.673,0.721,0.655,0.699,0.649,0.588,0.673,0.672,0.635,0.695,0.644,0.698,0.651,0.691,0.62,0.606,0.652,0.725,0.651,0.706,0.716,0.665,0.612,0.684,0.664,0.699,0.742,0.652,0.764,0.634,0.706,0.779,0.648,0.63,0.741,0.735,0.69,0.773,0.79,0.798,0.691,0.704,0.68,0.654,0.648,0.712,0.673,0.762,0.785,0.693,0.747,0.695,0.673,0.618,0.812,0.539,0.64,0.733,0.703,0.703,0.677,0.674,0.715,0.68,0.647,0.655,0.594,0.688,0.678,0.621,0.66,0.75,0.663,0.663,0.724,0.599,0.696,0.715,0.67,0.639,0.688,0.687,0.681,0.687,0.688,0.673,0.64,0.684,0.616,0.663,0.745,0.664,0.671,0.776,0.921,0.675,1.02,0.819,0.86,1.01,1.0,1.03,0.937,1.05,0.963,1.1,0.937,0.905,0.98,0.967,0.903,1.02,1.01,0.897,1.06,1.1,1.02,1.05,1.0,1.02,1.03,1.03,0.999,1.03,1.07,0.994,1.06,1.02,1.06,1.05,1.07,0.994,1.06,1.09,1.03,0.982,1.05,0.934,0.967,1.04,1.13,1.22,1.08,0.974,1.02,1.02,0.884,0.972,0.788,0.846,1.13,1.14,1.13,1.08,1.19,1.21,1.22,1.03,1.16,0.978,1.17,1.2,1.22,1.14,1.25,1.17,1.27,0.867,1.21,1.22,1.17,1.17,1.28,0.984,1.13,1.02,0.936,1.12,1.08,1.14,1.19,1.15,1.2,1.19,1.25,1.09,1.16,1.2,1.18,1.17,1.07,0.981,1.15,1.1,1.17,1.18,1.22,1.22,1.26,1.27,0.958,0.974,1.32,1.18,1.3,1.15,1.14,1.18,1.28,1.1,1.12,1.12,1.1,1.18,0.978,1.13,1.07,1.23,1.23,0.961,1.09,1.15,1.15,1.19,1.08,1.25,1.14,1.33,1.12,1.19,1.2,1.07,1.27,1.12,1.09,1.22,1.19,1.11,1.15,1.16,1.16,1.18,1.27,1.17,1.25,1.31,1.3,1.18,1.08,1.17,1.1,1.12,1.04,1.19,0.789,1.02,0.909,1.05,1.2,1.2,1.21,1.16,1.25,1.12,1.19,1.3,1.42,1.34,1.39,1.38,1.21,1.31,1.19,1.29,1.43,1.41,1.14,1.34,1.3,1.34,1.06,1.05,1.12,1.31,0.929,1.17,1.3,1.26,1.02,1.06,1.12,1.06,1.22,1.24
002_S_5018,489.0,793.0,76.2,0.402,0.372,0.562,0.539,0.571,0.64,0.641,0.685,0.612,0.723,0.66,0.583,0.644,0.484,0.568,0.573,0.524,0.572,0.621,0.576,0.688,0.64,0.69,0.61,0.651,0.654,0.632,0.615,0.634,0.609,0.679,0.662,0.526,0.51,0.642,0.712,0.56,0.566,0.714,0.663,0.789,0.684,0.663,0.726,0.687,0.711,0.599,0.705,0.778,0.714,0.69,0.749,0.541,0.549,0.787,0.655,0.553,0.666,0.659,0.702,0.585,0.615,0.687,0.667,0.623,0.627,0.59,0.56,0.542,0.555,0.66,0.701,0.656,0.651,0.626,0.662,0.678,0.687,0.652,0.672,0.691,0.701,0.603,0.616,0.686,0.664,0.62,0.705,0.595,0.661,0.611,0.703,0.684,0.591,0.636,0.591,0.693,0.639,0.621,0.759,0.69,0.677,0.661,0.616,0.677,0.655,0.681,0.724,0.658,0.693,0.64,0.568,0.637,0.649,0.593,0.66,0.609,0.675,0.615,0.635,0.585,0.567,0.613,0.706,0.633,0.685,0.696,0.643,0.612,0.654,0.666,0.701,0.713,0.65,0.731,0.589,0.711,0.754,0.624,0.579,0.715,0.713,0.649,0.778,0.782,0.777,0.664,0.687,0.648,0.638,0.623,0.697,0.677,0.771,0.783,0.696,0.748,0.71,0.707,0.619,0.797,0.536,0.647,0.753,0.709,0.688,0.664,0.699,0.717,0.662,0.649,0.653,0.563,0.668,0.68,0.569,0.68,0.723,0.638,0.662,0.724,0.586,0.679,0.697,0.653,0.627,0.708,0.69,0.676,0.678,0.686,0.658,0.607,0.652,0.625,0.68,0.726,0.679,0.668,0.761,0.955,0.66,0.991,0.826,0.855,0.952,1.01,1.01,0.893,1.08,0.934,1.02,0.903,0.907,0.996,0.964,0.94,0.993,1.01,0.964,0.978,1.06,0.946,1.06,1.01,1.02,1.06,0.99,1.05,0.963,0.988,0.938,0.977,1.03,1.01,0.976,1.02,1.04,1.04,1.05,1.11,0.965,1.11,0.904,0.955,1.0,1.04,1.12,1.06,0.932,1.01,0.985,0.826,0.869,0.835,0.932,1.01,0.938,0.976,0.937,1.08,1.16,1.15,1.07,1.11,0.946,0.938,1.0,1.09,1.15,1.1,1.13,1.04,0.828,0.941,1.02,1.06,1.04,1.06,1.0,1.13,0.975,0.854,0.899,0.922,0.943,0.96,1.08,1.09,1.09,1.13,1.13,1.15,1.2,1.21,1.04,1.0,0.947,0.976,0.909,1.27,1.19,1.28,1.27,1.25,1.27,1.09,1.1,1.49,1.22,1.31,1.15,1.12,1.12,1.14,1.11,1.09,1.11,1.07,1.07,1.0,1.05,1.11,1.27,1.24,0.942,1.07,1.19,1.15,1.2,1.13,1.17,1.13,1.27,1.07,1.23,1.13,1.01,1.21,1.15,1.07,1.19,1.19,1.13,1.21,1.22,1.15,1.1,1.18,1.07,1.16,1.26,1.2,1.13,1.07,1.12,1.12,1.18,1.11,1.19,0.909,1.02,0.967,1.12,1.18,1.12,1.14,1.23,1.22,1.06,1.07,1.14,1.22,1.21,1.23,1.25,1.3,1.23,1.02,1.13,1.39,1.27,1.05,1.19,1.18,1.28,1.02,1.04,1.05,1.17,0.938,1.14,1.37,1.25,1.16,1.06,1.09,1.04,1.18,1.26
003_S_4644,1700.0,185.0,17.4,0.378,0.347,0.537,0.515,0.554,0.622,0.624,0.66,0.591,0.699,0.63,0.553,0.623,0.461,0.575,0.548,0.497,0.591,0.598,0.577,0.675,0.641,0.683,0.625,0.645,0.642,0.616,0.583,0.641,0.574,0.667,0.659,0.53,0.495,0.654,0.667,0.536,0.53,0.714,0.663,0.8,0.683,0.667,0.722,0.673,0.701,0.612,0.689,0.766,0.703,0.682,0.744,0.549,0.554,0.779,0.669,0.535,0.672,0.653,0.701,0.592,0.619,0.681,0.669,0.611,0.613,0.6,0.532,0.515,0.541,0.638,0.697,0.654,0.643,0.623,0.654,0.67,0.688,0.643,0.682,0.681,0.712,0.607,0.623,0.698,0.659,0.632,0.707,0.613,0.667,0.617,0.694,0.698,0.581,0.647,0.585,0.674,0.651,0.62,0.758,0.672,0.673,0.642,0.589,0.663,0.635,0.662,0.695,0.646,0.668,0.639,0.573,0.616,0.674,0.621,0.661,0.586,0.69,0.604,0.648,0.607,0.581,0.58,0.709,0.637,0.696,0.697,0.65,0.599,0.682,0.657,0.697,0.69,0.646,0.737,0.606,0.698,0.753,0.617,0.559,0.726,0.72,0.629,0.782,0.781,0.785,0.686,0.689,0.65,0.646,0.638,0.711,0.687,0.768,0.786,0.689,0.744,0.711,0.698,0.63,0.805,0.562,0.652,0.745,0.702,0.684,0.702,0.679,0.712,0.675,0.667,0.642,0.568,0.674,0.671,0.613,0.693,0.725,0.654,0.67,0.72,0.597,0.681,0.697,0.681,0.619,0.711,0.685,0.679,0.685,0.716,0.672,0.639,0.626,0.589,0.667,0.738,0.663,0.68,0.766,0.956,0.636,1.03,0.784,0.818,0.99,1.01,0.959,0.891,1.12,0.895,1.06,0.906,0.861,0.948,0.959,0.921,0.961,0.975,0.927,1.0,1.14,0.996,1.08,1.06,1.01,1.03,0.961,1.03,1.01,1.04,1.11,1.05,0.997,1.0,0.963,0.982,0.952,1.02,1.06,1.01,0.965,1.07,0.916,0.964,0.947,1.14,1.21,1.11,0.957,1.07,1.13,0.922,0.982,0.841,0.797,1.11,1.24,1.08,1.05,1.12,1.26,1.16,1.04,1.25,0.963,1.1,1.14,1.17,1.23,1.33,1.34,1.19,0.862,1.21,1.18,1.17,1.13,1.28,1.06,1.22,1.06,0.982,1.1,1.03,1.13,1.13,1.17,1.2,1.14,1.21,1.18,1.28,1.29,1.28,1.12,1.14,1.01,1.12,1.06,1.23,1.15,1.4,1.21,1.21,1.23,1.35,1.06,1.65,1.31,1.43,1.17,1.08,1.17,1.3,1.12,1.07,1.1,1.08,1.05,1.05,1.12,1.06,1.19,1.19,0.934,1.07,1.13,1.09,1.17,1.06,1.14,1.12,1.32,1.18,1.15,1.12,0.971,1.18,1.05,1.03,1.17,1.24,1.06,1.2,1.17,1.22,1.18,1.33,1.15,1.2,1.31,1.29,1.07,1.08,1.25,1.2,1.21,1.17,1.27,0.838,1.0,0.852,1.03,1.32,1.14,1.17,1.23,1.24,1.1,1.09,1.15,1.31,1.23,1.35,1.3,1.31,1.36,1.25,1.19,1.57,1.73,1.13,1.25,1.31,1.5,1.09,1.08,1.21,1.2,0.94,1.16,1.38,1.23,1.13,0.947,1.02,0.976,1.16,1.13
003_S_4900,1610.0,173.0,14.9,0.376,0.346,0.537,0.502,0.566,0.626,0.629,0.673,0.593,0.717,0.639,0.54,0.634,0.479,0.559,0.552,0.503,0.579,0.583,0.598,0.703,0.66,0.694,0.641,0.664,0.653,0.622,0.583,0.649,0.58,0.687,0.664,0.51,0.491,0.662,0.677,0.563,0.557,0.709,0.667,0.808,0.691,0.668,0.724,0.693,0.704,0.617,0.691,0.769,0.712,0.703,0.761,0.537,0.54,0.781,0.665,0.558,0.681,0.673,0.699,0.587,0.63,0.699,0.686,0.635,0.621,0.61,0.553,0.513,0.537,0.648,0.691,0.65,0.646,0.638,0.681,0.691,0.697,0.659,0.681,0.681,0.713,0.596,0.642,0.704,0.685,0.644,0.699,0.596,0.682,0.64,0.714,0.687,0.613,0.644,0.593,0.702,0.677,0.644,0.762,0.67,0.654,0.626,0.566,0.664,0.627,0.68,0.713,0.653,0.711,0.639,0.517,0.625,0.654,0.64,0.658,0.59,0.681,0.631,0.639,0.601,0.592,0.598,0.737,0.644,0.708,0.711,0.683,0.623,0.689,0.665,0.714,0.658,0.601,0.726,0.568,0.693,0.776,0.598,0.554,0.723,0.739,0.657,0.798,0.816,0.801,0.709,0.704,0.669,0.659,0.637,0.729,0.725,0.779,0.795,0.724,0.782,0.752,0.716,0.62,0.836,0.553,0.676,0.75,0.687,0.674,0.693,0.703,0.748,0.684,0.652,0.646,0.514,0.655,0.688,0.618,0.702,0.734,0.679,0.679,0.72,0.613,0.706,0.709,0.693,0.649,0.73,0.717,0.7,0.706,0.716,0.69,0.662,0.632,0.647,0.696,0.764,0.702,0.69,0.745,0.94,0.629,1.06,0.785,0.838,1.02,1.03,1.08,0.884,1.1,0.93,1.1,0.879,0.874,0.966,0.921,0.95,0.972,0.946,0.93,1.06,1.17,1.02,1.1,1.05,1.02,1.03,0.984,1.02,1.01,1.04,1.13,1.08,1.05,1.03,0.952,1.01,1.01,1.04,1.06,1.04,0.997,1.08,0.928,0.965,1.02,1.07,1.23,1.12,0.955,1.08,1.1,0.907,0.952,0.862,0.84,1.09,1.23,1.1,1.07,1.07,1.22,1.23,1.1,1.17,0.99,1.11,1.16,1.22,1.17,1.24,1.23,1.25,0.916,1.19,1.12,1.16,1.07,1.22,1.04,1.17,1.04,0.959,1.1,1.06,1.08,1.19,1.19,1.19,1.13,1.21,1.08,1.21,1.25,1.29,1.14,1.14,1.01,1.12,1.08,1.18,1.08,1.24,1.24,1.22,1.31,1.09,1.12,1.65,1.38,1.55,1.1,1.14,1.17,1.18,1.11,1.04,1.1,1.12,1.1,1.12,1.1,1.07,1.27,1.19,0.948,1.1,1.13,1.1,1.13,1.03,1.13,1.1,1.27,1.1,1.22,1.12,1.07,1.26,1.11,1.05,1.18,1.19,1.07,1.2,1.18,1.2,1.14,1.27,1.17,1.19,1.31,1.27,1.1,1.08,1.23,1.17,1.13,1.16,1.21,0.852,1.01,0.914,1.03,1.3,1.1,1.17,1.21,1.25,1.12,1.1,1.15,1.29,1.26,1.35,1.28,1.24,1.29,1.31,1.19,1.54,1.59,1.18,1.27,1.27,1.46,1.14,1.07,1.22,1.22,0.929,1.2,1.32,1.16,1.13,0.984,1.02,0.979,1.16,1.07
003_S_5165,886.0,628.0,67.4,0.399,0.377,0.561,0.526,0.577,0.632,0.624,0.675,0.6,0.693,0.644,0.565,0.627,0.482,0.565,0.571,0.517,0.592,0.611,0.596,0.683,0.636,0.682,0.598,0.641,0.638,0.602,0.57,0.63,0.592,0.669,0.654,0.541,0.527,0.637,0.674,0.56,0.546,0.688,0.648,0.784,0.672,0.647,0.72,0.676,0.692,0.61,0.694,0.775,0.699,0.672,0.725,0.55,0.544,0.772,0.658,0.537,0.652,0.645,0.702,0.599,0.595,0.681,0.645,0.606,0.625,0.593,0.571,0.518,0.55,0.653,0.689,0.656,0.645,0.652,0.64,0.647,0.687,0.658,0.66,0.688,0.694,0.581,0.623,0.686,0.668,0.614,0.692,0.601,0.658,0.596,0.686,0.671,0.591,0.638,0.596,0.669,0.626,0.585,0.753,0.67,0.665,0.622,0.585,0.65,0.634,0.635,0.689,0.616,0.637,0.607,0.569,0.611,0.628,0.592,0.667,0.596,0.678,0.581,0.632,0.602,0.562,0.613,0.707,0.619,0.678,0.69,0.653,0.571,0.69,0.644,0.686,0.694,0.638,0.74,0.591,0.669,0.739,0.602,0.58,0.688,0.704,0.638,0.799,0.772,0.788,0.672,0.683,0.629,0.625,0.632,0.704,0.67,0.745,0.776,0.674,0.741,0.699,0.695,0.636,0.805,0.541,0.662,0.755,0.63,0.677,0.656,0.657,0.69,0.67,0.649,0.638,0.582,0.669,0.689,0.591,0.678,0.726,0.646,0.666,0.707,0.547,0.67,0.702,0.66,0.569,0.704,0.69,0.685,0.677,0.668,0.66,0.641,0.64,0.543,0.667,0.726,0.66,0.652,0.768,1.01,0.684,1.01,0.819,0.872,1.04,1.08,1.11,0.958,1.12,0.99,1.08,0.936,0.94,1.01,1.01,1.01,1.07,1.02,1.01,0.96,1.22,1.01,1.13,1.08,1.06,1.11,1.07,1.07,1.06,1.07,1.01,1.05,1.04,1.05,0.998,1.03,1.05,1.07,1.03,1.11,0.995,1.08,0.953,0.982,1.04,1.03,1.18,1.05,0.956,1.14,1.09,0.936,0.978,0.89,0.847,1.1,1.1,0.996,0.983,1.08,1.23,1.19,1.08,1.18,0.979,1.03,1.05,1.17,1.21,1.26,1.22,1.19,0.873,1.08,1.14,1.19,1.13,1.2,1.08,1.19,1.06,0.986,1.04,1.12,1.1,1.09,1.18,1.18,1.14,1.13,1.15,1.23,1.19,1.24,1.15,1.18,1.01,1.16,1.1,1.22,1.1,1.14,1.11,1.1,1.23,1.16,1.18,1.54,1.3,1.39,1.17,1.1,1.17,1.26,1.16,1.13,1.16,1.13,1.15,1.06,1.14,1.16,1.25,1.21,0.963,1.13,1.24,1.14,1.32,1.05,1.15,1.12,1.14,1.05,1.12,1.18,1.05,1.17,1.08,1.04,1.2,1.28,1.12,1.25,1.19,1.16,1.14,1.22,1.14,1.12,1.32,1.31,1.16,1.09,1.15,1.2,1.23,1.15,1.27,0.88,0.994,0.924,1.06,1.13,1.1,1.22,1.26,1.27,1.08,1.09,1.07,1.15,1.14,1.29,1.31,1.29,1.36,1.16,1.2,1.39,1.36,1.16,1.09,1.21,1.3,1.14,1.08,1.22,1.3,1.0,1.23,1.35,1.14,1.15,1.07,1.23,1.12,1.19,1.27
003_S_5187,725.0,379.0,36.1,0.391,0.357,0.554,0.525,0.569,0.636,0.628,0.683,0.602,0.704,0.636,0.563,0.621,0.452,0.55,0.553,0.498,0.573,0.596,0.59,0.679,0.629,0.681,0.607,0.656,0.646,0.617,0.579,0.64,0.588,0.67,0.648,0.513,0.492,0.636,0.677,0.548,0.542,0.715,0.663,0.79,0.685,0.66,0.725,0.68,0.692,0.583,0.691,0.771,0.697,0.695,0.748,0.567,0.551,0.779,0.667,0.562,0.675,0.632,0.697,0.565,0.596,0.692,0.668,0.617,0.611,0.607,0.52,0.496,0.537,0.639,0.686,0.648,0.64,0.627,0.646,0.648,0.671,0.641,0.675,0.674,0.696,0.608,0.623,0.687,0.652,0.626,0.686,0.591,0.653,0.611,0.673,0.653,0.613,0.638,0.596,0.684,0.666,0.613,0.765,0.683,0.66,0.619,0.586,0.649,0.614,0.647,0.706,0.61,0.658,0.58,0.543,0.615,0.648,0.572,0.649,0.574,0.679,0.589,0.643,0.562,0.551,0.565,0.708,0.633,0.686,0.7,0.646,0.592,0.676,0.636,0.683,0.678,0.612,0.727,0.565,0.698,0.768,0.585,0.582,0.716,0.713,0.683,0.799,0.793,0.784,0.684,0.681,0.631,0.634,0.612,0.703,0.691,0.752,0.785,0.675,0.769,0.722,0.709,0.606,0.823,0.569,0.668,0.731,0.682,0.669,0.675,0.664,0.72,0.646,0.65,0.635,0.539,0.639,0.685,0.615,0.662,0.719,0.634,0.647,0.705,0.519,0.657,0.676,0.654,0.562,0.709,0.689,0.671,0.674,0.7,0.675,0.642,0.654,0.573,0.692,0.724,0.65,0.667,0.773,1.02,0.724,1.06,0.863,0.9,1.05,1.09,1.12,0.982,1.11,1.0,1.11,0.95,0.951,1.03,1.03,1.0,1.11,1.08,1.01,1.01,1.16,1.03,1.16,1.08,1.06,1.14,1.09,1.12,1.09,1.06,1.01,1.05,0.984,1.06,1.02,1.0,1.02,1.14,1.09,1.17,1.05,1.15,0.928,1.02,1.11,1.12,1.23,1.1,0.996,1.09,1.07,0.99,1.07,0.948,0.917,1.1,1.06,1.07,1.04,1.2,1.25,1.2,1.14,1.19,1.02,1.14,1.11,1.25,1.2,1.18,1.21,1.12,0.906,1.18,1.2,1.13,1.07,1.11,1.1,1.17,1.06,1.05,1.14,1.12,1.16,1.14,1.19,1.22,1.19,1.24,1.21,1.19,1.25,1.31,1.18,1.12,1.05,1.2,1.08,1.32,1.08,1.21,1.13,1.03,1.19,1.18,1.06,1.49,1.25,1.39,1.13,1.06,1.16,1.18,1.1,0.99,1.14,1.04,1.18,1.03,1.09,1.12,1.16,1.22,0.966,1.09,1.16,1.14,1.23,1.11,1.05,1.04,0.999,0.951,0.959,1.05,0.969,1.03,0.995,1.12,1.13,1.23,1.2,1.29,1.22,1.06,1.1,1.11,1.17,1.09,1.22,1.23,1.11,1.05,1.04,1.13,1.15,1.14,1.19,0.954,1.03,0.923,1.09,1.04,1.01,1.2,1.2,1.2,1.05,1.09,1.06,1.12,1.11,1.22,1.23,1.18,1.23,1.07,1.2,1.16,1.13,0.955,1.12,1.21,1.2,1.08,1.07,1.13,1.17,0.934,1.2,1.31,1.09,1.06,0.971,1.02,1.07,1.11,1.14
005_S_0221,379.0,436.0,44.4,0.375,0.348,0.539,0.51,0.559,0.619,0.615,0.665,0.594,0.71,0.634,0.584,0.632,0.478,0.559,0.576,0.517,0.616,0.608,0.615,0.687,0.622,0.67,0.602,0.643,0.652,0.632,0.588,0.627,0.574,0.668,0.666,0.549,0.535,0.645,0.671,0.583,0.572,0.694,0.657,0.785,0.673,0.643,0.723,0.698,0.711,0.61,0.693,0.769,0.698,0.674,0.731,0.509,0.536,0.769,0.649,0.553,0.684,0.671,0.703,0.605,0.616,0.69,0.652,0.634,0.603,0.593,0.552,0.533,0.54,0.654,0.7,0.671,0.637,0.654,0.668,0.664,0.684,0.661,0.645,0.691,0.69,0.582,0.615,0.687,0.652,0.645,0.714,0.626,0.677,0.641,0.698,0.686,0.568,0.636,0.616,0.667,0.611,0.611,0.749,0.67,0.673,0.639,0.592,0.689,0.648,0.65,0.708,0.635,0.67,0.634,0.566,0.642,0.656,0.621,0.662,0.629,0.698,0.63,0.657,0.63,0.601,0.628,0.694,0.621,0.664,0.694,0.653,0.544,0.649,0.643,0.681,0.68,0.654,0.754,0.631,0.699,0.764,0.621,0.614,0.698,0.709,0.648,0.76,0.782,0.77,0.684,0.682,0.663,0.672,0.62,0.688,0.685,0.754,0.781,0.675,0.733,0.684,0.685,0.602,0.794,0.532,0.621,0.721,0.668,0.665,0.665,0.657,0.702,0.65,0.65,0.639,0.583,0.667,0.636,0.561,0.666,0.727,0.66,0.707,0.717,0.596,0.667,0.687,0.676,0.602,0.684,0.666,0.654,0.662,0.668,0.659,0.609,0.651,0.57,0.646,0.717,0.642,0.647,0.745,1.12,0.778,1.15,0.906,0.959,1.1,1.12,1.13,1.02,1.18,1.0,1.13,0.973,1.01,1.02,1.01,1.04,1.07,1.12,1.05,0.998,1.13,1.01,1.16,1.09,1.09,1.15,1.09,1.1,1.1,1.1,1.06,1.05,1.0,1.06,1.09,1.12,1.07,1.2,1.13,1.08,1.04,1.22,0.979,1.03,1.11,1.07,1.36,1.1,1.02,1.24,1.08,0.847,0.941,0.852,0.919,1.1,1.1,1.0,1.01,1.17,1.5,1.34,1.16,1.31,1.03,1.06,1.11,1.3,1.38,1.39,1.15,1.08,0.924,1.16,1.18,1.09,1.04,1.09,1.07,1.3,1.06,0.98,1.04,1.15,1.16,1.08,1.27,1.26,1.2,1.23,1.29,1.44,1.41,1.48,1.12,1.04,0.907,1.24,1.04,1.23,1.18,1.37,1.32,1.1,1.2,1.22,1.11,1.46,1.26,1.33,1.12,1.27,1.16,1.21,1.17,1.21,1.12,1.23,1.16,1.25,1.28,1.18,1.1,1.1,0.958,1.03,1.17,1.2,1.19,1.06,0.967,1.05,0.949,0.93,0.857,1.24,1.03,1.09,1.13,1.09,0.963,1.14,1.15,1.15,1.09,1.06,1.05,1.07,1.26,0.862,1.44,1.18,1.1,1.04,1.09,1.13,1.31,1.13,1.3,0.893,0.852,0.813,1.01,0.935,1.03,1.03,1.15,1.25,0.972,0.964,0.954,0.887,0.92,1.23,1.15,1.38,1.32,1.15,0.997,1.03,1.07,0.936,0.898,1.05,1.06,0.987,1.01,1.14,1.12,0.964,1.15,1.42,0.907,0.949,0.947,0.849,1.08,0.943,1.04
005_S_0223,752.0,383.0,41.0,0.395,0.364,0.555,0.516,0.57,0.638,0.625,0.679,0.611,0.708,0.654,0.573,0.659,0.504,0.589,0.588,0.556,0.601,0.657,0.622,0.681,0.633,0.691,0.625,0.652,0.659,0.631,0.605,0.623,0.592,0.68,0.68,0.549,0.572,0.663,0.677,0.6,0.582,0.752,0.668,0.79,0.69,0.678,0.73,0.715,0.708,0.605,0.7,0.782,0.719,0.704,0.761,0.553,0.547,0.792,0.676,0.556,0.689,0.663,0.725,0.619,0.63,0.698,0.684,0.643,0.641,0.593,0.588,0.57,0.547,0.665,0.7,0.686,0.653,0.652,0.688,0.679,0.698,0.662,0.681,0.689,0.717,0.61,0.618,0.694,0.663,0.636,0.722,0.615,0.7,0.639,0.701,0.692,0.607,0.648,0.599,0.675,0.62,0.612,0.755,0.655,0.67,0.631,0.6,0.682,0.633,0.647,0.709,0.627,0.646,0.642,0.555,0.645,0.675,0.646,0.67,0.631,0.709,0.651,0.696,0.625,0.602,0.662,0.711,0.635,0.689,0.712,0.651,0.59,0.67,0.644,0.703,0.694,0.642,0.768,0.62,0.702,0.762,0.637,0.596,0.735,0.717,0.633,0.763,0.796,0.778,0.691,0.693,0.681,0.68,0.632,0.72,0.686,0.763,0.791,0.69,0.76,0.715,0.694,0.634,0.796,0.545,0.643,0.705,0.688,0.692,0.702,0.661,0.713,0.664,0.651,0.642,0.586,0.712,0.663,0.613,0.685,0.721,0.686,0.68,0.731,0.593,0.679,0.694,0.694,0.615,0.699,0.68,0.698,0.666,0.678,0.674,0.622,0.64,0.568,0.637,0.724,0.639,0.642,0.762,1.03,0.736,1.04,0.878,0.92,1.09,1.12,1.18,0.968,1.09,1.01,1.14,0.944,0.925,1.01,0.992,1.02,1.03,1.05,1.01,1.03,1.1,0.977,1.07,1.07,1.04,1.06,1.03,1.14,1.15,1.09,1.08,1.13,1.06,1.04,1.02,1.1,1.06,1.1,1.05,1.11,0.998,1.1,0.926,0.995,1.03,1.06,1.18,1.07,0.978,1.04,1.05,0.96,1.01,0.883,0.97,1.12,1.18,1.12,1.06,1.12,1.16,1.13,1.09,1.17,0.98,1.1,1.12,1.13,1.16,1.21,1.3,1.19,0.922,1.17,1.16,1.15,1.1,1.2,1.04,1.18,1.07,0.991,1.1,1.04,1.1,1.13,1.17,1.15,1.12,1.18,1.12,1.16,1.2,1.21,1.17,1.11,1.0,1.12,1.09,1.3,1.22,1.25,1.27,1.2,1.33,1.22,1.12,1.53,1.23,1.53,1.25,1.17,1.16,1.24,1.16,1.11,1.14,1.17,1.17,1.19,1.21,1.2,1.17,1.16,0.949,1.06,1.16,1.14,1.15,1.08,1.12,1.21,1.26,1.12,1.19,1.2,1.0,1.22,1.13,1.13,1.15,1.18,1.19,1.24,1.18,1.14,1.12,1.2,1.2,1.1,1.2,1.22,1.1,1.04,1.13,1.11,1.17,1.13,1.18,0.846,0.925,0.891,1.04,1.18,1.13,1.15,1.18,1.15,1.06,1.06,1.1,1.18,1.17,1.22,1.24,1.18,1.28,1.17,1.12,1.5,1.46,1.09,1.17,1.22,1.34,1.05,1.06,1.21,1.17,0.932,1.14,1.25,1.15,1.06,0.963,0.985,1.05,1.13,1.18
005_S_0602,1250.0,183.0,17.0,0.367,0.34,0.527,0.488,0.544,0.618,0.612,0.665,0.582,0.708,0.641,0.549,0.636,0.465,0.559,0.557,0.488,0.567,0.613,0.615,0.682,0.646,0.693,0.616,0.655,0.648,0.612,0.587,0.643,0.583,0.683,0.656,0.512,0.507,0.654,0.687,0.576,0.55,0.725,0.657,0.8,0.689,0.666,0.724,0.693,0.711,0.597,0.711,0.768,0.716,0.691,0.748,0.514,0.538,0.78,0.654,0.552,0.676,0.686,0.706,0.587,0.614,0.69,0.669,0.627,0.62,0.592,0.54,0.532,0.551,0.657,0.703,0.672,0.644,0.633,0.674,0.691,0.7,0.67,0.669,0.682,0.703,0.584,0.622,0.699,0.664,0.609,0.703,0.6,0.677,0.625,0.705,0.692,0.584,0.64,0.578,0.681,0.64,0.628,0.756,0.666,0.664,0.636,0.585,0.686,0.645,0.67,0.696,0.654,0.681,0.653,0.54,0.626,0.65,0.635,0.669,0.634,0.707,0.633,0.637,0.624,0.593,0.617,0.719,0.639,0.692,0.72,0.661,0.595,0.683,0.664,0.714,0.712,0.619,0.744,0.602,0.693,0.768,0.629,0.568,0.706,0.729,0.673,0.782,0.795,0.78,0.7,0.702,0.678,0.647,0.625,0.71,0.695,0.767,0.786,0.698,0.744,0.703,0.694,0.582,0.811,0.539,0.634,0.735,0.68,0.694,0.658,0.667,0.725,0.66,0.649,0.64,0.566,0.686,0.688,0.613,0.659,0.721,0.68,0.673,0.734,0.603,0.69,0.7,0.652,0.65,0.692,0.689,0.668,0.684,0.679,0.675,0.628,0.661,0.614,0.662,0.723,0.68,0.638,0.769,0.977,0.718,1.05,0.856,0.884,0.996,1.04,1.06,0.932,1.1,0.952,1.05,0.937,0.942,0.982,0.957,0.938,0.981,0.958,0.944,1.08,1.16,1.03,1.08,1.06,1.06,1.06,1.02,1.02,1.02,1.03,1.05,1.07,1.02,1.04,0.983,0.946,0.993,1.08,1.05,1.08,1.03,1.06,0.969,0.996,0.988,1.11,1.16,1.08,0.98,1.08,1.08,1.01,1.01,0.906,0.924,1.13,1.14,1.06,1.04,1.08,1.16,1.13,1.08,1.15,1.01,1.11,1.15,1.17,1.18,1.22,1.23,1.21,0.953,1.16,1.21,1.14,1.13,1.19,1.08,1.15,1.07,1.04,1.09,1.1,1.11,1.13,1.22,1.17,1.19,1.2,1.17,1.23,1.18,1.21,1.09,1.1,0.983,1.13,1.05,1.2,1.12,1.17,1.19,1.15,1.24,1.08,1.06,1.37,1.25,1.39,1.14,1.05,1.09,1.18,1.08,0.997,1.08,1.03,1.1,1.09,1.08,1.09,1.3,1.18,0.971,1.07,1.17,1.14,1.17,1.09,1.16,1.13,1.24,1.05,1.17,1.13,1.04,1.23,1.09,1.12,1.14,1.15,1.19,1.25,1.24,1.14,1.21,1.29,1.11,1.14,1.22,1.23,1.15,1.08,1.19,1.15,1.21,1.2,1.19,0.952,1.09,1.02,1.12,1.23,1.1,1.12,1.16,1.22,1.12,1.17,1.18,1.27,1.21,1.26,1.24,1.22,1.28,1.18,1.19,1.44,1.53,1.16,1.24,1.25,1.43,1.13,1.11,1.22,1.22,1.05,1.19,1.28,1.16,1.09,0.995,1.18,1.05,1.21,1.19
005_S_0610,1700.0,380.0,32.1,0.404,0.383,0.567,0.54,0.572,0.64,0.63,0.676,0.608,0.709,0.66,0.585,0.631,0.516,0.582,0.586,0.543,0.611,0.642,0.622,0.676,0.637,0.68,0.624,0.644,0.652,0.644,0.589,0.652,0.597,0.675,0.657,0.552,0.529,0.65,0.686,0.59,0.595,0.704,0.667,0.788,0.686,0.674,0.726,0.673,0.706,0.617,0.694,0.784,0.7,0.686,0.735,0.556,0.554,0.776,0.668,0.549,0.695,0.655,0.707,0.598,0.606,0.68,0.691,0.626,0.62,0.597,0.557,0.533,0.568,0.664,0.699,0.655,0.64,0.637,0.654,0.668,0.681,0.645,0.645,0.682,0.677,0.604,0.633,0.691,0.663,0.659,0.695,0.598,0.65,0.617,0.707,0.677,0.615,0.65,0.608,0.668,0.629,0.614,0.745,0.668,0.678,0.642,0.594,0.664,0.636,0.657,0.7,0.636,0.661,0.626,0.564,0.631,0.653,0.573,0.655,0.612,0.685,0.608,0.656,0.594,0.542,0.63,0.698,0.63,0.67,0.687,0.659,0.584,0.673,0.664,0.691,0.716,0.654,0.745,0.604,0.702,0.747,0.605,0.621,0.695,0.712,0.657,0.778,0.773,0.772,0.658,0.671,0.64,0.628,0.615,0.684,0.691,0.727,0.774,0.672,0.743,0.698,0.669,0.58,0.797,0.544,0.632,0.737,0.69,0.685,0.666,0.639,0.691,0.643,0.652,0.646,0.559,0.677,0.659,0.602,0.655,0.713,0.644,0.678,0.714,0.555,0.634,0.69,0.61,0.587,0.683,0.677,0.652,0.667,0.667,0.662,0.638,0.643,0.588,0.652,0.723,0.654,0.652,0.742,1.06,0.751,1.15,0.911,0.977,1.06,1.07,1.14,1.01,1.18,1.03,1.1,0.932,0.963,1.01,0.989,1.01,1.03,1.02,0.975,0.99,1.14,1.01,1.09,1.08,1.06,1.1,1.04,1.1,1.13,1.14,1.08,1.03,1.04,1.02,1.0,0.965,1.03,1.06,1.08,1.06,1.02,1.09,0.978,0.914,1.05,1.1,1.2,1.08,0.977,1.07,1.13,1.03,1.07,0.976,0.94,1.16,1.15,1.1,1.05,0.992,1.25,1.24,1.12,1.17,1.0,1.19,1.14,1.14,1.21,1.29,1.26,1.15,0.948,1.2,1.16,1.21,1.14,1.27,1.11,1.22,1.08,1.07,1.13,1.16,1.18,1.19,1.23,1.2,1.1,1.16,1.13,1.28,1.16,1.2,1.19,1.17,1.05,1.19,1.15,1.27,1.27,1.35,1.35,1.29,1.38,1.07,1.08,1.52,1.27,1.39,1.22,1.05,1.08,0.747,1.13,1.07,1.12,0.959,1.15,0.998,0.884,1.13,1.08,1.19,0.972,1.08,1.17,1.11,1.18,1.13,1.17,1.12,1.14,1.11,1.07,1.1,1.07,0.979,1.04,1.08,1.15,1.2,1.1,1.17,1.17,0.75,0.96,0.936,0.823,1.15,1.31,1.3,1.13,1.08,0.993,1.19,1.22,1.16,1.23,0.936,1.1,0.978,1.09,1.2,1.08,1.09,1.22,1.22,0.985,1.21,1.24,1.24,1.16,1.28,1.17,1.29,1.34,0.795,1.12,1.29,1.24,1.06,1.23,1.19,1.28,1.11,1.06,1.11,1.27,0.998,1.17,1.31,1.23,1.13,1.01,1.05,1.05,1.19,1.25
005_S_1341,507.0,377.0,33.3,0.409,0.386,0.565,0.548,0.567,0.649,0.649,0.69,0.629,0.711,0.672,0.592,0.652,0.535,0.592,0.604,0.568,0.623,0.664,0.627,0.686,0.649,0.69,0.625,0.666,0.673,0.644,0.605,0.646,0.605,0.68,0.658,0.564,0.556,0.663,0.709,0.588,0.584,0.717,0.676,0.805,0.688,0.672,0.751,0.705,0.726,0.611,0.697,0.787,0.721,0.701,0.758,0.543,0.557,0.784,0.659,0.569,0.667,0.665,0.729,0.585,0.631,0.684,0.681,0.64,0.637,0.626,0.576,0.556,0.569,0.664,0.696,0.694,0.663,0.65,0.674,0.676,0.705,0.669,0.667,0.7,0.709,0.601,0.63,0.697,0.663,0.634,0.721,0.617,0.681,0.658,0.715,0.687,0.615,0.642,0.587,0.672,0.651,0.634,0.764,0.677,0.679,0.636,0.594,0.678,0.628,0.668,0.717,0.641,0.66,0.647,0.552,0.623,0.674,0.628,0.664,0.606,0.708,0.638,0.668,0.639,0.618,0.656,0.719,0.63,0.702,0.708,0.666,0.611,0.674,0.654,0.696,0.714,0.633,0.747,0.601,0.717,0.759,0.627,0.599,0.706,0.718,0.674,0.786,0.779,0.788,0.69,0.698,0.669,0.669,0.628,0.709,0.68,0.77,0.783,0.683,0.743,0.712,0.699,0.644,0.782,0.527,0.635,0.734,0.696,0.704,0.669,0.669,0.712,0.665,0.652,0.632,0.579,0.695,0.688,0.611,0.685,0.729,0.663,0.678,0.729,0.594,0.68,0.691,0.668,0.626,0.682,0.689,0.684,0.676,0.668,0.678,0.631,0.624,0.579,0.671,0.723,0.697,0.684,0.78,1.01,0.74,1.04,0.88,0.925,1.06,1.1,1.09,0.974,1.13,0.992,1.09,0.942,0.956,1.02,0.998,0.988,1.06,1.06,1.01,1.03,1.13,1.02,1.07,1.07,1.04,1.11,1.02,1.08,1.08,1.08,1.07,1.09,1.02,1.06,1.03,1.05,1.06,1.11,1.06,1.15,1.02,1.06,0.935,0.975,1.1,1.12,1.13,1.07,0.966,1.03,1.01,0.934,1.0,0.863,0.932,1.14,1.1,1.08,1.02,1.15,1.15,1.13,1.12,1.17,1.0,1.12,1.12,1.15,1.14,1.17,1.19,1.23,0.901,1.13,1.15,1.14,1.11,1.17,0.981,1.1,0.992,0.977,1.08,1.1,1.13,1.12,1.11,1.14,1.15,1.18,1.16,1.17,1.18,1.22,1.17,1.07,1.02,1.18,1.07,1.3,1.19,1.31,1.24,1.21,1.27,1.2,1.1,1.48,1.23,1.38,1.19,1.17,1.14,1.23,1.15,1.08,1.11,1.11,1.19,1.13,1.22,1.17,1.26,1.23,0.991,1.11,1.17,1.18,1.24,1.11,1.19,1.14,1.25,1.12,1.15,1.21,1.06,1.26,1.18,1.12,1.17,1.21,1.19,1.22,1.21,1.15,1.14,1.23,1.29,1.16,1.25,1.23,1.15,1.07,1.13,1.05,1.13,1.04,1.14,0.949,1.06,0.91,1.12,1.17,1.12,1.17,1.25,1.23,1.09,1.12,1.15,1.16,1.17,1.23,1.24,1.18,1.21,1.24,1.17,1.35,1.39,1.09,1.17,1.2,1.28,0.992,1.05,1.16,1.23,1.03,1.22,1.29,1.17,1.09,1.07,1.16,1.13,1.2,1.27
005_S_4910,750.0,320.0,29.3,0.373,0.348,0.534,0.504,0.533,0.615,0.618,0.661,0.59,0.686,0.632,0.555,0.616,0.435,0.545,0.541,0.491,0.58,0.582,0.549,0.652,0.616,0.657,0.567,0.625,0.628,0.591,0.566,0.605,0.554,0.647,0.64,0.537,0.497,0.643,0.662,0.531,0.535,0.689,0.654,0.768,0.668,0.636,0.712,0.663,0.688,0.595,0.675,0.764,0.684,0.669,0.706,0.524,0.531,0.758,0.628,0.507,0.651,0.653,0.691,0.583,0.598,0.672,0.632,0.591,0.599,0.555,0.522,0.502,0.532,0.637,0.678,0.637,0.616,0.623,0.658,0.651,0.666,0.607,0.636,0.66,0.668,0.572,0.592,0.655,0.621,0.595,0.681,0.571,0.645,0.601,0.666,0.651,0.611,0.619,0.557,0.665,0.623,0.573,0.736,0.659,0.654,0.606,0.555,0.632,0.608,0.608,0.697,0.612,0.648,0.59,0.55,0.607,0.639,0.599,0.644,0.565,0.686,0.599,0.629,0.579,0.566,0.606,0.69,0.61,0.66,0.674,0.633,0.538,0.657,0.63,0.668,0.665,0.612,0.719,0.561,0.647,0.747,0.58,0.57,0.7,0.703,0.652,0.749,0.767,0.777,0.659,0.682,0.641,0.638,0.626,0.697,0.64,0.751,0.773,0.662,0.735,0.679,0.668,0.597,0.765,0.533,0.636,0.714,0.681,0.649,0.665,0.647,0.681,0.631,0.64,0.626,0.539,0.669,0.666,0.565,0.622,0.702,0.618,0.641,0.696,0.542,0.649,0.659,0.639,0.577,0.691,0.662,0.665,0.649,0.663,0.64,0.594,0.603,0.554,0.627,0.686,0.624,0.615,0.74,1.03,0.749,1.02,0.877,0.96,1.09,1.13,1.11,0.982,1.11,1.03,1.13,0.987,0.949,1.07,1.06,1.0,1.14,1.11,1.02,0.971,1.08,0.992,1.14,1.05,1.08,1.17,1.1,1.15,1.1,1.15,1.09,1.13,1.1,1.12,1.05,1.11,1.1,1.12,1.13,1.16,1.03,1.14,0.966,1.01,1.11,1.06,1.2,1.05,0.978,1.04,1.03,0.916,0.936,0.759,0.858,1.13,1.12,1.09,1.08,1.22,1.24,1.2,1.09,1.24,0.985,1.07,1.07,1.25,1.17,1.2,1.26,1.23,0.885,1.09,1.22,1.12,1.07,1.11,0.985,1.17,1.0,0.88,1.0,0.939,1.06,1.1,1.17,1.2,1.23,1.3,1.17,1.16,1.2,1.18,1.16,1.11,1.01,1.09,1.13,1.42,1.17,1.16,1.2,1.21,1.28,1.19,1.08,1.48,1.3,1.39,1.25,1.13,1.23,1.3,1.08,1.16,1.17,1.17,1.24,1.1,1.25,1.14,1.01,1.03,0.937,1.09,1.22,1.18,1.27,1.14,1.12,1.23,1.11,1.06,1.12,1.14,1.04,1.13,1.21,1.13,1.06,1.3,1.34,1.21,1.17,1.25,1.12,1.13,1.35,1.07,1.22,1.21,1.2,1.0,1.13,1.01,1.06,0.927,1.14,0.707,0.749,0.807,1.1,1.04,1.03,1.18,1.18,1.15,0.97,0.807,0.92,1.03,1.06,1.2,1.34,1.16,1.23,1.24,1.21,1.31,1.17,0.94,1.04,1.19,1.14,0.934,0.967,1.05,0.946,0.73,1.19,1.14,1.14,1.04,0.982,0.896,0.929,0.946,1.04
005_S_5038,553.0,139.0,12.6,0.411,0.387,0.577,0.528,0.559,0.628,0.627,0.667,0.604,0.671,0.643,0.578,0.632,0.485,0.552,0.549,0.512,0.592,0.589,0.585,0.668,0.591,0.656,0.56,0.617,0.623,0.583,0.582,0.61,0.583,0.652,0.638,0.577,0.533,0.631,0.671,0.55,0.562,0.701,0.638,0.761,0.661,0.633,0.707,0.678,0.689,0.583,0.658,0.764,0.692,0.682,0.734,0.536,0.538,0.772,0.635,0.52,0.67,0.621,0.694,0.611,0.578,0.659,0.632,0.605,0.611,0.566,0.546,0.536,0.553,0.628,0.697,0.672,0.64,0.63,0.649,0.655,0.683,0.646,0.645,0.657,0.658,0.589,0.603,0.663,0.598,0.589,0.654,0.603,0.656,0.637,0.655,0.646,0.577,0.621,0.574,0.678,0.622,0.54,0.739,0.646,0.63,0.609,0.56,0.619,0.612,0.599,0.706,0.581,0.644,0.585,0.561,0.601,0.645,0.637,0.646,0.605,0.687,0.622,0.667,0.582,0.584,0.605,0.69,0.594,0.676,0.677,0.632,0.554,0.642,0.611,0.658,0.659,0.629,0.737,0.591,0.677,0.737,0.617,0.594,0.724,0.715,0.66,0.763,0.767,0.788,0.683,0.679,0.655,0.677,0.608,0.699,0.687,0.745,0.772,0.69,0.765,0.719,0.688,0.607,0.796,0.549,0.635,0.717,0.672,0.677,0.666,0.652,0.707,0.635,0.634,0.624,0.575,0.655,0.68,0.616,0.672,0.701,0.662,0.669,0.697,0.558,0.654,0.634,0.689,0.586,0.674,0.671,0.662,0.644,0.683,0.676,0.609,0.62,0.565,0.634,0.72,0.627,0.593,0.754,1.09,0.771,1.21,0.932,0.976,1.14,1.13,1.19,1.02,1.2,1.09,1.18,1.02,1.0,1.13,1.1,1.05,1.14,1.13,1.1,0.86,1.12,0.994,1.05,1.08,1.08,1.14,1.1,1.16,1.16,1.11,1.04,1.14,1.1,1.15,1.07,1.11,1.13,1.22,1.13,1.18,1.01,1.06,0.989,1.07,1.14,1.11,1.23,1.05,0.975,1.05,1.03,0.996,1.06,0.9,0.82,1.2,1.19,1.11,1.1,1.19,1.21,1.21,1.16,1.28,1.04,1.19,1.19,1.24,1.22,1.22,1.29,1.26,0.921,1.23,1.23,1.17,1.15,1.21,1.01,1.09,0.977,1.01,1.08,0.952,1.19,1.17,1.17,1.22,1.23,1.3,1.06,1.17,1.09,1.16,1.26,1.13,1.09,1.21,1.17,1.34,1.29,1.43,1.39,1.28,1.44,1.26,1.12,1.75,1.37,1.55,1.2,1.15,1.21,1.39,1.22,1.19,1.22,1.19,1.26,1.27,1.3,1.25,0.93,1.05,0.957,1.12,1.13,1.05,1.14,1.21,1.19,1.21,1.31,1.22,1.27,1.18,1.06,1.32,1.24,1.17,1.09,1.24,1.18,1.08,1.13,1.29,1.18,1.26,1.41,1.0,1.18,1.26,1.19,1.03,1.2,1.08,1.06,0.896,1.12,0.82,1.08,0.901,1.12,1.28,1.1,1.22,1.16,1.18,1.1,1.1,1.2,1.26,1.19,1.27,1.27,1.17,1.24,1.3,1.23,1.4,1.48,1.11,1.21,1.23,1.35,0.905,0.95,1.02,1.15,0.823,1.22,1.11,1.28,1.11,1.03,0.812,1.09,1.22,1.21
005_S_5119,910.0,753.0,74.5,0.391,0.364,0.557,0.53,0.544,0.607,0.63,0.671,0.6,0.678,0.635,0.575,0.618,0.454,0.536,0.538,0.493,0.58,0.605,0.576,0.666,0.618,0.671,0.587,0.629,0.633,0.594,0.587,0.62,0.573,0.649,0.636,0.538,0.469,0.627,0.673,0.528,0.555,0.686,0.652,0.782,0.661,0.632,0.726,0.663,0.69,0.587,0.689,0.772,0.679,0.651,0.707,0.53,0.54,0.765,0.627,0.534,0.65,0.61,0.694,0.571,0.567,0.646,0.658,0.605,0.61,0.563,0.547,0.512,0.517,0.644,0.682,0.651,0.637,0.623,0.625,0.655,0.674,0.63,0.647,0.661,0.668,0.564,0.602,0.657,0.625,0.611,0.68,0.57,0.637,0.62,0.669,0.667,0.581,0.604,0.564,0.679,0.633,0.587,0.73,0.68,0.656,0.632,0.59,0.641,0.62,0.633,0.712,0.606,0.668,0.607,0.567,0.597,0.641,0.591,0.632,0.578,0.654,0.581,0.624,0.58,0.55,0.595,0.69,0.609,0.667,0.68,0.633,0.574,0.656,0.637,0.656,0.696,0.625,0.735,0.562,0.675,0.728,0.58,0.58,0.691,0.704,0.642,0.755,0.761,0.769,0.665,0.678,0.628,0.636,0.619,0.682,0.653,0.754,0.768,0.675,0.728,0.67,0.698,0.593,0.762,0.539,0.626,0.71,0.704,0.659,0.662,0.651,0.691,0.668,0.64,0.614,0.533,0.683,0.684,0.603,0.665,0.712,0.643,0.65,0.703,0.535,0.661,0.649,0.604,0.595,0.69,0.665,0.676,0.64,0.657,0.642,0.594,0.597,0.594,0.653,0.698,0.622,0.632,0.75,1.01,0.723,1.04,0.86,0.915,1.02,1.04,1.08,0.95,1.09,0.986,1.12,0.959,0.962,0.998,0.979,0.982,1.03,1.05,1.01,0.992,1.17,1.02,1.14,1.1,1.09,1.14,1.07,1.09,1.05,1.08,1.07,1.05,0.997,1.12,1.04,0.993,1.06,1.07,1.09,1.11,1.01,1.11,0.929,0.997,1.06,1.1,1.07,1.05,0.967,1.06,0.997,0.923,0.959,0.887,0.882,1.11,1.1,1.07,1.02,1.1,1.19,1.21,1.1,1.12,0.985,1.03,1.08,1.17,1.15,1.09,1.13,1.17,0.874,1.09,1.09,1.06,1.03,1.11,0.981,1.09,0.97,0.953,0.969,1.02,1.1,1.12,1.07,1.06,1.16,1.14,1.15,1.14,1.2,1.22,1.13,1.08,0.995,1.15,1.09,1.34,1.21,1.3,1.24,1.23,1.32,1.16,1.14,1.55,1.25,1.42,1.17,1.17,1.12,1.18,1.1,1.1,1.06,1.05,1.17,1.06,1.12,1.13,1.13,1.18,0.957,1.08,1.14,1.11,1.26,1.09,1.15,1.15,1.09,1.08,1.14,1.17,1.06,1.16,1.04,1.08,1.15,1.24,1.15,1.18,1.14,1.12,1.05,1.07,1.19,1.11,1.15,1.03,1.1,1.01,1.03,0.99,1.07,0.938,1.0,0.876,0.902,0.879,1.08,1.07,1.01,1.13,1.16,1.13,1.02,0.957,1.03,1.04,1.14,1.09,1.1,1.11,1.05,1.05,1.07,1.28,1.09,1.0,1.06,1.0,1.14,0.949,0.985,0.977,1.15,0.88,1.11,1.23,1.12,1.07,1.04,0.982,1.1,1.16,1.14
006_S_0484,1340.0,148.0,13.2,0.399,0.375,0.57,0.543,0.6,0.627,0.63,0.689,0.621,0.73,0.671,0.602,0.654,0.543,0.609,0.594,0.564,0.619,0.65,0.615,0.696,0.651,0.701,0.629,0.662,0.67,0.643,0.617,0.638,0.609,0.695,0.678,0.558,0.585,0.667,0.687,0.591,0.556,0.725,0.667,0.808,0.71,0.693,0.749,0.703,0.711,0.625,0.713,0.789,0.723,0.696,0.755,0.534,0.548,0.793,0.662,0.559,0.684,0.695,0.724,0.633,0.63,0.688,0.683,0.654,0.641,0.604,0.571,0.584,0.573,0.677,0.713,0.696,0.661,0.659,0.68,0.681,0.699,0.663,0.675,0.698,0.709,0.593,0.623,0.698,0.665,0.635,0.724,0.622,0.689,0.636,0.696,0.69,0.608,0.649,0.617,0.689,0.633,0.622,0.764,0.681,0.681,0.658,0.622,0.704,0.666,0.666,0.709,0.647,0.687,0.641,0.596,0.624,0.686,0.618,0.662,0.651,0.71,0.648,0.677,0.612,0.569,0.619,0.715,0.643,0.699,0.711,0.659,0.618,0.639,0.65,0.706,0.706,0.657,0.762,0.63,0.735,0.77,0.633,0.621,0.724,0.723,0.708,0.796,0.781,0.801,0.691,0.7,0.668,0.646,0.624,0.712,0.692,0.756,0.784,0.695,0.747,0.713,0.688,0.618,0.814,0.534,0.623,0.728,0.706,0.696,0.696,0.686,0.707,0.668,0.653,0.659,0.6,0.697,0.698,0.618,0.684,0.741,0.668,0.7,0.725,0.594,0.667,0.7,0.64,0.621,0.707,0.692,0.701,0.689,0.678,0.693,0.63,0.667,0.59,0.668,0.73,0.669,0.658,0.78,1.01,0.743,1.04,0.891,0.935,1.05,1.1,1.12,0.971,1.12,0.955,1.08,0.933,0.959,1.04,1.02,1.01,1.03,1.03,1.01,1.08,1.2,1.03,1.12,1.14,1.1,1.13,1.05,1.04,1.06,1.09,1.1,1.1,1.08,1.09,1.05,1.05,1.03,1.08,1.1,1.07,1.04,1.08,0.935,1.0,1.04,1.12,1.17,1.09,0.97,1.05,1.09,0.998,1.03,0.916,0.952,1.16,1.16,1.11,1.09,1.1,1.19,1.19,1.11,1.14,1.02,1.12,1.14,1.17,1.15,1.2,1.18,1.18,0.973,1.17,1.14,1.13,1.11,1.21,1.08,1.14,1.03,1.04,1.1,1.17,1.12,1.17,1.13,1.15,1.09,1.11,1.06,1.2,1.16,1.2,1.14,1.09,1.05,1.14,1.05,1.22,1.17,1.26,1.24,1.19,1.25,1.2,0.983,1.4,1.24,1.29,1.15,1.19,1.16,1.09,1.12,1.1,1.12,1.11,1.12,1.05,1.1,1.14,1.23,1.23,0.981,1.1,1.15,1.18,1.18,1.05,1.14,1.12,1.21,1.14,1.22,1.17,1.07,1.17,1.12,1.12,1.17,1.17,1.12,1.17,1.18,1.05,1.06,1.15,1.03,1.12,1.27,1.22,1.12,1.07,1.08,1.12,1.14,1.16,1.16,0.911,1.05,0.953,0.994,1.22,1.17,1.13,1.17,1.2,1.07,1.13,1.16,1.23,1.22,1.23,1.24,1.25,1.26,1.09,1.18,1.36,1.41,1.14,1.21,1.2,1.31,1.01,1.06,1.14,1.23,1.06,1.16,1.25,1.22,1.08,0.908,1.15,1.1,1.15,1.19
006_S_0498,1700.0,212.0,19.7,0.401,0.368,0.561,0.522,0.571,0.632,0.648,0.692,0.626,0.714,0.655,0.581,0.655,0.502,0.576,0.569,0.543,0.608,0.627,0.594,0.705,0.642,0.703,0.619,0.669,0.662,0.635,0.605,0.65,0.612,0.687,0.668,0.538,0.522,0.658,0.677,0.577,0.586,0.73,0.663,0.802,0.7,0.676,0.743,0.703,0.722,0.604,0.716,0.789,0.721,0.714,0.765,0.548,0.556,0.814,0.675,0.561,0.676,0.676,0.721,0.608,0.64,0.709,0.667,0.644,0.648,0.614,0.546,0.535,0.561,0.66,0.701,0.678,0.667,0.618,0.647,0.68,0.709,0.675,0.685,0.697,0.734,0.626,0.63,0.702,0.665,0.654,0.717,0.615,0.696,0.629,0.722,0.706,0.64,0.643,0.577,0.687,0.66,0.626,0.757,0.685,0.687,0.651,0.611,0.69,0.656,0.679,0.749,0.649,0.676,0.645,0.571,0.64,0.672,0.623,0.649,0.608,0.671,0.619,0.641,0.613,0.587,0.622,0.711,0.645,0.701,0.728,0.65,0.606,0.697,0.678,0.702,0.71,0.636,0.756,0.6,0.687,0.758,0.624,0.609,0.708,0.71,0.678,0.782,0.799,0.802,0.706,0.702,0.667,0.654,0.62,0.695,0.68,0.768,0.793,0.698,0.762,0.715,0.718,0.626,0.836,0.539,0.659,0.764,0.71,0.684,0.678,0.689,0.72,0.691,0.657,0.661,0.568,0.673,0.676,0.561,0.682,0.74,0.623,0.656,0.73,0.608,0.716,0.701,0.673,0.635,0.734,0.698,0.672,0.691,0.684,0.678,0.634,0.656,0.599,0.692,0.737,0.677,0.665,0.784,0.953,0.702,0.964,0.829,0.86,0.985,1.04,1.07,0.922,1.01,0.964,1.04,0.915,0.944,1.0,0.956,0.983,1.02,1.01,0.998,1.1,1.14,1.02,1.14,1.07,1.08,1.06,1.03,1.05,1.01,1.05,1.04,1.06,1.01,1.06,1.0,1.01,1.04,1.13,1.1,1.03,1.01,1.11,0.955,0.979,1.13,1.12,1.24,1.1,0.987,1.07,1.1,0.982,0.964,0.918,0.927,1.1,1.23,1.13,1.05,1.17,1.26,1.2,1.1,1.25,0.991,1.08,1.18,1.25,1.19,1.3,1.29,1.24,0.913,1.19,1.2,1.18,1.14,1.2,1.08,1.21,1.05,1.04,1.06,1.13,1.11,1.15,1.24,1.24,1.18,1.24,1.11,1.23,1.26,1.3,1.15,1.14,1.0,1.16,1.07,1.25,1.15,1.17,1.09,1.13,1.21,1.15,1.1,1.43,1.17,1.44,1.1,1.13,1.09,1.13,1.08,1.05,1.08,1.08,1.12,1.03,1.08,1.09,1.25,1.24,0.964,1.07,1.2,1.16,1.21,1.07,1.19,1.03,1.23,1.11,1.15,1.18,1.04,1.09,1.14,1.13,1.22,1.25,1.06,1.2,1.18,1.17,1.2,1.26,1.16,1.2,1.4,1.34,1.14,1.1,1.18,1.22,1.2,1.19,1.27,0.928,1.09,0.979,1.07,1.26,1.14,1.23,1.28,1.26,1.09,1.16,1.16,1.29,1.22,1.42,1.35,1.31,1.36,1.26,1.21,1.5,1.44,1.17,1.23,1.28,1.42,1.07,1.13,1.28,1.32,1.08,1.29,1.39,1.23,1.19,1.06,1.18,1.03,1.24,1.27
006_S_0547,1700.0,380.0,32.4,0.397,0.368,0.567,0.535,0.583,0.636,0.624,0.679,0.601,0.698,0.646,0.586,0.648,0.485,0.578,0.574,0.524,0.611,0.636,0.614,0.659,0.633,0.685,0.604,0.639,0.652,0.633,0.598,0.634,0.592,0.672,0.664,0.553,0.517,0.658,0.68,0.584,0.575,0.726,0.665,0.784,0.675,0.659,0.729,0.699,0.709,0.614,0.708,0.772,0.705,0.696,0.747,0.527,0.544,0.779,0.663,0.533,0.676,0.684,0.711,0.607,0.612,0.687,0.677,0.638,0.625,0.597,0.543,0.546,0.555,0.657,0.697,0.673,0.653,0.638,0.679,0.673,0.689,0.66,0.676,0.697,0.702,0.577,0.625,0.697,0.647,0.636,0.718,0.606,0.673,0.635,0.697,0.682,0.584,0.637,0.577,0.678,0.633,0.596,0.749,0.675,0.684,0.652,0.608,0.665,0.64,0.658,0.714,0.637,0.679,0.622,0.58,0.632,0.67,0.631,0.665,0.617,0.687,0.635,0.663,0.627,0.596,0.62,0.71,0.647,0.683,0.707,0.656,0.599,0.665,0.647,0.699,0.696,0.652,0.754,0.62,0.703,0.765,0.62,0.601,0.711,0.713,0.672,0.781,0.777,0.786,0.682,0.692,0.67,0.65,0.611,0.7,0.685,0.771,0.782,0.671,0.749,0.72,0.705,0.616,0.808,0.532,0.629,0.739,0.678,0.69,0.698,0.671,0.712,0.66,0.645,0.655,0.556,0.698,0.646,0.61,0.689,0.731,0.668,0.59,0.716,0.577,0.675,0.709,0.682,0.614,0.688,0.681,0.663,0.683,0.659,0.669,0.642,0.656,0.593,0.671,0.73,0.659,0.672,0.761,1.03,0.748,1.07,0.882,0.921,1.02,1.05,1.08,0.941,1.08,0.956,1.05,0.95,0.954,1.04,1.01,1.01,1.08,1.04,0.996,0.88,1.08,1.02,1.07,1.02,1.03,1.1,1.04,1.1,1.06,1.08,1.03,1.02,1.02,1.03,1.01,1.06,1.02,1.11,1.04,1.05,1.0,1.06,0.974,1.02,1.07,1.05,1.14,1.08,0.969,1.07,1.07,0.974,1.01,0.935,0.882,1.1,1.15,1.04,1.01,1.1,1.16,1.14,1.08,1.14,0.981,1.08,1.09,1.14,1.15,1.18,1.19,1.18,0.885,1.16,1.15,1.1,1.08,1.17,1.08,1.15,1.05,1.04,1.08,1.08,1.1,1.09,1.15,1.17,1.15,1.22,1.12,1.2,1.17,1.18,1.14,1.05,0.958,1.1,1.1,1.33,1.26,1.19,1.31,1.25,1.17,1.18,1.08,1.24,1.16,1.16,1.03,1.17,1.14,1.14,1.12,1.1,1.15,1.12,1.14,1.09,1.07,1.12,1.25,1.24,1.03,1.14,1.3,1.2,1.26,1.2,1.21,1.12,1.16,1.06,1.08,1.18,1.07,1.1,1.08,1.15,1.21,1.23,1.08,1.2,1.21,1.03,1.1,1.13,1.03,1.19,1.27,1.21,1.16,1.12,1.04,1.15,1.15,1.11,1.16,0.988,1.13,0.987,1.14,1.2,1.15,1.18,1.23,1.25,1.07,1.21,1.21,1.28,1.19,1.3,1.29,1.3,1.24,1.07,1.21,1.23,1.22,1.03,1.23,1.22,1.21,1.07,1.02,1.09,1.33,1.12,1.2,1.32,1.25,1.04,1.08,1.17,1.13,1.24,1.29
006_S_0731,744.0,278.0,27.6,0.402,0.375,0.569,0.547,0.583,0.647,0.637,0.681,0.615,0.722,0.658,0.59,0.653,0.494,0.589,0.578,0.541,0.6,0.628,0.629,0.69,0.652,0.696,0.628,0.667,0.665,0.634,0.606,0.646,0.612,0.693,0.682,0.564,0.535,0.673,0.695,0.581,0.581,0.715,0.668,0.809,0.682,0.685,0.747,0.697,0.714,0.628,0.681,0.782,0.723,0.691,0.748,0.549,0.561,0.781,0.664,0.539,0.703,0.694,0.722,0.605,0.635,0.706,0.678,0.649,0.635,0.596,0.555,0.526,0.557,0.676,0.709,0.677,0.659,0.656,0.705,0.68,0.701,0.666,0.644,0.677,0.713,0.589,0.641,0.693,0.671,0.676,0.734,0.636,0.688,0.632,0.702,0.684,0.616,0.62,0.61,0.682,0.65,0.609,0.766,0.683,0.676,0.653,0.615,0.688,0.657,0.67,0.709,0.662,0.68,0.661,0.577,0.634,0.669,0.626,0.683,0.626,0.697,0.598,0.658,0.622,0.588,0.607,0.72,0.637,0.698,0.721,0.648,0.631,0.67,0.654,0.709,0.715,0.657,0.77,0.62,0.713,0.765,0.627,0.6,0.716,0.712,0.658,0.79,0.797,0.77,0.691,0.694,0.658,0.65,0.605,0.703,0.705,0.776,0.791,0.7,0.736,0.694,0.668,0.615,0.803,0.54,0.64,0.749,0.675,0.684,0.697,0.695,0.726,0.683,0.66,0.66,0.59,0.697,0.662,0.61,0.669,0.741,0.669,0.699,0.748,0.593,0.682,0.729,0.708,0.621,0.684,0.692,0.687,0.694,0.687,0.691,0.65,0.669,0.6,0.67,0.731,0.674,0.701,0.793,0.937,0.721,0.975,0.851,0.896,1.0,1.01,1.03,0.935,1.08,0.919,1.07,0.898,0.929,1.02,0.982,0.983,1.01,0.985,0.977,1.09,1.18,1.03,1.13,1.05,1.07,1.1,1.06,1.04,1.05,1.06,1.06,1.08,1.01,1.07,1.02,1.02,1.01,1.09,1.1,1.09,1.03,1.13,0.967,0.974,1.06,1.14,1.23,1.14,0.996,1.09,1.06,0.981,1.02,0.965,0.926,1.12,1.25,1.12,1.11,1.13,1.22,1.22,1.06,1.18,1.01,1.12,1.16,1.24,1.19,1.28,1.2,1.22,0.927,1.19,1.17,1.18,1.13,1.26,1.05,1.17,1.05,1.06,1.09,1.12,1.12,1.14,1.21,1.19,1.16,1.22,1.17,1.14,1.24,1.27,1.16,1.1,0.974,1.15,1.07,1.12,1.11,1.12,1.13,1.18,1.15,0.944,1.0,1.3,1.24,1.26,1.12,1.15,1.12,1.09,1.11,1.09,1.09,1.08,1.04,1.02,1.06,1.07,1.23,1.19,0.976,1.08,1.13,1.13,1.22,1.08,1.13,1.11,1.28,1.03,1.2,1.22,1.09,1.18,1.07,1.08,1.2,1.17,1.1,1.23,1.22,1.06,1.11,1.21,1.08,1.18,1.31,1.26,1.14,1.12,1.15,1.12,1.12,1.15,1.21,0.98,1.05,0.981,1.03,1.26,1.18,1.15,1.24,1.28,1.09,1.1,1.12,1.29,1.26,1.33,1.33,1.25,1.33,1.2,1.2,1.39,1.47,1.16,1.22,1.3,1.43,1.09,1.11,1.22,1.23,1.03,1.17,1.35,1.17,1.12,0.972,1.16,1.02,1.26,1.18
007_S_0316,301.0,395.0,43.4,0.399,0.365,0.568,0.542,0.575,0.633,0.637,0.685,0.616,0.706,0.648,0.591,0.642,0.504,0.574,0.583,0.539,0.606,0.642,0.62,0.692,0.634,0.694,0.618,0.648,0.65,0.632,0.585,0.632,0.603,0.679,0.661,0.553,0.542,0.647,0.692,0.585,0.587,0.722,0.667,0.787,0.689,0.667,0.729,0.688,0.718,0.623,0.706,0.77,0.719,0.7,0.753,0.554,0.549,0.792,0.669,0.55,0.689,0.653,0.715,0.622,0.624,0.679,0.692,0.624,0.631,0.605,0.579,0.548,0.562,0.658,0.7,0.681,0.653,0.652,0.676,0.673,0.69,0.651,0.665,0.687,0.711,0.615,0.622,0.69,0.668,0.629,0.713,0.613,0.693,0.64,0.703,0.682,0.581,0.651,0.602,0.672,0.626,0.617,0.745,0.67,0.672,0.65,0.617,0.686,0.651,0.66,0.715,0.638,0.662,0.631,0.563,0.618,0.664,0.61,0.658,0.637,0.686,0.644,0.681,0.628,0.572,0.609,0.708,0.631,0.693,0.707,0.661,0.588,0.687,0.648,0.698,0.719,0.647,0.738,0.593,0.677,0.769,0.636,0.62,0.73,0.734,0.657,0.772,0.779,0.771,0.697,0.7,0.644,0.664,0.615,0.692,0.68,0.773,0.765,0.702,0.759,0.71,0.693,0.632,0.825,0.555,0.642,0.724,0.707,0.697,0.7,0.687,0.711,0.653,0.645,0.65,0.587,0.674,0.689,0.594,0.681,0.725,0.657,0.634,0.723,0.591,0.665,0.703,0.67,0.611,0.694,0.674,0.672,0.677,0.683,0.674,0.624,0.65,0.559,0.649,0.727,0.649,0.657,0.756,0.98,0.692,1.07,0.827,0.894,1.04,1.09,1.14,0.982,1.16,1.02,1.12,0.927,0.932,1.04,1.02,0.978,1.07,1.08,1.04,1.05,1.22,1.01,1.13,1.06,1.08,1.12,1.03,1.05,1.04,1.06,0.993,1.03,1.01,1.02,0.989,1.03,1.0,1.11,1.08,1.12,1.0,1.09,0.962,0.991,1.08,1.05,1.13,1.04,0.967,1.03,1.05,0.856,0.962,0.77,0.848,1.12,1.09,1.04,1.05,1.11,1.18,1.14,1.07,1.16,0.955,1.03,1.04,1.11,1.08,1.15,1.2,1.2,0.86,1.07,1.12,1.17,1.1,1.19,1.08,1.13,1.05,0.874,1.01,1.06,1.05,1.08,1.17,1.11,1.14,1.13,1.07,1.06,1.1,1.15,1.16,1.19,1.05,1.09,1.08,1.32,1.24,1.37,1.3,1.27,1.36,1.25,1.18,1.66,1.36,1.54,1.15,1.21,1.22,1.33,1.22,1.11,1.15,1.2,1.12,1.26,1.24,1.19,1.24,1.21,0.946,1.1,1.23,1.2,1.28,1.12,1.11,1.15,1.2,1.14,1.16,1.17,1.02,1.25,1.16,1.12,1.16,1.22,1.17,1.18,1.15,1.19,1.14,1.27,1.2,1.09,1.21,1.2,1.13,1.04,1.15,1.12,1.17,1.14,1.19,0.764,0.899,0.849,1.1,1.14,1.1,1.15,1.18,1.2,1.06,1.01,1.02,1.1,1.12,1.25,1.25,1.16,1.24,1.12,1.12,1.41,1.41,1.07,1.07,1.18,1.39,1.08,1.05,1.08,1.17,0.816,1.08,1.24,1.14,1.17,1.09,1.1,1.06,1.07,1.15
007_S_1206,1700.0,247.0,20.8,0.381,0.352,0.544,0.507,0.559,0.631,0.624,0.678,0.598,0.714,0.644,0.57,0.633,0.482,0.571,0.548,0.518,0.6,0.633,0.599,0.674,0.632,0.689,0.61,0.649,0.655,0.624,0.608,0.632,0.585,0.672,0.661,0.544,0.54,0.652,0.682,0.572,0.578,0.722,0.662,0.788,0.682,0.663,0.717,0.689,0.705,0.623,0.704,0.775,0.705,0.697,0.743,0.537,0.557,0.781,0.66,0.548,0.676,0.665,0.709,0.605,0.622,0.692,0.677,0.643,0.623,0.587,0.548,0.56,0.536,0.664,0.699,0.675,0.645,0.642,0.681,0.673,0.692,0.665,0.65,0.678,0.697,0.589,0.627,0.699,0.643,0.622,0.715,0.615,0.683,0.636,0.701,0.679,0.609,0.645,0.603,0.675,0.631,0.609,0.758,0.663,0.679,0.638,0.588,0.68,0.636,0.668,0.702,0.633,0.672,0.633,0.576,0.637,0.673,0.61,0.676,0.621,0.697,0.634,0.665,0.608,0.592,0.614,0.711,0.626,0.69,0.707,0.661,0.593,0.672,0.655,0.696,0.706,0.632,0.762,0.621,0.716,0.76,0.627,0.63,0.732,0.712,0.644,0.79,0.785,0.773,0.684,0.691,0.656,0.649,0.635,0.688,0.695,0.765,0.795,0.685,0.744,0.708,0.691,0.62,0.798,0.533,0.64,0.744,0.693,0.67,0.696,0.658,0.71,0.667,0.656,0.639,0.575,0.707,0.697,0.623,0.674,0.729,0.662,0.676,0.718,0.585,0.652,0.712,0.653,0.612,0.676,0.675,0.675,0.669,0.662,0.68,0.636,0.641,0.59,0.67,0.713,0.659,0.68,0.761,1.01,0.692,1.06,0.848,0.899,1.07,1.03,1.06,0.932,1.07,0.998,1.1,0.958,0.967,0.991,0.988,0.988,1.03,1.01,0.996,0.958,1.1,1.02,1.1,1.1,1.06,1.13,1.05,1.06,1.13,1.13,1.11,1.11,1.06,1.06,1.06,1.08,1.05,1.13,1.09,1.01,1.01,1.12,1.01,1.02,1.08,1.12,1.21,1.09,0.984,1.03,1.11,0.977,1.01,0.848,0.797,1.15,1.17,1.11,1.06,1.12,1.21,1.18,1.1,1.15,0.977,1.18,1.17,1.22,1.21,1.24,1.28,1.25,0.881,1.25,1.2,1.21,1.11,1.18,1.07,1.21,1.07,0.944,1.09,1.04,1.16,1.2,1.21,1.19,1.15,1.2,1.1,1.22,1.21,1.18,1.17,1.16,1.02,1.2,1.12,1.26,1.27,1.37,1.31,1.3,1.32,1.19,1.05,1.43,1.26,1.35,1.14,1.19,1.19,1.13,1.15,1.16,1.12,1.18,1.1,1.1,1.04,1.13,1.14,1.21,0.963,1.13,1.19,1.14,1.26,1.08,1.23,1.21,1.27,1.16,1.17,1.16,1.12,1.18,1.15,1.18,1.19,1.27,1.08,1.21,1.15,0.979,1.13,1.23,1.04,1.21,1.3,1.3,1.14,1.12,1.06,1.14,1.13,1.08,1.24,0.86,1.05,0.952,1.08,1.23,1.13,1.2,1.23,1.26,1.1,1.13,1.21,1.31,1.26,1.31,1.31,1.26,1.3,1.02,1.19,1.43,1.42,1.1,1.25,1.26,1.39,1.09,1.03,1.05,1.26,0.932,1.15,1.34,1.28,1.08,0.978,1.06,1.1,1.32,1.26
007_S_4911,331.0,168.0,17.2,0.359,0.334,0.521,0.485,0.533,0.599,0.599,0.65,0.566,0.659,0.613,0.525,0.606,0.45,0.53,0.529,0.474,0.556,0.578,0.574,0.655,0.607,0.649,0.587,0.635,0.619,0.604,0.558,0.62,0.557,0.643,0.638,0.479,0.473,0.623,0.645,0.527,0.524,0.703,0.627,0.769,0.664,0.646,0.694,0.673,0.678,0.579,0.672,0.755,0.702,0.667,0.725,0.538,0.527,0.77,0.652,0.526,0.653,0.628,0.69,0.565,0.592,0.675,0.648,0.612,0.602,0.567,0.536,0.507,0.526,0.634,0.679,0.641,0.627,0.607,0.647,0.646,0.66,0.626,0.639,0.66,0.678,0.592,0.61,0.665,0.644,0.577,0.676,0.573,0.653,0.607,0.686,0.668,0.545,0.606,0.566,0.645,0.621,0.585,0.755,0.644,0.63,0.61,0.553,0.638,0.592,0.618,0.675,0.604,0.615,0.601,0.502,0.592,0.628,0.613,0.622,0.543,0.676,0.619,0.647,0.577,0.573,0.582,0.674,0.608,0.647,0.665,0.618,0.559,0.641,0.614,0.651,0.659,0.597,0.733,0.54,0.68,0.743,0.614,0.562,0.698,0.693,0.615,0.753,0.754,0.775,0.655,0.664,0.644,0.644,0.597,0.682,0.648,0.741,0.753,0.662,0.734,0.69,0.668,0.579,0.798,0.532,0.635,0.696,0.639,0.64,0.638,0.631,0.699,0.637,0.621,0.603,0.519,0.654,0.605,0.55,0.647,0.699,0.624,0.66,0.692,0.564,0.664,0.655,0.641,0.581,0.684,0.658,0.638,0.633,0.679,0.621,0.582,0.623,0.519,0.618,0.679,0.633,0.614,0.725,1.11,0.691,1.14,0.837,0.909,1.07,1.15,1.2,0.974,1.16,1.02,1.17,0.963,0.957,1.09,1.04,1.09,1.14,1.12,1.08,0.977,1.19,0.992,1.18,1.13,1.1,1.16,1.1,1.2,1.18,1.1,0.972,1.12,1.11,1.13,1.09,1.21,1.11,1.19,1.15,1.17,1.04,1.19,1.01,1.05,1.17,1.18,1.31,1.13,1.0,1.14,1.16,1.03,1.07,0.974,0.928,1.21,1.19,1.14,1.08,1.24,1.35,1.22,1.17,1.33,1.02,1.0,1.13,1.26,1.28,1.21,1.22,1.28,0.89,0.916,1.18,0.979,1.07,1.1,1.14,1.3,1.1,1.05,0.998,1.16,1.11,1.03,1.25,1.19,1.2,1.31,1.35,1.31,1.36,1.34,1.02,1.25,1.12,1.16,1.01,1.39,1.13,1.38,1.26,1.13,1.32,1.2,1.19,1.68,1.31,1.44,1.18,1.39,1.27,1.51,1.23,1.32,1.25,1.38,1.33,1.3,1.34,1.26,1.25,1.19,0.962,1.11,1.32,1.28,1.32,1.1,0.915,1.06,1.09,1.1,1.2,1.36,1.07,1.27,1.22,1.2,1.22,1.29,1.27,1.29,1.23,1.39,1.23,1.37,1.43,1.11,1.24,1.21,1.21,1.09,1.26,1.2,1.26,1.22,1.27,0.878,0.891,0.874,1.16,1.14,1.16,1.2,1.23,1.09,1.03,0.967,0.906,0.956,1.2,1.11,1.15,1.16,1.11,1.33,0.968,1.08,1.15,1.02,0.809,1.04,1.01,1.1,1.03,1.12,1.23,0.936,1.02,1.27,0.849,1.06,1.04,1.01,1.24,0.926,1.1
007_S_5196,339.0,240.0,21.9,0.395,0.366,0.566,0.536,0.562,0.637,0.636,0.682,0.606,0.722,0.651,0.568,0.644,0.492,0.567,0.569,0.535,0.594,0.61,0.586,0.688,0.649,0.692,0.629,0.646,0.65,0.635,0.594,0.652,0.589,0.671,0.668,0.54,0.509,0.656,0.673,0.561,0.548,0.708,0.668,0.794,0.689,0.671,0.718,0.687,0.727,0.612,0.703,0.775,0.72,0.717,0.77,0.565,0.558,0.788,0.68,0.551,0.657,0.654,0.717,0.583,0.622,0.695,0.675,0.638,0.623,0.6,0.543,0.525,0.55,0.657,0.69,0.652,0.645,0.638,0.673,0.673,0.697,0.642,0.693,0.689,0.718,0.61,0.616,0.694,0.665,0.605,0.716,0.599,0.686,0.598,0.732,0.704,0.585,0.638,0.583,0.692,0.675,0.62,0.769,0.68,0.668,0.636,0.587,0.654,0.62,0.666,0.71,0.637,0.683,0.617,0.552,0.606,0.638,0.632,0.636,0.567,0.686,0.612,0.617,0.589,0.576,0.599,0.719,0.627,0.699,0.705,0.649,0.603,0.678,0.643,0.685,0.697,0.645,0.704,0.568,0.677,0.759,0.595,0.585,0.718,0.718,0.668,0.787,0.773,0.774,0.694,0.699,0.66,0.653,0.622,0.707,0.696,0.779,0.815,0.714,0.784,0.747,0.729,0.643,0.814,0.553,0.655,0.748,0.661,0.683,0.678,0.667,0.709,0.665,0.644,0.634,0.541,0.699,0.682,0.59,0.693,0.727,0.663,0.692,0.718,0.548,0.682,0.686,0.687,0.611,0.731,0.71,0.697,0.685,0.702,0.659,0.624,0.633,0.626,0.702,0.735,0.663,0.659,0.761,0.993,0.673,1.05,0.818,0.877,1.01,1.07,1.04,0.922,1.09,0.937,1.1,0.908,0.902,0.977,0.944,0.973,1.02,0.992,0.964,1.0,1.16,0.98,1.08,1.09,1.05,1.07,0.998,1.02,1.06,1.03,1.0,1.05,1.05,1.05,0.973,1.05,0.996,1.08,1.07,1.06,0.987,1.07,0.938,0.982,1.03,1.09,1.17,1.07,0.947,1.04,0.996,0.831,0.918,0.875,0.897,1.11,1.19,1.13,1.07,1.1,1.22,1.21,1.09,1.17,0.978,1.07,1.09,1.1,1.17,1.18,1.22,1.21,0.899,1.19,1.14,1.09,1.06,1.18,0.998,1.13,0.968,0.88,0.973,0.999,1.1,1.09,1.07,1.11,1.13,1.16,1.08,1.18,1.19,1.16,1.19,1.12,0.98,1.12,1.1,1.25,1.23,1.33,1.28,1.3,1.32,1.23,1.08,1.47,1.32,1.41,1.16,1.14,1.18,1.23,1.12,1.09,1.12,1.13,1.15,1.09,1.1,1.1,1.19,1.21,0.963,1.11,1.15,1.15,1.25,1.13,1.17,1.19,1.25,1.19,1.24,1.18,1.04,1.26,1.18,1.09,1.18,1.15,1.07,1.19,1.17,1.09,1.13,1.25,1.09,1.16,1.29,1.24,1.1,1.07,0.992,1.07,1.09,1.03,1.16,0.813,0.962,0.866,1.07,1.23,1.12,1.13,1.11,1.2,1.06,1.04,1.12,1.26,1.22,1.29,1.23,1.19,1.22,0.896,1.13,1.39,1.4,1.12,1.24,1.18,1.3,0.998,1.03,0.987,1.22,0.841,1.14,1.28,1.33,1.15,1.04,1.08,1.04,1.24,1.17
009_S_0751,929.0,113.0,9.89,0.386,0.353,0.532,0.495,0.554,0.616,0.63,0.672,0.593,0.698,0.639,0.555,0.632,0.462,0.555,0.538,0.495,0.568,0.605,0.588,0.668,0.637,0.681,0.592,0.635,0.64,0.613,0.579,0.637,0.577,0.665,0.656,0.503,0.502,0.638,0.657,0.535,0.529,0.71,0.648,0.78,0.686,0.654,0.725,0.676,0.697,0.582,0.688,0.767,0.701,0.674,0.735,0.538,0.538,0.778,0.644,0.526,0.667,0.635,0.711,0.581,0.599,0.675,0.656,0.6,0.614,0.581,0.53,0.525,0.54,0.645,0.697,0.658,0.645,0.635,0.647,0.673,0.695,0.647,0.653,0.686,0.68,0.577,0.62,0.68,0.644,0.62,0.703,0.594,0.683,0.599,0.698,0.693,0.588,0.635,0.578,0.658,0.643,0.613,0.746,0.673,0.679,0.63,0.588,0.668,0.627,0.67,0.712,0.642,0.65,0.639,0.523,0.622,0.664,0.609,0.667,0.611,0.685,0.59,0.636,0.604,0.575,0.631,0.716,0.635,0.703,0.714,0.668,0.624,0.671,0.674,0.695,0.68,0.63,0.746,0.583,0.695,0.759,0.614,0.592,0.71,0.717,0.658,0.772,0.786,0.786,0.692,0.704,0.676,0.631,0.629,0.702,0.677,0.765,0.777,0.69,0.747,0.704,0.688,0.608,0.815,0.556,0.663,0.747,0.683,0.691,0.665,0.656,0.703,0.669,0.656,0.645,0.576,0.65,0.679,0.591,0.682,0.731,0.653,0.624,0.726,0.584,0.687,0.694,0.682,0.632,0.706,0.696,0.681,0.681,0.678,0.672,0.618,0.632,0.582,0.664,0.734,0.676,0.664,0.765,1.02,0.733,1.05,0.851,0.89,1.02,1.07,1.07,0.949,1.07,0.971,1.07,0.941,0.924,1.01,0.98,0.977,1.01,1.03,0.994,1.07,1.18,1.01,1.12,1.09,1.09,1.08,1.04,1.11,1.1,1.05,1.08,1.06,1.05,1.06,1.02,1.03,1.0,1.04,1.07,1.16,1.04,1.1,0.955,1.01,1.06,1.09,1.14,1.08,0.976,1.07,1.07,0.991,1.03,0.973,0.971,1.14,1.09,1.05,1.02,1.1,1.19,1.19,1.04,1.17,1.0,1.11,1.1,1.16,1.12,1.18,1.22,1.17,0.897,1.13,1.15,1.17,1.11,1.19,1.08,1.13,1.06,1.0,1.06,1.12,1.11,1.11,1.16,1.15,1.19,1.16,1.19,1.17,1.2,1.21,1.11,1.08,1.08,1.16,1.06,1.25,1.17,1.26,1.23,1.17,1.25,1.17,1.12,1.5,1.24,1.43,1.12,1.13,1.12,1.25,1.1,1.1,1.09,1.05,1.1,1.11,1.11,1.12,1.32,1.27,0.982,1.09,1.19,1.17,1.19,1.14,1.15,1.13,1.22,1.1,1.17,1.16,1.04,1.23,1.08,1.03,1.16,1.22,1.18,1.23,1.22,1.25,1.16,1.26,1.2,1.13,1.23,1.23,1.18,1.06,1.23,1.13,1.22,1.21,1.17,0.981,1.08,1.02,1.14,1.19,1.11,1.19,1.21,1.23,1.11,1.12,1.16,1.2,1.18,1.27,1.26,1.21,1.25,1.21,1.16,1.42,1.48,1.11,1.22,1.24,1.39,1.11,1.11,1.22,1.26,1.09,1.19,1.3,1.16,1.17,1.1,1.11,1.08,1.18,1.22
009_S_1354,544.0,478.0,46.5,0.376,0.344,0.533,0.512,0.557,0.635,0.613,0.661,0.589,0.709,0.637,0.575,0.63,0.475,0.553,0.555,0.514,0.6,0.602,0.605,0.682,0.621,0.678,0.599,0.648,0.65,0.612,0.579,0.633,0.572,0.671,0.649,0.525,0.517,0.649,0.682,0.553,0.543,0.704,0.639,0.788,0.683,0.659,0.721,0.691,0.716,0.609,0.694,0.779,0.714,0.692,0.757,0.519,0.528,0.777,0.652,0.55,0.68,0.655,0.709,0.609,0.611,0.678,0.666,0.622,0.62,0.583,0.569,0.536,0.541,0.662,0.689,0.665,0.638,0.639,0.671,0.669,0.686,0.661,0.686,0.687,0.715,0.603,0.612,0.676,0.674,0.63,0.717,0.626,0.692,0.648,0.725,0.683,0.595,0.615,0.595,0.659,0.629,0.605,0.748,0.672,0.664,0.647,0.599,0.679,0.651,0.661,0.708,0.667,0.668,0.66,0.574,0.633,0.668,0.633,0.67,0.625,0.682,0.618,0.669,0.611,0.6,0.607,0.711,0.628,0.691,0.703,0.654,0.577,0.663,0.659,0.7,0.715,0.633,0.748,0.595,0.712,0.769,0.643,0.595,0.728,0.708,0.651,0.767,0.781,0.792,0.693,0.705,0.677,0.668,0.6,0.695,0.678,0.77,0.777,0.699,0.757,0.724,0.698,0.606,0.814,0.543,0.649,0.744,0.691,0.665,0.7,0.673,0.702,0.654,0.625,0.637,0.591,0.679,0.67,0.6,0.689,0.742,0.671,0.691,0.732,0.596,0.684,0.7,0.697,0.641,0.702,0.686,0.69,0.667,0.684,0.686,0.607,0.651,0.576,0.686,0.728,0.672,0.67,0.761,0.982,0.783,1.0,0.889,0.901,0.988,1.04,1.06,0.982,1.09,0.994,1.06,0.965,0.973,1.02,1.0,1.03,1.04,1.04,1.04,1.09,1.13,1.01,1.09,1.05,1.08,1.06,1.02,1.08,1.03,1.02,1.03,1.06,1.0,1.06,1.03,1.03,1.03,1.08,1.06,1.19,1.03,1.09,0.979,1.01,1.05,1.03,1.11,1.05,0.988,1.05,1.06,0.942,0.93,0.97,1.0,1.01,1.01,1.03,1.02,1.1,1.12,1.12,1.05,1.13,1.0,0.938,1.01,1.13,1.11,1.14,1.18,1.13,0.953,1.01,1.11,1.11,1.07,1.12,1.06,1.14,1.04,0.974,0.935,1.0,0.988,0.983,1.17,1.13,1.15,1.12,1.17,1.13,1.18,1.16,1.02,1.09,1.02,0.996,0.961,1.15,1.08,1.13,1.09,1.0,1.14,1.1,1.08,1.3,1.19,1.36,1.09,1.15,1.14,1.26,1.14,1.11,1.12,1.12,1.12,1.16,1.19,1.16,1.24,1.17,0.983,1.08,1.13,1.15,1.13,1.09,1.06,1.06,1.16,1.09,1.15,1.16,1.03,1.19,1.13,1.07,1.12,1.19,1.18,1.26,1.22,1.18,1.13,1.22,1.22,1.09,1.15,1.18,1.16,1.08,1.18,1.12,1.16,1.18,1.18,1.04,1.04,1.01,1.11,1.14,1.1,1.13,1.18,1.18,1.08,1.08,1.06,1.12,1.17,1.24,1.25,1.18,1.21,1.28,1.14,1.29,1.27,1.08,1.09,1.2,1.25,1.11,1.11,1.27,1.13,1.11,1.2,1.28,1.08,1.09,1.06,1.12,1.04,1.05,1.09
009_S_5027,493.0,329.0,32.7,0.383,0.354,0.544,0.512,0.541,0.616,0.623,0.676,0.603,0.684,0.635,0.567,0.638,0.494,0.566,0.562,0.53,0.601,0.625,0.569,0.665,0.62,0.679,0.587,0.641,0.643,0.608,0.573,0.626,0.575,0.663,0.656,0.541,0.528,0.641,0.682,0.58,0.586,0.704,0.644,0.766,0.664,0.642,0.714,0.693,0.699,0.59,0.676,0.771,0.713,0.702,0.76,0.545,0.531,0.788,0.658,0.547,0.681,0.637,0.704,0.607,0.588,0.65,0.665,0.607,0.624,0.576,0.569,0.54,0.54,0.647,0.689,0.661,0.649,0.619,0.66,0.653,0.688,0.651,0.671,0.662,0.683,0.603,0.598,0.663,0.638,0.609,0.688,0.599,0.693,0.625,0.695,0.67,0.595,0.615,0.596,0.675,0.619,0.599,0.737,0.657,0.649,0.627,0.582,0.656,0.617,0.644,0.7,0.629,0.652,0.633,0.563,0.629,0.665,0.65,0.666,0.639,0.696,0.627,0.692,0.615,0.616,0.634,0.706,0.638,0.684,0.704,0.663,0.597,0.674,0.659,0.702,0.704,0.632,0.746,0.595,0.709,0.773,0.628,0.602,0.726,0.711,0.667,0.782,0.784,0.771,0.709,0.696,0.677,0.676,0.619,0.696,0.679,0.757,0.793,0.685,0.764,0.735,0.715,0.589,0.81,0.548,0.652,0.739,0.686,0.682,0.692,0.666,0.69,0.661,0.65,0.647,0.58,0.67,0.672,0.609,0.659,0.707,0.662,0.655,0.702,0.606,0.677,0.693,0.685,0.625,0.691,0.686,0.669,0.681,0.693,0.656,0.6,0.634,0.58,0.648,0.718,0.661,0.664,0.749,1.08,0.776,1.11,0.928,0.974,1.11,1.07,1.17,1.01,1.09,1.05,1.2,0.991,0.985,1.05,1.04,1.03,1.06,1.09,1.04,1.05,1.1,0.998,1.1,1.05,1.05,1.09,1.05,1.05,1.02,1.1,1.05,1.15,1.03,1.08,1.02,1.07,1.08,1.11,1.06,1.12,1.01,1.11,0.994,1.03,1.04,1.02,1.15,1.07,0.989,1.05,1.03,0.863,0.874,0.849,0.936,1.01,1.07,1.03,0.999,1.13,1.16,1.11,1.06,1.15,0.991,0.995,1.08,1.16,1.13,1.13,1.3,1.27,0.917,1.14,1.16,1.15,1.1,1.2,1.05,1.12,1.05,0.921,1.02,1.04,1.11,1.12,1.09,1.11,1.12,1.14,1.13,1.14,1.14,1.17,1.14,1.15,0.982,1.13,1.08,1.37,1.25,1.38,1.36,1.27,1.39,1.36,1.17,1.46,1.25,1.47,1.26,1.19,1.18,1.3,1.16,1.17,1.17,1.18,1.13,1.21,1.24,1.2,1.2,1.22,1.01,1.1,1.18,1.15,1.23,1.19,1.19,1.17,1.33,1.18,1.27,1.19,1.08,1.34,1.24,1.14,1.18,1.19,1.19,1.26,1.22,1.21,1.2,1.28,1.23,1.18,1.26,1.24,1.2,1.12,1.2,1.17,1.18,1.13,1.18,0.947,1.02,0.981,1.11,1.28,1.16,1.19,1.22,1.21,1.12,1.16,1.22,1.28,1.25,1.32,1.28,1.26,1.22,1.22,1.19,1.46,1.55,1.12,1.24,1.25,1.36,1.09,1.07,1.12,1.27,1.02,1.18,1.3,1.24,1.2,1.03,1.1,1.1,1.22,1.22
009_S_5037,701.0,289.0,25.9,0.389,0.366,0.56,0.516,0.548,0.624,0.632,0.671,0.607,0.687,0.636,0.559,0.626,0.467,0.55,0.563,0.522,0.593,0.625,0.616,0.67,0.625,0.68,0.599,0.639,0.64,0.605,0.573,0.625,0.585,0.665,0.668,0.531,0.508,0.643,0.679,0.568,0.579,0.7,0.662,0.777,0.67,0.658,0.716,0.66,0.704,0.605,0.683,0.766,0.695,0.695,0.748,0.567,0.552,0.781,0.66,0.528,0.661,0.635,0.706,0.586,0.601,0.676,0.652,0.607,0.601,0.598,0.548,0.518,0.531,0.633,0.686,0.642,0.633,0.628,0.645,0.642,0.684,0.655,0.675,0.665,0.69,0.59,0.624,0.661,0.653,0.601,0.697,0.594,0.645,0.611,0.69,0.671,0.561,0.624,0.563,0.659,0.644,0.598,0.752,0.673,0.671,0.635,0.574,0.66,0.61,0.649,0.716,0.629,0.646,0.617,0.551,0.623,0.651,0.61,0.648,0.613,0.688,0.644,0.663,0.618,0.579,0.63,0.701,0.626,0.686,0.693,0.641,0.578,0.671,0.648,0.68,0.689,0.64,0.723,0.588,0.682,0.757,0.613,0.612,0.712,0.709,0.634,0.782,0.777,0.78,0.678,0.677,0.66,0.639,0.614,0.675,0.663,0.75,0.777,0.679,0.743,0.715,0.697,0.602,0.804,0.564,0.658,0.746,0.65,0.678,0.659,0.661,0.698,0.639,0.655,0.649,0.574,0.681,0.642,0.58,0.661,0.709,0.628,0.643,0.7,0.57,0.653,0.667,0.647,0.602,0.695,0.664,0.662,0.672,0.69,0.654,0.616,0.624,0.574,0.662,0.72,0.652,0.651,0.752,1.08,0.724,1.06,0.889,0.938,1.1,1.13,1.15,0.988,1.17,1.02,1.15,0.959,0.933,1.02,1.01,1.03,1.07,1.03,1.02,0.946,1.17,1.03,1.09,1.09,1.08,1.12,1.07,1.13,1.11,1.11,1.08,1.12,1.06,1.06,1.03,0.976,1.03,1.13,1.11,1.12,0.995,1.09,0.978,1.03,1.1,1.07,1.17,1.04,0.941,1.03,1.05,0.835,0.873,0.755,0.836,1.12,1.14,1.06,1.04,1.13,1.17,1.21,1.1,1.21,0.948,0.972,1.04,1.15,1.13,1.13,1.24,1.2,0.882,1.07,1.16,1.16,1.09,1.21,1.07,1.14,1.02,0.844,0.928,1.08,1.14,1.07,1.1,1.08,1.16,1.16,1.05,1.13,1.13,1.21,1.11,1.15,1.05,1.22,1.11,1.4,1.28,1.33,1.34,1.32,1.41,1.22,1.17,1.43,1.29,1.4,1.23,1.16,1.19,1.11,1.14,1.1,1.15,1.14,1.15,1.07,1.06,1.11,1.15,1.19,0.991,1.16,1.17,1.16,1.17,1.19,1.23,1.18,1.24,1.13,1.19,1.16,1.02,1.07,1.06,1.09,1.17,1.25,1.15,1.16,1.2,1.06,1.11,1.05,0.938,1.16,1.24,1.2,1.14,1.07,0.984,1.12,1.1,1.13,1.23,0.834,1.02,0.922,1.17,1.21,1.11,1.19,1.25,1.23,1.04,1.14,1.21,1.25,1.18,1.21,1.33,1.26,1.22,0.957,1.14,1.35,1.24,1.02,1.23,1.18,1.29,1.02,0.953,0.974,1.25,0.876,1.08,1.25,1.31,1.17,1.13,1.09,1.1,1.28,1.18
009_S_5224,891.0,276.0,26.6,0.369,0.339,0.527,0.502,0.534,0.597,0.614,0.656,0.579,0.685,0.618,0.547,0.616,0.435,0.533,0.527,0.488,0.566,0.598,0.575,0.649,0.602,0.658,0.569,0.624,0.627,0.589,0.54,0.626,0.555,0.641,0.649,0.484,0.494,0.615,0.66,0.527,0.531,0.691,0.627,0.77,0.656,0.641,0.717,0.671,0.687,0.567,0.676,0.755,0.678,0.667,0.72,0.545,0.528,0.767,0.629,0.516,0.662,0.621,0.684,0.556,0.563,0.645,0.626,0.595,0.595,0.565,0.491,0.503,0.534,0.619,0.684,0.654,0.617,0.593,0.627,0.649,0.671,0.635,0.641,0.666,0.681,0.575,0.607,0.662,0.632,0.61,0.69,0.564,0.641,0.619,0.671,0.655,0.585,0.589,0.584,0.66,0.638,0.59,0.72,0.658,0.649,0.622,0.577,0.643,0.623,0.639,0.707,0.617,0.651,0.608,0.523,0.598,0.62,0.602,0.641,0.582,0.663,0.61,0.642,0.613,0.584,0.612,0.69,0.605,0.657,0.695,0.627,0.549,0.663,0.646,0.671,0.692,0.618,0.731,0.563,0.668,0.749,0.626,0.59,0.7,0.697,0.647,0.739,0.76,0.769,0.67,0.68,0.655,0.642,0.577,0.682,0.646,0.752,0.777,0.675,0.728,0.7,0.676,0.576,0.799,0.534,0.647,0.724,0.672,0.673,0.637,0.651,0.68,0.645,0.634,0.629,0.533,0.672,0.654,0.575,0.645,0.72,0.647,0.655,0.714,0.566,0.67,0.671,0.622,0.589,0.669,0.665,0.652,0.662,0.667,0.648,0.584,0.612,0.581,0.651,0.695,0.652,0.645,0.765,1.07,0.763,1.11,0.898,0.963,1.11,1.11,1.17,1.02,1.2,1.03,1.15,0.987,0.979,1.08,1.06,1.0,1.12,1.13,1.07,0.965,1.06,1.0,1.12,1.09,1.08,1.16,1.08,1.11,1.1,1.14,1.07,1.06,0.996,1.05,1.01,1.06,1.05,1.12,1.11,1.12,1.0,1.13,0.972,1.04,1.16,1.08,1.19,1.06,1.0,1.08,1.06,0.905,0.957,0.807,0.867,1.11,1.07,1.07,1.04,1.19,1.22,1.16,1.08,1.19,1.0,1.03,1.11,1.16,1.19,1.26,1.28,1.27,0.899,1.09,1.14,1.23,1.15,1.2,1.04,1.15,1.02,0.88,0.984,1.01,1.12,1.12,1.1,1.12,1.16,1.22,1.09,1.13,1.08,1.16,1.21,1.13,1.06,1.15,1.11,1.3,1.23,1.21,1.29,1.3,1.33,1.13,1.13,1.5,1.26,1.36,1.24,1.1,1.17,1.27,1.16,1.18,1.13,1.16,1.21,1.19,1.24,1.2,1.09,1.19,0.973,1.06,1.17,1.1,1.2,1.1,1.18,1.23,1.23,1.07,1.13,1.1,1.03,1.22,1.18,1.14,1.13,1.25,1.18,1.12,1.12,1.16,1.18,1.25,1.16,1.13,1.27,1.19,1.19,1.01,1.03,1.07,1.13,0.984,1.17,0.727,0.884,0.863,1.11,1.13,1.03,1.18,1.13,1.19,1.05,1.05,1.09,1.14,1.13,1.25,1.25,1.19,1.26,1.12,1.16,1.37,1.31,0.995,1.14,1.16,1.23,0.953,0.982,1.03,1.09,0.773,1.08,1.17,1.21,1.05,1.08,0.965,1.02,1.16,1.26
009_S_5252,475.0,238.0,27.9,0.387,0.362,0.552,0.531,0.569,0.642,0.633,0.684,0.608,0.716,0.654,0.588,0.644,0.471,0.576,0.58,0.538,0.607,0.616,0.616,0.692,0.647,0.694,0.612,0.644,0.656,0.634,0.601,0.643,0.586,0.667,0.68,0.537,0.564,0.662,0.688,0.566,0.552,0.732,0.674,0.798,0.696,0.667,0.729,0.716,0.717,0.616,0.704,0.784,0.723,0.708,0.775,0.547,0.547,0.795,0.681,0.539,0.682,0.66,0.737,0.641,0.623,0.704,0.678,0.644,0.641,0.6,0.595,0.545,0.557,0.663,0.717,0.678,0.661,0.648,0.698,0.694,0.702,0.667,0.701,0.698,0.715,0.596,0.641,0.715,0.665,0.631,0.732,0.616,0.691,0.646,0.721,0.692,0.604,0.649,0.623,0.683,0.663,0.615,0.771,0.674,0.68,0.647,0.603,0.684,0.651,0.674,0.725,0.659,0.684,0.653,0.575,0.641,0.677,0.66,0.676,0.618,0.704,0.639,0.698,0.627,0.608,0.624,0.716,0.641,0.699,0.712,0.654,0.605,0.698,0.665,0.705,0.714,0.652,0.759,0.615,0.687,0.763,0.63,0.594,0.733,0.731,0.667,0.784,0.794,0.806,0.708,0.717,0.67,0.681,0.646,0.705,0.71,0.781,0.777,0.707,0.775,0.741,0.739,0.617,0.819,0.558,0.666,0.757,0.716,0.687,0.672,0.711,0.72,0.675,0.662,0.661,0.59,0.701,0.673,0.633,0.691,0.736,0.666,0.694,0.739,0.605,0.692,0.707,0.71,0.626,0.737,0.702,0.701,0.695,0.69,0.672,0.632,0.651,0.597,0.666,0.747,0.678,0.663,0.784,1.06,0.702,1.09,0.845,0.912,1.08,1.09,1.12,0.948,1.15,0.954,1.09,0.904,0.937,1.02,1.01,0.999,1.04,1.04,1.05,1.11,1.19,1.04,1.13,1.05,1.07,1.11,1.06,1.15,1.11,1.11,1.1,1.08,1.05,1.08,1.05,1.07,1.09,1.13,1.09,1.1,1.01,1.09,0.989,0.989,1.1,1.03,1.12,1.07,0.953,1.05,1.04,0.943,1.0,0.905,0.901,1.14,1.13,1.06,1.04,1.15,1.21,1.17,1.11,1.18,0.965,1.04,1.02,1.13,1.16,1.14,1.22,1.16,0.867,1.06,1.1,1.1,1.07,1.12,1.04,1.14,1.03,0.989,1.04,1.11,1.08,1.04,1.12,1.11,1.13,1.13,1.18,1.2,1.24,1.22,1.14,1.1,1.05,1.18,1.09,1.35,1.24,1.36,1.29,1.33,1.34,1.27,1.17,1.53,1.28,1.36,1.17,1.21,1.16,1.34,1.15,1.16,1.12,1.22,1.19,1.21,1.21,1.12,1.29,1.18,0.969,1.1,1.17,1.17,1.2,1.13,1.15,1.18,1.13,1.09,1.16,1.24,1.04,1.27,1.18,1.15,1.13,1.25,1.1,1.21,1.17,1.24,1.15,1.26,1.25,1.02,1.2,1.12,1.11,1.04,1.15,1.08,1.13,1.17,1.11,0.852,0.98,0.896,1.1,1.14,1.12,1.13,1.17,1.16,1.04,0.995,1.02,0.988,1.11,1.14,1.18,1.14,1.11,1.13,1.09,1.29,1.22,1.05,0.968,1.11,1.24,1.07,1.04,1.14,1.14,0.958,1.11,1.28,1.18,1.1,1.05,1.16,0.979,0.952,0.998
010_S_0472,1550.0,223.0,20.2,0.389,0.365,0.555,0.538,0.563,0.637,0.629,0.679,0.608,0.704,0.65,0.594,0.643,0.489,0.574,0.597,0.537,0.605,0.631,0.611,0.686,0.646,0.692,0.624,0.652,0.654,0.636,0.603,0.652,0.594,0.683,0.664,0.547,0.518,0.658,0.686,0.553,0.578,0.712,0.675,0.793,0.687,0.668,0.742,0.7,0.713,0.615,0.704,0.775,0.715,0.695,0.746,0.53,0.544,0.782,0.674,0.567,0.675,0.663,0.715,0.606,0.623,0.689,0.688,0.626,0.632,0.59,0.563,0.572,0.55,0.665,0.708,0.676,0.647,0.623,0.676,0.674,0.699,0.656,0.673,0.695,0.705,0.594,0.614,0.688,0.673,0.627,0.722,0.626,0.689,0.654,0.708,0.702,0.611,0.648,0.627,0.673,0.638,0.628,0.742,0.676,0.685,0.657,0.612,0.687,0.652,0.667,0.706,0.656,0.671,0.643,0.586,0.644,0.659,0.64,0.681,0.628,0.699,0.635,0.668,0.617,0.6,0.632,0.721,0.652,0.701,0.71,0.672,0.6,0.676,0.67,0.699,0.679,0.643,0.748,0.63,0.703,0.764,0.634,0.603,0.716,0.724,0.664,0.775,0.777,0.783,0.696,0.69,0.659,0.684,0.643,0.706,0.687,0.765,0.784,0.696,0.749,0.708,0.689,0.619,0.805,0.543,0.649,0.739,0.7,0.692,0.693,0.669,0.707,0.68,0.656,0.653,0.565,0.709,0.695,0.64,0.673,0.736,0.679,0.627,0.736,0.573,0.69,0.707,0.671,0.616,0.686,0.687,0.696,0.686,0.672,0.683,0.637,0.67,0.595,0.662,0.726,0.678,0.681,0.785,1.05,0.726,1.07,0.891,0.904,1.04,1.05,1.06,0.959,1.11,0.973,1.05,0.936,0.946,1.0,0.983,0.967,1.01,0.985,0.973,1.05,1.18,1.04,1.13,1.08,1.09,1.12,1.04,1.11,1.1,1.08,1.11,1.07,1.05,1.06,0.998,1.03,1.04,1.05,1.08,1.12,1.03,1.11,0.936,0.977,1.03,1.12,1.15,1.1,0.977,1.13,1.07,0.965,0.993,0.978,1.01,1.12,1.23,1.09,1.09,1.03,1.21,1.21,1.05,1.16,1.01,1.14,1.14,1.18,1.19,1.28,1.21,1.21,0.887,1.17,1.11,1.15,1.13,1.22,1.07,1.19,1.09,1.05,1.1,1.1,1.11,1.11,1.17,1.16,1.15,1.16,1.23,1.25,1.23,1.22,1.14,1.09,1.02,1.16,1.1,1.24,1.14,1.27,1.21,1.13,1.25,1.06,0.987,1.4,1.24,1.32,1.13,1.1,1.12,1.09,1.06,1.08,1.09,1.08,1.07,1.1,1.08,1.09,1.24,1.17,0.983,1.1,1.15,1.14,1.2,1.08,1.13,1.09,1.29,1.17,1.19,1.13,1.06,1.26,1.12,1.04,1.15,1.16,1.15,1.22,1.22,0.931,1.16,1.22,1.02,1.17,1.28,1.21,1.18,1.08,1.01,1.13,1.22,1.17,1.25,0.948,1.05,0.986,1.1,1.28,1.13,1.12,1.16,1.19,1.09,1.14,1.15,1.21,1.25,1.23,1.23,1.3,1.32,1.01,1.17,1.39,1.45,1.12,1.18,1.2,1.36,1.08,1.07,1.16,1.2,1.05,1.21,1.25,1.18,1.06,1.01,1.07,1.04,1.17,1.17
011_S_0003,742.0,240.0,22.8,0.412,0.381,0.576,0.547,0.587,0.651,0.641,0.693,0.616,0.689,0.659,0.583,0.658,0.527,0.595,0.602,0.558,0.636,0.635,0.639,0.685,0.626,0.686,0.592,0.657,0.649,0.628,0.613,0.633,0.616,0.679,0.697,0.546,0.53,0.67,0.698,0.573,0.587,0.736,0.669,0.76,0.677,0.665,0.732,0.71,0.727,0.617,0.706,0.759,0.715,0.687,0.744,0.522,0.535,0.789,0.642,0.551,0.699,0.661,0.713,0.623,0.62,0.691,0.672,0.646,0.633,0.6,0.587,0.551,0.571,0.668,0.707,0.683,0.657,0.632,0.66,0.68,0.697,0.669,0.659,0.704,0.705,0.58,0.62,0.678,0.655,0.646,0.725,0.604,0.697,0.649,0.707,0.701,0.603,0.635,0.601,0.663,0.606,0.591,0.753,0.662,0.665,0.647,0.598,0.691,0.647,0.657,0.696,0.648,0.657,0.645,0.563,0.636,0.667,0.642,0.681,0.653,0.697,0.62,0.675,0.624,0.591,0.616,0.704,0.608,0.69,0.699,0.661,0.595,0.678,0.64,0.696,0.703,0.629,0.729,0.586,0.683,0.763,0.626,0.596,0.728,0.714,0.663,0.751,0.773,0.779,0.694,0.709,0.669,0.684,0.63,0.696,0.681,0.775,0.77,0.701,0.745,0.697,0.691,0.622,0.801,0.538,0.638,0.709,0.698,0.687,0.702,0.679,0.707,0.648,0.645,0.637,0.57,0.684,0.682,0.607,0.693,0.739,0.654,0.651,0.725,0.594,0.669,0.695,0.689,0.638,0.694,0.681,0.686,0.669,0.666,0.667,0.622,0.638,0.581,0.607,0.705,0.65,0.637,0.753,0.982,0.677,1.04,0.822,0.824,0.945,1.03,1.1,0.943,1.19,0.98,1.12,0.93,0.965,1.06,1.03,1.04,1.11,1.09,1.07,0.981,1.07,0.994,1.14,1.08,1.08,1.16,1.06,1.11,0.961,0.897,0.964,1.03,1.05,1.12,1.06,1.09,1.09,1.14,1.1,1.2,1.02,1.19,0.993,1.01,1.13,1.12,1.23,1.09,0.98,1.13,1.08,0.777,0.825,0.82,0.867,0.967,1.04,1.09,1.04,1.13,1.29,1.24,1.15,1.23,0.996,0.965,1.12,1.21,1.2,1.23,1.23,1.21,0.877,1.06,1.19,1.13,1.12,1.19,1.08,1.18,1.06,0.979,0.998,0.991,1.06,1.11,1.25,1.27,1.27,1.31,1.18,1.22,1.25,1.33,0.993,1.11,0.934,1.11,1.04,1.36,1.12,1.38,1.24,1.16,1.33,1.27,1.2,1.62,1.3,1.5,1.22,1.25,1.23,1.38,1.17,1.17,1.22,1.27,1.27,1.29,1.29,1.27,1.15,1.14,0.962,1.13,1.26,1.22,1.28,1.15,1.09,1.15,1.24,1.16,1.2,1.26,1.09,1.34,1.24,1.14,1.24,1.3,1.29,1.27,1.26,1.26,1.21,1.36,1.36,1.16,1.31,1.3,1.22,1.06,1.19,1.18,1.27,1.21,1.24,0.86,0.877,0.737,1.05,1.18,1.17,1.23,1.3,1.28,1.12,1.11,1.08,1.22,1.25,1.34,1.34,1.31,1.33,1.3,1.25,1.48,1.5,1.11,1.18,1.26,1.33,1.09,1.08,1.2,1.19,0.904,1.27,1.35,1.04,1.12,0.967,1.02,1.08,1.16,1.14
011_S_0005,547.0,337.0,33.4,0.381,0.353,0.552,0.535,0.565,0.632,0.618,0.672,0.597,0.714,0.647,0.575,0.642,0.474,0.561,0.565,0.512,0.589,0.608,0.604,0.692,0.633,0.682,0.605,0.639,0.652,0.623,0.581,0.632,0.583,0.676,0.671,0.527,0.515,0.66,0.687,0.563,0.56,0.714,0.652,0.795,0.674,0.661,0.72,0.687,0.725,0.602,0.693,0.77,0.714,0.668,0.736,0.521,0.538,0.769,0.653,0.547,0.683,0.676,0.705,0.614,0.609,0.672,0.641,0.632,0.618,0.581,0.542,0.532,0.539,0.664,0.704,0.675,0.638,0.644,0.657,0.678,0.697,0.651,0.655,0.677,0.7,0.572,0.611,0.691,0.647,0.619,0.712,0.612,0.682,0.658,0.691,0.691,0.613,0.618,0.608,0.679,0.621,0.617,0.765,0.672,0.674,0.653,0.615,0.702,0.665,0.664,0.704,0.659,0.676,0.653,0.567,0.634,0.671,0.632,0.672,0.628,0.702,0.64,0.682,0.632,0.569,0.603,0.711,0.617,0.689,0.71,0.662,0.598,0.658,0.659,0.699,0.718,0.639,0.74,0.611,0.708,0.766,0.631,0.607,0.743,0.719,0.678,0.787,0.795,0.782,0.684,0.703,0.666,0.647,0.623,0.698,0.693,0.77,0.779,0.7,0.742,0.693,0.684,0.615,0.79,0.536,0.643,0.741,0.697,0.707,0.694,0.656,0.694,0.663,0.65,0.648,0.574,0.696,0.686,0.599,0.671,0.724,0.676,0.673,0.722,0.597,0.671,0.708,0.687,0.63,0.69,0.693,0.686,0.686,0.674,0.664,0.616,0.646,0.603,0.663,0.738,0.659,0.681,0.76,0.943,0.691,0.998,0.832,0.886,0.998,1.02,1.05,0.932,1.06,0.959,1.04,0.918,0.906,1.02,0.976,0.973,1.01,0.989,0.98,1.05,1.15,1.02,1.07,1.07,1.03,1.11,1.04,1.03,1.03,1.04,1.06,1.04,1.07,1.06,0.986,1.01,1.0,1.08,1.08,1.11,1.0,1.11,0.923,0.968,1.03,1.11,1.19,1.12,0.962,1.07,1.08,0.947,0.965,0.866,0.989,1.1,1.18,1.1,1.09,1.06,1.22,1.15,1.09,1.21,0.995,1.11,1.17,1.15,1.15,1.23,1.18,1.14,0.896,1.18,1.15,1.14,1.12,1.22,1.06,1.13,1.03,1.0,1.05,1.09,1.12,1.13,1.15,1.15,1.15,1.19,1.24,1.25,1.23,1.28,1.14,1.07,0.982,1.15,1.08,1.16,1.13,1.21,1.16,1.14,1.25,1.12,1.07,1.44,1.27,1.35,1.05,1.12,1.17,1.16,1.15,1.08,1.14,1.08,1.01,1.04,1.08,1.06,1.19,1.17,0.953,1.06,1.12,1.12,1.22,1.07,1.12,1.1,1.22,1.14,1.2,1.13,1.05,1.13,1.08,1.11,1.14,1.21,1.16,1.22,1.2,1.06,1.12,1.21,1.09,1.17,1.27,1.25,1.14,1.1,1.11,1.17,1.22,1.17,1.14,0.933,1.01,0.987,1.04,1.22,1.1,1.17,1.2,1.2,1.1,1.12,1.14,1.25,1.24,1.35,1.31,1.25,1.31,1.05,1.18,1.38,1.42,1.11,1.18,1.24,1.34,1.09,1.08,1.14,1.24,1.04,1.17,1.3,1.15,1.13,1.05,1.06,1.06,1.12,1.13
011_S_0008,1700.0,440.0,37.5,0.387,0.356,0.55,0.535,0.568,0.645,0.634,0.678,0.603,0.724,0.656,0.599,0.641,0.474,0.563,0.57,0.532,0.596,0.643,0.615,0.679,0.635,0.692,0.624,0.651,0.649,0.61,0.599,0.65,0.583,0.679,0.675,0.555,0.531,0.66,0.68,0.564,0.585,0.728,0.667,0.8,0.688,0.674,0.728,0.696,0.719,0.608,0.703,0.77,0.714,0.685,0.742,0.538,0.543,0.785,0.667,0.551,0.692,0.639,0.715,0.611,0.62,0.69,0.676,0.631,0.627,0.583,0.571,0.535,0.537,0.66,0.71,0.679,0.65,0.648,0.667,0.686,0.701,0.67,0.674,0.698,0.721,0.609,0.613,0.703,0.664,0.634,0.72,0.616,0.69,0.639,0.705,0.692,0.629,0.624,0.615,0.69,0.643,0.617,0.753,0.67,0.674,0.651,0.603,0.701,0.661,0.662,0.712,0.668,0.719,0.657,0.587,0.661,0.65,0.631,0.667,0.662,0.697,0.649,0.651,0.636,0.596,0.633,0.701,0.641,0.699,0.725,0.628,0.595,0.682,0.659,0.713,0.729,0.643,0.736,0.625,0.703,0.783,0.641,0.608,0.72,0.717,0.681,0.787,0.796,0.779,0.691,0.706,0.677,0.664,0.617,0.705,0.691,0.766,0.797,0.702,0.744,0.706,0.699,0.626,0.806,0.533,0.642,0.75,0.689,0.671,0.7,0.651,0.714,0.677,0.646,0.64,0.596,0.672,0.686,0.604,0.688,0.732,0.668,0.694,0.737,0.621,0.685,0.701,0.681,0.641,0.71,0.688,0.698,0.697,0.697,0.679,0.635,0.643,0.628,0.658,0.737,0.662,0.696,0.768,0.977,0.712,0.995,0.84,0.875,0.993,1.09,1.08,0.955,1.06,0.964,1.04,0.937,0.95,0.981,0.967,0.971,0.96,0.972,0.964,1.03,1.16,1.02,1.1,1.07,1.04,1.06,1.03,1.08,1.07,1.07,1.07,1.07,1.01,1.03,0.997,0.96,0.999,1.05,1.03,1.05,1.02,1.09,0.933,0.979,1.01,1.08,1.17,1.08,0.992,1.12,1.11,0.976,1.01,0.94,0.97,1.08,1.13,1.05,1.01,1.08,1.24,1.23,1.09,1.16,0.993,1.12,1.12,1.1,1.19,1.3,1.18,1.19,0.917,1.18,1.15,1.19,1.13,1.26,1.06,1.21,1.07,1.06,1.09,1.11,1.13,1.15,1.24,1.21,1.19,1.18,1.22,1.26,1.25,1.23,1.11,1.11,1.05,1.14,1.09,1.27,1.18,1.22,1.16,1.16,1.16,1.12,1.1,1.39,1.22,1.3,1.14,1.11,1.03,1.08,1.03,1.03,1.01,1.06,1.04,1.02,1.03,1.05,1.22,1.19,0.977,1.08,1.09,1.12,1.1,1.1,1.13,1.12,1.22,1.06,1.1,1.12,1.02,1.15,1.07,1.03,1.12,1.13,1.1,1.2,1.16,1.11,1.12,1.15,1.08,1.12,1.24,1.24,1.13,1.1,1.2,1.12,1.14,1.14,1.2,0.88,0.997,0.891,1.08,1.19,1.06,1.14,1.16,1.24,1.08,1.13,1.13,1.18,1.14,1.23,1.17,1.29,1.31,1.22,1.19,1.37,1.46,1.15,1.17,1.24,1.38,1.07,1.11,1.21,1.23,1.03,1.19,1.23,1.11,1.07,1.06,1.08,1.09,1.19,1.21
011_S_0010,357.0,330.0,31.3,0.395,0.364,0.555,0.539,0.573,0.643,0.632,0.682,0.609,0.721,0.65,0.584,0.653,0.503,0.59,0.585,0.556,0.632,0.648,0.608,0.692,0.646,0.695,0.625,0.657,0.657,0.621,0.609,0.639,0.598,0.675,0.672,0.55,0.53,0.668,0.677,0.584,0.593,0.733,0.671,0.802,0.684,0.667,0.735,0.704,0.726,0.622,0.702,0.774,0.715,0.677,0.745,0.532,0.541,0.776,0.656,0.563,0.709,0.701,0.729,0.629,0.623,0.695,0.687,0.639,0.632,0.589,0.583,0.567,0.562,0.662,0.696,0.672,0.65,0.649,0.678,0.67,0.712,0.669,0.666,0.688,0.715,0.59,0.629,0.689,0.656,0.63,0.72,0.627,0.698,0.648,0.708,0.704,0.624,0.627,0.613,0.674,0.635,0.631,0.767,0.671,0.678,0.647,0.603,0.68,0.652,0.656,0.706,0.639,0.677,0.641,0.58,0.647,0.663,0.659,0.679,0.638,0.71,0.635,0.701,0.632,0.617,0.62,0.707,0.637,0.688,0.704,0.657,0.586,0.651,0.65,0.693,0.712,0.637,0.753,0.638,0.675,0.773,0.647,0.627,0.718,0.724,0.707,0.788,0.776,0.787,0.694,0.709,0.708,0.681,0.639,0.701,0.679,0.775,0.785,0.697,0.747,0.7,0.698,0.61,0.784,0.54,0.642,0.743,0.653,0.695,0.704,0.661,0.706,0.657,0.632,0.647,0.569,0.679,0.7,0.597,0.691,0.728,0.685,0.717,0.728,0.618,0.67,0.693,0.67,0.622,0.709,0.689,0.695,0.675,0.662,0.656,0.62,0.663,0.585,0.649,0.714,0.643,0.659,0.778,1.01,0.702,1.05,0.839,0.894,1.04,1.11,1.14,0.949,1.12,0.975,1.1,0.923,0.898,0.998,0.981,0.975,1.02,0.998,0.991,1.02,1.17,1.02,1.1,1.09,1.07,1.11,1.04,1.1,1.05,1.11,1.12,1.1,1.03,1.06,1.03,1.03,1.02,1.09,1.08,1.09,1.01,1.08,0.963,0.974,1.05,1.07,1.17,1.09,0.978,1.1,1.03,0.942,1.03,0.884,0.941,1.15,1.1,1.11,1.1,1.12,1.21,1.22,1.08,1.19,0.982,1.13,1.09,1.14,1.15,1.18,1.23,1.14,0.886,1.09,1.09,1.06,1.02,1.06,1.03,1.1,1.03,1.02,1.08,1.08,1.11,1.1,1.14,1.13,1.1,1.19,1.16,1.16,1.18,1.18,1.13,1.14,1.02,1.14,1.08,1.4,1.28,1.26,1.26,1.33,1.31,1.33,1.14,1.51,1.28,1.49,1.21,1.16,1.1,1.25,1.13,1.12,1.11,1.13,1.07,1.13,1.17,1.15,1.18,1.16,0.96,1.07,1.12,1.14,1.23,1.16,1.19,1.23,1.11,1.0,1.18,1.13,1.08,1.1,1.09,1.09,1.18,1.19,1.09,1.17,1.16,1.2,1.18,1.11,1.2,1.1,1.26,1.18,1.12,1.08,1.18,1.08,1.15,1.09,1.16,0.907,1.07,0.909,1.1,1.1,1.09,1.18,1.23,1.19,1.08,1.06,1.14,1.06,1.13,1.2,1.21,1.21,1.22,1.26,1.14,1.42,1.09,1.02,1.07,1.11,1.08,1.04,1.05,1.15,1.17,1.02,1.15,1.29,1.12,1.13,1.06,1.07,1.06,1.16,1.16
011_S_0016,551.0,171.0,15.9,0.393,0.368,0.564,0.54,0.585,0.643,0.642,0.686,0.615,0.725,0.659,0.594,0.637,0.489,0.563,0.553,0.541,0.594,0.628,0.614,0.692,0.644,0.692,0.622,0.652,0.665,0.634,0.595,0.644,0.599,0.693,0.687,0.55,0.531,0.652,0.657,0.57,0.569,0.726,0.667,0.803,0.691,0.673,0.73,0.694,0.72,0.617,0.714,0.781,0.706,0.693,0.747,0.546,0.552,0.791,0.658,0.561,0.689,0.691,0.714,0.603,0.62,0.696,0.683,0.631,0.622,0.6,0.541,0.53,0.555,0.658,0.708,0.673,0.642,0.654,0.647,0.679,0.693,0.66,0.666,0.68,0.698,0.595,0.613,0.686,0.67,0.649,0.71,0.6,0.651,0.629,0.689,0.668,0.604,0.634,0.611,0.688,0.643,0.619,0.758,0.671,0.667,0.664,0.615,0.696,0.668,0.666,0.715,0.661,0.686,0.653,0.584,0.644,0.695,0.612,0.663,0.633,0.68,0.639,0.632,0.619,0.592,0.635,0.718,0.642,0.695,0.713,0.67,0.596,0.684,0.661,0.724,0.712,0.652,0.748,0.618,0.687,0.774,0.633,0.594,0.74,0.722,0.62,0.818,0.781,0.78,0.688,0.689,0.655,0.65,0.639,0.706,0.706,0.76,0.785,0.688,0.753,0.706,0.692,0.619,0.814,0.539,0.638,0.743,0.661,0.684,0.697,0.707,0.696,0.665,0.649,0.644,0.602,0.685,0.686,0.588,0.673,0.737,0.654,0.647,0.729,0.597,0.653,0.718,0.644,0.62,0.687,0.684,0.677,0.685,0.675,0.665,0.633,0.657,0.62,0.661,0.72,0.66,0.668,0.768,0.982,0.735,0.974,0.89,0.936,1.03,1.07,1.1,0.976,1.05,0.97,1.06,0.97,0.976,1.03,1.0,0.996,1.01,1.02,0.991,1.1,1.21,1.05,1.13,1.15,1.09,1.1,1.07,1.13,1.11,1.11,1.05,1.04,1.02,1.08,1.02,1.01,1.05,1.1,1.14,1.09,1.05,1.15,0.999,1.01,1.07,1.15,1.2,1.14,0.99,1.07,1.13,1.03,1.06,0.966,0.942,1.19,1.21,1.11,1.05,1.13,1.22,1.22,1.12,1.17,1.01,1.17,1.15,1.21,1.23,1.22,1.18,1.18,0.954,1.2,1.23,1.19,1.14,1.19,1.1,1.19,1.07,1.08,1.15,1.15,1.18,1.19,1.23,1.22,1.18,1.19,1.17,1.26,1.29,1.29,1.17,1.13,1.08,1.19,1.12,1.21,1.2,1.15,1.18,1.26,1.24,1.06,1.05,1.33,1.2,1.27,1.22,1.14,1.17,1.19,1.18,1.08,1.1,1.07,1.13,1.1,1.11,1.09,1.26,1.31,0.999,1.13,1.18,1.19,1.21,1.2,1.25,1.11,1.13,1.14,1.16,1.15,1.03,1.16,1.12,1.15,1.21,1.23,1.13,1.24,1.2,1.05,1.15,1.18,1.12,1.19,1.31,1.29,1.2,1.09,1.08,1.24,1.21,1.22,1.29,0.98,1.14,1.0,1.15,1.26,1.15,1.18,1.3,1.32,1.11,1.22,1.27,1.31,1.25,1.39,1.37,1.32,1.32,1.2,1.23,1.27,1.33,1.15,1.3,1.29,1.35,1.12,1.1,1.26,1.41,1.09,1.25,1.4,1.3,1.07,1.02,1.14,1.02,1.23,1.19
011_S_0023,1650.0,181.0,16.7,0.405,0.371,0.559,0.536,0.568,0.652,0.638,0.687,0.612,0.727,0.664,0.595,0.639,0.505,0.601,0.597,0.545,0.611,0.636,0.607,0.676,0.651,0.701,0.625,0.659,0.666,0.62,0.612,0.648,0.604,0.696,0.675,0.563,0.576,0.676,0.699,0.598,0.59,0.734,0.666,0.803,0.689,0.677,0.721,0.699,0.707,0.621,0.705,0.78,0.712,0.676,0.738,0.536,0.558,0.779,0.657,0.558,0.689,0.676,0.73,0.621,0.61,0.689,0.673,0.641,0.631,0.59,0.551,0.548,0.546,0.67,0.711,0.678,0.651,0.655,0.659,0.688,0.702,0.671,0.656,0.677,0.7,0.59,0.615,0.697,0.649,0.665,0.717,0.603,0.688,0.644,0.7,0.694,0.607,0.637,0.624,0.683,0.648,0.631,0.753,0.677,0.674,0.659,0.621,0.7,0.67,0.668,0.708,0.666,0.684,0.661,0.586,0.639,0.675,0.618,0.672,0.621,0.7,0.626,0.66,0.629,0.585,0.612,0.714,0.649,0.702,0.716,0.659,0.618,0.668,0.661,0.722,0.722,0.638,0.764,0.613,0.704,0.775,0.623,0.621,0.731,0.717,0.646,0.78,0.79,0.79,0.691,0.699,0.66,0.646,0.642,0.701,0.693,0.771,0.788,0.704,0.744,0.695,0.688,0.611,0.792,0.547,0.638,0.754,0.683,0.693,0.703,0.688,0.704,0.671,0.645,0.646,0.606,0.685,0.689,0.609,0.678,0.738,0.659,0.64,0.745,0.61,0.67,0.704,0.651,0.643,0.688,0.695,0.673,0.699,0.678,0.677,0.633,0.687,0.613,0.673,0.709,0.671,0.683,0.765,0.945,0.718,0.98,0.859,0.898,0.997,1.01,1.03,0.936,1.08,0.943,1.04,0.954,0.925,1.01,1.0,0.939,1.01,0.973,0.936,1.06,1.16,1.03,1.07,1.08,1.04,1.07,1.03,1.03,1.0,1.03,1.02,1.04,1.03,1.05,1.02,1.01,0.98,1.05,1.07,1.07,1.0,1.09,0.905,0.979,1.02,1.13,1.21,1.14,0.998,1.02,1.09,0.991,1.01,0.931,0.946,1.13,1.11,1.09,1.07,1.17,1.25,1.17,1.12,1.2,1.02,1.11,1.11,1.21,1.2,1.24,1.17,1.16,0.937,1.17,1.21,1.18,1.1,1.19,1.09,1.19,1.07,1.03,1.09,1.11,1.13,1.12,1.22,1.25,1.17,1.23,1.11,1.22,1.24,1.25,1.12,1.09,1.01,1.11,1.06,1.2,1.13,1.16,1.16,1.11,1.17,1.02,1.02,1.31,1.18,1.27,1.09,1.08,1.11,1.11,1.05,0.998,1.06,1.04,1.06,1.02,1.01,1.06,1.25,1.24,0.988,1.12,1.14,1.13,1.19,1.06,1.1,1.06,1.18,1.05,1.12,1.13,1.02,1.15,1.01,1.05,1.18,1.21,1.09,1.19,1.21,1.1,1.12,1.22,1.15,1.19,1.26,1.3,1.17,1.1,1.2,1.18,1.16,1.19,1.24,0.932,1.08,1.01,1.08,1.17,1.11,1.15,1.23,1.26,1.11,1.15,1.16,1.2,1.21,1.32,1.27,1.23,1.35,1.2,1.22,1.31,1.39,1.14,1.2,1.28,1.31,1.13,1.11,1.26,1.28,1.04,1.22,1.31,1.12,1.05,1.01,1.13,1.06,1.13,1.15
011_S_4845,652.0,391.0,38.2,0.393,0.377,0.551,0.53,0.556,0.631,0.63,0.682,0.615,0.705,0.653,0.571,0.644,0.485,0.557,0.58,0.522,0.587,0.617,0.626,0.668,0.627,0.687,0.605,0.641,0.64,0.615,0.578,0.629,0.58,0.66,0.653,0.527,0.493,0.648,0.691,0.556,0.564,0.722,0.665,0.784,0.682,0.655,0.735,0.681,0.704,0.603,0.683,0.769,0.701,0.678,0.731,0.549,0.541,0.775,0.65,0.523,0.673,0.67,0.716,0.581,0.612,0.655,0.675,0.63,0.615,0.578,0.539,0.539,0.54,0.656,0.689,0.666,0.642,0.627,0.647,0.649,0.684,0.66,0.652,0.68,0.684,0.567,0.614,0.666,0.65,0.594,0.699,0.578,0.666,0.625,0.692,0.667,0.601,0.591,0.571,0.667,0.619,0.588,0.754,0.645,0.648,0.621,0.566,0.677,0.62,0.631,0.708,0.621,0.654,0.626,0.532,0.629,0.66,0.624,0.679,0.604,0.685,0.62,0.647,0.618,0.587,0.624,0.696,0.609,0.69,0.686,0.648,0.574,0.665,0.636,0.67,0.701,0.635,0.728,0.575,0.686,0.759,0.607,0.602,0.711,0.707,0.649,0.758,0.781,0.775,0.672,0.692,0.667,0.628,0.619,0.687,0.675,0.765,0.787,0.674,0.75,0.696,0.687,0.584,0.796,0.543,0.643,0.736,0.655,0.691,0.664,0.662,0.7,0.646,0.643,0.627,0.526,0.683,0.684,0.596,0.648,0.72,0.638,0.591,0.699,0.559,0.671,0.663,0.649,0.606,0.679,0.671,0.662,0.664,0.662,0.65,0.594,0.595,0.581,0.631,0.726,0.643,0.632,0.76,1.01,0.696,1.11,0.862,0.942,1.11,1.1,1.17,0.979,1.19,0.996,1.17,0.947,0.901,1.06,1.01,1.01,1.08,1.05,1.03,1.04,1.16,1.0,1.16,1.06,1.09,1.15,1.08,1.12,1.05,1.1,0.969,1.01,0.996,1.06,1.07,1.11,1.07,1.14,1.08,1.17,1.02,1.14,0.948,1.02,1.12,1.01,1.02,1.05,0.966,1.06,1.02,0.909,0.941,0.865,0.835,1.05,0.948,1.01,1.05,1.13,1.03,1.09,0.998,1.18,0.952,0.903,0.971,1.08,1.08,1.07,1.2,1.17,0.844,0.993,0.973,1.13,1.05,1.14,1.06,1.08,1.03,0.958,0.93,1.05,1.01,1.02,1.08,0.963,1.14,1.18,1.12,1.15,1.17,1.18,1.14,1.15,1.03,1.09,1.05,1.45,1.19,1.38,1.35,1.33,1.43,1.23,1.27,1.79,1.38,1.5,1.23,1.21,1.19,1.32,1.16,1.19,1.19,1.19,1.25,1.14,1.29,1.16,1.24,1.23,0.932,1.08,1.19,1.16,1.22,1.14,1.13,1.14,1.17,1.03,1.11,1.15,1.04,1.18,1.15,1.1,1.12,1.19,1.25,1.29,1.21,1.27,1.14,1.19,1.35,1.02,1.05,0.947,1.13,1.01,1.1,1.12,1.14,1.15,1.12,0.912,0.956,0.899,1.14,0.979,1.05,1.1,1.11,0.992,1.01,0.967,0.917,0.911,0.973,0.967,1.11,1.15,1.03,1.12,0.925,1.34,1.23,0.99,0.956,0.939,1.17,1.04,1.02,1.0,1.11,0.849,0.974,1.18,1.13,1.1,1.08,1.05,1.03,1.07,1.11
011_S_4906,761.0,417.0,37.4,0.382,0.355,0.546,0.52,0.552,0.621,0.633,0.673,0.602,0.69,0.646,0.569,0.633,0.467,0.567,0.553,0.522,0.579,0.614,0.605,0.692,0.622,0.685,0.611,0.659,0.654,0.611,0.589,0.628,0.578,0.646,0.671,0.542,0.52,0.647,0.674,0.553,0.559,0.716,0.658,0.778,0.678,0.66,0.723,0.672,0.698,0.601,0.693,0.769,0.699,0.68,0.731,0.539,0.536,0.77,0.665,0.546,0.674,0.629,0.7,0.59,0.603,0.69,0.667,0.621,0.617,0.576,0.559,0.526,0.531,0.656,0.683,0.659,0.643,0.625,0.652,0.661,0.681,0.646,0.651,0.662,0.691,0.596,0.625,0.697,0.635,0.621,0.707,0.6,0.669,0.629,0.707,0.686,0.596,0.63,0.58,0.656,0.623,0.597,0.738,0.668,0.656,0.638,0.581,0.649,0.628,0.643,0.697,0.642,0.649,0.628,0.555,0.627,0.662,0.632,0.656,0.591,0.687,0.621,0.632,0.599,0.588,0.632,0.704,0.621,0.688,0.696,0.663,0.596,0.645,0.64,0.694,0.694,0.636,0.753,0.603,0.695,0.745,0.61,0.587,0.708,0.717,0.675,0.767,0.786,0.766,0.676,0.68,0.659,0.64,0.634,0.693,0.674,0.763,0.77,0.69,0.728,0.7,0.676,0.59,0.786,0.538,0.642,0.73,0.676,0.672,0.693,0.677,0.716,0.668,0.645,0.646,0.561,0.686,0.674,0.61,0.662,0.718,0.677,0.661,0.715,0.572,0.66,0.671,0.666,0.623,0.687,0.679,0.673,0.664,0.67,0.663,0.595,0.633,0.582,0.645,0.713,0.648,0.663,0.75,1.01,0.681,1.05,0.825,0.903,1.02,1.1,1.13,0.941,1.1,0.985,1.11,0.928,0.865,0.992,0.939,0.915,0.994,1.02,0.946,1.05,1.13,1.01,1.1,1.05,1.07,1.1,1.0,1.09,1.09,1.1,1.03,0.988,1.03,1.05,1.02,1.02,1.03,1.04,1.12,1.11,0.986,1.09,0.911,0.978,1.02,1.05,1.12,1.07,0.959,1.07,1.05,0.864,0.957,0.901,0.855,1.16,1.05,1.04,1.03,1.06,1.17,1.16,1.09,1.12,0.958,1.06,1.06,1.11,1.15,1.14,1.23,1.17,0.833,1.07,1.09,1.13,1.07,1.15,1.07,1.13,1.02,0.931,1.01,1.0,1.02,1.04,1.11,1.15,1.15,1.14,1.16,1.16,1.21,1.18,1.17,1.1,0.986,1.05,1.05,1.32,1.18,1.28,1.29,1.23,1.3,1.11,1.12,1.5,1.28,1.4,1.18,1.14,1.12,1.26,1.05,1.08,1.08,1.13,1.1,1.04,1.16,1.1,1.28,1.17,0.964,1.1,1.2,1.14,1.2,1.09,1.04,1.19,1.18,1.11,1.16,1.17,1.04,1.22,1.13,1.05,1.15,1.19,1.17,1.23,1.17,1.13,1.13,1.19,1.18,1.12,1.19,1.2,1.14,1.05,1.06,1.13,1.19,1.16,1.19,0.844,0.924,0.879,1.06,1.09,1.03,1.12,1.14,1.14,1.04,0.976,1.02,1.05,1.09,1.24,1.18,1.2,1.17,1.1,1.16,1.33,1.22,0.958,1.01,1.18,1.26,1.04,1.02,1.11,1.1,0.851,1.21,1.24,1.09,1.07,1.02,1.06,1.05,1.02,1.07
011_S_4949,506.0,383.0,36.0,0.379,0.345,0.53,0.487,0.543,0.617,0.621,0.665,0.587,0.701,0.63,0.535,0.629,0.453,0.562,0.529,0.483,0.551,0.598,0.568,0.68,0.631,0.681,0.6,0.65,0.632,0.621,0.549,0.633,0.569,0.661,0.651,0.502,0.483,0.635,0.649,0.525,0.505,0.702,0.65,0.796,0.677,0.656,0.718,0.691,0.697,0.589,0.7,0.769,0.712,0.702,0.754,0.55,0.542,0.786,0.647,0.53,0.673,0.679,0.711,0.555,0.613,0.666,0.674,0.624,0.607,0.574,0.502,0.478,0.539,0.65,0.691,0.659,0.636,0.62,0.648,0.674,0.69,0.657,0.673,0.683,0.692,0.598,0.621,0.687,0.646,0.604,0.716,0.579,0.678,0.608,0.695,0.676,0.592,0.632,0.564,0.682,0.641,0.591,0.756,0.657,0.662,0.623,0.563,0.667,0.622,0.636,0.695,0.635,0.683,0.624,0.491,0.609,0.679,0.616,0.654,0.6,0.694,0.61,0.623,0.575,0.569,0.591,0.696,0.64,0.696,0.703,0.645,0.596,0.663,0.638,0.684,0.699,0.616,0.749,0.573,0.71,0.76,0.595,0.56,0.724,0.72,0.659,0.776,0.8,0.787,0.699,0.698,0.657,0.657,0.64,0.707,0.693,0.772,0.777,0.7,0.745,0.728,0.709,0.619,0.819,0.552,0.639,0.739,0.692,0.692,0.684,0.674,0.707,0.668,0.637,0.624,0.494,0.685,0.694,0.606,0.683,0.736,0.662,0.67,0.708,0.585,0.686,0.695,0.642,0.628,0.697,0.692,0.677,0.693,0.713,0.677,0.633,0.645,0.62,0.645,0.732,0.665,0.668,0.768,0.988,0.696,1.07,0.853,0.922,1.05,1.07,1.12,0.939,1.15,1.01,1.12,0.98,0.954,1.04,1.01,1.06,1.08,1.04,1.02,0.964,1.2,1.02,1.14,1.09,1.07,1.14,1.08,1.0,1.0,1.08,1.08,1.06,1.06,1.08,1.06,1.07,1.04,1.13,1.13,1.14,1.06,1.1,0.978,1.01,1.09,1.12,1.19,1.1,0.984,1.07,1.08,0.87,0.962,0.787,0.77,1.09,1.08,1.05,1.01,1.05,1.16,1.2,1.11,1.18,0.99,1.06,1.1,1.18,1.18,1.26,1.22,1.21,0.901,1.12,1.08,1.13,1.08,1.19,1.07,1.22,1.04,0.986,1.05,1.07,1.12,1.19,1.17,1.04,1.14,1.19,1.01,1.18,1.19,1.22,1.21,1.05,0.893,1.19,1.1,1.19,1.27,1.2,1.3,1.28,1.28,1.09,0.987,1.58,1.3,1.45,1.19,1.3,1.25,1.27,1.19,1.14,1.23,1.2,1.2,1.2,1.19,1.12,1.24,1.26,0.962,1.17,1.22,1.22,1.3,1.06,1.19,1.23,1.12,1.24,1.22,1.34,1.07,1.24,1.25,1.16,1.26,1.31,1.26,1.28,1.23,1.07,1.14,1.24,1.07,1.17,1.25,1.26,1.2,1.1,1.02,1.14,1.1,1.08,1.25,0.702,0.895,0.761,1.01,1.21,1.21,1.19,1.28,1.25,1.05,1.18,1.22,1.28,1.27,1.26,1.24,1.26,1.3,0.977,1.18,1.32,1.31,1.08,1.23,1.18,1.27,1.03,1.02,1.04,1.27,0.798,1.13,1.3,1.22,1.12,0.877,1.06,1.16,1.34,1.26
012_S_0637,1700.0,306.0,26.2,0.379,0.353,0.552,0.524,0.551,0.634,0.627,0.678,0.603,0.708,0.652,0.571,0.634,0.49,0.575,0.577,0.529,0.608,0.641,0.607,0.68,0.635,0.686,0.621,0.644,0.644,0.624,0.597,0.636,0.581,0.677,0.665,0.539,0.513,0.652,0.668,0.577,0.563,0.726,0.67,0.806,0.685,0.66,0.743,0.694,0.722,0.61,0.684,0.773,0.701,0.683,0.742,0.527,0.539,0.782,0.647,0.546,0.679,0.682,0.712,0.596,0.626,0.698,0.671,0.635,0.621,0.583,0.536,0.514,0.537,0.664,0.688,0.669,0.647,0.636,0.648,0.672,0.69,0.648,0.637,0.686,0.68,0.576,0.604,0.683,0.653,0.635,0.713,0.607,0.677,0.638,0.707,0.696,0.588,0.617,0.597,0.693,0.634,0.61,0.756,0.665,0.678,0.652,0.612,0.685,0.655,0.677,0.723,0.658,0.703,0.638,0.575,0.642,0.656,0.621,0.667,0.609,0.7,0.629,0.657,0.624,0.603,0.605,0.717,0.639,0.697,0.699,0.645,0.61,0.675,0.661,0.7,0.721,0.649,0.755,0.608,0.692,0.769,0.625,0.598,0.728,0.719,0.651,0.781,0.781,0.799,0.692,0.702,0.672,0.662,0.63,0.695,0.684,0.762,0.783,0.68,0.745,0.702,0.681,0.598,0.796,0.527,0.626,0.733,0.696,0.691,0.691,0.672,0.723,0.674,0.64,0.647,0.569,0.709,0.645,0.608,0.663,0.753,0.658,0.684,0.727,0.57,0.683,0.707,0.682,0.613,0.663,0.67,0.671,0.681,0.671,0.671,0.604,0.663,0.628,0.66,0.73,0.672,0.676,0.782,0.997,0.724,1.08,0.861,0.889,1.0,1.04,1.02,0.923,1.08,0.944,1.03,0.915,0.932,0.963,0.952,0.935,0.976,0.979,0.921,1.02,1.14,1.03,1.11,1.06,1.04,1.09,1.01,1.08,1.06,1.06,1.02,1.04,0.993,1.04,0.989,0.958,0.992,1.11,1.08,1.04,0.998,1.1,0.961,0.959,1.02,1.12,1.19,1.06,0.95,1.05,1.07,0.948,0.984,0.922,0.878,1.15,1.13,1.06,0.987,1.05,1.21,1.21,1.08,1.12,0.992,1.13,1.14,1.2,1.17,1.23,1.23,1.15,0.902,1.18,1.13,1.16,1.14,1.21,1.06,1.17,1.05,1.0,1.1,1.1,1.13,1.17,1.15,1.13,1.09,1.1,1.11,1.15,1.16,1.18,1.13,1.02,1.02,1.12,1.11,1.23,1.16,1.27,1.27,1.22,1.21,1.08,1.02,1.36,1.19,1.16,1.06,1.08,1.1,1.12,1.06,1.04,1.04,1.06,1.07,1.08,1.07,1.03,1.2,1.2,0.977,1.08,1.15,1.13,1.19,1.13,1.14,1.04,1.16,1.12,1.09,1.13,1.02,1.07,1.04,1.08,1.17,1.16,1.04,1.12,1.15,1.02,1.11,1.25,1.03,1.15,1.25,1.21,1.11,1.05,1.06,1.13,1.12,1.11,1.2,0.914,1.03,0.938,1.11,1.26,1.11,1.07,1.21,1.24,1.04,1.16,1.19,1.28,1.19,1.26,1.22,1.19,1.27,0.862,1.14,1.33,1.43,1.1,1.25,1.17,1.29,1.04,1.02,1.06,1.22,0.969,1.07,1.3,1.23,1.02,1.05,1.11,1.07,1.23,1.26
012_S_0720,739.0,216.0,18.6,0.41,0.378,0.57,0.532,0.576,0.647,0.639,0.69,0.619,0.703,0.655,0.596,0.659,0.505,0.586,0.579,0.529,0.611,0.641,0.618,0.695,0.635,0.693,0.624,0.651,0.66,0.645,0.606,0.631,0.614,0.679,0.684,0.566,0.548,0.673,0.698,0.576,0.59,0.715,0.663,0.793,0.685,0.662,0.743,0.7,0.71,0.618,0.716,0.776,0.719,0.673,0.735,0.533,0.561,0.776,0.662,0.548,0.694,0.673,0.718,0.611,0.626,0.695,0.684,0.647,0.634,0.599,0.57,0.571,0.576,0.682,0.709,0.673,0.654,0.621,0.674,0.665,0.691,0.666,0.667,0.692,0.702,0.575,0.625,0.683,0.672,0.655,0.733,0.601,0.692,0.653,0.698,0.676,0.609,0.654,0.595,0.668,0.605,0.592,0.748,0.673,0.667,0.645,0.597,0.665,0.645,0.649,0.709,0.64,0.662,0.639,0.574,0.639,0.653,0.642,0.648,0.599,0.67,0.632,0.599,0.613,0.587,0.591,0.712,0.623,0.685,0.685,0.662,0.587,0.654,0.632,0.699,0.687,0.636,0.743,0.598,0.707,0.757,0.626,0.595,0.705,0.707,0.688,0.776,0.774,0.787,0.691,0.714,0.662,0.663,0.63,0.711,0.685,0.766,0.77,0.685,0.739,0.685,0.675,0.599,0.772,0.51,0.609,0.726,0.692,0.693,0.66,0.665,0.699,0.655,0.643,0.643,0.536,0.688,0.706,0.576,0.671,0.74,0.664,0.667,0.723,0.584,0.67,0.709,0.699,0.613,0.673,0.679,0.684,0.68,0.652,0.671,0.633,0.651,0.557,0.61,0.734,0.642,0.656,0.76,1.04,0.734,1.06,0.865,0.92,1.08,1.12,1.12,0.979,1.18,0.98,1.1,0.953,0.964,1.03,1.02,1.0,1.05,1.04,0.977,1.02,1.17,1.02,1.13,1.13,1.11,1.12,1.06,1.16,1.1,1.1,1.09,1.12,1.07,1.11,1.03,1.09,1.09,1.14,1.14,1.09,1.0,1.11,0.958,1.01,1.09,1.15,1.17,1.06,0.989,1.02,1.04,0.895,0.976,0.901,0.888,1.19,1.16,1.13,1.1,1.12,1.2,1.16,1.13,1.2,1.01,1.14,1.14,1.13,1.17,1.17,1.27,1.26,0.929,1.21,1.14,1.15,1.14,1.22,1.07,1.14,1.07,1.03,1.1,1.09,1.17,1.18,1.16,1.16,1.19,1.16,1.07,1.17,1.18,1.19,1.22,1.12,1.04,1.21,1.13,1.39,1.24,1.26,1.23,1.24,1.31,1.28,1.16,1.46,1.26,1.37,1.21,1.17,1.14,1.34,1.11,1.14,1.12,1.13,1.14,1.18,1.24,1.07,1.15,1.19,0.968,1.11,1.18,1.15,1.21,1.16,1.18,1.2,1.25,1.13,1.21,1.23,1.01,1.33,1.16,1.12,1.19,1.21,1.08,1.15,1.1,1.15,1.16,1.3,1.25,1.17,1.2,1.16,1.1,1.06,1.11,1.08,1.09,1.06,1.14,0.853,0.903,0.821,1.08,1.18,1.15,1.13,1.13,1.13,1.06,1.09,1.1,1.17,1.16,1.18,1.16,1.17,1.19,1.2,1.13,1.32,1.48,1.11,1.18,1.14,1.33,1.01,1.05,1.06,1.19,0.912,1.12,1.22,1.19,1.1,1.04,1.02,1.11,1.22,1.24
013_S_4616,803.0,230.0,21.7,0.39,0.353,0.547,0.514,0.558,0.626,0.631,0.675,0.605,0.692,0.64,0.569,0.625,0.475,0.561,0.563,0.515,0.596,0.61,0.584,0.679,0.615,0.678,0.591,0.633,0.643,0.621,0.593,0.638,0.593,0.671,0.662,0.522,0.479,0.65,0.675,0.554,0.537,0.715,0.647,0.784,0.681,0.656,0.724,0.689,0.707,0.588,0.692,0.771,0.709,0.686,0.733,0.542,0.554,0.783,0.657,0.537,0.676,0.67,0.685,0.63,0.615,0.684,0.644,0.63,0.615,0.588,0.538,0.533,0.548,0.656,0.691,0.658,0.638,0.617,0.672,0.668,0.683,0.638,0.645,0.676,0.686,0.59,0.609,0.688,0.635,0.607,0.711,0.601,0.689,0.655,0.695,0.67,0.604,0.625,0.574,0.689,0.645,0.602,0.752,0.668,0.687,0.633,0.604,0.671,0.653,0.667,0.726,0.634,0.681,0.625,0.565,0.605,0.632,0.621,0.645,0.612,0.683,0.624,0.672,0.581,0.576,0.613,0.685,0.603,0.662,0.699,0.66,0.546,0.671,0.651,0.685,0.705,0.642,0.736,0.587,0.675,0.769,0.604,0.591,0.719,0.701,0.642,0.778,0.782,0.766,0.684,0.697,0.648,0.671,0.622,0.697,0.677,0.763,0.779,0.684,0.728,0.693,0.676,0.624,0.788,0.541,0.635,0.755,0.644,0.672,0.692,0.668,0.688,0.636,0.649,0.639,0.591,0.665,0.662,0.596,0.666,0.721,0.676,0.641,0.724,0.563,0.661,0.681,0.691,0.613,0.683,0.688,0.668,0.666,0.663,0.644,0.609,0.644,0.602,0.662,0.717,0.638,0.64,0.754,1.08,0.737,1.13,0.92,0.989,1.16,1.16,1.2,1.02,1.17,1.04,1.18,1.01,1.01,1.12,1.07,1.05,1.14,1.19,1.11,1.11,1.04,1.02,1.03,1.1,1.11,1.24,1.13,1.17,1.2,1.21,1.15,1.14,1.08,1.18,1.13,1.12,1.15,1.12,1.07,0.976,0.99,1.0,0.962,1.06,1.12,1.08,1.23,1.1,0.995,0.98,1.1,1.02,1.11,0.996,0.918,1.21,1.27,1.12,1.1,1.19,1.23,1.19,1.13,1.16,0.982,1.18,1.2,1.21,1.21,1.27,1.32,1.26,0.897,1.26,1.18,1.22,1.15,1.26,1.09,1.21,1.08,1.11,1.18,1.22,1.19,1.2,1.15,1.17,1.17,1.21,0.921,1.23,1.06,1.13,1.27,1.23,1.13,1.31,1.18,1.33,1.33,1.21,1.39,1.44,1.43,1.22,1.19,1.5,1.33,1.46,1.17,1.22,1.24,1.33,1.26,1.25,1.29,1.29,1.28,1.27,1.3,1.34,0.768,0.933,0.976,1.06,1.2,1.15,1.32,1.25,1.23,1.31,1.25,1.22,1.3,1.15,1.15,1.29,1.27,1.19,1.01,1.22,0.965,0.905,1.06,1.13,1.15,1.29,1.18,1.16,1.24,1.25,1.12,1.09,0.981,1.19,1.09,1.03,1.23,0.938,1.14,0.933,1.17,1.29,1.12,1.26,1.16,1.22,1.03,1.16,1.24,1.3,1.24,1.29,1.2,1.27,1.29,0.923,1.23,1.45,1.4,1.07,1.23,1.23,1.32,1.09,1.03,0.954,1.3,0.984,1.18,1.14,1.27,1.15,1.13,1.16,1.08,1.22,1.17
014_S_0519,1260.0,193.0,15.1,0.398,0.37,0.572,0.548,0.585,0.648,0.631,0.684,0.607,0.718,0.655,0.567,0.649,0.499,0.573,0.564,0.535,0.6,0.616,0.606,0.687,0.626,0.685,0.603,0.661,0.65,0.624,0.599,0.644,0.594,0.678,0.674,0.537,0.534,0.652,0.683,0.572,0.588,0.738,0.667,0.797,0.682,0.669,0.723,0.713,0.712,0.615,0.708,0.78,0.713,0.686,0.75,0.559,0.559,0.796,0.663,0.556,0.685,0.682,0.726,0.614,0.623,0.69,0.66,0.634,0.63,0.613,0.575,0.549,0.548,0.656,0.686,0.67,0.646,0.65,0.673,0.683,0.698,0.66,0.643,0.68,0.661,0.604,0.629,0.692,0.649,0.61,0.7,0.614,0.675,0.651,0.689,0.668,0.597,0.625,0.614,0.692,0.624,0.609,0.756,0.687,0.679,0.657,0.619,0.696,0.656,0.663,0.71,0.646,0.702,0.647,0.561,0.634,0.678,0.658,0.671,0.6,0.702,0.619,0.679,0.603,0.578,0.649,0.695,0.618,0.678,0.71,0.642,0.566,0.67,0.654,0.676,0.709,0.635,0.742,0.606,0.688,0.759,0.588,0.596,0.73,0.705,0.661,0.778,0.778,0.781,0.702,0.706,0.688,0.678,0.631,0.691,0.686,0.763,0.788,0.682,0.766,0.702,0.677,0.599,0.82,0.548,0.625,0.734,0.681,0.688,0.703,0.664,0.698,0.661,0.657,0.655,0.588,0.674,0.654,0.604,0.663,0.739,0.674,0.673,0.703,0.594,0.683,0.682,0.688,0.612,0.663,0.669,0.649,0.673,0.668,0.659,0.626,0.658,0.603,0.652,0.704,0.648,0.66,0.751,0.983,0.703,1.03,0.848,0.91,1.05,1.0,1.02,0.913,1.04,0.982,1.09,0.965,0.802,0.97,0.912,0.946,0.992,1.05,0.946,0.814,1.04,0.99,1.02,1.0,0.982,1.04,0.989,1.02,1.02,1.1,1.1,1.06,1.04,0.975,1.03,0.962,1.05,1.01,0.974,1.03,0.986,1.04,0.912,1.01,1.03,0.977,1.2,1.12,1.0,1.06,1.1,0.988,1.06,0.897,0.798,1.13,1.14,1.06,1.07,1.07,1.23,1.18,1.01,1.12,0.987,1.15,1.12,1.2,1.17,1.27,1.24,1.25,0.909,1.13,1.15,1.21,1.18,1.31,1.1,1.22,1.06,1.01,1.08,1.04,1.1,1.02,1.19,1.17,1.19,1.17,1.05,1.25,1.14,1.14,1.18,1.08,0.956,1.07,1.07,1.08,1.13,0.884,1.21,1.24,1.22,0.741,0.777,1.13,1.12,1.19,1.16,1.15,1.11,1.38,1.08,1.14,1.08,1.13,1.08,1.15,1.21,1.12,1.16,1.14,0.993,1.09,1.17,1.07,1.19,1.07,1.2,1.19,1.24,1.18,1.22,1.19,1.11,1.3,1.17,1.07,1.17,1.26,1.11,1.2,1.26,1.15,1.22,1.37,1.14,1.23,1.39,1.3,1.22,1.09,1.15,1.22,1.15,1.17,1.23,0.931,1.13,0.929,1.13,1.28,1.18,1.11,1.17,1.25,1.13,1.16,1.21,1.35,1.24,1.34,1.29,1.34,1.4,1.13,1.17,1.42,1.57,1.17,1.3,1.24,1.43,1.08,1.08,1.18,1.27,0.932,1.2,1.31,1.26,1.03,0.906,1.12,1.11,1.18,1.26
014_S_0520,600.0,251.0,20.7,0.383,0.353,0.542,0.515,0.574,0.63,0.629,0.671,0.596,0.72,0.638,0.565,0.638,0.469,0.58,0.567,0.524,0.599,0.629,0.6,0.691,0.644,0.692,0.628,0.649,0.651,0.634,0.591,0.639,0.589,0.678,0.667,0.522,0.525,0.664,0.687,0.572,0.579,0.728,0.673,0.806,0.695,0.669,0.732,0.693,0.722,0.618,0.712,0.78,0.723,0.698,0.754,0.51,0.535,0.779,0.666,0.563,0.685,0.673,0.723,0.597,0.623,0.707,0.671,0.643,0.632,0.603,0.558,0.538,0.548,0.675,0.706,0.677,0.656,0.665,0.687,0.689,0.697,0.667,0.681,0.704,0.71,0.589,0.633,0.707,0.658,0.633,0.714,0.607,0.695,0.642,0.723,0.703,0.604,0.649,0.614,0.682,0.626,0.629,0.773,0.676,0.684,0.65,0.618,0.683,0.66,0.672,0.711,0.663,0.685,0.655,0.561,0.643,0.678,0.64,0.683,0.628,0.71,0.65,0.674,0.63,0.603,0.624,0.727,0.643,0.697,0.715,0.675,0.611,0.669,0.655,0.72,0.716,0.665,0.767,0.628,0.735,0.769,0.632,0.604,0.732,0.734,0.68,0.803,0.79,0.798,0.691,0.716,0.677,0.677,0.639,0.712,0.709,0.776,0.795,0.705,0.758,0.711,0.686,0.578,0.792,0.54,0.644,0.74,0.685,0.696,0.7,0.726,0.729,0.68,0.668,0.668,0.593,0.694,0.662,0.621,0.674,0.739,0.662,0.699,0.747,0.607,0.68,0.703,0.705,0.632,0.707,0.695,0.691,0.696,0.69,0.684,0.649,0.674,0.615,0.662,0.732,0.671,0.669,0.789,1.07,0.698,1.09,0.837,0.873,0.992,1.09,1.09,0.923,1.09,0.99,1.07,0.893,0.891,0.976,0.95,0.946,0.959,0.943,0.934,0.964,1.14,0.992,1.05,1.07,1.03,1.05,1.0,1.08,1.08,1.04,0.972,0.995,0.982,0.964,0.953,0.944,0.954,1.04,0.967,0.998,0.96,1.05,0.93,0.976,0.988,1.02,1.09,1.03,0.952,1.03,1.04,0.88,0.94,0.879,0.857,1.1,1.1,0.999,1.02,1.07,1.16,1.12,1.05,1.12,0.96,1.06,1.06,1.09,1.1,1.16,1.19,1.15,0.879,1.13,1.07,1.09,1.08,1.22,1.01,1.15,1.01,0.989,1.04,1.04,1.08,1.08,1.1,1.12,1.09,1.07,1.06,1.09,1.14,1.11,1.1,1.08,1.04,1.07,1.07,1.34,1.19,1.3,1.3,1.25,1.27,1.34,1.14,1.5,1.28,1.36,1.1,1.17,1.19,1.18,1.12,1.1,1.09,1.08,1.05,1.09,1.08,1.07,1.23,1.23,0.945,1.12,1.17,1.16,1.23,1.12,1.17,1.04,1.19,1.06,1.12,1.15,1.04,1.19,1.09,1.11,1.19,1.2,1.06,1.13,1.19,1.13,1.11,1.26,1.18,1.22,1.28,1.22,1.11,1.05,1.14,1.13,1.16,1.12,1.23,0.905,1.07,0.942,1.15,1.23,1.11,1.12,1.21,1.24,1.08,1.16,1.21,1.27,1.24,1.28,1.3,1.28,1.26,1.14,1.13,1.39,1.43,1.1,1.2,1.24,1.32,1.06,1.04,1.09,1.24,1.01,1.12,1.32,1.17,1.15,1.1,1.06,1.02,1.11,1.2
016_S_1263,698.0,355.0,34.0,0.403,0.363,0.552,0.525,0.572,0.633,0.636,0.687,0.609,0.711,0.646,0.571,0.648,0.501,0.592,0.572,0.521,0.608,0.638,0.608,0.684,0.63,0.681,0.596,0.658,0.658,0.632,0.604,0.635,0.605,0.671,0.662,0.524,0.544,0.663,0.696,0.572,0.561,0.726,0.665,0.793,0.679,0.667,0.729,0.706,0.73,0.618,0.677,0.775,0.711,0.684,0.759,0.559,0.564,0.787,0.649,0.559,0.679,0.65,0.721,0.606,0.634,0.677,0.667,0.644,0.637,0.596,0.589,0.538,0.546,0.659,0.698,0.676,0.649,0.652,0.676,0.672,0.701,0.664,0.652,0.698,0.692,0.588,0.63,0.679,0.645,0.626,0.713,0.614,0.68,0.643,0.703,0.684,0.587,0.649,0.609,0.656,0.646,0.596,0.764,0.677,0.667,0.648,0.608,0.689,0.65,0.661,0.703,0.646,0.656,0.649,0.552,0.649,0.677,0.662,0.669,0.62,0.692,0.636,0.684,0.625,0.611,0.625,0.717,0.645,0.69,0.7,0.66,0.607,0.675,0.649,0.695,0.724,0.643,0.75,0.621,0.712,0.79,0.629,0.593,0.725,0.718,0.641,0.795,0.775,0.79,0.7,0.697,0.681,0.693,0.635,0.693,0.74,0.769,0.802,0.677,0.766,0.699,0.681,0.599,0.804,0.543,0.633,0.747,0.705,0.7,0.648,0.683,0.723,0.672,0.657,0.647,0.584,0.675,0.653,0.602,0.674,0.718,0.663,0.677,0.735,0.606,0.684,0.705,0.683,0.627,0.688,0.683,0.675,0.682,0.674,0.653,0.634,0.642,0.562,0.637,0.722,0.65,0.652,0.744,0.956,0.723,1.02,0.848,0.901,1.01,1.03,1.05,0.948,1.07,1.01,1.1,0.953,0.938,1.03,1.02,1.01,1.05,1.07,1.02,0.944,1.09,1.01,1.05,1.07,1.01,1.1,1.07,1.05,1.04,1.07,1.1,1.08,1.01,1.07,1.03,1.06,1.07,1.1,1.05,1.03,0.992,1.07,0.959,0.995,1.08,1.08,1.15,1.03,0.965,1.02,1.03,0.926,1.01,0.881,0.833,1.13,1.08,1.05,1.06,1.16,1.18,1.19,1.1,1.18,0.993,1.09,1.09,1.13,1.14,1.16,1.13,1.21,0.896,1.1,1.14,1.09,1.07,1.14,1.04,1.13,1.03,0.971,1.07,1.07,1.12,1.11,1.12,1.15,1.15,1.17,1.05,1.16,1.08,1.16,1.16,1.12,0.971,1.15,1.08,1.21,1.22,1.11,1.21,1.25,1.27,0.991,1.03,1.4,1.28,1.36,1.17,1.21,1.23,1.36,1.2,1.17,1.19,1.19,1.21,1.24,1.28,1.2,1.25,1.25,0.978,1.1,1.25,1.18,1.31,1.17,1.17,1.13,1.2,1.13,1.24,1.23,1.09,1.31,1.2,1.12,1.22,1.26,1.1,1.14,1.16,1.21,1.2,1.28,1.26,1.19,1.27,1.24,1.13,1.05,1.15,1.12,1.13,1.07,1.17,0.907,1.1,0.897,1.11,1.25,1.17,1.23,1.25,1.27,1.11,1.19,1.23,1.24,1.23,1.26,1.32,1.26,1.28,1.21,1.18,1.38,1.36,1.13,1.22,1.27,1.25,1.05,1.05,1.15,1.35,0.943,1.15,1.28,1.25,1.14,1.02,1.14,1.1,1.26,1.23
016_S_4583,843.0,479.0,49.0,0.376,0.341,0.538,0.501,0.549,0.618,0.618,0.662,0.578,0.681,0.627,0.541,0.622,0.448,0.538,0.537,0.503,0.572,0.605,0.591,0.683,0.631,0.667,0.598,0.632,0.638,0.609,0.569,0.618,0.576,0.66,0.654,0.527,0.496,0.635,0.659,0.569,0.54,0.703,0.659,0.789,0.684,0.659,0.729,0.687,0.69,0.593,0.706,0.77,0.699,0.673,0.744,0.536,0.565,0.777,0.65,0.527,0.668,0.666,0.684,0.605,0.611,0.699,0.672,0.619,0.606,0.588,0.53,0.5,0.536,0.676,0.677,0.663,0.644,0.633,0.657,0.659,0.69,0.658,0.658,0.672,0.699,0.599,0.623,0.695,0.648,0.593,0.711,0.607,0.669,0.597,0.705,0.677,0.598,0.643,0.573,0.683,0.643,0.602,0.762,0.678,0.669,0.639,0.596,0.673,0.628,0.675,0.713,0.641,0.664,0.6,0.536,0.592,0.646,0.558,0.615,0.594,0.672,0.616,0.642,0.591,0.528,0.613,0.692,0.614,0.676,0.689,0.661,0.585,0.676,0.66,0.7,0.679,0.634,0.717,0.589,0.693,0.743,0.618,0.577,0.7,0.722,0.629,0.783,0.765,0.777,0.668,0.694,0.647,0.628,0.581,0.697,0.666,0.757,0.768,0.667,0.735,0.692,0.684,0.612,0.803,0.551,0.657,0.757,0.701,0.657,0.693,0.649,0.7,0.652,0.68,0.645,0.567,0.7,0.665,0.566,0.644,0.735,0.631,0.683,0.728,0.536,0.648,0.687,0.625,0.59,0.678,0.674,0.666,0.673,0.674,0.665,0.596,0.653,0.613,0.663,0.735,0.668,0.671,0.767,1.07,0.766,1.22,0.939,0.994,1.2,1.14,1.16,1.02,1.25,1.05,1.25,0.985,1.02,1.06,1.04,1.05,1.14,1.08,1.08,1.01,1.16,1.05,1.13,1.07,1.12,1.17,1.09,1.08,1.17,1.17,1.22,1.17,1.12,1.09,1.07,1.1,1.14,1.14,1.11,1.17,1.05,1.11,1.03,1.01,1.1,1.06,1.22,1.09,0.955,1.09,1.11,0.979,1.03,0.88,0.864,1.18,1.14,1.06,1.06,1.11,1.2,1.17,1.14,1.15,0.962,1.04,1.05,1.1,1.18,1.27,1.22,1.16,0.908,1.06,1.19,1.18,1.08,1.17,1.06,1.23,1.06,0.95,1.0,1.03,1.07,1.08,1.15,1.17,1.18,1.22,1.17,1.2,1.2,1.16,1.2,1.19,1.03,1.07,1.06,1.31,1.32,1.5,1.51,1.34,1.55,1.2,1.12,1.82,1.46,1.54,1.21,1.16,1.16,1.01,1.06,1.18,1.17,1.21,1.18,1.24,1.06,1.24,1.13,1.21,0.988,1.11,1.23,1.2,1.24,1.17,1.07,1.31,1.22,1.15,1.27,1.26,1.04,1.09,1.26,1.18,1.14,1.15,1.34,1.28,1.27,1.04,1.05,1.16,0.972,1.11,1.23,1.23,1.31,1.09,1.08,1.15,1.19,1.13,1.25,0.826,0.971,0.916,1.11,1.21,1.14,1.06,1.21,1.22,0.934,0.992,0.966,1.04,1.15,1.19,1.18,1.28,1.31,1.01,1.15,1.23,1.27,0.908,1.01,1.19,1.17,1.01,1.01,1.07,1.11,0.778,1.11,1.27,1.06,1.03,1.05,0.995,1.07,1.2,1.03
016_S_4638,1700.0,180.0,15.5,0.38,0.355,0.556,0.515,0.557,0.63,0.633,0.681,0.601,0.71,0.643,0.576,0.639,0.462,0.548,0.552,0.503,0.582,0.622,0.596,0.688,0.646,0.687,0.615,0.645,0.658,0.61,0.573,0.643,0.574,0.673,0.666,0.527,0.504,0.642,0.655,0.568,0.527,0.705,0.663,0.799,0.683,0.663,0.725,0.69,0.708,0.597,0.696,0.768,0.711,0.703,0.761,0.559,0.559,0.788,0.669,0.557,0.656,0.673,0.72,0.594,0.623,0.676,0.679,0.606,0.617,0.593,0.534,0.519,0.546,0.648,0.697,0.669,0.652,0.622,0.67,0.678,0.691,0.645,0.693,0.684,0.714,0.612,0.636,0.69,0.68,0.62,0.703,0.579,0.673,0.61,0.721,0.688,0.579,0.655,0.592,0.682,0.664,0.634,0.746,0.688,0.658,0.64,0.583,0.679,0.642,0.671,0.717,0.648,0.679,0.631,0.555,0.593,0.63,0.622,0.621,0.616,0.667,0.607,0.632,0.595,0.56,0.616,0.712,0.622,0.697,0.698,0.658,0.586,0.662,0.665,0.701,0.684,0.634,0.743,0.608,0.668,0.771,0.613,0.6,0.704,0.714,0.639,0.791,0.786,0.781,0.684,0.689,0.644,0.645,0.604,0.709,0.685,0.77,0.796,0.705,0.773,0.718,0.715,0.614,0.809,0.57,0.671,0.756,0.675,0.671,0.673,0.662,0.699,0.668,0.651,0.629,0.552,0.667,0.683,0.547,0.678,0.74,0.646,0.667,0.706,0.551,0.668,0.671,0.614,0.617,0.72,0.694,0.672,0.668,0.696,0.67,0.633,0.652,0.594,0.697,0.716,0.672,0.676,0.761,0.995,0.675,1.06,0.833,0.896,1.03,1.11,1.1,0.947,1.13,0.999,1.09,0.905,0.955,1.01,0.97,0.997,1.01,1.08,1.01,1.01,1.16,0.995,1.12,1.12,1.08,1.08,1.04,1.01,1.06,1.04,1.08,1.09,1.05,1.03,0.995,1.06,1.04,1.09,1.06,1.09,1.01,1.17,0.911,0.999,1.04,1.11,1.22,1.15,0.98,1.06,1.05,0.886,0.944,0.845,0.875,1.12,1.22,1.08,1.09,1.12,1.25,1.26,1.09,1.22,0.948,1.09,1.11,1.23,1.13,1.23,1.23,1.22,0.871,1.2,1.16,1.16,1.18,1.25,1.04,1.15,1.02,0.922,1.04,1.01,1.08,1.1,1.12,1.08,1.19,1.18,1.15,1.24,1.19,1.26,1.17,1.13,1.01,1.12,1.04,1.25,1.18,1.32,1.28,1.21,1.32,1.22,1.07,1.62,1.36,1.52,1.23,1.12,1.16,1.32,1.11,1.14,1.14,1.2,1.2,1.15,1.17,1.13,1.16,1.22,0.957,1.14,1.2,1.19,1.26,1.08,1.14,1.13,1.29,1.07,1.19,1.18,1.02,1.32,1.21,1.16,1.11,1.28,1.12,1.26,1.22,1.15,1.15,1.41,1.19,1.09,1.28,1.27,1.13,1.13,1.14,1.12,1.18,1.12,1.18,0.863,0.961,0.9,1.07,1.25,1.18,1.25,1.22,1.29,1.02,1.06,1.15,1.21,1.13,1.34,1.34,1.28,1.28,1.01,1.2,1.56,1.64,1.09,1.21,1.29,1.53,0.991,1.04,1.12,1.2,0.912,1.16,1.33,1.22,1.15,1.03,1.09,1.09,1.18,1.18
016_S_4688,1000.0,341.0,31.1,0.376,0.344,0.536,0.508,0.545,0.61,0.622,0.659,0.582,0.694,0.629,0.552,0.616,0.46,0.552,0.536,0.487,0.569,0.596,0.599,0.67,0.62,0.673,0.592,0.634,0.633,0.623,0.569,0.637,0.57,0.656,0.639,0.517,0.493,0.631,0.628,0.554,0.553,0.702,0.648,0.788,0.661,0.647,0.711,0.673,0.688,0.602,0.674,0.765,0.695,0.677,0.759,0.546,0.549,0.772,0.649,0.541,0.666,0.649,0.685,0.586,0.593,0.672,0.647,0.591,0.605,0.601,0.524,0.493,0.536,0.634,0.69,0.659,0.632,0.606,0.653,0.658,0.671,0.645,0.691,0.668,0.695,0.609,0.623,0.691,0.644,0.605,0.704,0.589,0.655,0.595,0.694,0.68,0.607,0.632,0.612,0.676,0.655,0.622,0.74,0.679,0.656,0.622,0.574,0.63,0.607,0.649,0.705,0.62,0.667,0.614,0.569,0.614,0.629,0.614,0.654,0.59,0.674,0.619,0.663,0.607,0.575,0.608,0.702,0.617,0.685,0.695,0.655,0.572,0.643,0.647,0.683,0.663,0.649,0.736,0.578,0.699,0.745,0.611,0.574,0.692,0.713,0.637,0.765,0.774,0.775,0.673,0.68,0.633,0.647,0.612,0.694,0.667,0.748,0.775,0.679,0.76,0.724,0.706,0.602,0.81,0.559,0.66,0.747,0.695,0.661,0.665,0.619,0.717,0.664,0.645,0.645,0.536,0.673,0.65,0.564,0.689,0.71,0.643,0.65,0.707,0.558,0.651,0.664,0.659,0.599,0.693,0.683,0.659,0.671,0.692,0.636,0.639,0.622,0.59,0.689,0.733,0.641,0.639,0.767,0.997,0.746,1.04,0.879,0.911,1.06,1.07,1.1,0.973,1.16,0.988,1.07,0.958,0.95,1.02,1.0,0.972,1.03,1.01,1.0,0.956,1.04,0.992,1.07,1.05,1.02,1.09,1.04,1.08,1.06,1.08,1.04,1.08,1.03,1.03,1.01,0.975,1.0,1.05,1.05,1.09,1.02,1.08,0.994,1.02,1.06,1.09,1.14,1.07,0.999,1.07,1.06,0.987,1.03,0.952,0.893,1.13,1.16,1.06,1.07,1.1,1.19,1.18,1.05,1.15,1.02,1.13,1.14,1.21,1.15,1.18,1.19,1.16,0.932,1.19,1.13,1.16,1.1,1.23,1.04,1.13,1.03,1.03,1.09,1.08,1.13,1.13,1.11,1.17,1.14,1.18,1.08,1.16,1.15,1.16,1.18,1.12,1.03,1.14,1.11,1.24,1.16,1.24,1.21,1.16,1.21,1.14,1.07,1.43,1.29,1.33,1.14,1.12,1.14,1.27,1.12,1.1,1.11,1.11,1.16,1.16,1.21,1.16,1.08,1.11,0.962,1.09,1.15,1.11,1.2,1.1,1.17,1.13,1.22,1.09,1.14,1.13,1.06,1.19,1.11,1.16,1.13,1.23,1.09,1.12,1.14,1.15,1.14,1.24,1.18,1.15,1.25,1.23,1.12,1.07,1.16,1.13,1.1,1.07,1.15,0.969,1.08,0.977,1.1,1.21,1.08,1.14,1.18,1.2,1.1,1.15,1.16,1.24,1.18,1.28,1.24,1.22,1.24,1.2,1.18,1.34,1.45,1.09,1.17,1.24,1.34,1.01,1.04,1.12,1.22,0.976,1.18,1.21,1.21,1.07,1.03,1.0,1.04,1.16,1.19
016_S_4887,818.0,217.0,21.3,0.38,0.349,0.55,0.516,0.558,0.613,0.624,0.665,0.588,0.687,0.628,0.571,0.602,0.457,0.544,0.529,0.494,0.573,0.58,0.585,0.658,0.625,0.669,0.601,0.637,0.637,0.616,0.569,0.634,0.576,0.656,0.646,0.529,0.519,0.634,0.639,0.535,0.548,0.695,0.656,0.781,0.664,0.653,0.707,0.663,0.684,0.589,0.673,0.767,0.688,0.671,0.739,0.554,0.555,0.775,0.647,0.563,0.669,0.635,0.704,0.57,0.596,0.669,0.646,0.607,0.61,0.591,0.554,0.506,0.53,0.648,0.701,0.648,0.634,0.623,0.654,0.656,0.667,0.642,0.671,0.665,0.691,0.598,0.629,0.686,0.649,0.607,0.683,0.588,0.644,0.617,0.692,0.666,0.613,0.627,0.619,0.668,0.645,0.624,0.744,0.68,0.66,0.634,0.581,0.68,0.63,0.659,0.705,0.634,0.654,0.635,0.555,0.597,0.648,0.604,0.639,0.582,0.649,0.599,0.637,0.593,0.577,0.574,0.697,0.637,0.678,0.695,0.659,0.597,0.659,0.665,0.695,0.69,0.638,0.746,0.591,0.696,0.739,0.622,0.594,0.689,0.711,0.622,0.771,0.769,0.78,0.671,0.678,0.643,0.645,0.614,0.693,0.677,0.754,0.782,0.67,0.752,0.717,0.691,0.616,0.807,0.556,0.678,0.744,0.672,0.65,0.66,0.658,0.689,0.654,0.652,0.653,0.556,0.667,0.656,0.586,0.682,0.71,0.649,0.64,0.708,0.594,0.664,0.677,0.649,0.606,0.698,0.685,0.663,0.671,0.701,0.668,0.649,0.627,0.579,0.693,0.71,0.65,0.669,0.752,0.935,0.671,0.988,0.825,0.87,1.04,1.03,1.08,0.926,1.08,0.979,1.12,0.934,0.884,1.01,1.0,0.999,1.03,1.03,0.977,1.01,1.12,1.01,1.1,1.04,1.01,1.07,1.02,1.02,1.02,1.07,1.07,1.07,1.05,1.03,1.04,1.03,1.04,1.1,1.07,1.05,0.991,1.07,0.95,1.01,1.06,1.07,1.16,1.03,0.972,1.03,1.04,0.854,0.985,0.856,0.854,1.1,1.14,1.04,1.05,1.12,1.18,1.16,1.08,1.15,0.978,1.12,1.14,1.17,1.13,1.16,1.18,1.24,0.91,1.18,1.15,1.16,1.11,1.19,1.06,1.12,1.03,0.983,1.07,1.09,1.11,1.16,1.16,1.18,1.13,1.16,1.07,1.18,1.17,1.17,1.18,1.12,1.01,1.14,1.03,1.18,1.18,1.21,1.22,1.21,1.29,1.11,1.07,1.41,1.27,1.4,1.15,1.17,1.21,1.29,1.18,1.14,1.19,1.17,1.15,1.2,1.21,1.17,1.18,1.21,0.963,1.11,1.2,1.19,1.23,1.1,1.19,1.16,1.23,1.15,1.22,1.14,1.05,1.28,1.18,1.07,1.19,1.25,1.15,1.23,1.18,1.24,1.17,1.3,1.16,1.22,1.25,1.26,1.17,1.06,1.18,1.14,1.14,1.11,1.17,0.865,1.02,0.902,1.05,1.22,1.16,1.2,1.19,1.24,1.11,1.16,1.19,1.26,1.24,1.33,1.32,1.26,1.27,1.21,1.22,1.34,1.43,1.14,1.25,1.23,1.33,1.09,1.08,1.2,1.26,1.0,1.16,1.29,1.25,1.1,0.987,1.1,1.08,1.2,1.26
016_S_4951,1020.0,119.0,12.1,0.376,0.343,0.536,0.498,0.557,0.624,0.625,0.668,0.59,0.702,0.634,0.553,0.618,0.472,0.553,0.553,0.501,0.578,0.591,0.597,0.681,0.639,0.687,0.617,0.641,0.639,0.63,0.588,0.626,0.572,0.668,0.657,0.5,0.504,0.638,0.665,0.542,0.545,0.713,0.663,0.8,0.681,0.66,0.724,0.673,0.699,0.6,0.702,0.766,0.7,0.707,0.767,0.545,0.541,0.791,0.658,0.548,0.655,0.652,0.711,0.596,0.618,0.69,0.669,0.588,0.617,0.596,0.535,0.537,0.54,0.652,0.699,0.655,0.643,0.632,0.667,0.667,0.692,0.663,0.7,0.696,0.716,0.612,0.636,0.705,0.667,0.616,0.71,0.6,0.681,0.62,0.716,0.713,0.594,0.647,0.589,0.675,0.658,0.619,0.753,0.686,0.672,0.637,0.573,0.674,0.638,0.664,0.714,0.648,0.677,0.639,0.547,0.619,0.663,0.614,0.652,0.623,0.68,0.597,0.653,0.598,0.58,0.592,0.72,0.651,0.697,0.71,0.661,0.599,0.674,0.655,0.688,0.677,0.624,0.696,0.59,0.69,0.746,0.62,0.58,0.711,0.724,0.646,0.788,0.791,0.784,0.685,0.687,0.664,0.65,0.615,0.7,0.689,0.76,0.794,0.702,0.773,0.737,0.722,0.625,0.822,0.556,0.657,0.742,0.65,0.693,0.68,0.662,0.713,0.673,0.654,0.655,0.575,0.691,0.693,0.61,0.686,0.736,0.661,0.664,0.723,0.591,0.69,0.688,0.682,0.627,0.739,0.705,0.695,0.693,0.707,0.682,0.647,0.663,0.62,0.681,0.738,0.663,0.697,0.766,1.04,0.703,1.05,0.84,0.886,1.02,1.06,1.06,0.926,1.05,0.953,1.05,0.932,0.92,1.01,0.961,0.98,1.01,0.989,0.982,0.996,1.17,1.01,1.06,1.06,1.03,1.05,1.02,1.07,1.07,1.05,1.08,1.07,1.02,0.995,0.957,0.995,0.962,1.07,1.02,1.04,0.995,1.05,0.95,0.954,1.06,1.07,1.17,1.05,0.977,1.05,1.11,0.94,1.03,0.874,0.871,1.1,1.19,1.07,1.03,1.13,1.2,1.18,1.08,1.17,0.992,1.1,1.1,1.17,1.16,1.18,1.22,1.16,0.896,1.12,1.17,1.14,1.1,1.17,1.06,1.14,0.994,0.962,1.06,1.07,1.08,1.1,1.12,1.17,1.15,1.16,1.07,1.24,1.18,1.17,1.13,1.11,1.01,1.14,1.07,1.29,1.14,1.3,1.3,1.24,1.28,1.2,1.05,1.41,1.2,1.34,1.13,1.19,1.19,1.23,1.17,1.1,1.13,1.12,1.12,1.15,1.17,1.12,1.28,1.27,0.976,1.11,1.18,1.15,1.18,1.08,1.15,1.15,1.23,1.09,1.2,1.17,1.06,1.17,1.13,1.11,1.17,1.22,1.09,1.15,1.16,1.12,1.14,1.22,1.17,1.19,1.28,1.24,1.09,1.1,1.14,1.14,1.17,1.11,1.19,0.89,1.05,0.912,1.1,1.26,1.12,1.12,1.2,1.24,1.09,1.12,1.16,1.21,1.24,1.24,1.29,1.24,1.23,1.24,1.19,1.44,1.38,1.11,1.13,1.23,1.38,1.07,1.06,1.11,1.24,0.917,1.2,1.23,1.17,1.14,1.04,1.1,1.09,1.23,1.15
016_S_4952,1700.0,216.0,17.2,0.37,0.343,0.53,0.499,0.551,0.623,0.615,0.66,0.587,0.71,0.63,0.557,0.624,0.448,0.545,0.562,0.475,0.581,0.598,0.58,0.692,0.648,0.69,0.616,0.655,0.652,0.609,0.573,0.624,0.572,0.664,0.674,0.501,0.519,0.64,0.686,0.55,0.513,0.713,0.661,0.802,0.684,0.66,0.727,0.685,0.691,0.592,0.699,0.777,0.706,0.697,0.764,0.54,0.541,0.786,0.669,0.526,0.651,0.652,0.706,0.603,0.625,0.687,0.663,0.625,0.615,0.6,0.529,0.52,0.54,0.657,0.691,0.659,0.637,0.631,0.636,0.674,0.691,0.656,0.691,0.692,0.714,0.589,0.624,0.713,0.659,0.592,0.712,0.587,0.667,0.627,0.71,0.677,0.589,0.641,0.576,0.683,0.651,0.631,0.758,0.67,0.675,0.642,0.59,0.688,0.635,0.672,0.709,0.65,0.68,0.634,0.499,0.616,0.654,0.621,0.661,0.611,0.68,0.588,0.673,0.587,0.56,0.606,0.73,0.625,0.697,0.704,0.652,0.604,0.666,0.655,0.709,0.706,0.613,0.723,0.569,0.686,0.736,0.595,0.553,0.704,0.727,0.644,0.797,0.786,0.791,0.694,0.698,0.667,0.652,0.635,0.705,0.676,0.763,0.771,0.703,0.76,0.742,0.704,0.601,0.826,0.537,0.647,0.74,0.67,0.673,0.668,0.681,0.714,0.673,0.63,0.646,0.558,0.68,0.666,0.602,0.681,0.747,0.646,0.591,0.708,0.579,0.682,0.695,0.676,0.637,0.707,0.696,0.68,0.681,0.691,0.661,0.638,0.648,0.613,0.695,0.742,0.683,0.667,0.759,0.95,0.692,1.01,0.834,0.906,1.04,1.1,1.08,0.929,1.08,0.947,1.08,0.933,0.896,1.03,0.975,0.938,0.994,1.04,0.961,1.06,1.18,1.03,1.09,1.09,1.07,1.11,1.05,1.09,0.997,1.05,1.12,1.03,1.02,1.02,1.02,1.01,1.01,1.01,1.04,1.08,1.02,1.06,0.938,0.98,1.0,1.13,1.19,1.08,0.973,1.02,1.09,0.973,1.01,0.885,0.941,1.14,1.16,1.05,0.976,1.15,1.17,1.22,1.1,1.15,0.999,1.08,1.1,1.17,1.14,1.19,1.21,1.18,0.933,1.18,1.17,1.15,1.11,1.23,1.05,1.15,1.01,0.989,1.11,1.09,1.12,1.14,1.17,1.18,1.16,1.17,1.11,1.22,1.18,1.16,1.16,1.08,1.03,1.15,1.03,1.22,1.13,1.21,1.24,1.24,1.25,1.08,1.02,1.46,1.27,1.34,1.15,1.12,1.14,1.22,1.18,1.09,1.16,1.07,1.06,1.14,1.15,1.19,1.29,1.21,0.973,1.11,1.2,1.12,1.24,1.14,1.15,1.14,1.23,1.12,1.14,1.16,1.03,1.22,1.12,1.04,1.15,1.15,1.13,1.18,1.15,1.16,1.13,1.27,1.17,1.17,1.25,1.19,1.11,1.06,1.15,1.15,1.13,1.15,1.17,0.904,1.07,0.928,1.08,1.2,1.12,1.18,1.2,1.18,1.1,1.13,1.14,1.23,1.22,1.3,1.23,1.21,1.19,1.13,1.18,1.38,1.4,1.17,1.21,1.19,1.33,1.06,1.06,1.12,1.2,0.942,1.14,1.26,1.17,1.08,1.02,1.18,1.05,1.16,1.25
016_S_5057,1280.0,133.0,10.8,0.384,0.352,0.546,0.522,0.563,0.618,0.621,0.671,0.595,0.709,0.637,0.565,0.614,0.45,0.542,0.555,0.487,0.558,0.584,0.593,0.688,0.637,0.686,0.6,0.646,0.642,0.609,0.568,0.636,0.577,0.664,0.659,0.522,0.51,0.643,0.689,0.549,0.527,0.696,0.654,0.792,0.671,0.637,0.72,0.673,0.686,0.603,0.678,0.764,0.702,0.703,0.76,0.559,0.55,0.791,0.662,0.559,0.665,0.656,0.696,0.565,0.599,0.68,0.661,0.604,0.619,0.605,0.535,0.515,0.537,0.649,0.69,0.655,0.645,0.62,0.65,0.664,0.68,0.642,0.695,0.68,0.709,0.6,0.63,0.683,0.654,0.577,0.708,0.592,0.643,0.593,0.699,0.693,0.573,0.624,0.608,0.672,0.654,0.62,0.759,0.668,0.643,0.629,0.569,0.66,0.609,0.656,0.692,0.626,0.647,0.619,0.502,0.577,0.611,0.583,0.643,0.585,0.659,0.579,0.626,0.577,0.537,0.594,0.687,0.594,0.67,0.686,0.644,0.547,0.645,0.641,0.69,0.684,0.614,0.716,0.569,0.647,0.741,0.584,0.531,0.718,0.691,0.616,0.786,0.776,0.764,0.673,0.677,0.636,0.613,0.586,0.686,0.658,0.756,0.782,0.694,0.767,0.724,0.713,0.6,0.817,0.559,0.666,0.725,0.656,0.629,0.65,0.628,0.701,0.663,0.632,0.62,0.546,0.656,0.656,0.534,0.677,0.729,0.614,0.635,0.696,0.543,0.674,0.662,0.662,0.589,0.726,0.687,0.687,0.651,0.698,0.664,0.613,0.625,0.579,0.652,0.705,0.659,0.607,0.763,0.956,0.659,1.01,0.807,0.862,1.0,1.04,1.04,0.934,1.08,0.961,1.04,0.92,0.885,0.995,1.01,0.946,1.01,0.988,0.961,1.01,1.11,0.999,1.09,1.04,1.01,1.09,1.03,1.07,1.05,1.04,1.06,1.06,0.957,0.991,0.955,1.0,0.994,0.992,1.04,1.06,0.99,1.09,0.935,0.993,1.04,1.1,1.21,1.07,0.985,1.1,1.1,0.877,0.955,0.849,0.847,1.16,1.14,1.08,1.03,1.11,1.25,1.25,1.08,1.17,0.975,1.15,1.14,1.21,1.19,1.26,1.24,1.18,0.866,1.2,1.19,1.15,1.12,1.23,1.07,1.18,1.05,0.978,1.11,1.13,1.12,1.15,1.19,1.18,1.18,1.21,1.13,1.26,1.24,1.25,1.15,1.15,1.0,1.15,1.09,1.17,1.18,1.22,1.24,1.18,1.24,1.03,1.06,1.5,1.23,1.37,1.15,1.1,1.07,1.2,1.09,1.09,1.07,1.08,1.1,1.05,1.02,1.09,1.14,1.11,0.953,1.08,1.16,1.13,1.22,1.09,1.16,1.06,1.22,1.12,1.15,1.12,0.986,1.18,1.09,1.05,1.13,1.24,1.13,1.28,1.2,1.09,1.13,1.23,1.13,1.17,1.33,1.29,1.18,1.08,1.16,1.19,1.21,1.17,1.26,0.828,0.99,0.899,1.08,1.26,1.13,1.16,1.18,1.32,1.1,1.15,1.19,1.27,1.2,1.36,1.33,1.31,1.36,1.13,1.23,1.38,1.43,1.1,1.21,1.29,1.49,1.13,1.11,1.25,1.21,0.967,1.2,1.35,1.26,1.11,0.973,1.0,1.08,1.14,1.16
016_S_5251,787.0,708.0,70.5,0.373,0.344,0.529,0.502,0.566,0.62,0.614,0.657,0.586,0.697,0.628,0.568,0.623,0.455,0.557,0.556,0.506,0.585,0.62,0.584,0.668,0.627,0.673,0.613,0.639,0.643,0.617,0.589,0.629,0.577,0.674,0.665,0.532,0.492,0.649,0.675,0.547,0.541,0.71,0.654,0.786,0.672,0.652,0.722,0.671,0.703,0.609,0.699,0.771,0.705,0.682,0.74,0.53,0.55,0.768,0.652,0.542,0.678,0.649,0.696,0.605,0.629,0.664,0.666,0.625,0.614,0.603,0.527,0.553,0.541,0.652,0.689,0.659,0.64,0.638,0.647,0.659,0.67,0.636,0.679,0.691,0.722,0.595,0.617,0.686,0.656,0.634,0.71,0.614,0.681,0.644,0.706,0.682,0.584,0.631,0.607,0.67,0.651,0.613,0.753,0.673,0.656,0.635,0.586,0.665,0.633,0.66,0.707,0.63,0.661,0.626,0.551,0.629,0.681,0.62,0.646,0.594,0.685,0.627,0.647,0.601,0.567,0.637,0.707,0.637,0.692,0.689,0.647,0.589,0.682,0.64,0.684,0.688,0.654,0.736,0.609,0.685,0.756,0.625,0.595,0.721,0.708,0.647,0.765,0.776,0.796,0.679,0.677,0.657,0.674,0.634,0.691,0.697,0.746,0.779,0.683,0.747,0.713,0.701,0.607,0.781,0.547,0.647,0.729,0.696,0.681,0.675,0.677,0.718,0.663,0.647,0.643,0.562,0.676,0.656,0.599,0.692,0.726,0.652,0.64,0.719,0.574,0.68,0.703,0.691,0.606,0.721,0.693,0.687,0.684,0.687,0.668,0.629,0.621,0.595,0.679,0.724,0.642,0.652,0.757,0.994,0.716,1.05,0.86,0.91,1.07,1.07,1.08,0.979,1.07,0.986,1.11,0.952,0.97,1.06,1.02,1.04,1.08,1.05,1.02,1.03,1.16,1.01,1.11,1.11,1.09,1.06,1.06,1.11,1.12,1.1,1.02,1.12,1.08,1.1,1.05,1.09,1.09,1.12,1.09,1.12,1.06,1.11,1.0,0.987,1.08,1.12,1.17,1.07,1.0,1.06,1.08,0.998,1.1,0.9,0.856,1.13,1.16,1.09,1.08,1.1,1.19,1.19,1.14,1.17,0.978,1.1,1.12,1.17,1.18,1.17,1.2,1.19,0.891,1.15,1.17,1.17,1.12,1.17,1.04,1.14,1.04,1.01,1.07,1.02,1.09,1.16,1.13,1.15,1.17,1.18,1.03,1.25,1.16,1.14,1.17,1.16,1.06,1.16,1.03,1.27,1.26,1.36,1.33,1.23,1.25,1.26,1.09,1.44,1.21,1.4,1.16,1.18,1.18,1.28,1.21,1.15,1.19,1.15,1.18,1.19,1.12,1.11,1.19,1.21,0.977,1.1,1.2,1.16,1.19,1.13,1.15,1.12,1.22,1.13,1.2,1.19,0.982,1.23,1.17,1.16,1.23,1.23,1.15,1.22,1.21,1.17,1.16,1.23,1.09,1.19,1.26,1.25,1.11,1.09,1.15,1.1,1.13,1.08,1.19,0.924,1.09,0.943,1.11,1.22,1.2,1.2,1.23,1.18,1.06,1.09,1.16,1.21,1.2,1.26,1.24,1.28,1.22,0.959,1.12,1.34,1.35,1.04,1.16,1.19,1.3,1.07,1.07,1.12,1.2,0.942,1.16,1.2,1.2,1.12,0.966,1.03,1.06,1.2,1.24
018_S_0043,894.0,254.0,24.3,0.388,0.348,0.541,0.507,0.552,0.63,0.622,0.67,0.595,0.702,0.63,0.569,0.627,0.478,0.558,0.557,0.532,0.587,0.619,0.582,0.666,0.629,0.685,0.603,0.642,0.643,0.61,0.584,0.643,0.583,0.666,0.661,0.522,0.516,0.638,0.663,0.578,0.57,0.712,0.649,0.792,0.672,0.653,0.717,0.68,0.708,0.603,0.689,0.772,0.706,0.687,0.751,0.537,0.543,0.792,0.657,0.537,0.654,0.629,0.729,0.599,0.605,0.687,0.674,0.629,0.618,0.58,0.549,0.526,0.549,0.656,0.697,0.648,0.641,0.629,0.662,0.665,0.685,0.653,0.652,0.705,0.702,0.608,0.602,0.68,0.663,0.62,0.718,0.612,0.663,0.635,0.72,0.69,0.59,0.633,0.596,0.667,0.643,0.613,0.76,0.663,0.669,0.64,0.589,0.679,0.654,0.658,0.699,0.637,0.668,0.644,0.551,0.633,0.672,0.603,0.657,0.615,0.681,0.601,0.628,0.612,0.585,0.648,0.708,0.638,0.677,0.695,0.661,0.575,0.672,0.661,0.705,0.693,0.641,0.745,0.588,0.689,0.759,0.625,0.602,0.716,0.708,0.645,0.786,0.777,0.771,0.67,0.683,0.642,0.66,0.62,0.694,0.688,0.775,0.764,0.69,0.753,0.708,0.689,0.644,0.819,0.556,0.65,0.751,0.663,0.681,0.687,0.665,0.71,0.663,0.638,0.641,0.576,0.695,0.646,0.594,0.683,0.716,0.632,0.69,0.729,0.595,0.679,0.701,0.693,0.618,0.692,0.698,0.684,0.68,0.703,0.688,0.617,0.662,0.596,0.657,0.722,0.656,0.676,0.772,0.987,0.716,1.04,0.843,0.882,1.01,1.01,1.08,0.922,1.1,0.953,1.02,0.927,0.892,0.98,0.882,0.964,0.971,0.957,0.93,1.02,1.14,1.0,1.1,1.08,1.05,1.05,0.992,1.09,1.09,1.08,1.06,1.01,1.02,1.01,0.999,0.969,0.968,1.07,1.05,1.02,0.982,1.09,0.942,1.01,1.01,1.12,1.16,1.09,0.991,1.03,1.02,0.958,0.968,0.916,0.905,1.15,1.19,1.06,1.01,1.11,1.21,1.24,1.12,1.17,0.991,1.14,1.14,1.19,1.14,1.18,1.16,1.13,0.915,1.18,1.16,1.19,1.09,1.23,1.07,1.13,1.05,0.995,1.07,1.07,1.12,1.17,1.13,1.13,1.14,1.17,1.11,1.13,1.19,1.2,1.13,1.09,1.03,1.15,1.1,1.25,1.19,1.29,1.2,1.17,1.2,1.13,1.08,1.46,1.18,1.36,1.13,1.08,1.07,1.14,1.04,1.02,1.03,1.04,1.01,0.937,0.967,1.06,1.21,1.17,0.946,1.07,1.17,1.12,1.14,1.14,1.18,1.09,1.14,1.09,1.11,1.13,0.996,1.01,1.04,1.06,1.14,1.13,1.06,1.13,1.13,1.06,1.09,1.12,1.11,1.14,1.28,1.18,1.1,1.07,1.15,1.07,1.11,1.12,1.15,0.931,1.01,0.954,1.06,1.21,1.08,1.11,1.2,1.18,1.08,1.12,1.2,1.25,1.21,1.21,1.26,1.2,1.25,1.11,1.15,1.37,1.4,1.08,1.23,1.15,1.34,1.06,1.09,1.17,1.2,1.01,1.12,1.28,1.2,1.11,1.02,1.08,1.06,1.2,1.17
018_S_0055,805.0,149.0,13.4,0.385,0.369,0.557,0.528,0.569,0.641,0.632,0.678,0.61,0.706,0.653,0.575,0.642,0.508,0.575,0.576,0.543,0.606,0.635,0.605,0.673,0.633,0.692,0.615,0.651,0.654,0.624,0.593,0.634,0.585,0.674,0.656,0.544,0.523,0.657,0.711,0.576,0.59,0.712,0.67,0.787,0.688,0.673,0.723,0.679,0.711,0.612,0.689,0.776,0.716,0.692,0.738,0.537,0.537,0.791,0.649,0.56,0.676,0.646,0.718,0.631,0.61,0.679,0.655,0.619,0.629,0.594,0.557,0.542,0.55,0.659,0.7,0.669,0.655,0.636,0.672,0.675,0.687,0.662,0.652,0.682,0.709,0.597,0.614,0.685,0.656,0.627,0.712,0.602,0.665,0.612,0.713,0.675,0.6,0.64,0.597,0.666,0.626,0.613,0.745,0.666,0.678,0.631,0.589,0.681,0.642,0.654,0.707,0.655,0.659,0.64,0.562,0.643,0.666,0.61,0.686,0.626,0.699,0.635,0.644,0.622,0.577,0.617,0.71,0.636,0.693,0.698,0.666,0.589,0.65,0.651,0.692,0.717,0.658,0.742,0.602,0.722,0.775,0.627,0.608,0.721,0.727,0.668,0.775,0.792,0.775,0.671,0.687,0.659,0.632,0.645,0.696,0.697,0.774,0.791,0.703,0.744,0.704,0.676,0.606,0.802,0.546,0.646,0.736,0.695,0.702,0.707,0.689,0.696,0.665,0.643,0.644,0.594,0.69,0.694,0.605,0.665,0.717,0.643,0.703,0.721,0.592,0.676,0.694,0.638,0.615,0.71,0.682,0.677,0.681,0.68,0.654,0.612,0.636,0.586,0.657,0.732,0.665,0.668,0.755,1.01,0.74,1.06,0.853,0.918,1.04,1.08,1.11,0.972,1.13,0.997,1.08,0.959,0.945,0.942,0.935,0.988,0.976,0.981,0.909,1.01,1.14,1.01,1.1,1.08,1.08,1.1,1.04,1.1,1.1,1.12,1.13,1.05,1.05,1.02,0.985,0.949,0.983,1.06,1.07,1.07,1.02,1.13,0.994,1.01,1.07,1.12,1.17,1.13,1.01,1.08,1.1,0.922,1.02,0.884,0.882,1.21,1.14,1.05,0.984,1.06,1.21,1.17,1.13,1.21,0.975,1.18,1.16,1.2,1.21,1.29,1.26,1.2,0.926,1.24,1.14,1.21,1.13,1.28,1.12,1.21,1.07,0.984,1.12,1.12,1.16,1.18,1.22,1.16,1.19,1.22,1.19,1.27,1.23,1.23,1.23,1.18,1.1,1.14,1.12,1.22,1.21,1.29,1.24,1.24,1.28,1.23,1.04,1.45,1.3,1.44,1.16,1.12,1.1,1.16,1.1,1.05,1.05,1.01,1.12,0.826,0.755,1.03,1.21,1.19,0.98,1.11,1.18,1.14,1.2,1.16,1.22,1.17,1.15,1.12,1.15,1.19,1.04,1.03,1.04,1.13,1.19,1.21,1.18,1.21,1.25,1.13,1.19,1.24,0.954,1.16,1.29,1.24,1.19,1.11,1.14,1.13,1.17,1.15,1.19,0.906,1.06,0.988,1.12,1.24,1.12,1.16,1.26,1.19,1.08,1.17,1.22,1.3,1.15,1.26,1.25,1.32,1.36,0.969,1.15,1.38,1.39,1.08,1.27,1.24,1.46,1.15,1.09,1.1,1.23,0.96,1.1,1.32,1.27,1.21,1.04,1.03,1.13,1.18,1.2
018_S_0286,643.0,417.0,40.3,0.409,0.386,0.576,0.547,0.585,0.639,0.638,0.688,0.623,0.718,0.66,0.585,0.663,0.506,0.576,0.583,0.554,0.623,0.615,0.592,0.681,0.628,0.69,0.609,0.654,0.656,0.628,0.599,0.628,0.6,0.67,0.662,0.557,0.541,0.659,0.701,0.566,0.596,0.718,0.662,0.78,0.692,0.667,0.727,0.701,0.716,0.614,0.708,0.777,0.712,0.675,0.743,0.539,0.544,0.779,0.65,0.543,0.683,0.677,0.716,0.637,0.625,0.695,0.686,0.636,0.63,0.578,0.541,0.544,0.552,0.662,0.707,0.678,0.661,0.657,0.641,0.68,0.705,0.665,0.665,0.668,0.712,0.601,0.605,0.68,0.631,0.613,0.704,0.594,0.673,0.643,0.689,0.678,0.614,0.632,0.591,0.673,0.616,0.59,0.748,0.666,0.655,0.635,0.595,0.676,0.645,0.652,0.699,0.627,0.666,0.641,0.565,0.607,0.63,0.669,0.675,0.625,0.684,0.632,0.667,0.628,0.614,0.627,0.708,0.63,0.694,0.699,0.667,0.595,0.67,0.647,0.717,0.702,0.635,0.737,0.592,0.691,0.773,0.626,0.602,0.719,0.721,0.63,0.777,0.776,0.782,0.696,0.704,0.696,0.684,0.624,0.692,0.677,0.759,0.76,0.668,0.735,0.691,0.684,0.63,0.792,0.546,0.643,0.72,0.717,0.683,0.686,0.668,0.706,0.661,0.639,0.645,0.597,0.672,0.671,0.618,0.662,0.727,0.654,0.649,0.725,0.581,0.682,0.683,0.631,0.614,0.692,0.681,0.681,0.669,0.669,0.636,0.608,0.637,0.581,0.631,0.71,0.669,0.637,0.767,0.992,0.694,1.06,0.853,0.898,1.04,1.06,1.11,0.936,1.1,0.975,1.13,0.935,0.92,1.03,0.976,0.988,1.03,1.03,0.979,1.06,1.06,0.995,1.07,0.95,1.04,1.08,1.04,1.04,1.04,1.06,1.06,1.04,1.01,1.01,0.973,1.02,1.05,1.06,1.02,1.12,0.98,1.08,0.952,0.968,1.04,0.934,1.15,1.04,0.971,1.05,1.01,0.919,0.866,0.866,0.906,1.01,0.998,0.996,0.993,1.12,1.11,1.07,1.01,1.1,0.937,0.865,0.946,1.07,1.1,1.12,1.15,1.23,0.819,0.958,1.1,1.15,1.1,1.16,1.03,1.1,1.0,0.821,0.851,0.996,0.997,0.988,1.14,1.15,1.22,1.19,1.18,1.07,1.15,1.14,1.1,1.07,1.01,0.953,0.989,1.3,1.2,1.27,1.25,1.28,1.32,1.24,1.11,1.56,1.23,1.4,1.18,1.14,1.2,1.36,1.16,1.1,1.14,1.17,1.14,1.22,1.26,1.09,1.25,1.16,0.934,1.08,1.22,1.16,1.24,1.13,1.13,1.19,1.32,1.11,1.23,1.13,0.981,1.29,1.14,1.11,1.17,1.26,1.15,1.24,1.21,1.24,1.23,1.29,1.35,1.15,1.27,1.21,1.13,1.03,1.16,1.1,1.22,1.1,1.14,0.891,0.969,0.943,1.12,1.16,1.09,1.2,1.22,1.19,1.05,1.05,1.0,1.18,1.15,1.26,1.3,1.19,1.24,1.25,1.16,1.43,1.43,1.03,1.13,1.26,1.33,1.05,1.07,1.19,1.13,0.933,1.2,1.3,1.19,1.06,0.977,1.13,1.04,1.14,1.15
018_S_4733,801.0,212.0,17.3,0.42,0.388,0.566,0.547,0.58,0.641,0.647,0.692,0.624,0.723,0.663,0.589,0.641,0.515,0.581,0.58,0.536,0.592,0.627,0.606,0.701,0.626,0.695,0.621,0.645,0.658,0.616,0.585,0.639,0.609,0.684,0.664,0.544,0.515,0.655,0.72,0.54,0.574,0.703,0.662,0.795,0.691,0.659,0.729,0.686,0.716,0.596,0.699,0.779,0.71,0.695,0.74,0.548,0.55,0.789,0.673,0.549,0.68,0.621,0.727,0.613,0.615,0.693,0.659,0.609,0.63,0.596,0.554,0.546,0.565,0.647,0.701,0.67,0.655,0.63,0.662,0.655,0.687,0.665,0.673,0.692,0.704,0.597,0.625,0.685,0.635,0.643,0.712,0.603,0.669,0.633,0.72,0.683,0.604,0.624,0.593,0.688,0.644,0.598,0.761,0.682,0.686,0.655,0.615,0.69,0.654,0.671,0.721,0.633,0.688,0.634,0.586,0.605,0.631,0.597,0.655,0.599,0.688,0.592,0.633,0.597,0.57,0.61,0.708,0.635,0.695,0.709,0.637,0.597,0.659,0.667,0.711,0.676,0.64,0.737,0.583,0.683,0.764,0.632,0.607,0.698,0.717,0.638,0.766,0.786,0.782,0.673,0.688,0.658,0.642,0.63,0.684,0.662,0.764,0.786,0.688,0.738,0.718,0.7,0.618,0.808,0.532,0.655,0.758,0.718,0.696,0.636,0.688,0.701,0.666,0.657,0.661,0.587,0.671,0.652,0.571,0.661,0.714,0.631,0.669,0.717,0.571,0.679,0.672,0.646,0.608,0.701,0.687,0.679,0.677,0.677,0.648,0.617,0.662,0.623,0.682,0.714,0.672,0.659,0.766,1.03,0.755,1.03,0.886,0.919,0.998,1.11,1.1,0.987,1.1,1.0,1.05,0.989,0.981,1.06,1.01,1.05,1.09,1.09,1.04,0.991,1.15,1.06,1.14,1.05,1.12,1.17,1.07,1.14,1.1,1.04,1.01,1.0,0.964,0.978,1.01,1.08,1.04,1.11,1.08,1.19,1.05,1.11,0.978,1.03,1.1,0.986,1.11,1.11,0.987,1.14,1.12,1.01,1.0,0.939,0.927,1.09,0.933,0.914,0.949,1.04,1.17,1.15,1.08,1.17,0.976,1.05,0.954,1.07,1.16,1.17,1.08,1.07,0.872,0.953,1.03,1.05,1.1,1.04,1.12,1.18,1.07,1.05,1.06,1.03,1.08,1.03,1.1,1.06,1.15,1.14,1.25,1.22,1.19,1.21,1.0,1.11,1.05,1.08,1.02,1.41,1.09,1.16,1.1,1.07,1.14,1.18,1.07,1.39,1.19,1.31,1.11,1.19,1.23,1.23,1.18,1.13,1.2,1.2,1.21,1.21,1.28,1.17,1.26,1.19,1.03,1.16,1.25,1.22,1.31,1.12,1.05,1.1,0.982,0.938,0.974,1.24,1.04,1.04,1.06,1.14,1.13,1.22,1.2,1.24,1.23,1.13,1.17,1.1,1.25,1.05,1.21,1.13,1.18,1.1,0.984,1.19,1.24,1.17,1.17,0.967,1.03,1.01,1.16,0.966,0.984,1.09,1.19,1.14,1.02,1.08,1.04,0.981,0.986,1.12,1.15,1.25,1.15,1.12,1.09,1.15,1.05,1.01,1.02,1.01,1.19,1.06,1.01,1.04,1.14,1.02,1.06,1.26,0.986,1.04,1.09,1.11,1.12,1.04,1.14
019_S_5012,458.0,312.0,34.0,0.41,0.385,0.583,0.538,0.57,0.631,0.644,0.693,0.622,0.717,0.663,0.573,0.648,0.503,0.57,0.586,0.509,0.604,0.64,0.593,0.692,0.627,0.693,0.605,0.648,0.663,0.624,0.595,0.649,0.61,0.681,0.661,0.553,0.524,0.67,0.696,0.597,0.581,0.709,0.649,0.794,0.689,0.666,0.745,0.691,0.707,0.599,0.702,0.779,0.714,0.687,0.742,0.559,0.549,0.779,0.65,0.572,0.67,0.643,0.725,0.633,0.6,0.707,0.652,0.616,0.617,0.593,0.535,0.544,0.546,0.642,0.696,0.668,0.655,0.627,0.678,0.666,0.688,0.634,0.655,0.65,0.699,0.598,0.617,0.679,0.655,0.615,0.708,0.596,0.673,0.638,0.677,0.614,0.598,0.639,0.587,0.688,0.636,0.591,0.748,0.68,0.684,0.646,0.606,0.67,0.637,0.658,0.709,0.623,0.672,0.615,0.583,0.599,0.628,0.616,0.628,0.609,0.666,0.617,0.633,0.616,0.564,0.617,0.699,0.619,0.682,0.699,0.632,0.551,0.658,0.652,0.698,0.721,0.638,0.735,0.61,0.693,0.758,0.632,0.576,0.695,0.71,0.639,0.786,0.768,0.766,0.667,0.686,0.666,0.653,0.606,0.674,0.659,0.757,0.791,0.674,0.724,0.684,0.668,0.61,0.789,0.541,0.645,0.734,0.647,0.673,0.651,0.685,0.684,0.65,0.65,0.641,0.562,0.659,0.64,0.572,0.657,0.72,0.637,0.686,0.715,0.555,0.673,0.673,0.662,0.596,0.691,0.671,0.672,0.672,0.66,0.647,0.616,0.643,0.6,0.669,0.732,0.642,0.666,0.772,1.02,0.736,1.09,0.901,0.966,1.08,1.13,1.13,1.01,1.18,1.03,1.15,1.02,1.03,1.06,1.07,1.06,1.11,1.11,1.05,1.0,1.15,1.07,1.15,1.07,1.08,1.22,1.12,1.1,1.11,1.12,1.1,1.1,1.09,1.08,1.02,1.11,1.03,1.13,1.12,1.14,1.07,1.14,0.996,1.07,1.08,1.04,1.16,1.13,1.04,1.11,1.13,1.06,1.1,1.0,0.909,1.17,1.06,1.08,1.03,1.12,1.19,1.14,1.15,1.17,1.04,1.12,1.09,1.12,1.18,1.15,1.25,1.22,0.935,1.09,1.19,1.19,1.16,1.22,1.11,1.18,1.08,1.04,1.1,1.16,1.13,1.08,1.16,1.12,1.21,1.24,1.11,1.25,1.2,1.2,1.15,1.18,1.06,1.17,1.11,1.3,1.26,1.31,1.36,1.25,1.37,1.17,1.17,1.57,1.34,1.46,1.27,1.21,1.22,1.27,1.19,1.14,1.22,1.25,1.22,1.13,1.21,1.19,1.16,1.26,1.03,1.17,1.25,1.23,1.35,1.15,1.2,1.19,1.26,1.07,1.17,1.2,1.11,1.1,1.13,1.18,1.19,1.21,1.22,1.29,1.26,1.14,1.17,1.13,1.25,1.13,1.26,1.24,1.19,1.1,0.959,1.16,1.24,1.11,1.19,1.0,1.13,1.04,1.2,1.11,1.15,1.19,1.17,1.14,1.08,1.15,1.13,1.15,1.12,1.21,1.24,1.28,1.22,1.09,1.25,1.34,1.23,1.09,1.16,1.24,1.29,1.01,1.07,1.0,1.25,1.01,1.19,1.28,1.19,1.15,1.12,1.11,1.16,1.21,1.24
019_S_5019,588.0,363.0,36.6,0.391,0.355,0.559,0.524,0.57,0.632,0.638,0.69,0.604,0.71,0.648,0.569,0.641,0.485,0.573,0.58,0.501,0.582,0.622,0.611,0.678,0.631,0.689,0.617,0.647,0.645,0.637,0.606,0.651,0.598,0.672,0.687,0.504,0.51,0.659,0.673,0.552,0.546,0.705,0.652,0.794,0.683,0.655,0.726,0.7,0.716,0.612,0.678,0.775,0.706,0.704,0.758,0.545,0.552,0.791,0.663,0.544,0.667,0.651,0.709,0.642,0.617,0.676,0.691,0.641,0.63,0.583,0.559,0.558,0.547,0.643,0.689,0.655,0.652,0.631,0.66,0.682,0.688,0.655,0.666,0.678,0.71,0.599,0.61,0.69,0.656,0.642,0.711,0.62,0.69,0.652,0.715,0.682,0.588,0.621,0.581,0.693,0.653,0.617,0.762,0.687,0.67,0.654,0.605,0.668,0.655,0.674,0.731,0.657,0.691,0.647,0.559,0.621,0.681,0.623,0.639,0.573,0.669,0.611,0.624,0.579,0.547,0.604,0.701,0.611,0.671,0.703,0.598,0.542,0.67,0.654,0.708,0.696,0.642,0.737,0.603,0.686,0.766,0.614,0.566,0.709,0.711,0.643,0.785,0.763,0.767,0.678,0.693,0.668,0.637,0.626,0.682,0.663,0.764,0.806,0.68,0.757,0.711,0.707,0.604,0.802,0.548,0.649,0.744,0.699,0.681,0.677,0.678,0.692,0.666,0.642,0.644,0.545,0.659,0.646,0.586,0.675,0.726,0.648,0.67,0.735,0.589,0.678,0.707,0.682,0.634,0.672,0.686,0.663,0.669,0.68,0.663,0.605,0.645,0.627,0.678,0.702,0.649,0.667,0.768,0.967,0.674,1.05,0.836,0.866,1.02,1.07,1.09,0.947,1.07,0.958,1.1,0.938,0.922,1.03,0.997,0.987,1.03,1.07,1.0,1.07,1.18,1.03,1.14,1.08,1.08,1.23,1.06,1.08,0.993,1.01,0.954,1.02,0.993,1.05,0.979,1.04,1.02,1.1,1.08,1.1,1.02,1.13,0.91,0.968,1.07,1.08,1.2,1.12,0.967,1.1,1.06,0.95,1.01,0.892,0.863,1.07,1.05,1.02,0.99,1.09,1.22,1.18,1.09,1.14,0.992,1.07,1.08,1.21,1.23,1.22,1.11,1.18,0.877,1.11,1.14,1.1,1.1,1.16,1.05,1.19,1.05,1.04,1.1,1.08,1.12,1.15,1.22,1.25,1.17,1.26,1.18,1.2,1.25,1.34,1.13,1.13,1.03,1.16,1.07,1.4,0.969,1.22,1.14,0.932,1.12,1.14,1.1,1.43,1.18,1.33,1.05,1.18,1.17,1.24,1.18,1.02,1.13,1.14,1.13,1.02,1.18,1.14,1.21,1.11,0.936,1.09,1.17,1.15,1.31,1.1,0.983,0.958,1.12,0.944,0.943,1.21,0.943,1.09,1.09,1.06,1.07,1.19,1.19,1.24,1.17,1.13,1.16,1.15,1.1,1.02,1.23,1.19,1.06,1.05,1.11,1.08,1.11,1.09,1.17,0.918,0.974,0.92,1.13,0.937,1.03,1.15,1.16,1.18,0.999,1.02,0.968,0.993,1.0,1.18,1.17,1.18,1.22,1.12,1.14,1.2,1.29,0.999,1.03,1.16,1.22,1.01,1.02,1.06,1.11,0.89,1.16,1.33,0.967,0.89,0.997,0.994,1.08,1.05,1.11
020_S_0097,777.0,217.0,18.1,0.396,0.358,0.544,0.518,0.565,0.627,0.631,0.677,0.601,0.705,0.652,0.572,0.641,0.488,0.576,0.582,0.527,0.598,0.626,0.606,0.681,0.645,0.697,0.624,0.646,0.661,0.626,0.605,0.647,0.597,0.683,0.673,0.534,0.514,0.662,0.694,0.58,0.571,0.721,0.67,0.798,0.694,0.674,0.741,0.692,0.718,0.613,0.689,0.781,0.716,0.696,0.771,0.551,0.556,0.788,0.669,0.542,0.689,0.662,0.719,0.618,0.616,0.693,0.7,0.64,0.631,0.593,0.546,0.55,0.547,0.668,0.696,0.665,0.658,0.645,0.683,0.68,0.7,0.673,0.682,0.693,0.707,0.605,0.623,0.694,0.663,0.627,0.712,0.593,0.687,0.635,0.713,0.699,0.599,0.649,0.606,0.676,0.63,0.622,0.768,0.672,0.669,0.646,0.596,0.679,0.651,0.665,0.705,0.653,0.672,0.651,0.56,0.638,0.672,0.667,0.674,0.61,0.71,0.617,0.67,0.627,0.617,0.61,0.719,0.652,0.691,0.712,0.665,0.589,0.669,0.654,0.713,0.711,0.641,0.753,0.617,0.712,0.767,0.624,0.608,0.707,0.724,0.68,0.778,0.785,0.801,0.699,0.711,0.688,0.682,0.644,0.709,0.684,0.772,0.798,0.701,0.778,0.722,0.704,0.619,0.811,0.557,0.651,0.753,0.688,0.693,0.695,0.695,0.696,0.672,0.648,0.655,0.594,0.71,0.682,0.603,0.694,0.735,0.67,0.683,0.735,0.604,0.692,0.702,0.694,0.623,0.69,0.687,0.676,0.686,0.7,0.665,0.614,0.642,0.585,0.657,0.728,0.666,0.668,0.749,0.896,0.653,0.945,0.768,0.833,0.971,0.997,1.01,0.905,1.05,0.932,1.05,0.892,0.863,0.935,0.894,0.93,0.968,0.925,0.909,1.03,1.16,1.02,1.07,1.07,1.04,1.02,1.02,1.03,0.984,0.999,1.02,1.03,0.985,1.03,0.991,0.968,0.971,1.07,1.1,1.07,0.973,1.1,0.89,0.951,0.995,1.15,1.19,1.07,0.94,1.02,1.05,0.908,0.95,0.878,0.866,1.1,1.2,1.1,1.05,1.03,1.26,1.2,1.06,1.2,0.96,1.11,1.17,1.22,1.2,1.25,1.19,1.2,0.859,1.18,1.18,1.17,1.12,1.26,1.05,1.15,1.02,0.993,1.11,1.06,1.14,1.2,1.17,1.17,1.15,1.15,1.12,1.19,1.25,1.28,1.13,1.12,1.03,1.16,1.06,1.18,1.11,1.16,1.19,1.12,1.24,0.972,1.05,1.36,1.24,1.34,1.08,1.06,1.1,1.27,1.05,1.04,1.05,1.07,1.08,1.04,1.11,1.07,1.17,1.2,0.933,1.07,1.13,1.09,1.16,1.1,1.07,1.07,1.2,1.06,1.16,1.09,1.04,1.22,1.08,1.04,1.16,1.21,1.09,1.19,1.14,1.13,1.2,1.31,1.28,1.17,1.18,1.18,1.09,1.04,1.14,1.09,1.09,1.13,1.12,0.952,1.08,0.978,1.09,1.27,1.09,1.11,1.19,1.17,1.09,1.14,1.22,1.34,1.26,1.28,1.25,1.19,1.22,1.29,1.15,1.5,1.53,1.12,1.25,1.16,1.44,1.1,1.07,1.14,1.25,0.927,1.11,1.27,1.25,1.07,1.05,1.05,1.05,1.17,1.12
020_S_0213,986.0,579.0,63.0,0.39,0.356,0.543,0.516,0.561,0.635,0.629,0.677,0.6,0.72,0.647,0.569,0.628,0.479,0.567,0.572,0.522,0.59,0.637,0.615,0.68,0.64,0.691,0.614,0.649,0.645,0.625,0.6,0.634,0.589,0.68,0.671,0.54,0.526,0.654,0.687,0.571,0.567,0.72,0.672,0.791,0.682,0.658,0.735,0.679,0.716,0.587,0.676,0.776,0.716,0.687,0.752,0.536,0.539,0.786,0.656,0.547,0.678,0.641,0.721,0.608,0.621,0.679,0.676,0.636,0.616,0.589,0.557,0.518,0.542,0.659,0.697,0.674,0.64,0.636,0.633,0.673,0.685,0.644,0.661,0.695,0.693,0.586,0.614,0.69,0.646,0.625,0.705,0.58,0.654,0.633,0.708,0.698,0.61,0.636,0.611,0.684,0.645,0.618,0.745,0.674,0.659,0.642,0.587,0.688,0.648,0.664,0.704,0.657,0.711,0.645,0.556,0.633,0.674,0.622,0.659,0.63,0.693,0.638,0.666,0.623,0.594,0.61,0.722,0.652,0.696,0.704,0.649,0.612,0.677,0.657,0.71,0.714,0.636,0.746,0.613,0.698,0.77,0.633,0.584,0.717,0.713,0.642,0.773,0.78,0.775,0.678,0.683,0.647,0.668,0.621,0.686,0.679,0.776,0.791,0.683,0.745,0.706,0.683,0.614,0.798,0.534,0.642,0.748,0.687,0.667,0.687,0.673,0.721,0.665,0.638,0.65,0.58,0.673,0.658,0.589,0.672,0.716,0.644,0.654,0.722,0.599,0.668,0.71,0.677,0.622,0.693,0.688,0.672,0.688,0.669,0.661,0.63,0.644,0.621,0.661,0.726,0.662,0.664,0.771,0.981,0.73,1.01,0.835,0.85,0.889,1.09,1.1,0.946,1.12,0.963,1.02,0.972,0.943,1.03,0.991,0.977,1.05,1.06,0.969,1.04,1.18,1.04,1.15,0.985,0.989,1.18,1.06,0.884,0.824,0.876,0.734,0.77,0.808,0.986,0.957,0.844,0.919,1.05,0.993,1.15,1.04,1.13,0.96,1.01,1.1,0.882,1.16,1.16,1.0,1.11,1.1,0.93,0.915,0.858,0.853,0.884,0.701,0.872,0.824,0.949,1.21,1.09,1.09,1.12,0.957,0.849,0.824,1.06,1.17,1.23,0.944,0.885,0.867,0.724,1.03,0.968,1.02,0.927,1.1,1.18,1.11,0.899,0.861,1.02,0.999,0.898,1.22,1.19,1.19,1.18,1.24,1.24,1.22,1.25,0.782,1.09,0.982,1.02,0.86,1.31,1.19,1.13,1.23,1.18,1.22,1.12,1.19,1.41,1.37,1.36,1.22,1.15,1.25,1.23,1.15,1.05,1.19,1.1,1.24,1.15,1.19,1.18,1.41,1.32,1.02,1.15,1.27,1.25,1.31,1.12,1.04,0.989,0.954,0.885,0.962,1.21,0.99,0.977,1.05,1.12,1.3,1.25,1.14,1.33,1.33,1.17,1.22,1.09,1.24,1.2,1.36,1.31,1.22,1.14,1.24,1.21,1.25,1.28,1.29,1.02,1.1,1.02,1.19,0.923,1.1,1.23,1.31,1.29,1.09,1.16,1.02,0.95,1.11,1.23,1.26,1.26,1.35,1.22,1.17,1.22,0.967,1.1,1.01,1.23,1.13,1.2,1.13,1.26,1.28,1.08,1.3,1.44,1.05,1.11,1.11,1.19,1.08,1.15,1.24
021_S_0159,623.0,107.0,9.74,0.377,0.341,0.537,0.508,0.557,0.627,0.613,0.664,0.58,0.689,0.631,0.567,0.614,0.452,0.547,0.537,0.498,0.59,0.593,0.583,0.666,0.623,0.674,0.598,0.632,0.644,0.622,0.578,0.626,0.573,0.67,0.66,0.512,0.494,0.644,0.67,0.547,0.554,0.703,0.662,0.788,0.673,0.664,0.717,0.696,0.706,0.596,0.696,0.767,0.695,0.663,0.716,0.524,0.545,0.744,0.634,0.53,0.677,0.651,0.697,0.611,0.609,0.666,0.648,0.636,0.603,0.601,0.524,0.53,0.542,0.658,0.688,0.643,0.637,0.631,0.657,0.656,0.679,0.654,0.65,0.675,0.675,0.587,0.621,0.694,0.649,0.601,0.707,0.601,0.685,0.642,0.685,0.678,0.577,0.638,0.575,0.669,0.615,0.592,0.76,0.666,0.673,0.645,0.595,0.671,0.649,0.647,0.692,0.635,0.658,0.631,0.556,0.62,0.686,0.644,0.649,0.642,0.708,0.649,0.726,0.584,0.614,0.608,0.679,0.61,0.657,0.692,0.645,0.554,0.672,0.648,0.67,0.7,0.63,0.747,0.627,0.68,0.769,0.608,0.588,0.729,0.713,0.649,0.762,0.774,0.774,0.696,0.687,0.655,0.689,0.645,0.691,0.688,0.744,0.774,0.665,0.718,0.658,0.667,0.611,0.764,0.553,0.626,0.728,0.682,0.68,0.688,0.654,0.688,0.636,0.652,0.64,0.517,0.664,0.68,0.599,0.644,0.732,0.704,0.68,0.716,0.58,0.658,0.65,0.691,0.596,0.674,0.668,0.675,0.66,0.651,0.666,0.603,0.647,0.536,0.636,0.714,0.631,0.618,0.747,0.992,0.706,1.04,0.876,0.93,1.1,1.08,1.07,0.974,1.07,0.967,1.12,0.932,0.977,1.07,1.01,1.01,1.03,1.05,1.03,0.932,1.17,1.01,1.06,1.09,1.03,1.12,1.07,1.07,1.07,1.1,1.19,1.18,1.07,1.07,1.0,1.08,1.1,1.13,1.1,1.06,1.01,1.09,0.97,0.991,1.02,1.13,1.15,1.08,0.991,1.04,1.08,0.952,1.0,0.882,0.842,1.19,1.28,1.09,1.09,1.14,1.14,1.04,1.08,1.19,0.998,1.16,1.2,1.09,1.21,1.17,1.27,1.35,0.929,1.23,1.12,1.21,1.13,1.18,1.03,1.16,1.05,0.993,1.12,1.08,1.12,1.16,1.16,1.12,1.11,1.14,1.05,1.17,1.1,1.14,1.27,1.13,1.08,1.11,1.06,1.16,1.2,1.2,1.19,1.22,1.28,1.13,1.03,1.33,1.2,1.32,1.15,1.1,1.15,1.26,1.22,1.19,1.26,1.21,1.23,1.25,1.27,1.26,1.04,1.18,0.927,1.06,1.08,1.08,1.23,1.08,1.18,1.21,1.33,1.13,1.34,1.14,1.09,1.34,1.23,1.17,1.09,1.18,1.07,1.09,1.13,1.14,1.17,1.36,1.18,1.15,1.24,1.21,1.07,1.05,1.11,1.16,1.08,1.06,1.19,0.863,1.02,0.907,1.05,1.36,1.14,1.32,1.11,1.12,1.07,1.11,1.2,1.34,1.22,1.24,1.1,1.25,1.26,1.21,1.23,1.37,1.55,1.16,1.24,1.28,1.5,1.06,1.04,1.06,1.19,0.926,1.15,1.15,1.26,1.16,0.988,0.964,1.01,1.14,1.13
021_S_0984,200.0,323.0,36.0,0.364,0.334,0.531,0.505,0.543,0.62,0.611,0.653,0.575,0.678,0.618,0.551,0.622,0.449,0.554,0.54,0.491,0.582,0.601,0.593,0.655,0.606,0.668,0.581,0.62,0.619,0.613,0.589,0.629,0.56,0.653,0.647,0.512,0.495,0.621,0.675,0.549,0.546,0.713,0.653,0.759,0.653,0.652,0.712,0.686,0.698,0.602,0.689,0.739,0.689,0.663,0.736,0.512,0.537,0.762,0.644,0.527,0.664,0.639,0.698,0.6,0.606,0.683,0.656,0.615,0.602,0.573,0.545,0.524,0.527,0.658,0.681,0.668,0.624,0.62,0.668,0.674,0.681,0.644,0.651,0.677,0.692,0.555,0.608,0.676,0.626,0.614,0.692,0.586,0.675,0.623,0.694,0.684,0.602,0.623,0.604,0.663,0.637,0.596,0.759,0.657,0.657,0.637,0.591,0.67,0.639,0.665,0.711,0.641,0.649,0.638,0.555,0.608,0.648,0.652,0.65,0.6,0.678,0.638,0.674,0.604,0.611,0.608,0.688,0.606,0.671,0.693,0.65,0.557,0.641,0.644,0.685,0.678,0.641,0.756,0.598,0.696,0.764,0.638,0.594,0.721,0.703,0.649,0.757,0.762,0.772,0.672,0.699,0.668,0.673,0.612,0.684,0.676,0.758,0.769,0.673,0.731,0.682,0.669,0.603,0.783,0.518,0.629,0.732,0.634,0.678,0.69,0.667,0.69,0.626,0.637,0.632,0.569,0.636,0.683,0.605,0.665,0.725,0.67,0.668,0.721,0.6,0.658,0.692,0.668,0.613,0.693,0.675,0.673,0.662,0.668,0.662,0.615,0.636,0.543,0.659,0.706,0.645,0.639,0.748,0.922,0.649,0.959,0.791,0.829,0.984,1.02,1.05,0.933,1.07,1.0,1.07,0.949,0.957,1.08,1.07,1.03,1.14,1.08,1.03,0.807,0.972,0.952,1.07,1.07,1.04,1.14,1.07,1.02,1.01,1.06,1.04,1.05,1.04,1.05,1.01,1.01,1.06,1.15,1.04,1.05,0.945,1.08,0.942,0.998,1.14,1.05,1.24,1.06,0.959,1.1,1.09,0.978,0.982,0.942,0.854,1.13,1.14,1.09,1.04,1.19,1.28,1.23,1.13,1.3,1.0,1.14,1.15,1.2,1.22,1.25,1.25,1.19,0.884,1.14,1.25,1.14,1.12,1.16,1.08,1.18,1.04,0.98,1.06,0.998,1.14,1.15,1.16,1.23,1.22,1.22,1.1,1.22,1.07,1.24,1.17,1.14,0.97,1.12,1.13,1.31,1.26,1.26,1.36,1.31,1.33,1.22,1.18,1.47,1.26,1.39,1.15,1.29,1.25,1.4,1.31,1.26,1.28,1.31,1.3,1.26,1.35,1.24,1.05,1.17,0.964,1.14,1.22,1.21,1.29,1.16,1.26,1.28,1.29,1.25,1.29,1.24,1.04,1.3,1.25,1.18,1.22,1.34,1.16,1.2,1.18,1.24,1.16,1.28,1.34,1.25,1.33,1.32,1.17,1.09,1.16,1.15,1.17,1.12,1.27,0.916,1.02,1.0,1.11,1.28,1.27,1.2,1.3,1.3,1.11,1.1,1.21,1.36,1.34,1.4,1.38,1.31,1.26,1.24,1.21,1.45,1.47,1.14,1.29,1.29,1.38,1.08,1.06,1.12,1.21,0.914,1.24,1.34,1.31,1.12,1.04,0.973,1.13,1.2,1.29
021_S_1109,449.0,308.0,32.4,0.366,0.335,0.531,0.501,0.547,0.625,0.616,0.665,0.588,0.703,0.633,0.569,0.625,0.442,0.534,0.535,0.512,0.559,0.611,0.581,0.677,0.621,0.68,0.597,0.638,0.641,0.617,0.563,0.626,0.578,0.673,0.675,0.523,0.501,0.624,0.665,0.542,0.544,0.712,0.644,0.782,0.665,0.651,0.716,0.691,0.701,0.584,0.687,0.765,0.698,0.681,0.735,0.482,0.539,0.777,0.66,0.544,0.659,0.679,0.709,0.564,0.604,0.683,0.639,0.623,0.612,0.571,0.529,0.513,0.523,0.633,0.692,0.662,0.635,0.642,0.669,0.679,0.699,0.654,0.651,0.665,0.671,0.568,0.618,0.68,0.646,0.609,0.692,0.559,0.66,0.622,0.708,0.688,0.584,0.623,0.587,0.68,0.627,0.608,0.756,0.673,0.672,0.656,0.598,0.678,0.661,0.687,0.723,0.672,0.682,0.636,0.548,0.597,0.642,0.617,0.644,0.631,0.689,0.608,0.618,0.599,0.569,0.59,0.703,0.617,0.679,0.699,0.646,0.561,0.661,0.645,0.698,0.731,0.638,0.749,0.597,0.686,0.753,0.604,0.588,0.706,0.705,0.647,0.773,0.782,0.772,0.692,0.687,0.651,0.642,0.59,0.704,0.657,0.764,0.773,0.688,0.724,0.696,0.664,0.58,0.79,0.502,0.615,0.737,0.678,0.67,0.665,0.67,0.698,0.666,0.642,0.632,0.534,0.694,0.681,0.578,0.653,0.721,0.66,0.639,0.723,0.582,0.682,0.682,0.65,0.629,0.671,0.664,0.662,0.674,0.653,0.65,0.598,0.658,0.613,0.662,0.718,0.648,0.659,0.768,0.967,0.714,0.994,0.848,0.875,0.955,1.05,1.01,0.95,1.08,0.949,1.06,0.927,0.91,0.927,0.871,0.965,0.937,0.975,0.95,0.95,1.06,0.987,1.09,1.06,0.998,1.06,0.97,1.08,1.0,1.02,1.02,0.971,1.0,0.983,0.958,0.892,0.92,1.06,1.02,1.14,0.992,1.08,0.962,0.969,1.04,1.09,1.2,1.09,0.99,1.06,1.02,0.903,0.914,0.858,0.88,1.11,1.11,1.03,1.01,0.963,1.24,1.16,1.03,1.15,0.989,1.09,1.12,1.1,1.18,1.19,1.03,1.12,0.891,1.13,1.1,1.08,1.05,1.11,1.06,1.14,1.05,0.988,1.07,0.999,1.14,1.15,1.17,1.14,1.18,1.11,1.19,1.16,1.22,1.29,1.02,1.1,1.04,1.15,1.07,1.26,1.19,1.27,1.24,1.15,1.33,1.07,1.1,1.38,1.23,1.23,1.13,1.12,1.1,1.22,1.09,1.03,0.993,1.07,1.02,1.01,1.1,1.1,1.16,1.19,0.934,1.07,1.15,1.1,1.22,1.11,1.16,1.14,1.16,1.08,1.08,1.08,1.03,1.14,0.963,1.11,1.16,1.2,1.16,1.21,1.19,1.15,1.15,1.17,1.07,1.16,1.31,1.28,1.13,1.09,1.13,1.06,1.18,1.16,1.24,0.824,0.865,0.825,1.06,1.15,1.07,1.05,1.23,1.23,1.06,1.08,1.12,1.21,1.22,1.24,1.25,1.2,1.25,0.905,1.12,1.29,1.29,1.07,1.23,1.17,1.19,1.1,1.06,1.17,1.23,0.822,1.1,1.33,1.23,1.06,1.04,1.02,1.08,1.2,1.15
021_S_4718,412.0,330.0,29.8,0.383,0.347,0.557,0.533,0.576,0.618,0.623,0.658,0.586,0.684,0.628,0.578,0.614,0.444,0.536,0.521,0.485,0.576,0.583,0.584,0.664,0.616,0.667,0.599,0.632,0.631,0.606,0.554,0.627,0.579,0.673,0.643,0.539,0.466,0.623,0.66,0.541,0.549,0.682,0.636,0.762,0.662,0.642,0.711,0.654,0.7,0.591,0.682,0.76,0.689,0.657,0.723,0.513,0.532,0.755,0.633,0.562,0.658,0.653,0.69,0.537,0.601,0.657,0.639,0.599,0.59,0.585,0.515,0.473,0.541,0.637,0.69,0.643,0.629,0.634,0.627,0.654,0.67,0.632,0.666,0.662,0.664,0.564,0.616,0.699,0.64,0.623,0.684,0.575,0.642,0.595,0.679,0.666,0.56,0.605,0.598,0.666,0.63,0.594,0.743,0.673,0.664,0.639,0.585,0.654,0.601,0.651,0.694,0.61,0.643,0.612,0.538,0.552,0.608,0.564,0.604,0.554,0.638,0.564,0.576,0.571,0.55,0.588,0.685,0.601,0.656,0.689,0.623,0.513,0.648,0.635,0.668,0.677,0.607,0.723,0.566,0.668,0.729,0.595,0.581,0.675,0.679,0.637,0.753,0.781,0.76,0.651,0.663,0.61,0.605,0.567,0.674,0.679,0.755,0.751,0.667,0.728,0.699,0.678,0.611,0.776,0.548,0.635,0.709,0.641,0.658,0.617,0.626,0.71,0.626,0.649,0.594,0.493,0.652,0.65,0.526,0.644,0.717,0.598,0.64,0.706,0.534,0.65,0.659,0.658,0.591,0.666,0.662,0.664,0.654,0.68,0.656,0.604,0.603,0.569,0.635,0.742,0.633,0.646,0.744,1.07,0.721,1.05,0.87,0.921,1.05,1.1,1.13,0.967,1.11,0.985,1.12,0.952,0.933,1.03,0.956,0.987,1.08,1.05,0.993,1.01,1.16,1.0,1.17,1.11,1.06,1.13,1.12,1.11,1.09,1.1,1.08,1.08,0.977,1.02,0.976,1.0,0.991,1.15,1.06,1.05,0.993,1.13,0.991,1.01,1.1,1.06,1.22,1.09,1.0,1.09,1.05,0.924,0.958,0.879,0.851,1.1,1.11,0.99,0.964,1.02,1.23,1.19,1.09,1.24,1.01,1.06,1.14,1.33,1.25,1.26,1.27,1.21,0.904,1.16,1.16,1.15,1.08,1.16,1.07,1.24,1.07,1.04,1.06,1.16,1.13,1.17,1.22,1.19,1.21,1.29,1.17,1.22,1.27,1.34,1.14,1.1,0.996,1.16,1.05,1.42,1.09,1.26,1.23,1.19,1.26,1.21,1.12,1.47,1.23,1.35,1.16,1.01,1.16,1.24,0.969,0.99,1.15,1.07,1.16,1.06,1.15,1.06,1.13,1.08,0.935,1.06,1.15,1.15,1.18,1.07,1.07,1.01,1.01,0.985,1.01,1.16,0.985,1.06,1.03,1.04,1.1,1.14,1.16,1.16,1.2,1.09,1.13,1.09,1.13,1.08,1.27,1.29,1.14,1.09,1.02,1.13,1.18,1.07,1.26,0.841,0.881,0.836,1.09,0.971,0.983,1.13,1.2,1.16,1.02,0.969,0.964,1.02,1.05,1.24,1.17,1.26,1.31,1.09,1.18,1.18,1.19,1.05,1.03,1.2,1.22,1.0,1.05,1.11,1.14,0.848,1.25,1.36,1.03,1.07,1.03,1.05,1.07,0.989,1.01
021_S_4924,474.0,372.0,33.2,0.376,0.352,0.549,0.525,0.547,0.634,0.618,0.67,0.593,0.706,0.632,0.568,0.615,0.435,0.547,0.534,0.486,0.559,0.579,0.587,0.671,0.624,0.673,0.596,0.628,0.635,0.606,0.553,0.629,0.576,0.655,0.646,0.535,0.489,0.633,0.67,0.567,0.55,0.686,0.635,0.779,0.664,0.653,0.719,0.667,0.71,0.596,0.678,0.759,0.69,0.673,0.73,0.527,0.532,0.762,0.651,0.53,0.622,0.629,0.646,0.582,0.599,0.648,0.639,0.576,0.601,0.566,0.536,0.487,0.525,0.641,0.682,0.649,0.621,0.621,0.585,0.652,0.674,0.632,0.662,0.67,0.687,0.574,0.613,0.65,0.646,0.595,0.681,0.574,0.636,0.596,0.691,0.672,0.59,0.596,0.581,0.685,0.653,0.606,0.758,0.666,0.65,0.638,0.574,0.675,0.628,0.655,0.71,0.632,0.668,0.598,0.528,0.575,0.63,0.587,0.617,0.582,0.663,0.623,0.63,0.576,0.548,0.571,0.679,0.585,0.658,0.682,0.637,0.522,0.65,0.64,0.664,0.659,0.596,0.705,0.565,0.644,0.701,0.575,0.566,0.676,0.684,0.625,0.769,0.768,0.766,0.673,0.674,0.633,0.609,0.592,0.682,0.664,0.744,0.75,0.689,0.756,0.702,0.698,0.596,0.779,0.54,0.651,0.729,0.656,0.647,0.664,0.641,0.684,0.646,0.624,0.621,0.527,0.646,0.658,0.55,0.662,0.709,0.632,0.629,0.695,0.542,0.65,0.639,0.627,0.581,0.719,0.676,0.664,0.626,0.677,0.622,0.61,0.595,0.599,0.668,0.703,0.635,0.605,0.73,1.11,0.725,1.14,0.916,0.97,1.14,1.14,1.24,0.997,1.18,1.08,1.25,1.01,1.03,1.1,1.02,1.05,1.16,1.13,1.07,1.03,1.25,1.03,1.11,1.2,1.15,1.19,1.14,1.1,1.08,1.2,1.07,1.12,1.03,1.1,1.05,1.07,1.06,1.17,1.14,1.08,1.02,1.08,0.941,1.01,1.12,1.08,1.18,1.04,0.939,1.02,1.0,0.893,0.963,0.846,0.837,1.05,1.09,1.02,1.06,1.15,1.17,1.19,1.05,1.16,1.0,0.903,1.06,1.17,1.07,1.09,1.25,1.29,0.899,1.09,1.19,1.14,1.08,1.21,0.98,1.11,0.987,0.89,0.941,1.08,1.11,1.16,1.08,1.11,1.1,1.17,1.06,1.15,1.16,1.2,1.2,1.12,1.01,1.19,1.1,1.35,1.28,1.32,1.38,1.42,1.49,1.23,1.13,1.67,1.33,1.59,1.25,1.19,1.15,1.23,1.21,1.07,1.17,1.24,1.18,1.13,1.23,1.18,1.25,1.29,0.985,1.08,1.1,1.06,1.23,1.16,1.28,1.24,1.19,1.12,1.19,1.02,0.998,1.18,1.13,1.05,1.03,1.09,0.98,0.987,0.964,1.03,1.06,1.12,1.0,1.01,1.01,1.05,1.03,0.953,0.888,0.998,0.967,0.943,0.992,0.892,1.06,0.881,1.14,1.19,1.01,1.06,0.975,1.05,0.985,1.06,1.17,1.11,1.03,1.07,1.06,1.04,1.07,0.913,1.01,1.44,1.31,0.999,1.1,1.08,1.32,0.939,0.919,0.845,1.2,0.931,0.956,1.01,1.25,1.15,1.05,1.16,1.03,1.23,1.24
022_S_0014,1580.0,204.0,16.7,0.385,0.352,0.548,0.529,0.568,0.637,0.627,0.676,0.603,0.712,0.642,0.584,0.641,0.472,0.575,0.573,0.516,0.607,0.626,0.601,0.688,0.644,0.692,0.608,0.652,0.645,0.629,0.59,0.648,0.584,0.683,0.675,0.532,0.557,0.663,0.687,0.571,0.555,0.731,0.655,0.789,0.692,0.671,0.729,0.706,0.724,0.607,0.71,0.778,0.722,0.702,0.767,0.549,0.542,0.797,0.664,0.543,0.671,0.66,0.719,0.607,0.628,0.7,0.674,0.641,0.619,0.587,0.565,0.508,0.549,0.681,0.703,0.673,0.648,0.643,0.687,0.68,0.703,0.668,0.687,0.695,0.721,0.61,0.617,0.688,0.656,0.629,0.719,0.598,0.698,0.64,0.72,0.695,0.602,0.634,0.599,0.684,0.642,0.613,0.764,0.68,0.677,0.658,0.612,0.685,0.657,0.67,0.726,0.668,0.676,0.658,0.574,0.636,0.67,0.647,0.688,0.616,0.696,0.628,0.678,0.631,0.615,0.624,0.734,0.648,0.706,0.717,0.685,0.592,0.67,0.65,0.711,0.711,0.638,0.771,0.654,0.71,0.764,0.645,0.587,0.731,0.725,0.671,0.797,0.789,0.796,0.702,0.715,0.695,0.673,0.634,0.726,0.705,0.78,0.794,0.709,0.775,0.724,0.72,0.623,0.833,0.563,0.653,0.746,0.668,0.699,0.704,0.717,0.696,0.673,0.648,0.653,0.588,0.696,0.708,0.612,0.706,0.735,0.668,0.672,0.737,0.626,0.7,0.711,0.663,0.654,0.721,0.704,0.699,0.695,0.698,0.675,0.626,0.638,0.585,0.683,0.724,0.656,0.66,0.77,1.03,0.72,1.07,0.853,0.908,1.05,1.09,1.13,0.952,1.1,0.989,1.07,0.94,0.932,0.994,0.945,1.0,1.03,0.985,0.982,1.04,1.13,1.01,1.09,1.08,1.06,1.05,0.986,1.11,1.08,1.04,1.09,1.09,1.04,1.04,1.01,1.04,1.0,1.11,1.08,1.14,1.02,1.17,0.976,1.01,1.07,1.09,1.23,1.1,0.977,1.1,1.11,0.938,0.996,0.912,0.952,1.16,1.22,1.08,1.07,1.19,1.27,1.27,1.12,1.2,1.0,1.15,1.14,1.18,1.24,1.29,1.28,1.21,0.894,1.17,1.22,1.21,1.14,1.2,1.1,1.21,1.05,0.978,1.11,1.03,1.16,1.15,1.21,1.22,1.19,1.19,1.18,1.25,1.26,1.31,1.11,1.11,1.05,1.17,1.15,1.3,1.22,1.25,1.23,1.21,1.23,1.18,1.09,1.53,1.3,1.44,1.14,1.15,1.11,1.28,1.12,1.06,1.06,1.07,1.12,1.1,1.18,1.06,1.23,1.21,0.963,1.1,1.17,1.16,1.11,1.15,1.18,1.17,1.24,1.12,1.17,1.18,1.03,1.21,1.1,1.06,1.12,1.24,1.17,1.23,1.18,1.17,1.15,1.26,1.2,1.14,1.28,1.21,1.16,1.08,1.17,1.14,1.18,1.18,1.23,0.935,1.01,0.959,1.12,1.25,1.13,1.13,1.26,1.19,1.06,1.14,1.19,1.22,1.19,1.23,1.25,1.27,1.29,1.25,1.11,1.41,1.48,1.07,1.23,1.24,1.44,1.06,1.09,1.15,1.26,0.934,1.15,1.3,1.17,1.16,1.01,1.02,1.05,1.19,1.17
022_S_0066,1340.0,196.0,16.7,0.384,0.352,0.549,0.517,0.557,0.632,0.623,0.674,0.59,0.709,0.635,0.571,0.633,0.456,0.564,0.558,0.539,0.587,0.622,0.601,0.67,0.622,0.676,0.606,0.641,0.639,0.632,0.579,0.64,0.578,0.668,0.664,0.512,0.525,0.643,0.652,0.573,0.532,0.712,0.639,0.79,0.675,0.663,0.717,0.69,0.707,0.619,0.692,0.766,0.699,0.664,0.726,0.52,0.531,0.778,0.646,0.545,0.676,0.679,0.701,0.598,0.606,0.679,0.676,0.606,0.61,0.583,0.534,0.511,0.544,0.645,0.674,0.67,0.637,0.638,0.665,0.673,0.687,0.649,0.63,0.671,0.706,0.579,0.61,0.676,0.64,0.617,0.713,0.609,0.684,0.636,0.678,0.644,0.586,0.621,0.6,0.678,0.639,0.605,0.772,0.668,0.664,0.653,0.601,0.679,0.653,0.652,0.681,0.655,0.676,0.644,0.558,0.651,0.664,0.625,0.675,0.666,0.694,0.63,0.655,0.628,0.59,0.623,0.702,0.643,0.69,0.713,0.648,0.589,0.644,0.656,0.713,0.687,0.632,0.742,0.631,0.686,0.765,0.638,0.599,0.716,0.707,0.611,0.793,0.77,0.781,0.691,0.687,0.657,0.656,0.621,0.715,0.677,0.754,0.778,0.681,0.742,0.683,0.67,0.631,0.794,0.528,0.632,0.735,0.646,0.651,0.686,0.634,0.712,0.674,0.643,0.633,0.587,0.666,0.662,0.601,0.676,0.736,0.665,0.673,0.742,0.599,0.678,0.696,0.64,0.63,0.681,0.677,0.679,0.67,0.664,0.685,0.631,0.663,0.594,0.638,0.732,0.649,0.664,0.771,0.917,0.742,0.967,0.858,0.888,0.96,1.01,1.06,0.941,1.05,0.956,1.03,0.953,0.948,1.03,1.0,1.0,1.03,1.01,0.992,0.984,1.11,0.985,1.08,1.02,1.04,1.08,1.08,1.0,0.968,0.99,0.995,1.0,1.01,1.03,1.02,1.04,1.03,1.1,1.08,1.14,1.02,1.05,0.948,1.02,1.09,1.08,1.18,1.07,0.978,1.08,1.07,0.925,0.971,0.835,0.952,1.03,1.12,1.08,1.01,1.13,1.23,1.25,1.09,1.18,1.01,1.05,1.06,1.13,1.16,1.21,1.23,1.16,0.908,1.07,1.15,1.16,1.14,1.18,1.06,1.16,1.07,0.894,0.988,0.958,1.08,1.08,1.22,1.18,1.19,1.16,1.15,1.23,1.2,1.19,1.01,1.11,0.946,1.04,0.998,1.15,1.08,1.19,1.11,1.09,1.12,1.01,0.954,1.33,1.14,1.29,1.11,1.19,1.22,1.29,1.16,1.11,1.16,1.1,1.12,1.15,1.16,1.11,1.18,1.15,0.969,1.06,1.13,1.13,1.2,1.07,1.08,1.1,1.21,1.04,1.05,1.12,1.1,1.14,1.09,1.14,1.11,1.24,1.16,1.16,1.17,1.22,1.17,1.25,1.19,1.12,1.32,1.28,1.19,1.11,1.18,1.18,1.17,1.14,1.21,0.858,0.937,0.885,1.02,1.1,1.09,1.1,1.23,1.28,1.09,1.06,1.06,1.1,1.17,1.31,1.32,1.28,1.36,1.18,1.19,1.28,1.29,1.15,1.09,1.25,1.37,1.09,1.07,1.23,1.12,0.848,1.17,1.25,1.03,1.04,0.938,0.985,1.04,1.04,1.11
022_S_0096,915.0,125.0,12.2,0.372,0.338,0.534,0.501,0.549,0.615,0.617,0.664,0.585,0.692,0.629,0.559,0.621,0.46,0.559,0.548,0.504,0.591,0.617,0.603,0.672,0.617,0.677,0.581,0.634,0.637,0.604,0.568,0.626,0.586,0.667,0.667,0.504,0.52,0.639,0.668,0.555,0.551,0.717,0.643,0.777,0.67,0.642,0.714,0.691,0.689,0.59,0.693,0.76,0.693,0.677,0.742,0.514,0.542,0.778,0.649,0.541,0.656,0.647,0.704,0.608,0.6,0.679,0.657,0.618,0.596,0.579,0.533,0.536,0.549,0.646,0.697,0.669,0.631,0.638,0.667,0.668,0.675,0.655,0.646,0.683,0.678,0.589,0.611,0.682,0.622,0.611,0.699,0.594,0.714,0.653,0.676,0.679,0.593,0.618,0.585,0.659,0.625,0.599,0.75,0.656,0.679,0.642,0.595,0.69,0.649,0.648,0.7,0.636,0.65,0.64,0.558,0.617,0.643,0.658,0.652,0.616,0.698,0.629,0.665,0.63,0.611,0.633,0.702,0.62,0.669,0.682,0.619,0.578,0.656,0.647,0.688,0.693,0.604,0.742,0.612,0.701,0.756,0.619,0.6,0.73,0.702,0.642,0.768,0.772,0.765,0.691,0.695,0.661,0.68,0.6,0.692,0.699,0.766,0.786,0.661,0.74,0.7,0.686,0.634,0.803,0.534,0.638,0.735,0.688,0.676,0.693,0.668,0.693,0.642,0.657,0.646,0.566,0.704,0.67,0.592,0.676,0.707,0.694,0.674,0.725,0.603,0.661,0.687,0.696,0.616,0.684,0.658,0.685,0.667,0.676,0.683,0.636,0.642,0.557,0.642,0.719,0.632,0.656,0.766,1.1,0.734,1.13,0.866,0.937,1.07,1.14,1.17,0.989,1.16,1.02,1.14,0.958,0.944,1.02,0.998,0.995,1.01,1.05,1.0,0.903,1.11,0.953,1.02,1.01,0.998,1.05,1.01,1.11,1.1,1.11,1.04,1.12,1.05,1.01,0.977,1.06,1.05,1.1,1.02,1.12,0.997,1.05,0.938,0.985,1.05,1.05,1.13,1.06,0.982,1.07,1.06,0.952,0.994,0.889,0.848,1.13,1.14,1.1,1.07,1.1,1.2,1.19,1.08,1.13,0.973,1.13,1.11,1.12,1.13,1.19,1.3,1.27,0.872,1.14,1.15,1.16,1.14,1.22,1.05,1.16,1.05,0.958,1.09,1.05,1.12,1.13,1.13,1.13,1.15,1.13,1.09,1.2,1.14,1.14,1.12,1.16,1.08,1.13,1.07,1.44,1.29,1.53,1.34,1.25,1.39,1.45,1.12,1.7,1.26,1.47,1.18,1.13,1.11,1.33,1.14,1.15,1.12,1.16,1.1,1.16,1.2,1.12,1.0,1.14,0.924,1.06,1.08,1.07,1.11,1.18,1.14,1.2,1.36,1.18,1.3,1.15,1.01,1.32,1.11,1.1,1.07,1.17,1.16,1.15,1.17,1.11,1.19,1.32,1.22,1.09,1.19,1.19,1.17,1.03,1.08,1.08,1.11,1.05,1.12,0.872,1.02,0.965,1.1,1.19,1.13,1.16,1.15,1.2,1.07,1.08,1.15,1.17,1.21,1.24,1.23,1.17,1.23,1.13,1.16,1.43,1.53,1.06,1.17,1.22,1.36,1.05,1.05,1.12,1.15,0.877,1.13,1.14,1.15,1.07,1.01,0.824,1.08,1.17,1.17
022_S_0130,510.0,303.0,26.5,0.379,0.351,0.547,0.523,0.554,0.637,0.619,0.683,0.593,0.719,0.645,0.573,0.641,0.486,0.572,0.564,0.513,0.59,0.617,0.613,0.696,0.643,0.693,0.629,0.65,0.653,0.605,0.592,0.641,0.582,0.683,0.677,0.515,0.512,0.665,0.689,0.557,0.539,0.724,0.659,0.805,0.685,0.671,0.733,0.704,0.722,0.607,0.698,0.77,0.716,0.677,0.755,0.517,0.538,0.785,0.663,0.541,0.662,0.649,0.72,0.603,0.614,0.69,0.676,0.653,0.627,0.594,0.561,0.541,0.544,0.669,0.701,0.677,0.649,0.647,0.685,0.693,0.7,0.671,0.682,0.685,0.715,0.596,0.61,0.69,0.656,0.634,0.719,0.629,0.696,0.642,0.706,0.7,0.6,0.629,0.6,0.687,0.647,0.622,0.757,0.677,0.667,0.645,0.599,0.703,0.654,0.67,0.71,0.665,0.694,0.664,0.547,0.63,0.668,0.652,0.675,0.625,0.704,0.651,0.674,0.63,0.596,0.633,0.725,0.654,0.701,0.726,0.67,0.614,0.681,0.652,0.723,0.693,0.635,0.747,0.598,0.706,0.776,0.628,0.584,0.735,0.733,0.682,0.789,0.805,0.762,0.704,0.704,0.672,0.668,0.645,0.711,0.699,0.78,0.794,0.698,0.764,0.71,0.705,0.62,0.811,0.555,0.663,0.754,0.718,0.707,0.692,0.697,0.725,0.684,0.657,0.662,0.592,0.694,0.694,0.613,0.705,0.74,0.664,0.673,0.738,0.607,0.69,0.713,0.688,0.646,0.712,0.703,0.697,0.699,0.688,0.685,0.641,0.662,0.621,0.678,0.735,0.695,0.674,0.768,1.05,0.766,1.07,0.901,0.911,1.02,1.16,1.14,0.989,1.21,0.985,1.04,0.968,0.955,1.05,1.03,1.01,1.01,1.02,1.0,1.09,1.22,1.08,1.16,1.06,1.07,1.13,1.07,1.1,1.06,1.06,1.09,1.06,1.09,1.13,1.01,1.06,1.0,1.14,1.11,1.17,1.08,1.12,1.01,1.06,1.08,1.11,1.2,1.18,1.03,1.1,1.09,0.998,0.985,0.932,0.939,1.12,1.12,1.17,1.16,1.2,1.22,1.19,1.1,1.21,1.03,1.08,1.16,1.19,1.21,1.23,1.19,1.17,0.969,1.09,1.15,1.2,1.12,1.21,1.09,1.23,1.08,1.03,1.1,1.05,1.1,1.1,1.19,1.16,1.23,1.23,1.19,1.23,1.3,1.24,1.07,1.2,1.17,1.11,1.12,1.32,1.07,1.29,1.16,1.09,1.23,1.34,1.23,1.57,1.39,1.42,1.13,1.19,1.22,1.39,1.15,1.18,1.15,1.17,1.17,1.17,1.19,1.14,1.41,1.27,0.988,1.14,1.3,1.23,1.34,1.05,1.15,1.07,1.29,1.13,1.14,1.26,1.16,1.27,1.07,1.17,1.3,1.28,1.23,1.38,1.36,1.23,1.22,1.42,1.22,1.2,1.33,1.24,1.19,1.14,1.27,1.16,1.19,1.21,1.27,0.932,1.05,1.07,1.1,1.2,1.17,1.19,1.34,1.34,1.18,1.17,1.15,1.24,1.33,1.26,1.32,1.3,1.29,1.29,1.23,1.48,1.52,1.28,1.18,1.36,1.41,1.14,1.15,1.24,1.25,0.996,1.21,1.45,1.09,1.14,1.12,1.16,1.06,1.12,1.06
022_S_0219,1070.0,352.0,35.9,0.403,0.373,0.564,0.529,0.571,0.632,0.633,0.677,0.601,0.705,0.65,0.58,0.63,0.492,0.579,0.574,0.53,0.591,0.625,0.601,0.679,0.614,0.671,0.586,0.645,0.647,0.607,0.578,0.644,0.605,0.676,0.655,0.535,0.503,0.656,0.679,0.58,0.583,0.693,0.647,0.791,0.669,0.66,0.722,0.68,0.709,0.602,0.7,0.771,0.704,0.661,0.732,0.531,0.541,0.774,0.649,0.545,0.687,0.674,0.712,0.58,0.586,0.677,0.648,0.625,0.627,0.593,0.54,0.562,0.558,0.656,0.698,0.669,0.647,0.635,0.646,0.661,0.676,0.648,0.68,0.678,0.691,0.58,0.62,0.685,0.643,0.619,0.71,0.598,0.667,0.623,0.682,0.689,0.6,0.614,0.603,0.657,0.626,0.596,0.75,0.668,0.68,0.644,0.604,0.674,0.631,0.642,0.689,0.627,0.634,0.613,0.582,0.6,0.646,0.593,0.635,0.598,0.685,0.624,0.649,0.614,0.564,0.636,0.684,0.609,0.661,0.694,0.647,0.574,0.667,0.656,0.674,0.691,0.637,0.75,0.616,0.699,0.765,0.627,0.606,0.686,0.694,0.632,0.761,0.77,0.775,0.679,0.679,0.625,0.649,0.599,0.684,0.681,0.764,0.757,0.687,0.741,0.689,0.695,0.621,0.772,0.55,0.646,0.697,0.681,0.692,0.669,0.666,0.688,0.655,0.648,0.637,0.565,0.678,0.672,0.605,0.677,0.728,0.65,0.673,0.713,0.563,0.662,0.663,0.624,0.574,0.689,0.665,0.672,0.665,0.669,0.661,0.618,0.621,0.543,0.626,0.715,0.641,0.648,0.752,1.0,0.73,1.02,0.874,0.892,0.988,1.05,1.11,0.973,1.18,0.98,1.06,0.937,0.944,1.0,0.996,0.972,1.05,1.02,0.992,0.969,1.02,0.984,1.07,1.05,1.02,1.05,1.06,1.08,1.05,1.04,1.08,1.03,0.997,1.03,0.985,1.03,0.999,1.13,0.997,1.24,1.02,1.07,0.975,1.0,1.05,1.08,1.1,1.09,0.98,1.06,1.06,0.865,0.954,0.866,0.955,1.07,1.13,1.05,1.06,1.18,1.14,1.16,1.1,1.22,0.986,1.04,1.08,1.16,1.13,1.12,1.23,1.2,0.914,1.12,1.15,1.14,1.12,1.22,1.05,1.11,1.01,0.985,1.06,0.972,1.09,1.05,1.07,1.15,1.18,1.17,1.23,1.16,1.19,1.18,1.1,1.11,1.06,1.09,1.02,1.28,1.11,1.25,1.15,1.13,1.19,1.15,1.04,1.46,1.23,1.35,1.1,1.13,1.17,1.17,1.17,1.11,1.12,1.11,1.17,1.14,1.11,1.12,1.08,1.1,0.96,1.06,1.16,1.12,1.19,1.13,1.09,1.09,1.19,1.14,1.16,1.16,0.993,1.22,1.11,1.12,1.11,1.29,1.28,1.22,1.19,1.11,1.19,1.23,1.14,1.13,1.19,1.16,1.18,1.04,1.05,1.13,1.18,1.1,1.12,0.753,0.882,0.809,1.07,1.19,1.13,1.2,1.22,1.19,1.07,1.06,1.09,1.22,1.2,1.26,1.31,1.22,1.14,1.17,1.2,1.43,1.45,1.09,1.18,1.27,1.38,0.962,0.988,1.03,1.12,0.866,1.19,1.2,1.08,1.08,0.977,0.988,1.03,1.08,1.12
022_S_0543,480.0,487.0,49.3,0.382,0.344,0.531,0.507,0.55,0.623,0.624,0.671,0.592,0.72,0.639,0.574,0.613,0.466,0.549,0.554,0.486,0.562,0.596,0.606,0.672,0.619,0.669,0.595,0.636,0.639,0.606,0.567,0.639,0.577,0.666,0.653,0.524,0.5,0.637,0.67,0.559,0.552,0.685,0.651,0.784,0.677,0.647,0.717,0.666,0.686,0.603,0.691,0.77,0.698,0.678,0.734,0.534,0.542,0.784,0.651,0.531,0.681,0.617,0.703,0.58,0.587,0.656,0.673,0.605,0.61,0.584,0.526,0.523,0.544,0.644,0.675,0.639,0.631,0.627,0.634,0.656,0.682,0.637,0.655,0.676,0.693,0.595,0.608,0.673,0.652,0.645,0.7,0.584,0.66,0.585,0.685,0.662,0.579,0.618,0.604,0.692,0.632,0.609,0.736,0.657,0.665,0.631,0.586,0.677,0.636,0.653,0.714,0.632,0.676,0.64,0.555,0.584,0.629,0.586,0.643,0.57,0.633,0.611,0.606,0.594,0.558,0.574,0.677,0.597,0.648,0.681,0.635,0.522,0.652,0.647,0.676,0.696,0.621,0.753,0.603,0.689,0.756,0.605,0.578,0.677,0.69,0.614,0.764,0.761,0.772,0.648,0.662,0.633,0.616,0.575,0.676,0.629,0.752,0.768,0.664,0.749,0.683,0.685,0.578,0.793,0.557,0.633,0.736,0.649,0.674,0.662,0.603,0.681,0.643,0.651,0.647,0.555,0.66,0.668,0.567,0.631,0.719,0.611,0.644,0.703,0.581,0.646,0.678,0.618,0.587,0.678,0.667,0.662,0.655,0.657,0.624,0.606,0.624,0.594,0.644,0.716,0.629,0.633,0.765,1.03,0.767,1.06,0.912,0.929,1.02,1.11,1.16,1.0,1.18,0.966,1.06,0.985,0.988,1.08,1.03,1.04,1.04,1.03,0.974,1.09,1.13,1.0,1.18,1.01,1.05,1.18,1.13,1.11,0.991,1.02,0.91,0.847,0.867,1.0,0.946,0.941,0.935,1.1,1.01,1.24,1.03,1.18,0.966,1.01,1.08,1.01,1.25,1.13,1.02,1.16,1.17,0.967,0.957,0.909,0.928,0.994,0.892,0.915,0.904,1.06,1.43,1.4,1.1,1.25,1.03,1.01,1.06,1.23,1.37,1.34,1.1,1.05,0.918,0.95,1.16,1.09,1.1,1.13,1.07,1.35,1.08,1.03,1.04,1.09,1.15,1.01,1.31,1.2,1.27,1.19,1.34,1.43,1.56,1.47,0.936,1.14,1.02,1.09,0.976,1.37,0.99,1.21,1.14,0.969,1.17,1.2,1.05,1.41,1.26,1.28,1.07,1.13,1.03,1.22,1.12,1.02,1.12,1.08,1.15,1.03,1.16,1.12,1.1,0.865,0.935,1.04,1.11,1.09,1.12,1.05,0.771,0.876,0.91,0.776,0.811,0.987,0.91,0.929,0.955,0.959,0.893,1.13,1.24,1.24,1.2,1.12,1.09,1.01,1.13,0.816,1.28,1.15,1.19,0.982,1.18,1.1,1.28,1.13,1.22,0.782,0.913,0.813,1.01,0.766,0.881,1.03,1.11,1.28,0.966,0.901,0.814,0.745,0.817,1.12,1.05,1.27,1.31,1.23,1.08,1.1,1.07,0.901,0.697,1.09,1.15,1.01,1.05,1.23,0.976,0.82,1.24,1.4,0.726,0.926,0.936,0.898,0.883,0.752,0.775
023_S_0031,1700.0,267.0,22.6,0.37,0.34,0.533,0.515,0.541,0.614,0.619,0.669,0.587,0.683,0.632,0.57,0.627,0.456,0.551,0.554,0.497,0.589,0.613,0.607,0.664,0.619,0.671,0.6,0.636,0.639,0.596,0.582,0.634,0.569,0.67,0.653,0.534,0.515,0.635,0.651,0.55,0.537,0.71,0.643,0.759,0.679,0.655,0.731,0.693,0.691,0.607,0.683,0.749,0.7,0.689,0.747,0.518,0.526,0.796,0.655,0.547,0.668,0.645,0.72,0.6,0.598,0.66,0.662,0.631,0.613,0.57,0.506,0.529,0.548,0.65,0.694,0.668,0.637,0.629,0.659,0.672,0.689,0.659,0.662,0.668,0.704,0.584,0.612,0.677,0.624,0.611,0.701,0.614,0.683,0.635,0.708,0.669,0.588,0.625,0.595,0.662,0.637,0.597,0.749,0.677,0.681,0.645,0.594,0.672,0.649,0.669,0.706,0.656,0.657,0.652,0.562,0.615,0.66,0.628,0.652,0.621,0.704,0.623,0.652,0.599,0.595,0.617,0.699,0.623,0.68,0.697,0.654,0.577,0.662,0.655,0.68,0.698,0.648,0.737,0.592,0.691,0.754,0.623,0.596,0.716,0.709,0.643,0.767,0.772,0.766,0.696,0.699,0.654,0.662,0.635,0.687,0.663,0.756,0.774,0.693,0.754,0.721,0.696,0.606,0.818,0.541,0.641,0.748,0.698,0.688,0.682,0.655,0.702,0.659,0.645,0.635,0.53,0.685,0.68,0.61,0.669,0.722,0.652,0.683,0.727,0.589,0.685,0.69,0.631,0.644,0.711,0.692,0.671,0.666,0.69,0.672,0.62,0.654,0.589,0.673,0.711,0.639,0.66,0.767,0.98,0.707,1.0,0.84,0.89,1.01,1.06,1.08,0.942,1.08,0.958,1.06,0.936,0.93,0.965,0.99,1.01,1.02,1.03,1.01,0.931,1.05,0.981,1.03,1.02,1.0,1.03,1.01,1.07,1.03,1.05,1.07,1.08,1.01,0.993,0.979,1.02,1.05,1.06,1.01,1.05,0.968,1.0,0.933,0.955,1.05,1.06,1.12,1.01,0.956,1.01,1.06,0.921,0.948,0.843,0.887,1.1,1.1,1.05,1.05,1.08,1.13,1.07,1.03,1.07,0.964,1.08,1.08,1.05,1.11,1.14,1.21,1.17,0.863,1.1,1.12,1.15,1.13,1.2,1.03,1.14,0.997,0.898,1.01,0.92,1.04,1.07,1.12,1.15,1.12,1.13,1.06,1.12,1.09,1.09,1.14,1.09,1.02,1.1,1.04,1.34,1.28,1.22,1.27,1.27,1.22,1.22,1.13,1.39,1.25,1.35,1.11,1.2,1.16,1.27,1.19,1.13,1.17,1.16,1.15,1.12,1.17,1.09,1.22,1.24,0.958,1.08,1.2,1.18,1.25,1.2,1.22,1.18,1.24,1.13,1.18,1.19,1.05,1.22,1.12,1.11,1.24,1.23,1.12,1.18,1.15,1.16,1.18,1.25,1.16,1.19,1.28,1.23,1.12,1.06,1.13,1.11,1.13,1.12,1.22,0.924,1.08,0.978,1.16,1.17,1.17,1.17,1.16,1.22,1.08,1.12,1.19,1.24,1.19,1.18,1.24,1.26,1.26,1.05,1.15,1.35,1.37,1.09,1.21,1.19,1.36,1.02,1.03,1.17,1.22,0.983,1.16,1.23,1.25,1.11,1.1,1.08,1.08,1.2,1.28
023_S_0061,1290.0,247.0,22.1,0.365,0.33,0.524,0.492,0.544,0.607,0.611,0.658,0.579,0.682,0.62,0.553,0.61,0.437,0.548,0.533,0.475,0.548,0.592,0.582,0.649,0.606,0.665,0.591,0.624,0.633,0.591,0.553,0.632,0.569,0.658,0.64,0.507,0.483,0.629,0.649,0.542,0.524,0.694,0.646,0.777,0.658,0.628,0.708,0.673,0.691,0.597,0.685,0.755,0.683,0.649,0.731,0.494,0.517,0.764,0.634,0.537,0.673,0.644,0.693,0.558,0.576,0.674,0.65,0.607,0.596,0.567,0.517,0.516,0.52,0.652,0.691,0.659,0.618,0.633,0.64,0.656,0.667,0.653,0.624,0.668,0.667,0.573,0.599,0.671,0.622,0.616,0.678,0.572,0.653,0.595,0.68,0.668,0.557,0.617,0.584,0.655,0.639,0.6,0.744,0.677,0.658,0.636,0.593,0.658,0.649,0.641,0.711,0.625,0.642,0.631,0.549,0.616,0.643,0.616,0.647,0.612,0.666,0.618,0.585,0.605,0.566,0.605,0.666,0.606,0.657,0.682,0.645,0.565,0.643,0.637,0.677,0.689,0.616,0.726,0.58,0.657,0.74,0.619,0.575,0.685,0.711,0.663,0.766,0.763,0.774,0.675,0.674,0.656,0.636,0.613,0.675,0.645,0.737,0.781,0.674,0.728,0.674,0.66,0.581,0.786,0.531,0.626,0.736,0.693,0.67,0.636,0.667,0.687,0.642,0.626,0.63,0.562,0.671,0.672,0.589,0.657,0.724,0.647,0.646,0.728,0.586,0.669,0.716,0.661,0.615,0.643,0.661,0.643,0.657,0.662,0.637,0.613,0.647,0.548,0.655,0.709,0.648,0.661,0.747,0.998,0.685,1.01,0.835,0.896,1.01,0.985,0.985,0.882,1.1,0.949,1.01,0.954,0.943,1.03,0.981,0.987,1.04,1.03,1.02,0.933,1.15,1.01,1.1,1.08,1.08,1.13,1.05,1.09,1.09,1.1,1.07,1.09,0.991,1.06,0.995,1.03,1.06,1.09,1.08,1.04,1.02,1.08,0.958,0.999,1.07,1.17,1.19,1.07,0.994,1.1,1.08,0.93,0.989,0.939,0.862,1.16,1.2,1.11,1.09,1.13,1.23,1.22,1.11,1.26,1.01,1.13,1.19,1.26,1.23,1.25,1.26,1.17,0.872,1.21,1.2,1.18,1.14,1.22,1.08,1.17,1.06,1.01,1.12,1.09,1.14,1.17,1.16,1.19,1.2,1.2,1.12,1.17,1.14,1.22,1.13,1.02,0.938,1.17,1.12,1.22,1.2,1.14,1.31,1.2,1.2,0.878,0.852,1.3,1.26,1.29,0.994,1.17,1.12,1.23,1.14,1.17,1.12,1.1,1.14,1.09,1.14,1.19,1.11,1.11,0.965,1.1,1.15,1.12,1.19,1.17,1.19,1.13,1.17,1.1,1.17,1.15,1.01,1.15,1.17,1.12,1.12,1.24,1.07,1.08,1.12,1.17,1.17,1.24,1.16,1.18,1.24,1.19,1.12,1.08,1.14,1.16,1.16,1.14,1.17,0.907,1.03,0.943,1.05,1.22,1.16,1.2,1.2,1.16,1.06,1.12,1.17,1.3,1.25,1.3,1.29,1.23,1.22,1.2,1.19,1.46,1.31,1.01,1.17,1.22,1.27,1.05,1.05,1.14,1.21,0.943,1.18,1.19,1.16,0.943,0.934,1.05,1.11,1.15,1.11
023_S_0926,1350.0,152.0,14.2,0.398,0.369,0.565,0.539,0.562,0.629,0.631,0.675,0.597,0.694,0.649,0.592,0.641,0.496,0.571,0.582,0.542,0.601,0.631,0.607,0.666,0.648,0.686,0.607,0.658,0.656,0.635,0.583,0.64,0.598,0.678,0.679,0.553,0.551,0.665,0.703,0.584,0.575,0.732,0.656,0.781,0.68,0.676,0.742,0.704,0.715,0.601,0.703,0.776,0.716,0.674,0.755,0.554,0.547,0.778,0.666,0.546,0.69,0.657,0.715,0.618,0.633,0.691,0.669,0.637,0.62,0.591,0.509,0.544,0.556,0.673,0.702,0.685,0.649,0.64,0.694,0.667,0.695,0.681,0.662,0.708,0.703,0.599,0.639,0.706,0.65,0.624,0.726,0.625,0.706,0.671,0.716,0.69,0.618,0.641,0.608,0.659,0.617,0.628,0.766,0.683,0.68,0.651,0.608,0.676,0.655,0.653,0.711,0.657,0.656,0.662,0.582,0.619,0.651,0.66,0.653,0.633,0.685,0.647,0.681,0.631,0.628,0.646,0.707,0.645,0.697,0.71,0.663,0.602,0.666,0.647,0.698,0.696,0.646,0.76,0.61,0.714,0.781,0.662,0.623,0.723,0.706,0.67,0.783,0.775,0.785,0.702,0.715,0.688,0.686,0.628,0.711,0.681,0.764,0.775,0.7,0.748,0.695,0.681,0.657,0.798,0.544,0.645,0.741,0.681,0.69,0.694,0.688,0.699,0.661,0.665,0.643,0.558,0.675,0.676,0.603,0.703,0.731,0.688,0.685,0.725,0.634,0.666,0.697,0.68,0.629,0.702,0.688,0.721,0.671,0.682,0.664,0.636,0.653,0.563,0.646,0.713,0.664,0.686,0.77,1.02,0.678,1.08,0.812,0.866,1.05,1.04,1.09,0.913,1.1,0.938,1.08,0.911,0.896,0.986,0.933,0.992,1.0,1.0,0.996,0.976,1.1,0.976,1.08,1.05,1.0,1.09,1.02,1.11,1.1,1.04,1.07,1.09,1.02,0.961,0.968,1.0,0.966,1.07,1.01,1.1,0.973,1.05,0.904,0.941,1.03,1.04,1.1,1.03,0.937,1.04,0.987,0.92,0.93,0.897,0.907,1.08,1.12,1.04,1.04,1.14,1.15,1.11,1.06,1.13,0.952,1.08,1.1,1.06,1.14,1.19,1.21,1.15,0.868,1.12,1.15,1.13,1.08,1.19,1.01,1.14,0.985,0.951,1.02,1.0,1.08,1.12,1.14,1.12,1.08,1.17,1.14,1.12,1.18,1.18,1.11,1.1,0.988,1.12,1.03,1.32,1.19,1.35,1.3,1.21,1.34,1.2,1.1,1.6,1.25,1.44,1.19,1.18,1.08,1.27,1.07,1.13,1.08,1.15,1.11,1.14,1.17,1.11,1.21,1.21,0.929,1.1,1.12,1.13,1.18,1.15,1.15,1.18,1.23,1.09,1.17,1.06,0.989,1.18,1.1,1.1,1.1,1.21,1.13,1.2,1.15,1.18,1.11,1.25,1.26,1.1,1.18,1.18,1.12,1.03,1.12,1.04,1.14,1.12,1.17,0.951,1.0,0.942,1.1,1.25,1.1,1.15,1.1,1.15,1.06,1.07,1.14,1.19,1.13,1.2,1.26,1.18,1.28,1.3,1.11,1.48,1.5,1.04,1.16,1.2,1.39,1.03,1.06,1.14,1.21,0.981,1.12,1.23,1.16,1.1,0.987,1.02,1.02,1.14,1.18
023_S_1190,1700.0,371.0,33.7,0.404,0.373,0.562,0.547,0.572,0.646,0.639,0.69,0.615,0.713,0.652,0.589,0.639,0.481,0.571,0.573,0.549,0.598,0.631,0.602,0.682,0.643,0.681,0.617,0.642,0.649,0.624,0.593,0.645,0.6,0.684,0.677,0.567,0.545,0.658,0.69,0.583,0.589,0.712,0.674,0.794,0.684,0.669,0.725,0.691,0.702,0.606,0.695,0.774,0.678,0.687,0.749,0.547,0.56,0.779,0.657,0.571,0.682,0.663,0.713,0.565,0.622,0.696,0.676,0.614,0.622,0.602,0.578,0.539,0.551,0.657,0.697,0.666,0.648,0.634,0.63,0.665,0.681,0.669,0.662,0.675,0.702,0.612,0.633,0.694,0.671,0.636,0.71,0.577,0.666,0.619,0.699,0.669,0.612,0.639,0.613,0.669,0.639,0.607,0.749,0.668,0.686,0.647,0.613,0.691,0.652,0.676,0.704,0.665,0.664,0.655,0.581,0.627,0.654,0.61,0.687,0.643,0.683,0.639,0.649,0.606,0.58,0.629,0.707,0.638,0.685,0.684,0.642,0.604,0.68,0.672,0.697,0.733,0.649,0.753,0.63,0.709,0.751,0.629,0.62,0.711,0.716,0.653,0.777,0.778,0.783,0.678,0.688,0.656,0.624,0.632,0.664,0.676,0.766,0.769,0.679,0.748,0.706,0.678,0.624,0.798,0.552,0.632,0.742,0.676,0.675,0.663,0.658,0.711,0.666,0.665,0.656,0.604,0.673,0.695,0.588,0.663,0.736,0.643,0.638,0.725,0.588,0.673,0.693,0.665,0.618,0.67,0.675,0.662,0.683,0.68,0.658,0.626,0.656,0.569,0.663,0.713,0.648,0.661,0.758,0.927,0.703,0.986,0.858,0.882,0.978,1.06,1.03,0.931,1.1,0.971,0.987,0.953,0.923,1.09,1.03,0.973,1.06,1.06,1.0,1.05,1.21,1.05,1.14,1.07,1.06,1.1,1.08,1.05,0.999,1.07,0.987,0.964,0.958,1.03,0.993,1.04,0.979,1.09,1.1,1.11,1.02,1.1,0.95,0.99,1.08,1.08,1.18,1.09,0.976,1.1,1.08,0.945,1.01,0.906,0.879,1.16,1.05,1.04,1.03,1.13,1.28,1.24,1.1,1.22,0.987,1.12,1.11,1.2,1.23,1.27,1.1,1.2,0.901,1.09,1.17,1.15,1.11,1.19,1.07,1.25,1.02,0.995,1.1,1.13,1.13,1.11,1.22,1.18,1.2,1.23,1.18,1.24,1.22,1.25,1.07,1.03,0.985,1.14,1.06,1.12,1.1,1.03,1.16,1.15,1.1,0.909,0.928,1.19,1.15,1.19,1.07,1.12,1.13,1.29,1.16,1.09,1.11,1.13,1.19,1.05,1.04,1.15,1.23,1.23,0.977,1.1,1.21,1.13,1.25,0.992,1.15,1.08,1.08,1.06,1.11,1.13,1.06,1.11,1.09,1.14,1.15,1.23,1.22,1.19,1.25,1.1,1.13,1.18,1.15,1.13,1.3,1.27,1.21,1.07,1.12,1.13,1.21,1.13,1.21,0.895,1.01,0.922,1.06,1.15,1.08,1.23,1.2,1.24,1.04,1.12,1.14,1.16,1.18,1.28,1.29,1.29,1.31,1.03,1.19,1.22,1.21,1.01,1.14,1.19,1.21,1.07,1.04,1.11,1.22,0.966,1.2,1.29,1.14,0.989,0.972,1.08,1.06,1.16,1.22
023_S_5120,580.0,267.0,25.6,0.39,0.355,0.545,0.513,0.552,0.629,0.627,0.682,0.597,0.7,0.641,0.578,0.628,0.453,0.553,0.528,0.485,0.574,0.6,0.57,0.685,0.63,0.68,0.605,0.632,0.646,0.61,0.563,0.623,0.59,0.653,0.674,0.52,0.506,0.639,0.658,0.542,0.551,0.699,0.662,0.789,0.672,0.658,0.725,0.677,0.688,0.585,0.701,0.777,0.712,0.69,0.734,0.552,0.547,0.774,0.652,0.523,0.674,0.633,0.701,0.588,0.613,0.676,0.676,0.618,0.614,0.584,0.52,0.531,0.547,0.666,0.695,0.663,0.639,0.62,0.64,0.672,0.686,0.638,0.667,0.686,0.713,0.604,0.639,0.695,0.646,0.631,0.705,0.606,0.673,0.608,0.715,0.687,0.603,0.644,0.566,0.682,0.653,0.608,0.737,0.672,0.683,0.64,0.599,0.67,0.633,0.655,0.7,0.641,0.695,0.607,0.519,0.674,0.632,0.6,0.649,0.608,0.669,0.574,0.651,0.575,0.524,0.636,0.716,0.642,0.694,0.713,0.655,0.58,0.657,0.665,0.699,0.696,0.642,0.74,0.608,0.705,0.759,0.601,0.603,0.7,0.714,0.71,0.786,0.795,0.789,0.684,0.684,0.646,0.632,0.613,0.707,0.687,0.758,0.785,0.7,0.752,0.716,0.705,0.63,0.816,0.553,0.653,0.749,0.669,0.692,0.682,0.651,0.71,0.665,0.662,0.655,0.562,0.67,0.676,0.614,0.702,0.728,0.654,0.637,0.72,0.557,0.668,0.707,0.635,0.597,0.709,0.693,0.689,0.689,0.704,0.664,0.647,0.632,0.611,0.666,0.737,0.655,0.684,0.752,1.02,0.699,1.04,0.842,0.894,1.03,1.08,1.12,0.955,1.12,0.956,1.08,0.933,0.934,1.01,0.983,0.983,1.0,1.0,0.991,0.937,1.2,1.03,1.1,1.1,1.07,1.12,1.03,1.07,1.1,1.09,1.07,1.05,0.992,1.02,0.951,0.987,1.02,1.09,1.04,1.04,0.993,1.1,0.93,0.97,1.03,1.07,1.22,1.11,0.96,1.06,1.07,0.894,0.981,0.816,0.796,1.13,1.13,1.06,1.07,1.05,1.22,1.17,1.1,1.19,0.969,1.16,1.18,1.26,1.17,1.25,1.23,1.19,0.93,1.2,1.18,1.19,1.15,1.23,1.03,1.18,1.04,0.962,1.09,1.04,1.19,1.19,1.15,1.19,1.18,1.25,1.11,1.2,1.25,1.23,1.18,1.15,1.02,1.16,1.07,1.34,1.29,1.26,1.33,1.22,1.3,1.3,1.07,1.56,1.27,1.43,1.14,1.14,1.13,1.12,1.17,1.03,1.13,1.11,1.09,1.0,0.975,1.13,1.2,1.22,0.96,1.06,1.15,1.17,1.25,1.16,1.22,1.16,1.23,1.11,1.13,1.13,1.04,1.14,1.12,1.08,1.16,1.23,1.01,1.13,1.15,0.944,1.14,1.2,1.01,1.14,1.29,1.23,1.09,1.08,0.982,1.14,1.08,1.07,1.22,0.811,1.0,0.864,1.08,1.23,1.01,1.15,1.21,1.25,1.09,1.15,1.2,1.25,1.21,1.31,1.3,1.22,1.27,0.967,1.26,1.41,1.37,1.15,1.26,1.29,1.37,1.07,1.06,1.02,1.31,0.952,1.17,1.35,1.2,1.14,1.04,1.05,1.09,1.29,1.24
023_S_5241,1030.0,344.0,26.3,0.4,0.362,0.565,0.522,0.566,0.636,0.632,0.681,0.611,0.707,0.645,0.591,0.637,0.444,0.55,0.522,0.503,0.574,0.617,0.581,0.678,0.642,0.68,0.612,0.645,0.651,0.628,0.579,0.642,0.593,0.681,0.678,0.544,0.493,0.652,0.683,0.553,0.576,0.709,0.662,0.789,0.683,0.673,0.719,0.69,0.701,0.592,0.699,0.768,0.704,0.709,0.778,0.561,0.56,0.807,0.647,0.552,0.691,0.643,0.712,0.557,0.62,0.692,0.682,0.632,0.62,0.608,0.547,0.516,0.544,0.677,0.713,0.671,0.647,0.622,0.657,0.68,0.702,0.651,0.665,0.672,0.71,0.625,0.635,0.705,0.653,0.605,0.696,0.592,0.682,0.604,0.688,0.679,0.588,0.668,0.611,0.7,0.656,0.598,0.777,0.681,0.68,0.663,0.612,0.703,0.652,0.661,0.75,0.645,0.695,0.618,0.56,0.626,0.663,0.614,0.64,0.619,0.682,0.62,0.639,0.614,0.541,0.643,0.718,0.648,0.678,0.711,0.669,0.614,0.683,0.685,0.713,0.709,0.65,0.757,0.604,0.709,0.77,0.632,0.598,0.722,0.716,0.653,0.777,0.787,0.784,0.676,0.68,0.647,0.652,0.627,0.714,0.68,0.755,0.78,0.692,0.777,0.734,0.71,0.608,0.834,0.57,0.651,0.738,0.658,0.666,0.683,0.695,0.711,0.673,0.664,0.668,0.574,0.69,0.694,0.616,0.673,0.728,0.657,0.662,0.717,0.557,0.683,0.689,0.677,0.616,0.706,0.684,0.676,0.686,0.703,0.655,0.624,0.659,0.607,0.681,0.732,0.671,0.682,0.761,0.992,0.747,1.05,0.91,0.969,1.14,1.11,1.12,1.0,1.13,1.06,1.18,1.02,0.985,1.07,1.05,1.04,1.04,1.1,1.01,1.03,1.21,1.08,1.15,1.17,1.14,1.18,1.12,1.04,1.12,1.16,1.16,1.18,1.12,1.14,1.08,1.01,0.989,1.13,1.14,1.09,1.04,1.11,1.02,1.02,1.15,1.17,1.18,1.06,0.93,1.0,0.996,0.919,1.05,0.91,0.873,1.22,1.16,1.12,1.07,1.1,1.21,1.18,1.11,1.21,0.957,1.13,1.12,1.16,1.13,1.15,1.26,1.19,0.875,1.16,1.08,1.15,1.05,1.2,0.908,1.07,0.916,1.03,1.1,1.16,1.22,1.2,1.05,1.09,1.04,1.15,1.06,1.14,1.15,1.12,1.24,1.16,0.939,1.3,1.21,1.26,1.32,1.19,1.28,1.37,1.33,1.12,1.11,1.37,1.23,1.35,1.15,1.24,1.22,1.14,1.2,1.15,1.2,1.19,1.18,1.05,1.05,1.19,1.16,1.26,1.0,1.08,1.26,1.18,1.33,1.13,1.28,1.22,1.09,1.19,1.17,1.28,1.06,1.07,1.2,1.15,1.2,1.23,1.24,1.19,1.15,0.93,1.1,1.11,0.97,1.16,1.15,1.1,1.17,1.01,0.831,0.904,1.04,0.799,0.994,0.749,0.866,0.725,1.03,1.12,1.18,1.1,1.22,1.11,0.958,1.09,1.15,1.13,1.14,1.07,1.2,1.07,1.09,0.808,1.04,1.18,1.17,0.904,1.18,1.09,1.09,0.795,0.889,0.808,1.34,0.791,0.979,1.16,1.25,1.06,1.01,1.12,1.19,1.37,1.28
024_S_1063,686.0,279.0,28.3,0.371,0.347,0.54,0.515,0.542,0.621,0.616,0.663,0.587,0.695,0.638,0.559,0.624,0.469,0.559,0.554,0.513,0.593,0.621,0.61,0.675,0.625,0.678,0.606,0.639,0.642,0.613,0.574,0.631,0.58,0.661,0.655,0.517,0.496,0.649,0.671,0.575,0.543,0.709,0.655,0.785,0.673,0.65,0.711,0.678,0.708,0.598,0.693,0.769,0.694,0.672,0.752,0.521,0.535,0.775,0.658,0.539,0.672,0.639,0.706,0.604,0.608,0.666,0.667,0.616,0.616,0.581,0.558,0.546,0.551,0.644,0.687,0.653,0.635,0.615,0.656,0.662,0.686,0.652,0.662,0.693,0.684,0.595,0.604,0.681,0.65,0.613,0.695,0.606,0.67,0.623,0.708,0.68,0.61,0.624,0.57,0.661,0.643,0.622,0.757,0.665,0.67,0.642,0.599,0.669,0.642,0.642,0.694,0.637,0.66,0.634,0.542,0.625,0.642,0.597,0.658,0.61,0.709,0.611,0.655,0.605,0.592,0.596,0.707,0.637,0.689,0.704,0.649,0.594,0.676,0.654,0.699,0.672,0.634,0.748,0.59,0.692,0.761,0.617,0.58,0.703,0.718,0.657,0.788,0.777,0.771,0.678,0.687,0.638,0.645,0.634,0.7,0.67,0.779,0.773,0.676,0.748,0.704,0.678,0.606,0.798,0.548,0.646,0.736,0.699,0.654,0.691,0.668,0.702,0.66,0.637,0.638,0.577,0.709,0.683,0.605,0.675,0.716,0.662,0.68,0.724,0.577,0.653,0.684,0.616,0.612,0.676,0.668,0.664,0.676,0.69,0.659,0.613,0.652,0.587,0.67,0.719,0.665,0.67,0.769,1.11,0.744,1.08,0.871,0.927,1.04,1.11,1.12,0.986,1.15,1.0,1.08,0.948,0.948,1.03,0.973,0.949,1.02,0.955,0.957,1.03,1.15,1.04,1.13,1.06,1.06,1.11,1.04,1.15,1.13,1.1,1.05,1.0,0.974,1.02,0.972,1.02,0.991,1.05,1.05,1.19,1.03,1.1,0.967,0.994,1.07,1.06,1.14,1.12,0.945,1.12,1.09,0.955,1.02,0.901,0.891,1.13,1.04,1.04,0.956,1.08,1.16,1.18,1.09,1.16,0.967,1.12,1.09,1.11,1.16,1.18,1.18,1.14,0.855,1.12,1.09,1.12,1.07,1.16,1.01,1.12,1.01,0.98,1.1,1.08,1.1,1.11,1.15,1.18,1.16,1.15,1.19,1.21,1.19,1.22,1.11,1.12,0.988,1.11,1.07,1.44,1.32,1.35,1.39,1.31,1.31,1.18,1.09,1.41,1.26,1.3,1.19,1.14,1.18,1.04,1.07,1.13,1.14,1.08,1.12,0.826,0.931,1.06,1.32,1.27,1.01,1.15,1.24,1.22,1.33,1.24,1.23,1.13,1.13,1.16,1.15,1.21,1.07,1.03,1.09,1.08,1.22,1.25,1.25,1.33,1.27,1.03,1.08,1.09,0.993,1.22,1.29,1.22,1.24,1.12,1.03,1.18,1.25,1.08,1.2,0.945,1.1,0.965,1.15,1.16,1.16,1.13,1.24,1.23,1.03,1.2,1.25,1.29,1.29,1.29,1.27,1.28,1.25,0.959,1.15,1.3,1.16,0.94,1.25,1.2,1.15,0.995,0.978,1.12,1.33,1.07,1.2,1.39,1.24,1.02,1.02,1.23,1.13,1.25,1.24
024_S_1171,511.0,154.0,15.1,0.398,0.367,0.559,0.532,0.567,0.638,0.626,0.672,0.604,0.706,0.645,0.57,0.652,0.49,0.572,0.568,0.543,0.606,0.614,0.624,0.679,0.645,0.693,0.623,0.652,0.649,0.641,0.598,0.639,0.601,0.672,0.684,0.552,0.539,0.656,0.693,0.58,0.591,0.75,0.68,0.792,0.686,0.668,0.741,0.708,0.717,0.625,0.709,0.78,0.713,0.684,0.744,0.549,0.537,0.778,0.654,0.537,0.675,0.66,0.721,0.634,0.629,0.704,0.675,0.641,0.627,0.602,0.562,0.557,0.559,0.671,0.709,0.678,0.647,0.64,0.68,0.681,0.697,0.666,0.653,0.694,0.712,0.591,0.625,0.697,0.66,0.621,0.727,0.62,0.694,0.654,0.687,0.683,0.607,0.646,0.599,0.669,0.637,0.609,0.763,0.667,0.68,0.644,0.599,0.688,0.647,0.654,0.711,0.641,0.662,0.645,0.567,0.666,0.654,0.644,0.688,0.621,0.702,0.63,0.715,0.621,0.591,0.615,0.723,0.641,0.7,0.718,0.664,0.616,0.646,0.651,0.702,0.702,0.641,0.748,0.637,0.723,0.78,0.631,0.608,0.739,0.719,0.678,0.776,0.79,0.799,0.696,0.711,0.665,0.682,0.634,0.701,0.691,0.768,0.787,0.687,0.747,0.704,0.68,0.599,0.804,0.546,0.64,0.731,0.682,0.7,0.722,0.694,0.704,0.668,0.657,0.657,0.6,0.686,0.689,0.605,0.668,0.738,0.684,0.689,0.742,0.609,0.683,0.7,0.702,0.63,0.705,0.69,0.682,0.688,0.675,0.671,0.619,0.654,0.578,0.664,0.717,0.683,0.678,0.767,0.969,0.705,0.969,0.834,0.862,0.971,1.06,1.04,0.938,1.03,0.962,1.04,0.936,0.948,1.03,1.02,1.04,1.13,1.08,1.06,0.898,1.04,0.992,1.07,1.03,1.04,1.07,1.06,1.06,1.01,0.998,1.01,1.03,1.02,1.05,1.01,1.07,1.04,1.12,0.98,1.17,0.999,1.1,0.967,1.02,1.09,1.04,1.16,1.07,0.982,1.07,1.1,0.993,1.03,0.921,0.91,1.05,1.1,1.08,1.04,1.17,1.18,1.19,1.08,1.2,0.991,1.06,1.08,1.14,1.18,1.22,1.21,1.15,0.869,1.07,1.18,1.12,1.11,1.14,1.06,1.17,1.07,1.02,1.05,1.04,1.04,1.06,1.2,1.21,1.19,1.25,1.2,1.18,1.15,1.18,1.05,1.05,1.03,1.03,1.01,1.31,1.14,1.18,1.11,1.12,1.19,1.09,1.11,1.4,1.15,1.31,1.11,1.23,1.23,1.35,1.21,1.18,1.21,1.25,1.26,1.25,1.26,1.26,1.19,1.18,0.972,1.1,1.19,1.21,1.26,1.14,1.11,1.06,1.16,1.1,1.12,1.17,1.01,1.2,1.16,1.12,1.17,1.28,1.21,1.28,1.23,1.2,1.16,1.22,1.29,1.17,1.3,1.26,1.17,1.09,1.21,1.17,1.21,1.17,1.22,0.99,1.1,1.01,1.17,1.17,1.21,1.24,1.24,1.27,1.1,1.15,1.13,1.15,1.24,1.29,1.3,1.27,1.29,1.26,1.19,1.33,1.29,1.08,1.13,1.24,1.32,1.12,1.08,1.18,1.21,1.06,1.2,1.35,1.12,1.05,1.1,1.09,1.06,1.07,1.11
024_S_4905,569.0,430.0,46.0,0.38,0.353,0.537,0.51,0.556,0.63,0.626,0.682,0.598,0.706,0.641,0.562,0.634,0.462,0.558,0.548,0.498,0.578,0.603,0.582,0.686,0.632,0.682,0.599,0.648,0.657,0.62,0.578,0.635,0.587,0.67,0.66,0.518,0.517,0.65,0.68,0.562,0.555,0.711,0.657,0.792,0.679,0.66,0.74,0.687,0.718,0.605,0.7,0.77,0.706,0.687,0.741,0.53,0.537,0.778,0.674,0.552,0.672,0.654,0.715,0.611,0.595,0.691,0.651,0.599,0.62,0.588,0.545,0.486,0.544,0.649,0.686,0.672,0.649,0.649,0.635,0.686,0.692,0.658,0.677,0.687,0.699,0.59,0.605,0.685,0.664,0.62,0.702,0.594,0.683,0.594,0.695,0.693,0.622,0.62,0.592,0.685,0.627,0.62,0.749,0.661,0.67,0.631,0.582,0.673,0.62,0.659,0.71,0.647,0.691,0.641,0.544,0.634,0.665,0.623,0.672,0.604,0.689,0.621,0.637,0.616,0.595,0.607,0.708,0.642,0.701,0.718,0.661,0.598,0.668,0.65,0.701,0.693,0.631,0.75,0.584,0.695,0.771,0.61,0.607,0.72,0.714,0.678,0.794,0.79,0.787,0.696,0.694,0.666,0.652,0.619,0.712,0.677,0.759,0.783,0.706,0.744,0.7,0.691,0.623,0.788,0.531,0.651,0.739,0.677,0.694,0.685,0.718,0.695,0.671,0.641,0.657,0.592,0.686,0.675,0.569,0.691,0.734,0.661,0.653,0.734,0.597,0.683,0.703,0.665,0.646,0.698,0.686,0.689,0.688,0.662,0.675,0.626,0.659,0.618,0.654,0.723,0.663,0.656,0.77,0.953,0.668,0.996,0.811,0.836,0.944,1.0,1.04,0.907,1.1,0.934,1.02,0.892,0.899,0.903,0.909,0.924,0.985,0.955,0.896,1.08,1.12,0.976,1.12,1.05,1.01,1.1,1.02,1.07,0.995,1.01,0.958,0.981,0.953,1.05,0.946,0.971,0.926,1.05,1.08,1.11,1.0,1.19,0.946,0.997,1.05,1.07,1.16,1.12,0.947,1.1,1.04,0.906,0.906,0.869,0.947,1.06,1.01,1.03,0.994,0.962,1.32,1.21,1.11,1.15,0.978,0.979,1.08,1.21,1.29,1.26,1.07,1.12,0.852,1.06,1.16,1.14,1.06,1.15,1.03,1.19,1.05,1.02,1.03,1.06,1.06,1.1,1.18,1.14,1.19,1.17,1.28,1.3,1.28,1.37,1.04,1.11,0.981,1.08,1.05,1.27,1.15,1.32,1.22,1.18,1.26,1.21,1.09,1.59,1.24,1.43,1.13,1.12,1.08,1.22,1.04,0.896,1.02,1.04,1.06,1.03,1.05,0.974,1.18,1.16,0.946,1.04,1.15,1.11,1.2,1.14,1.17,1.04,1.22,0.967,1.08,1.12,0.949,1.15,1.01,1.08,1.2,1.27,1.11,1.28,1.25,1.14,1.16,1.15,1.15,1.19,1.42,1.28,1.13,1.1,1.19,1.17,1.24,1.17,1.27,0.928,1.02,0.951,1.11,1.16,1.07,1.07,1.31,1.32,1.11,1.1,1.17,1.21,1.18,1.37,1.32,1.37,1.3,1.18,1.12,1.38,1.44,1.1,1.22,1.24,1.35,1.11,1.09,1.26,1.21,1.05,1.21,1.42,1.17,1.11,1.04,1.12,1.04,1.17,1.16
024_S_5054,786.0,359.0,38.2,0.368,0.344,0.527,0.496,0.54,0.618,0.618,0.665,0.592,0.696,0.634,0.556,0.638,0.488,0.572,0.561,0.534,0.608,0.633,0.609,0.673,0.643,0.687,0.599,0.646,0.64,0.622,0.595,0.638,0.574,0.67,0.647,0.535,0.516,0.654,0.69,0.57,0.574,0.715,0.655,0.777,0.689,0.649,0.734,0.688,0.735,0.604,0.701,0.774,0.711,0.684,0.742,0.528,0.522,0.775,0.658,0.536,0.673,0.651,0.716,0.623,0.592,0.69,0.655,0.617,0.622,0.576,0.566,0.532,0.546,0.666,0.688,0.665,0.641,0.623,0.651,0.668,0.691,0.65,0.682,0.687,0.709,0.575,0.609,0.677,0.64,0.608,0.711,0.61,0.691,0.633,0.692,0.687,0.597,0.618,0.544,0.668,0.629,0.612,0.765,0.648,0.655,0.622,0.567,0.656,0.616,0.64,0.698,0.631,0.663,0.634,0.543,0.636,0.656,0.628,0.667,0.61,0.701,0.622,0.665,0.618,0.599,0.634,0.712,0.628,0.695,0.704,0.653,0.589,0.66,0.649,0.693,0.683,0.636,0.74,0.59,0.689,0.766,0.634,0.626,0.718,0.721,0.644,0.769,0.774,0.784,0.691,0.705,0.667,0.662,0.626,0.689,0.692,0.762,0.787,0.686,0.755,0.709,0.719,0.585,0.79,0.525,0.648,0.732,0.655,0.699,0.677,0.64,0.698,0.666,0.637,0.632,0.584,0.684,0.686,0.595,0.672,0.715,0.668,0.685,0.731,0.583,0.683,0.676,0.665,0.632,0.737,0.692,0.688,0.673,0.682,0.656,0.615,0.618,0.585,0.635,0.718,0.665,0.662,0.761,0.949,0.673,0.99,0.821,0.874,1.0,1.01,1.04,0.934,1.09,0.98,1.07,0.907,0.923,1.01,0.979,0.993,1.05,1.01,0.968,1.04,1.11,0.999,1.09,1.04,1.04,1.13,1.07,1.06,1.03,1.03,1.07,1.09,1.03,1.05,0.99,1.02,1.01,1.08,1.06,1.07,1.01,1.07,0.945,0.966,1.06,1.08,1.12,1.08,0.966,1.04,1.04,0.944,0.947,0.906,0.96,1.11,1.16,1.08,1.04,1.16,1.17,1.18,1.07,1.17,0.955,1.06,1.09,1.13,1.11,1.17,1.25,1.15,0.846,1.09,1.09,1.09,1.07,1.11,1.05,1.12,1.05,0.99,1.01,1.06,1.04,1.06,1.14,1.12,1.12,1.18,1.12,1.18,1.2,1.22,1.07,1.13,0.979,1.14,1.08,1.21,1.14,1.25,1.18,1.22,1.28,1.2,1.19,1.45,1.27,1.46,1.14,1.19,1.18,1.22,1.1,1.11,1.14,1.1,1.16,1.15,1.2,1.15,1.2,1.22,0.946,1.09,1.21,1.18,1.28,1.15,1.19,1.18,1.15,1.11,1.16,1.22,1.05,1.2,1.08,1.09,1.16,1.19,1.16,1.22,1.19,1.12,1.12,1.16,1.25,1.18,1.27,1.2,1.14,1.06,1.19,1.1,1.16,1.13,1.17,0.902,1.01,0.908,1.07,1.26,1.13,1.18,1.21,1.23,1.04,1.09,1.13,1.19,1.18,1.16,1.16,1.2,1.24,1.23,1.18,1.38,1.31,0.985,1.17,1.18,1.3,1.09,1.08,1.21,1.23,1.04,1.19,1.33,1.15,1.21,1.08,1.14,1.04,1.16,1.2
027_S_0118,1300.0,196.0,16.9,0.377,0.346,0.542,0.515,0.554,0.623,0.617,0.659,0.585,0.672,0.621,0.565,0.607,0.444,0.542,0.534,0.487,0.564,0.612,0.567,0.661,0.608,0.655,0.578,0.627,0.626,0.6,0.561,0.618,0.575,0.653,0.646,0.516,0.477,0.619,0.661,0.533,0.534,0.684,0.639,0.765,0.655,0.647,0.709,0.663,0.683,0.585,0.684,0.762,0.687,0.666,0.739,0.514,0.529,0.765,0.646,0.53,0.659,0.638,0.687,0.565,0.601,0.655,0.667,0.601,0.591,0.583,0.529,0.507,0.53,0.641,0.67,0.656,0.624,0.623,0.619,0.652,0.677,0.639,0.627,0.667,0.665,0.602,0.614,0.684,0.634,0.612,0.694,0.591,0.659,0.613,0.667,0.653,0.62,0.612,0.58,0.672,0.625,0.591,0.74,0.668,0.661,0.646,0.601,0.676,0.628,0.635,0.703,0.609,0.641,0.599,0.544,0.588,0.627,0.563,0.618,0.587,0.662,0.595,0.615,0.597,0.535,0.586,0.684,0.585,0.652,0.664,0.628,0.546,0.636,0.634,0.677,0.662,0.618,0.717,0.577,0.69,0.743,0.599,0.573,0.686,0.684,0.632,0.73,0.755,0.771,0.664,0.662,0.639,0.611,0.573,0.674,0.677,0.736,0.746,0.655,0.739,0.692,0.672,0.586,0.783,0.527,0.62,0.717,0.652,0.674,0.658,0.683,0.676,0.628,0.636,0.622,0.541,0.661,0.688,0.543,0.644,0.712,0.65,0.677,0.702,0.53,0.644,0.638,0.622,0.576,0.661,0.645,0.645,0.651,0.68,0.659,0.612,0.64,0.56,0.658,0.718,0.633,0.645,0.751,0.939,0.724,0.992,0.876,0.942,1.03,1.02,1.03,0.943,1.12,1.0,1.11,0.973,0.959,1.04,1.01,0.999,1.11,1.07,1.0,0.849,1.03,0.988,1.09,1.08,1.05,1.13,1.07,0.996,1.04,1.11,1.1,1.12,1.05,1.06,1.04,1.07,1.11,1.09,1.12,1.03,1.01,1.07,0.956,1.02,1.09,1.13,1.13,1.06,0.929,0.956,1.04,0.88,1.01,0.811,0.811,1.14,1.21,1.12,1.07,1.11,1.15,1.13,1.09,1.18,0.989,1.13,1.15,1.16,1.14,1.15,1.23,1.26,0.9,1.19,1.13,1.15,1.14,1.24,1.0,1.15,0.968,0.918,1.1,0.991,1.12,1.18,1.13,1.18,1.18,1.21,0.976,1.11,1.08,1.15,1.2,1.08,0.974,1.17,1.13,1.2,1.25,1.08,1.21,1.3,1.3,1.05,0.987,1.3,1.17,1.34,1.2,1.21,1.15,1.08,1.16,1.18,1.16,1.13,1.17,1.0,1.03,1.15,1.01,1.14,0.98,1.11,1.17,1.11,1.22,1.08,1.23,1.19,1.24,1.13,1.22,1.23,1.07,1.18,1.19,1.16,1.18,1.24,1.1,1.06,1.08,0.982,1.15,1.21,1.02,1.15,1.22,1.2,1.13,1.03,0.859,1.1,1.08,0.899,1.15,0.776,1.01,0.888,1.06,1.24,1.09,1.15,1.2,1.17,1.02,1.1,1.23,1.23,1.2,1.27,1.32,1.2,1.18,0.93,1.18,1.26,1.3,0.97,1.24,1.2,1.17,0.873,0.88,0.902,1.17,0.837,1.13,1.15,1.28,0.954,0.954,0.957,1.09,1.23,1.24
027_S_0120,1230.0,167.0,14.4,0.398,0.372,0.565,0.537,0.576,0.64,0.638,0.689,0.618,0.724,0.661,0.597,0.654,0.502,0.6,0.596,0.556,0.627,0.644,0.624,0.694,0.648,0.707,0.634,0.67,0.671,0.644,0.615,0.645,0.605,0.689,0.663,0.558,0.536,0.668,0.687,0.598,0.588,0.732,0.673,0.815,0.7,0.679,0.744,0.716,0.734,0.635,0.721,0.789,0.724,0.707,0.761,0.552,0.558,0.794,0.684,0.557,0.698,0.669,0.725,0.617,0.644,0.698,0.698,0.645,0.644,0.602,0.587,0.578,0.569,0.68,0.713,0.684,0.668,0.653,0.69,0.689,0.703,0.67,0.671,0.698,0.724,0.608,0.624,0.703,0.662,0.666,0.732,0.613,0.694,0.665,0.718,0.701,0.627,0.657,0.608,0.684,0.646,0.619,0.776,0.683,0.682,0.653,0.61,0.701,0.652,0.67,0.704,0.64,0.697,0.65,0.578,0.655,0.676,0.656,0.679,0.64,0.709,0.659,0.683,0.65,0.607,0.668,0.715,0.645,0.705,0.731,0.677,0.613,0.681,0.656,0.706,0.706,0.654,0.764,0.643,0.723,0.779,0.647,0.618,0.749,0.728,0.617,0.788,0.797,0.782,0.697,0.712,0.683,0.685,0.636,0.71,0.698,0.77,0.792,0.7,0.759,0.713,0.685,0.611,0.794,0.529,0.64,0.753,0.685,0.704,0.7,0.683,0.713,0.676,0.651,0.649,0.591,0.693,0.687,0.607,0.687,0.743,0.686,0.698,0.741,0.612,0.687,0.703,0.654,0.633,0.686,0.693,0.694,0.683,0.682,0.675,0.63,0.669,0.594,0.659,0.729,0.657,0.685,0.772,0.974,0.753,1.04,0.856,0.886,0.968,1.08,1.11,0.947,1.13,0.969,1.06,0.95,0.926,0.988,0.978,0.973,0.994,1.01,0.974,1.06,1.15,1.02,1.05,1.07,1.03,1.04,1.01,1.1,1.03,1.02,1.01,1.01,1.0,1.03,1.01,1.02,1.02,1.07,1.04,1.08,1.02,1.14,0.949,0.998,1.01,1.1,1.14,1.14,0.985,1.1,1.09,0.946,0.985,0.934,0.953,1.11,1.15,1.11,1.09,1.15,1.18,1.19,1.03,1.16,1.02,1.13,1.13,1.16,1.14,1.24,1.19,1.19,0.967,1.14,1.13,1.15,1.09,1.21,1.08,1.19,1.06,0.937,1.07,1.07,1.11,1.18,1.16,1.17,1.18,1.14,1.16,1.19,1.22,1.21,1.05,1.12,1.02,1.12,1.05,1.22,1.19,1.17,1.13,1.15,1.14,1.02,1.01,1.41,1.26,1.38,1.09,1.09,1.14,1.29,1.12,1.05,1.08,1.05,1.05,1.13,1.16,1.1,1.19,1.22,0.967,1.06,1.11,1.15,1.17,1.14,1.11,1.09,1.18,1.03,1.07,1.12,0.995,1.21,1.04,1.11,1.14,1.15,1.11,1.24,1.23,1.18,1.18,1.31,1.22,1.14,1.26,1.23,1.12,1.12,1.2,1.15,1.19,1.22,1.24,0.953,1.02,0.98,1.11,1.17,1.14,1.18,1.24,1.22,1.11,1.13,1.09,1.17,1.23,1.25,1.27,1.21,1.26,1.23,1.12,1.41,1.53,1.2,1.14,1.26,1.37,1.1,1.08,1.2,1.21,0.968,1.13,1.32,1.17,1.08,0.975,1.13,1.04,1.13,1.08
027_S_0850,618.0,311.0,31.7,0.392,0.361,0.559,0.531,0.568,0.628,0.625,0.683,0.602,0.72,0.649,0.568,0.647,0.479,0.583,0.575,0.52,0.61,0.633,0.616,0.684,0.637,0.682,0.609,0.64,0.653,0.62,0.598,0.639,0.6,0.669,0.664,0.54,0.541,0.663,0.7,0.57,0.562,0.744,0.678,0.791,0.685,0.679,0.725,0.708,0.726,0.602,0.704,0.78,0.724,0.689,0.741,0.551,0.537,0.776,0.665,0.535,0.672,0.666,0.732,0.63,0.642,0.707,0.672,0.663,0.618,0.596,0.569,0.528,0.561,0.667,0.695,0.678,0.658,0.636,0.708,0.686,0.684,0.66,0.659,0.702,0.724,0.613,0.629,0.695,0.649,0.631,0.724,0.609,0.71,0.689,0.718,0.708,0.628,0.634,0.595,0.678,0.631,0.605,0.771,0.675,0.665,0.627,0.608,0.683,0.634,0.648,0.7,0.623,0.694,0.621,0.55,0.626,0.664,0.643,0.686,0.627,0.694,0.619,0.689,0.617,0.611,0.629,0.702,0.62,0.681,0.709,0.652,0.575,0.671,0.636,0.7,0.721,0.642,0.745,0.605,0.682,0.768,0.624,0.595,0.736,0.704,0.671,0.777,0.784,0.793,0.707,0.704,0.676,0.704,0.617,0.706,0.708,0.779,0.787,0.708,0.74,0.701,0.675,0.603,0.786,0.548,0.635,0.726,0.677,0.704,0.709,0.672,0.719,0.662,0.636,0.648,0.566,0.677,0.682,0.612,0.682,0.737,0.704,0.669,0.732,0.577,0.684,0.701,0.724,0.625,0.704,0.681,0.681,0.67,0.668,0.664,0.627,0.641,0.618,0.626,0.719,0.634,0.645,0.745,0.989,0.741,0.957,0.844,0.873,0.948,1.06,1.05,0.939,0.995,0.984,1.0,0.931,0.944,1.02,1.02,1.01,1.04,1.04,0.989,0.938,1.05,0.959,1.07,1.08,1.02,1.06,1.02,1.09,0.987,0.996,1.02,1.04,1.06,1.06,1.03,1.05,0.99,1.08,1.0,1.11,0.997,1.08,0.945,0.994,1.11,1.09,1.16,1.03,0.932,1.13,1.06,0.899,0.978,0.893,0.912,1.07,1.17,1.04,1.01,1.19,1.25,1.2,1.13,1.21,1.03,1.07,1.12,1.22,1.24,1.28,1.15,1.18,0.943,1.19,1.18,1.15,1.11,1.21,1.04,1.28,1.01,0.967,1.04,0.967,1.12,1.11,1.2,1.18,1.16,1.15,1.11,1.22,1.21,1.27,1.06,1.01,1.02,1.12,1.02,1.3,0.995,1.03,1.02,1.01,1.09,1.12,1.04,1.31,1.11,1.33,1.1,1.11,1.15,1.25,1.1,1.09,1.12,1.12,1.13,1.17,1.25,1.12,1.14,1.16,0.955,1.09,1.08,1.06,1.13,1.06,1.06,1.01,1.16,1.07,1.08,1.14,0.993,1.27,1.06,1.01,1.14,1.14,1.13,1.14,1.11,1.16,1.16,1.31,1.22,1.1,1.26,1.16,1.12,1.02,1.05,1.15,1.14,1.1,1.29,0.869,0.864,0.806,1.04,1.07,1.08,1.16,1.18,1.25,1.06,0.982,0.968,1.1,1.18,1.24,1.22,1.28,1.29,1.08,1.12,1.35,1.52,1.11,1.1,1.21,1.34,0.961,0.969,1.01,1.13,0.851,1.13,1.29,1.07,1.04,0.923,0.953,1.04,1.0,1.16
027_S_4962,998.0,472.0,47.1,0.383,0.349,0.542,0.521,0.571,0.619,0.618,0.665,0.591,0.697,0.632,0.572,0.603,0.464,0.541,0.526,0.493,0.546,0.58,0.567,0.666,0.611,0.664,0.582,0.629,0.624,0.587,0.559,0.651,0.579,0.65,0.632,0.527,0.491,0.619,0.639,0.53,0.525,0.677,0.641,0.771,0.66,0.631,0.707,0.636,0.662,0.601,0.658,0.748,0.665,0.658,0.711,0.528,0.543,0.759,0.621,0.554,0.65,0.653,0.692,0.556,0.567,0.655,0.654,0.565,0.596,0.599,0.533,0.509,0.539,0.614,0.693,0.653,0.623,0.631,0.611,0.657,0.665,0.636,0.625,0.655,0.661,0.563,0.626,0.671,0.652,0.62,0.666,0.572,0.616,0.57,0.671,0.655,0.6,0.616,0.613,0.688,0.644,0.602,0.75,0.682,0.668,0.632,0.596,0.636,0.624,0.66,0.712,0.628,0.668,0.618,0.531,0.576,0.592,0.598,0.601,0.565,0.658,0.583,0.585,0.581,0.563,0.583,0.684,0.612,0.66,0.681,0.631,0.559,0.652,0.651,0.668,0.668,0.623,0.712,0.535,0.664,0.721,0.603,0.522,0.664,0.699,0.567,0.755,0.745,0.748,0.664,0.669,0.635,0.61,0.595,0.68,0.634,0.746,0.77,0.673,0.737,0.681,0.674,0.579,0.789,0.54,0.639,0.743,0.677,0.669,0.629,0.644,0.661,0.644,0.651,0.632,0.542,0.664,0.672,0.572,0.647,0.701,0.631,0.62,0.691,0.554,0.637,0.656,0.601,0.598,0.683,0.675,0.663,0.647,0.673,0.654,0.615,0.617,0.595,0.662,0.701,0.637,0.631,0.745,0.982,0.719,1.05,0.867,0.911,1.0,1.03,1.03,0.94,1.12,0.959,1.07,0.966,0.96,0.998,0.933,0.944,1.03,1.03,0.986,0.96,1.07,1.0,1.09,1.05,1.04,1.09,1.03,1.03,1.05,1.07,1.0,0.984,0.949,0.972,0.936,0.903,0.971,1.12,1.07,1.09,1.02,1.08,0.982,1.03,1.08,1.08,1.17,1.06,0.989,1.07,1.09,0.918,0.979,0.909,0.907,1.11,0.961,1.02,0.957,1.03,1.24,1.2,1.11,1.22,1.02,1.09,1.1,1.25,1.21,1.21,1.14,1.17,0.881,1.11,1.21,1.13,1.1,1.17,1.07,1.2,1.05,1.02,1.07,1.04,1.08,1.15,1.2,1.21,1.21,1.21,1.19,1.2,1.19,1.26,1.1,1.11,0.975,1.12,1.07,1.17,1.2,1.26,1.25,1.23,1.27,0.992,1.08,1.42,1.23,1.31,1.14,1.04,1.14,1.28,1.15,0.963,1.07,0.966,1.19,1.05,1.13,1.14,1.12,1.16,0.981,1.07,1.19,1.1,1.24,1.14,1.19,1.1,1.1,0.978,1.05,1.13,1.02,1.18,1.07,1.12,1.14,1.28,1.11,1.19,1.19,1.14,1.14,1.14,1.28,1.12,1.26,1.25,1.18,1.08,1.13,1.17,1.2,1.16,1.25,0.981,1.08,0.962,1.09,0.951,1.02,1.17,1.21,1.18,1.07,1.16,1.2,1.12,1.11,1.33,1.39,1.29,1.3,1.2,1.21,1.21,1.28,1.01,1.14,1.23,1.15,1.08,1.08,1.19,1.21,1.11,1.24,1.34,1.14,1.1,1.02,1.12,1.08,1.2,1.2
027_S_4964,550.0,391.0,39.4,0.382,0.351,0.553,0.528,0.563,0.611,0.613,0.664,0.585,0.69,0.627,0.565,0.604,0.442,0.52,0.513,0.479,0.519,0.584,0.575,0.669,0.618,0.658,0.584,0.627,0.636,0.613,0.555,0.638,0.584,0.655,0.643,0.517,0.509,0.603,0.638,0.528,0.506,0.652,0.646,0.773,0.653,0.624,0.697,0.648,0.679,0.601,0.664,0.762,0.68,0.655,0.709,0.533,0.534,0.756,0.634,0.548,0.631,0.603,0.684,0.562,0.576,0.659,0.652,0.583,0.606,0.591,0.538,0.505,0.542,0.631,0.684,0.638,0.638,0.606,0.609,0.649,0.653,0.626,0.642,0.637,0.689,0.593,0.623,0.663,0.657,0.604,0.67,0.565,0.632,0.597,0.665,0.654,0.587,0.621,0.607,0.679,0.628,0.608,0.74,0.677,0.656,0.646,0.571,0.627,0.621,0.657,0.691,0.63,0.658,0.615,0.516,0.573,0.628,0.56,0.621,0.572,0.621,0.568,0.574,0.579,0.521,0.546,0.684,0.61,0.651,0.672,0.642,0.556,0.654,0.664,0.674,0.674,0.618,0.701,0.57,0.686,0.73,0.568,0.565,0.668,0.685,0.628,0.738,0.769,0.753,0.638,0.652,0.607,0.598,0.589,0.66,0.638,0.739,0.756,0.671,0.707,0.684,0.645,0.607,0.785,0.54,0.637,0.725,0.609,0.639,0.644,0.591,0.693,0.644,0.63,0.629,0.563,0.625,0.636,0.553,0.634,0.699,0.61,0.638,0.694,0.547,0.635,0.658,0.616,0.589,0.687,0.672,0.641,0.661,0.681,0.634,0.605,0.621,0.592,0.66,0.715,0.628,0.629,0.751,0.989,0.772,1.05,0.919,0.962,1.07,1.09,1.1,1.01,1.07,0.979,1.13,0.999,0.986,1.06,0.99,0.99,1.04,1.08,1.01,0.923,1.01,1.01,1.14,1.06,1.05,1.16,1.09,1.11,1.14,1.11,1.06,1.02,0.965,1.05,1.0,1.04,0.998,1.11,1.12,1.07,1.01,1.14,0.984,1.04,1.11,1.11,1.24,1.11,0.994,1.08,1.08,0.92,1.02,0.841,0.825,1.16,1.1,1.06,0.965,1.11,1.27,1.24,1.09,1.23,0.991,1.15,1.17,1.25,1.21,1.23,1.2,1.17,0.936,1.13,1.23,1.15,1.12,1.16,1.07,1.19,1.08,0.968,1.1,1.06,1.11,1.16,1.2,1.21,1.24,1.15,1.14,1.19,1.19,1.3,1.11,1.15,1.07,1.16,1.09,1.2,1.24,1.22,1.29,1.27,1.27,1.13,1.11,1.3,1.16,1.29,1.18,1.2,1.11,1.22,1.16,1.12,1.03,1.09,1.16,0.981,1.08,1.15,1.11,1.09,0.983,1.06,1.18,1.18,1.25,1.18,1.19,1.11,1.16,1.02,1.08,1.17,1.02,1.09,1.05,1.13,1.18,1.25,1.18,1.19,1.18,1.1,1.14,1.11,1.18,1.16,1.32,1.26,1.2,1.11,1.09,1.16,1.18,1.1,1.23,0.942,1.09,0.963,1.13,1.12,1.08,1.18,1.28,1.27,1.06,1.16,1.23,1.15,1.2,1.33,1.35,1.29,1.3,1.14,1.23,1.17,1.11,1.1,1.16,1.23,1.17,1.01,1.04,1.17,1.23,0.975,1.24,1.33,1.18,1.08,1.03,0.966,1.1,1.23,1.21
029_S_0836,854.0,297.0,26.9,0.397,0.375,0.562,0.541,0.584,0.642,0.638,0.691,0.62,0.718,0.656,0.59,0.645,0.518,0.592,0.585,0.555,0.612,0.656,0.604,0.681,0.647,0.695,0.614,0.654,0.67,0.646,0.6,0.647,0.607,0.676,0.683,0.552,0.556,0.675,0.694,0.607,0.58,0.714,0.67,0.793,0.686,0.661,0.732,0.687,0.706,0.622,0.706,0.772,0.715,0.694,0.758,0.559,0.558,0.783,0.677,0.553,0.678,0.668,0.718,0.612,0.625,0.69,0.683,0.627,0.638,0.601,0.58,0.568,0.554,0.667,0.71,0.664,0.647,0.651,0.662,0.68,0.692,0.658,0.676,0.691,0.703,0.613,0.628,0.696,0.66,0.649,0.711,0.619,0.698,0.632,0.712,0.694,0.622,0.648,0.621,0.679,0.645,0.62,0.755,0.675,0.672,0.65,0.608,0.684,0.655,0.671,0.717,0.636,0.685,0.637,0.571,0.619,0.655,0.617,0.681,0.594,0.698,0.634,0.641,0.62,0.582,0.657,0.712,0.631,0.686,0.701,0.663,0.586,0.669,0.656,0.699,0.704,0.644,0.751,0.617,0.697,0.746,0.636,0.623,0.709,0.714,0.661,0.786,0.783,0.768,0.679,0.688,0.664,0.637,0.631,0.701,0.67,0.751,0.783,0.692,0.747,0.709,0.682,0.611,0.794,0.543,0.665,0.744,0.7,0.697,0.69,0.655,0.702,0.659,0.651,0.646,0.573,0.69,0.683,0.592,0.686,0.725,0.685,0.685,0.732,0.602,0.667,0.705,0.675,0.62,0.677,0.683,0.682,0.678,0.672,0.656,0.627,0.647,0.59,0.678,0.711,0.654,0.666,0.75,0.929,0.675,0.963,0.82,0.87,0.968,1.0,1.01,0.908,1.06,1.01,1.06,0.944,0.913,0.986,0.922,0.999,1.03,1.0,0.931,1.02,1.11,0.982,1.07,1.03,1.04,1.12,1.06,1.06,1.01,1.02,1.06,1.04,0.969,1.02,0.97,0.992,1.03,1.15,1.06,1.15,1.01,1.13,0.991,1.03,1.1,1.07,1.27,1.11,1.01,1.1,1.09,0.909,0.958,0.87,0.926,1.05,1.08,1.06,0.983,1.18,1.25,1.22,1.12,1.14,0.989,1.05,1.07,1.26,1.2,1.25,1.13,1.18,0.874,1.1,1.23,1.11,1.08,1.17,1.06,1.2,1.06,0.924,1.05,0.999,1.08,1.07,1.25,1.24,1.3,1.24,1.17,1.23,1.24,1.26,1.14,1.02,0.941,1.1,1.0,1.21,1.1,1.1,1.07,1.11,1.13,1.02,1.03,1.41,1.18,1.42,1.11,1.18,1.12,1.22,1.1,1.08,1.17,1.13,1.22,1.08,1.18,1.08,1.18,1.19,0.997,1.14,1.26,1.15,1.33,1.12,1.08,1.14,1.29,1.11,1.12,1.27,1.06,1.24,1.1,1.1,1.16,1.28,1.18,1.28,1.21,1.19,1.14,1.18,1.31,1.15,1.39,1.36,1.13,1.09,1.17,1.23,1.18,1.2,1.3,0.888,1.04,0.952,1.14,1.18,1.08,1.23,1.25,1.28,1.11,1.14,1.16,1.21,1.21,1.39,1.39,1.33,1.38,1.26,1.3,1.48,1.53,1.11,1.16,1.35,1.41,1.04,1.08,1.26,1.26,0.948,1.3,1.37,1.17,1.13,1.03,1.0,1.07,1.16,1.22
029_S_0843,1300.0,145.0,11.9,0.385,0.357,0.549,0.533,0.569,0.621,0.622,0.669,0.601,0.7,0.641,0.583,0.638,0.491,0.572,0.559,0.532,0.604,0.613,0.603,0.674,0.637,0.685,0.62,0.659,0.644,0.629,0.603,0.643,0.592,0.68,0.667,0.57,0.533,0.66,0.708,0.573,0.581,0.723,0.66,0.779,0.678,0.665,0.727,0.698,0.706,0.605,0.697,0.778,0.694,0.679,0.725,0.534,0.535,0.778,0.654,0.552,0.687,0.657,0.707,0.607,0.6,0.69,0.687,0.647,0.625,0.6,0.576,0.56,0.547,0.661,0.695,0.667,0.647,0.629,0.653,0.671,0.692,0.647,0.649,0.684,0.691,0.589,0.622,0.704,0.657,0.624,0.715,0.619,0.679,0.648,0.712,0.692,0.614,0.641,0.621,0.675,0.641,0.622,0.756,0.668,0.669,0.639,0.605,0.676,0.647,0.648,0.704,0.641,0.658,0.648,0.579,0.624,0.66,0.648,0.673,0.616,0.699,0.635,0.698,0.627,0.609,0.633,0.7,0.637,0.681,0.698,0.655,0.581,0.679,0.655,0.707,0.71,0.653,0.757,0.63,0.681,0.762,0.62,0.615,0.72,0.713,0.67,0.764,0.777,0.759,0.68,0.697,0.673,0.691,0.638,0.679,0.686,0.749,0.792,0.673,0.734,0.686,0.673,0.611,0.792,0.535,0.638,0.727,0.667,0.696,0.69,0.654,0.704,0.655,0.641,0.651,0.584,0.669,0.666,0.617,0.644,0.717,0.669,0.679,0.705,0.597,0.665,0.682,0.66,0.629,0.692,0.677,0.68,0.671,0.657,0.667,0.63,0.662,0.568,0.66,0.722,0.645,0.651,0.734,0.933,0.656,0.987,0.81,0.858,0.985,1.01,1.01,0.922,1.06,0.963,1.07,0.966,0.888,0.999,1.03,1.0,1.1,1.13,1.02,1.02,1.1,1.02,1.08,1.04,1.04,1.08,1.04,1.04,1.01,1.05,1.1,1.03,0.992,1.06,1.01,1.05,1.02,1.06,1.08,1.09,1.04,1.06,0.989,0.989,1.16,1.1,1.34,1.07,0.986,1.06,1.07,0.904,0.99,0.877,0.914,1.09,1.15,1.11,1.07,1.22,1.36,1.17,1.09,1.19,1.0,1.11,1.12,1.23,1.27,1.33,1.22,1.24,0.891,1.14,1.34,1.15,1.12,1.29,1.07,1.2,1.02,0.959,1.08,1.08,1.08,1.11,1.23,1.25,1.2,1.29,1.12,1.25,1.24,1.23,1.15,1.07,0.98,1.12,1.07,1.09,1.13,1.17,1.18,1.21,1.3,1.04,1.03,1.37,1.18,1.41,1.25,1.09,1.15,1.33,1.09,1.2,1.2,1.19,1.22,1.25,1.25,1.25,1.12,1.14,0.972,1.12,1.17,1.14,1.2,1.02,1.15,1.19,1.35,1.1,1.18,1.13,1.08,1.31,1.18,1.05,1.16,1.17,1.13,1.12,1.14,1.19,1.16,1.29,1.26,1.21,1.35,1.27,1.15,1.09,1.14,1.1,1.11,1.08,1.18,0.894,0.988,0.909,1.0,1.25,1.14,1.25,1.15,1.24,1.08,1.06,1.15,1.24,1.25,1.29,1.3,1.21,1.31,1.26,1.25,1.55,1.5,1.1,1.21,1.27,1.33,1.03,1.05,1.11,1.15,0.895,1.17,1.24,1.2,1.09,0.963,1.03,1.08,1.17,1.19
029_S_0866,1270.0,176.0,16.1,0.41,0.397,0.582,0.547,0.574,0.647,0.642,0.695,0.627,0.713,0.662,0.599,0.66,0.481,0.587,0.584,0.56,0.636,0.645,0.627,0.68,0.634,0.697,0.599,0.66,0.66,0.637,0.603,0.632,0.605,0.689,0.697,0.565,0.552,0.662,0.705,0.591,0.597,0.735,0.668,0.796,0.692,0.677,0.739,0.714,0.733,0.624,0.715,0.791,0.718,0.703,0.766,0.542,0.551,0.797,0.672,0.55,0.689,0.685,0.729,0.649,0.618,0.696,0.662,0.637,0.632,0.597,0.554,0.571,0.562,0.663,0.708,0.685,0.668,0.65,0.688,0.677,0.707,0.666,0.674,0.698,0.694,0.62,0.626,0.69,0.642,0.62,0.723,0.627,0.652,0.658,0.713,0.712,0.615,0.647,0.6,0.676,0.64,0.591,0.753,0.669,0.666,0.648,0.606,0.675,0.655,0.653,0.709,0.627,0.673,0.637,0.589,0.628,0.674,0.644,0.672,0.625,0.69,0.645,0.682,0.627,0.597,0.641,0.704,0.622,0.68,0.71,0.667,0.595,0.684,0.655,0.698,0.69,0.63,0.749,0.62,0.692,0.761,0.638,0.602,0.712,0.716,0.677,0.782,0.78,0.794,0.68,0.692,0.664,0.684,0.594,0.69,0.689,0.766,0.779,0.67,0.776,0.724,0.7,0.629,0.824,0.541,0.641,0.732,0.723,0.695,0.694,0.682,0.721,0.656,0.656,0.642,0.523,0.67,0.654,0.619,0.676,0.734,0.659,0.698,0.719,0.607,0.679,0.711,0.679,0.619,0.688,0.686,0.667,0.672,0.708,0.677,0.614,0.657,0.582,0.662,0.711,0.64,0.651,0.765,0.948,0.695,0.946,0.842,0.874,0.955,1.01,1.02,0.917,1.02,0.925,0.983,0.93,0.927,1.0,0.987,1.0,1.04,1.04,0.992,0.941,1.05,0.961,1.03,1.0,1.02,1.07,1.05,1.07,1.0,1.01,1.03,1.07,1.05,1.05,1.03,1.04,1.02,1.11,0.999,1.11,0.989,1.04,0.98,1.0,1.08,1.05,1.18,1.09,0.987,1.1,1.11,0.955,0.979,0.911,0.883,1.07,1.21,1.06,1.06,1.2,1.2,1.19,1.1,1.14,0.999,1.1,1.11,1.23,1.18,1.25,1.18,1.16,0.899,1.13,1.17,1.15,1.09,1.15,1.06,1.17,1.04,0.939,1.03,0.995,1.09,1.11,1.2,1.22,1.14,1.22,1.16,1.2,1.17,1.23,1.1,1.03,0.974,1.09,1.02,1.26,1.11,1.12,1.1,1.07,1.15,1.06,1.02,1.28,1.11,1.21,1.09,1.13,1.14,1.34,1.12,1.16,1.16,1.19,1.16,1.19,1.24,1.16,1.11,1.21,0.953,1.05,1.12,1.11,1.17,1.12,1.12,1.01,1.14,1.13,1.16,1.13,1.05,1.26,1.13,1.04,1.15,1.15,1.18,1.17,1.16,1.24,1.2,1.32,1.31,1.16,1.27,1.26,1.15,1.07,1.19,1.21,1.19,1.15,1.23,0.927,1.02,0.963,1.09,1.24,1.15,1.22,1.17,1.27,1.12,1.1,1.17,1.2,1.25,1.27,1.31,1.27,1.31,1.32,1.22,1.34,1.31,1.13,1.16,1.29,1.28,1.05,1.07,1.16,1.2,0.925,1.22,1.28,1.11,1.05,0.966,0.986,1.05,1.12,1.19
029_S_4585,1540.0,187.0,16.8,0.379,0.354,0.545,0.515,0.562,0.622,0.624,0.672,0.591,0.704,0.635,0.55,0.617,0.453,0.548,0.526,0.496,0.581,0.601,0.592,0.68,0.64,0.684,0.616,0.65,0.654,0.616,0.581,0.65,0.578,0.662,0.65,0.501,0.487,0.638,0.674,0.536,0.543,0.693,0.658,0.799,0.676,0.66,0.72,0.68,0.692,0.606,0.692,0.771,0.702,0.695,0.76,0.559,0.55,0.785,0.655,0.549,0.642,0.628,0.7,0.581,0.623,0.686,0.658,0.616,0.614,0.604,0.555,0.531,0.535,0.635,0.685,0.652,0.648,0.635,0.646,0.662,0.683,0.643,0.701,0.674,0.713,0.601,0.634,0.71,0.672,0.619,0.702,0.608,0.67,0.616,0.716,0.681,0.609,0.637,0.578,0.68,0.663,0.62,0.745,0.665,0.658,0.627,0.575,0.664,0.621,0.652,0.692,0.629,0.66,0.616,0.529,0.603,0.633,0.601,0.629,0.637,0.654,0.565,0.625,0.585,0.559,0.572,0.689,0.607,0.668,0.683,0.64,0.569,0.667,0.639,0.679,0.68,0.624,0.696,0.573,0.692,0.738,0.605,0.577,0.684,0.704,0.645,0.774,0.76,0.749,0.67,0.675,0.641,0.646,0.608,0.692,0.651,0.751,0.767,0.683,0.749,0.713,0.722,0.621,0.805,0.531,0.657,0.739,0.647,0.66,0.662,0.631,0.691,0.655,0.637,0.626,0.563,0.672,0.672,0.571,0.67,0.708,0.628,0.629,0.714,0.56,0.653,0.66,0.643,0.6,0.707,0.693,0.669,0.658,0.689,0.662,0.62,0.62,0.593,0.66,0.712,0.616,0.647,0.748,0.971,0.739,1.0,0.88,0.889,1.0,0.998,1.05,0.947,1.05,0.979,1.02,0.96,0.917,0.985,0.957,0.995,1.01,1.01,0.994,1.06,1.12,1.02,1.06,1.05,1.02,1.09,1.02,1.01,1.02,0.984,1.11,1.08,1.01,1.0,0.984,0.978,0.998,1.08,1.03,1.1,1.03,1.03,0.992,1.01,1.08,1.08,1.15,1.07,1.02,1.05,1.09,0.936,0.976,0.875,0.888,1.05,1.07,1.06,1.07,1.16,1.18,1.16,1.08,1.11,0.991,1.07,1.13,1.17,1.11,1.19,1.24,1.14,0.957,1.09,1.17,1.12,1.09,1.21,1.08,1.1,1.04,0.91,1.04,1.03,1.09,1.12,1.16,1.19,1.16,1.22,1.17,1.19,1.18,1.22,1.08,1.12,0.969,1.1,1.08,1.17,1.11,1.2,1.14,1.05,1.09,1.13,1.03,1.36,1.27,1.35,1.15,1.15,1.1,1.25,1.18,1.1,1.12,1.11,1.09,1.1,1.15,1.09,1.16,1.17,0.967,1.08,1.14,1.13,1.25,1.04,1.07,1.11,1.18,1.08,1.15,1.14,1.06,1.12,1.07,1.1,1.15,1.26,1.16,1.24,1.17,1.19,1.17,1.24,1.21,1.1,1.25,1.24,1.18,1.1,1.16,1.12,1.17,1.14,1.12,0.876,0.96,0.945,1.02,1.16,1.09,1.2,1.18,1.25,1.09,1.04,1.07,1.16,1.14,1.19,1.25,1.24,1.25,1.22,1.22,1.29,1.38,1.17,1.15,1.22,1.39,1.06,1.07,1.16,1.18,0.902,1.19,1.28,1.06,1.11,0.96,1.06,1.03,1.06,1.06
031_S_0321,688.0,379.0,44.8,0.406,0.374,0.574,0.545,0.58,0.644,0.634,0.683,0.609,0.722,0.656,0.582,0.638,0.494,0.575,0.582,0.556,0.61,0.635,0.582,0.669,0.618,0.677,0.598,0.639,0.634,0.619,0.58,0.633,0.599,0.678,0.668,0.544,0.522,0.661,0.662,0.573,0.585,0.715,0.667,0.793,0.675,0.664,0.719,0.689,0.718,0.603,0.7,0.771,0.695,0.688,0.741,0.523,0.554,0.777,0.653,0.538,0.688,0.657,0.706,0.615,0.617,0.684,0.666,0.645,0.623,0.609,0.573,0.545,0.559,0.653,0.698,0.669,0.643,0.644,0.65,0.667,0.681,0.646,0.634,0.685,0.697,0.59,0.638,0.696,0.644,0.655,0.709,0.623,0.677,0.626,0.681,0.669,0.599,0.639,0.619,0.687,0.64,0.597,0.742,0.687,0.691,0.644,0.616,0.698,0.648,0.66,0.708,0.639,0.692,0.611,0.572,0.628,0.668,0.591,0.666,0.622,0.68,0.626,0.662,0.621,0.562,0.665,0.701,0.622,0.689,0.701,0.661,0.595,0.684,0.654,0.693,0.699,0.66,0.739,0.593,0.693,0.762,0.592,0.596,0.717,0.705,0.655,0.77,0.768,0.775,0.68,0.676,0.635,0.649,0.629,0.693,0.691,0.754,0.779,0.677,0.756,0.709,0.667,0.61,0.798,0.541,0.637,0.73,0.689,0.684,0.672,0.647,0.702,0.661,0.653,0.648,0.584,0.695,0.662,0.595,0.672,0.719,0.66,0.66,0.726,0.53,0.647,0.707,0.667,0.596,0.665,0.687,0.663,0.683,0.681,0.662,0.623,0.687,0.625,0.66,0.731,0.648,0.669,0.755,1.09,0.778,1.1,0.917,0.961,1.09,1.1,1.12,0.993,1.15,1.01,1.11,0.956,0.937,1.01,0.968,1.01,1.07,1.04,1.0,0.816,0.998,0.982,1.02,1.03,0.982,1.04,1.05,1.11,1.17,1.1,1.05,1.06,1.04,1.01,1.01,1.06,1.08,1.1,0.997,1.05,1.01,1.03,1.01,1.0,1.09,1.06,1.13,1.08,0.984,1.11,1.06,0.966,1.04,0.903,0.841,1.15,1.1,1.1,1.05,1.14,1.16,1.15,1.07,1.12,0.971,1.06,1.08,1.15,1.12,1.14,1.24,1.21,0.918,1.12,1.16,1.15,1.11,1.19,1.04,1.13,1.04,1.02,1.06,0.984,1.08,1.13,1.12,1.14,1.11,1.22,1.07,1.17,1.12,1.1,1.15,1.14,1.05,1.11,1.08,1.34,1.28,1.25,1.36,1.34,1.29,1.12,1.09,1.3,1.23,1.28,1.19,1.24,1.21,0.996,1.16,1.13,1.15,1.12,1.13,1.02,1.08,1.14,1.23,1.23,1.04,1.14,1.21,1.18,1.25,1.24,1.25,1.16,1.22,1.19,1.19,1.24,1.1,1.16,1.15,1.15,1.2,1.25,1.12,1.22,1.19,0.947,1.09,1.15,1.0,1.18,1.32,1.25,1.19,1.13,0.931,1.12,1.19,1.07,1.16,0.924,1.09,0.997,1.16,1.26,1.22,1.18,1.29,1.29,1.07,1.2,1.21,1.28,1.26,1.36,1.34,1.28,1.25,0.9,1.19,1.32,1.33,1.07,1.26,1.24,1.27,1.0,1.05,1.03,1.3,1.11,1.19,1.4,1.28,1.08,1.06,1.11,1.15,1.25,1.35
031_S_0618,1320.0,218.0,18.7,0.385,0.359,0.553,0.539,0.571,0.643,0.627,0.68,0.608,0.717,0.655,0.594,0.648,0.501,0.576,0.573,0.539,0.593,0.621,0.615,0.688,0.645,0.692,0.631,0.651,0.663,0.635,0.605,0.641,0.58,0.686,0.68,0.542,0.546,0.66,0.693,0.583,0.583,0.731,0.668,0.799,0.684,0.675,0.727,0.699,0.715,0.608,0.697,0.778,0.718,0.703,0.764,0.52,0.533,0.793,0.665,0.549,0.683,0.682,0.723,0.617,0.624,0.7,0.677,0.646,0.631,0.593,0.578,0.547,0.53,0.664,0.712,0.679,0.654,0.65,0.672,0.688,0.706,0.672,0.687,0.649,0.712,0.582,0.609,0.688,0.666,0.648,0.706,0.598,0.673,0.649,0.706,0.685,0.592,0.652,0.621,0.697,0.646,0.619,0.746,0.675,0.677,0.652,0.62,0.711,0.669,0.675,0.715,0.66,0.686,0.656,0.595,0.641,0.673,0.628,0.644,0.629,0.7,0.644,0.63,0.626,0.574,0.636,0.722,0.65,0.696,0.706,0.67,0.602,0.667,0.663,0.703,0.726,0.662,0.737,0.617,0.706,0.778,0.63,0.606,0.73,0.726,0.671,0.781,0.806,0.788,0.69,0.698,0.67,0.659,0.642,0.699,0.697,0.766,0.785,0.699,0.744,0.715,0.717,0.616,0.815,0.535,0.639,0.752,0.726,0.694,0.725,0.667,0.72,0.672,0.653,0.657,0.588,0.701,0.676,0.621,0.676,0.729,0.685,0.636,0.727,0.605,0.672,0.725,0.659,0.625,0.699,0.679,0.679,0.689,0.691,0.692,0.619,0.662,0.633,0.676,0.74,0.667,0.688,0.759,0.962,0.751,0.999,0.913,0.929,1.04,1.05,1.06,0.971,1.08,1.0,1.07,0.963,0.947,1.04,1.01,0.993,1.01,1.0,0.998,1.11,1.18,1.06,1.11,1.09,1.09,1.14,1.11,1.05,0.992,1.11,0.986,1.07,1.05,1.04,1.06,1.04,1.02,1.12,1.09,1.09,1.05,1.15,0.972,1.01,1.01,1.13,1.24,1.13,1.04,1.09,1.1,0.978,1.04,0.909,0.972,1.17,1.24,1.1,1.1,1.11,1.25,1.29,1.17,1.21,1.04,1.12,1.16,1.21,1.2,1.26,1.19,1.21,0.969,1.2,1.16,1.21,1.14,1.26,1.08,1.16,1.09,1.06,1.11,1.11,1.17,1.15,1.22,1.2,1.16,1.12,1.17,1.24,1.26,1.26,1.14,1.16,1.0,1.15,1.13,1.16,1.2,1.18,1.16,1.14,1.21,1.06,0.947,1.34,1.17,1.28,1.13,1.1,1.17,1.19,1.11,1.1,1.05,1.11,1.11,1.09,1.08,1.09,1.17,1.19,1.0,1.11,1.15,1.15,1.21,1.08,1.15,1.05,1.22,1.16,1.15,1.18,1.07,1.2,1.12,1.13,1.16,1.23,1.18,1.23,1.23,1.14,1.17,1.26,1.11,1.14,1.29,1.29,1.18,1.11,1.18,1.15,1.18,1.14,1.17,0.945,1.05,0.997,1.09,1.22,1.15,1.11,1.26,1.23,1.08,1.12,1.19,1.25,1.23,1.26,1.26,1.29,1.31,1.12,1.17,1.37,1.42,1.17,1.23,1.21,1.42,1.07,1.1,1.18,1.2,0.97,1.19,1.31,1.19,1.09,0.948,1.03,1.11,1.21,1.18
032_S_0095,1700.0,368.0,33.0,0.401,0.385,0.576,0.547,0.581,0.649,0.641,0.699,0.623,0.727,0.668,0.587,0.659,0.539,0.601,0.605,0.565,0.626,0.632,0.636,0.705,0.645,0.702,0.625,0.658,0.662,0.642,0.617,0.645,0.607,0.693,0.676,0.55,0.543,0.673,0.696,0.605,0.592,0.732,0.656,0.804,0.696,0.677,0.743,0.708,0.724,0.631,0.691,0.787,0.718,0.723,0.767,0.518,0.545,0.797,0.666,0.565,0.696,0.682,0.722,0.635,0.625,0.699,0.671,0.655,0.639,0.595,0.572,0.566,0.551,0.655,0.709,0.68,0.66,0.63,0.678,0.675,0.699,0.663,0.674,0.687,0.716,0.608,0.615,0.688,0.651,0.665,0.735,0.642,0.685,0.651,0.709,0.688,0.622,0.635,0.602,0.68,0.629,0.616,0.769,0.671,0.679,0.652,0.611,0.693,0.653,0.669,0.715,0.65,0.678,0.644,0.574,0.637,0.67,0.621,0.682,0.633,0.716,0.653,0.669,0.597,0.579,0.636,0.713,0.636,0.697,0.718,0.654,0.59,0.674,0.657,0.701,0.695,0.659,0.763,0.615,0.703,0.766,0.631,0.615,0.714,0.717,0.65,0.778,0.781,0.791,0.686,0.691,0.665,0.657,0.628,0.687,0.692,0.759,0.773,0.697,0.757,0.728,0.692,0.606,0.812,0.52,0.626,0.745,0.697,0.688,0.679,0.654,0.719,0.673,0.651,0.647,0.554,0.689,0.669,0.607,0.663,0.739,0.671,0.692,0.742,0.59,0.678,0.723,0.685,0.617,0.719,0.687,0.697,0.684,0.689,0.694,0.616,0.661,0.598,0.662,0.726,0.664,0.667,0.759,0.928,0.666,1.01,0.841,0.882,1.02,0.991,0.994,0.907,1.12,0.92,1.04,0.911,0.948,1.03,0.968,1.05,1.07,1.06,1.01,1.07,1.17,0.997,1.09,1.1,1.04,1.14,1.07,0.994,1.01,1.04,1.05,1.12,1.05,1.09,1.04,1.09,1.07,1.12,1.12,1.05,0.994,1.12,0.953,0.943,1.06,1.18,1.3,1.09,0.971,0.972,1.01,0.868,0.935,0.819,0.897,1.13,1.3,1.11,1.07,1.21,1.25,1.18,1.09,1.25,1.0,1.05,1.22,1.26,1.25,1.29,1.27,1.2,0.937,1.29,1.2,1.17,1.1,1.23,0.973,1.15,1.0,0.927,1.03,1.04,1.06,1.19,1.17,1.23,1.11,1.25,1.05,1.15,1.21,1.29,1.24,1.11,0.904,1.09,1.03,1.16,1.09,1.31,1.29,1.21,1.29,1.15,1.09,1.55,1.23,1.47,1.26,1.26,1.22,1.2,1.2,1.2,1.17,1.23,1.23,1.18,1.19,1.18,1.28,1.32,0.983,1.09,1.18,1.19,1.33,1.03,1.2,1.13,1.33,1.17,1.27,1.3,1.07,1.22,1.18,1.23,1.32,1.28,1.12,1.14,1.14,1.12,1.09,1.19,1.24,1.28,1.37,1.36,1.1,1.05,1.1,1.04,1.07,1.05,1.16,0.806,0.959,0.856,0.994,1.35,1.15,1.24,1.22,1.27,1.1,1.03,1.17,1.41,1.24,1.46,1.4,1.2,1.37,1.27,1.32,1.53,1.47,1.12,1.32,1.36,1.41,1.01,1.08,1.11,1.21,0.859,1.22,1.31,1.29,1.24,0.935,1.1,0.979,1.22,1.27
032_S_0479,650.0,238.0,22.8,0.366,0.338,0.515,0.474,0.541,0.608,0.619,0.66,0.583,0.692,0.629,0.54,0.629,0.459,0.557,0.549,0.486,0.578,0.599,0.571,0.674,0.634,0.679,0.601,0.652,0.651,0.62,0.58,0.632,0.574,0.663,0.657,0.476,0.5,0.64,0.654,0.556,0.513,0.72,0.649,0.779,0.681,0.656,0.72,0.691,0.715,0.604,0.694,0.764,0.71,0.679,0.738,0.528,0.535,0.774,0.654,0.53,0.684,0.634,0.704,0.585,0.604,0.682,0.654,0.628,0.61,0.578,0.533,0.521,0.541,0.654,0.696,0.671,0.639,0.614,0.666,0.676,0.691,0.65,0.667,0.668,0.703,0.59,0.615,0.688,0.657,0.617,0.709,0.601,0.7,0.648,0.69,0.673,0.618,0.639,0.575,0.67,0.637,0.616,0.733,0.668,0.662,0.627,0.572,0.672,0.618,0.648,0.704,0.643,0.66,0.646,0.496,0.617,0.658,0.644,0.647,0.608,0.692,0.642,0.651,0.618,0.599,0.617,0.725,0.645,0.697,0.701,0.645,0.591,0.669,0.652,0.695,0.704,0.59,0.756,0.585,0.717,0.761,0.628,0.554,0.737,0.724,0.659,0.768,0.792,0.794,0.704,0.704,0.674,0.678,0.631,0.715,0.682,0.767,0.767,0.701,0.748,0.708,0.685,0.615,0.803,0.535,0.652,0.736,0.677,0.681,0.683,0.64,0.709,0.673,0.642,0.654,0.57,0.724,0.688,0.624,0.681,0.756,0.681,0.678,0.733,0.614,0.684,0.708,0.661,0.635,0.706,0.688,0.693,0.689,0.693,0.672,0.623,0.645,0.586,0.66,0.724,0.656,0.678,0.775,0.927,0.705,1.02,0.866,0.889,1.05,1.02,1.05,0.947,1.04,0.978,1.1,0.976,0.921,1.06,1.05,1.02,1.09,1.1,1.03,1.06,1.19,1.03,1.17,1.12,1.1,1.22,1.11,0.976,1.02,1.06,1.15,1.15,1.08,1.1,1.07,1.06,1.1,1.14,1.21,1.1,1.03,1.22,0.959,1.02,1.1,1.2,1.23,1.12,0.963,1.03,1.09,0.844,0.96,0.799,0.925,1.09,1.27,1.14,1.15,1.14,1.32,1.23,1.17,1.22,1.02,1.15,1.19,1.29,1.29,1.3,1.27,1.23,0.89,1.24,1.17,1.19,1.15,1.26,1.03,1.23,1.05,0.896,1.1,0.988,1.12,1.19,1.23,1.2,1.17,1.2,1.19,1.24,1.25,1.29,1.25,1.09,0.95,1.13,1.07,1.16,1.11,1.22,1.27,1.18,1.23,1.14,1.0,1.4,1.2,1.38,1.2,1.22,1.24,1.38,1.2,1.17,1.2,1.12,1.2,1.16,1.3,1.21,1.19,1.15,0.928,1.14,1.3,1.22,1.35,0.972,1.13,1.24,1.28,1.18,1.2,1.2,1.12,1.28,1.19,1.16,1.24,1.25,1.23,1.16,1.17,1.22,1.21,1.36,1.24,1.26,1.35,1.2,1.19,1.11,1.2,1.14,1.15,1.07,1.26,0.742,0.815,0.76,0.892,1.27,1.14,1.17,1.25,1.28,1.11,1.03,1.1,1.29,1.28,1.34,1.33,1.28,1.35,1.23,1.21,1.49,1.51,1.11,1.25,1.26,1.45,1.08,1.08,1.2,1.13,0.799,1.16,1.33,1.2,1.17,0.878,0.975,1.08,1.2,1.24
032_S_0677,989.0,162.0,15.1,0.386,0.352,0.55,0.516,0.552,0.631,0.63,0.683,0.598,0.713,0.644,0.574,0.627,0.456,0.568,0.558,0.512,0.585,0.62,0.606,0.692,0.641,0.693,0.606,0.65,0.651,0.617,0.585,0.64,0.585,0.676,0.674,0.524,0.54,0.654,0.688,0.575,0.54,0.712,0.667,0.797,0.683,0.665,0.729,0.689,0.705,0.61,0.689,0.771,0.709,0.695,0.75,0.546,0.552,0.793,0.657,0.546,0.659,0.679,0.727,0.604,0.601,0.687,0.672,0.627,0.63,0.596,0.542,0.532,0.549,0.664,0.697,0.681,0.651,0.627,0.673,0.685,0.695,0.666,0.663,0.675,0.703,0.594,0.621,0.69,0.658,0.643,0.717,0.605,0.667,0.623,0.711,0.667,0.587,0.63,0.612,0.679,0.646,0.626,0.747,0.679,0.677,0.652,0.613,0.707,0.652,0.671,0.706,0.663,0.682,0.656,0.547,0.629,0.664,0.601,0.651,0.619,0.696,0.627,0.647,0.629,0.589,0.634,0.72,0.643,0.696,0.722,0.655,0.609,0.673,0.666,0.712,0.722,0.643,0.766,0.6,0.697,0.769,0.637,0.599,0.704,0.719,0.652,0.786,0.781,0.789,0.683,0.691,0.67,0.656,0.636,0.686,0.675,0.772,0.766,0.69,0.751,0.709,0.688,0.612,0.814,0.556,0.652,0.756,0.689,0.692,0.667,0.676,0.716,0.674,0.638,0.649,0.578,0.702,0.667,0.61,0.661,0.744,0.644,0.668,0.728,0.587,0.677,0.711,0.623,0.625,0.691,0.692,0.666,0.695,0.688,0.653,0.618,0.658,0.601,0.665,0.726,0.685,0.691,0.778,1.04,0.705,1.07,0.863,0.905,1.07,1.07,1.11,0.964,1.13,0.995,1.12,0.935,0.955,1.02,0.981,1.03,1.02,0.991,0.961,1.14,1.21,1.08,1.2,1.13,1.1,1.22,1.11,1.09,1.04,1.07,1.13,1.11,1.04,1.08,1.02,1.09,1.0,1.13,1.16,1.09,1.04,1.19,0.986,1.01,1.06,1.26,1.32,1.15,0.99,0.988,1.06,0.914,0.974,0.846,0.932,1.16,1.2,1.07,1.05,1.19,1.3,1.24,1.18,1.22,1.0,1.14,1.17,1.31,1.25,1.33,1.26,1.21,0.947,1.21,1.25,1.15,1.07,1.22,0.979,1.19,1.08,0.937,1.11,1.14,1.06,1.17,1.2,1.2,1.14,1.17,1.1,1.22,1.24,1.39,1.19,1.18,1.03,1.15,1.06,1.3,1.22,1.26,1.35,1.3,1.27,1.23,1.12,1.43,1.31,1.39,1.12,1.31,1.2,1.22,1.1,1.07,1.16,1.13,1.13,1.09,1.12,1.12,1.29,1.26,0.972,1.1,1.28,1.15,1.43,1.14,1.19,1.17,1.24,1.08,1.18,1.32,1.1,1.13,1.1,1.19,1.3,1.28,1.12,1.2,1.21,1.14,1.16,1.21,1.25,1.31,1.37,1.3,1.18,1.16,1.11,1.09,1.08,1.11,1.22,0.831,0.998,0.878,1.07,1.22,1.09,1.17,1.38,1.34,1.11,1.12,1.17,1.41,1.29,1.4,1.38,1.27,1.37,1.11,1.23,1.41,1.37,1.19,1.28,1.3,1.37,1.07,1.06,1.14,1.21,0.94,1.2,1.39,1.28,1.19,0.95,1.28,1.1,1.15,1.26
032_S_1037,470.0,300.0,34.0,0.385,0.355,0.552,0.522,0.556,0.627,0.625,0.663,0.594,0.682,0.637,0.567,0.623,0.476,0.57,0.555,0.521,0.598,0.633,0.607,0.675,0.632,0.679,0.602,0.635,0.633,0.614,0.58,0.633,0.581,0.66,0.667,0.535,0.521,0.645,0.675,0.592,0.572,0.722,0.652,0.775,0.677,0.658,0.722,0.682,0.713,0.599,0.7,0.771,0.705,0.698,0.74,0.545,0.541,0.786,0.656,0.53,0.665,0.692,0.701,0.623,0.622,0.704,0.658,0.608,0.618,0.599,0.54,0.548,0.543,0.663,0.682,0.673,0.639,0.638,0.665,0.664,0.676,0.644,0.66,0.689,0.683,0.608,0.618,0.686,0.644,0.616,0.706,0.61,0.677,0.628,0.697,0.696,0.615,0.647,0.581,0.667,0.629,0.596,0.767,0.658,0.669,0.636,0.593,0.655,0.648,0.654,0.7,0.64,0.66,0.631,0.566,0.607,0.627,0.583,0.656,0.599,0.682,0.612,0.637,0.609,0.579,0.588,0.694,0.603,0.673,0.684,0.646,0.575,0.663,0.646,0.677,0.696,0.643,0.745,0.597,0.647,0.747,0.621,0.591,0.7,0.699,0.628,0.756,0.76,0.777,0.674,0.684,0.63,0.633,0.624,0.698,0.661,0.752,0.763,0.676,0.746,0.705,0.69,0.597,0.807,0.546,0.639,0.734,0.695,0.688,0.687,0.667,0.702,0.654,0.645,0.643,0.561,0.67,0.675,0.576,0.677,0.717,0.644,0.662,0.713,0.584,0.66,0.667,0.659,0.603,0.682,0.664,0.666,0.675,0.672,0.651,0.609,0.645,0.57,0.648,0.708,0.634,0.628,0.729,1.03,0.715,1.04,0.877,0.911,1.04,1.08,1.1,0.967,1.08,0.999,1.11,0.985,1.0,1.05,1.04,1.07,1.12,1.08,1.04,0.983,1.18,1.01,1.18,1.08,1.11,1.15,1.11,1.07,1.08,1.08,0.983,1.03,0.93,1.06,1.02,1.05,0.999,1.19,1.08,1.13,1.03,1.14,0.974,1.01,1.13,1.02,1.14,1.15,0.981,1.14,1.12,0.944,1.04,0.883,0.902,1.1,0.949,1.03,1.02,1.16,1.27,1.28,1.16,1.19,1.01,1.11,1.06,1.27,1.31,1.24,1.13,1.09,0.902,1.07,1.15,1.1,1.08,1.12,1.09,1.23,1.07,1.04,1.09,1.17,1.16,1.12,1.2,1.21,1.26,1.24,1.3,1.3,1.31,1.32,1.09,1.15,1.05,1.15,1.06,1.22,1.14,1.22,1.22,1.19,1.33,1.19,1.13,1.41,1.26,1.29,1.08,1.18,1.2,1.23,1.2,1.01,1.18,1.15,1.24,1.15,1.15,1.18,1.05,1.1,0.963,1.12,1.2,1.17,1.3,1.08,1.09,1.09,0.979,0.868,0.908,1.15,0.96,1.03,1.07,1.1,1.05,1.25,1.17,1.14,1.19,1.06,1.08,1.08,1.21,0.993,1.3,1.17,1.16,1.08,1.06,1.17,1.29,1.14,1.21,0.894,1.05,0.953,1.1,0.952,0.97,1.19,1.18,1.18,1.04,1.12,1.07,1.02,0.958,1.26,1.26,1.33,1.27,1.08,1.2,1.13,1.18,1.01,1.05,1.21,1.23,1.1,1.04,1.06,1.17,0.995,1.19,1.44,1.05,1.08,1.08,0.975,1.03,1.05,1.09
032_S_1169,1700.0,359.0,34.8,0.392,0.35,0.536,0.501,0.54,0.623,0.623,0.675,0.595,0.697,0.64,0.556,0.625,0.473,0.555,0.548,0.511,0.57,0.611,0.592,0.682,0.632,0.676,0.614,0.641,0.65,0.623,0.58,0.623,0.581,0.659,0.654,0.536,0.498,0.635,0.684,0.546,0.551,0.705,0.665,0.788,0.68,0.654,0.715,0.676,0.694,0.597,0.677,0.765,0.696,0.694,0.747,0.536,0.546,0.786,0.64,0.526,0.676,0.633,0.704,0.568,0.605,0.671,0.653,0.584,0.612,0.593,0.531,0.515,0.534,0.65,0.696,0.642,0.638,0.627,0.641,0.675,0.679,0.639,0.655,0.667,0.67,0.601,0.623,0.695,0.649,0.618,0.677,0.556,0.638,0.605,0.686,0.668,0.591,0.633,0.578,0.682,0.62,0.616,0.75,0.662,0.661,0.634,0.584,0.665,0.629,0.661,0.727,0.65,0.682,0.634,0.542,0.622,0.655,0.6,0.639,0.572,0.652,0.605,0.641,0.608,0.528,0.641,0.703,0.614,0.683,0.709,0.629,0.567,0.678,0.656,0.691,0.699,0.637,0.746,0.613,0.693,0.752,0.601,0.589,0.706,0.709,0.652,0.793,0.776,0.791,0.682,0.682,0.662,0.629,0.602,0.692,0.649,0.759,0.757,0.677,0.756,0.714,0.687,0.577,0.808,0.557,0.641,0.723,0.666,0.682,0.659,0.649,0.692,0.652,0.66,0.638,0.565,0.672,0.673,0.559,0.634,0.736,0.629,0.643,0.713,0.58,0.659,0.682,0.648,0.613,0.656,0.672,0.647,0.672,0.696,0.643,0.606,0.637,0.629,0.65,0.717,0.643,0.656,0.759,0.873,0.673,0.948,0.859,0.902,0.962,0.977,0.905,0.896,1.01,0.943,1.04,0.971,0.978,1.02,1.02,1.04,1.06,1.02,0.932,1.07,1.2,1.07,1.19,1.16,1.15,1.24,1.08,0.967,1.05,1.11,1.06,0.995,1.05,1.12,0.944,0.898,0.981,1.16,1.29,0.995,1.02,1.16,0.985,0.971,1.11,1.33,1.43,1.12,0.949,0.907,1.12,0.724,0.937,0.693,0.73,1.12,1.09,1.1,0.957,0.985,1.37,1.3,1.17,1.3,0.993,1.19,1.28,1.17,1.3,1.43,1.23,1.22,0.875,1.27,1.19,1.2,1.2,1.29,0.975,1.25,0.951,0.929,1.17,1.22,1.2,1.21,1.21,1.3,1.25,1.24,0.987,1.2,1.25,1.32,1.07,0.996,0.891,1.25,1.08,0.904,1.07,0.8,1.1,1.2,1.16,0.614,0.69,1.08,1.14,1.19,1.19,1.24,1.12,1.01,1.19,1.17,1.08,1.17,1.25,0.879,0.862,1.12,1.15,1.23,1.03,1.14,1.34,1.25,1.35,1.06,1.19,1.22,1.25,1.24,1.18,1.35,1.09,1.06,1.13,1.2,1.41,1.34,1.09,1.13,1.2,0.94,1.12,1.28,0.848,1.37,1.45,1.45,1.2,1.07,1.0,1.17,1.12,0.971,1.28,0.64,0.892,0.705,0.892,1.21,1.06,1.22,1.22,1.32,0.989,1.12,1.21,1.37,1.22,1.44,1.29,1.35,1.41,0.897,1.34,1.31,1.37,1.01,1.39,1.35,1.31,0.887,0.94,1.07,1.15,0.639,1.23,1.24,1.25,0.929,0.859,1.02,1.18,1.22,1.44
033_S_0923,1400.0,229.0,20.8,0.379,0.353,0.549,0.522,0.566,0.627,0.62,0.668,0.594,0.7,0.637,0.583,0.627,0.465,0.564,0.554,0.521,0.594,0.619,0.601,0.68,0.635,0.69,0.608,0.642,0.648,0.621,0.584,0.643,0.576,0.676,0.667,0.548,0.519,0.663,0.687,0.562,0.587,0.7,0.659,0.785,0.679,0.667,0.716,0.692,0.694,0.614,0.697,0.773,0.701,0.677,0.748,0.545,0.554,0.778,0.657,0.545,0.688,0.648,0.701,0.591,0.621,0.672,0.676,0.595,0.604,0.604,0.526,0.531,0.526,0.646,0.681,0.654,0.628,0.622,0.622,0.662,0.679,0.653,0.664,0.675,0.695,0.615,0.638,0.696,0.649,0.646,0.708,0.601,0.669,0.638,0.701,0.677,0.617,0.636,0.61,0.664,0.635,0.614,0.756,0.663,0.673,0.65,0.6,0.672,0.647,0.67,0.698,0.655,0.66,0.654,0.577,0.629,0.644,0.604,0.649,0.612,0.677,0.619,0.637,0.603,0.584,0.586,0.703,0.633,0.672,0.696,0.662,0.56,0.595,0.654,0.699,0.7,0.644,0.722,0.601,0.685,0.726,0.644,0.592,0.713,0.701,0.556,0.771,0.768,0.766,0.67,0.681,0.657,0.653,0.612,0.689,0.681,0.741,0.771,0.678,0.753,0.696,0.668,0.59,0.791,0.548,0.639,0.74,0.696,0.687,0.689,0.658,0.685,0.649,0.656,0.667,0.545,0.702,0.666,0.603,0.652,0.698,0.648,0.67,0.728,0.607,0.675,0.708,0.672,0.61,0.689,0.68,0.666,0.677,0.691,0.666,0.6,0.641,0.558,0.645,0.713,0.62,0.657,0.767,0.977,0.739,1.03,0.874,0.926,1.0,1.06,1.09,0.979,1.11,1.0,1.07,0.979,0.955,0.981,0.97,0.998,1.06,1.04,1.01,0.937,1.12,1.01,1.09,1.08,1.09,1.1,1.04,1.06,1.02,1.08,1.04,1.1,0.962,1.02,0.947,0.874,1.04,1.06,1.06,1.13,1.01,1.09,0.953,1.02,1.1,1.11,1.21,1.11,1.0,1.1,1.12,0.976,1.01,0.932,0.879,1.14,1.11,1.02,0.989,1.12,1.25,1.12,1.06,1.18,1.0,1.13,1.11,1.12,1.21,1.27,1.16,1.2,0.889,1.17,1.18,1.18,1.16,1.23,1.08,1.21,1.06,1.01,1.09,1.07,1.14,1.15,1.18,1.19,1.17,1.18,1.12,1.25,1.21,1.23,1.16,1.12,1.01,1.14,1.11,1.19,1.19,1.22,1.23,1.21,1.22,1.17,1.11,1.44,1.24,1.31,1.15,1.09,1.12,1.32,1.1,1.07,1.04,1.06,1.07,1.09,1.1,1.03,1.09,1.18,0.976,1.1,1.14,1.13,1.16,1.12,1.18,1.09,1.14,1.07,1.08,1.12,0.911,1.19,1.09,1.06,1.06,1.2,1.16,1.13,1.2,1.21,1.18,1.25,1.21,0.94,1.31,1.24,1.16,1.08,1.2,1.16,1.18,1.17,1.22,0.947,1.06,0.962,1.11,1.19,0.964,1.16,1.14,1.21,1.09,1.1,1.16,1.2,0.955,1.25,1.22,1.27,1.27,1.2,1.14,1.34,1.43,1.08,1.17,1.2,1.4,1.09,1.1,1.17,1.2,0.966,1.18,1.32,1.23,1.13,1.03,0.911,1.04,1.18,1.18
033_S_1016,1040.0,261.0,24.7,0.382,0.352,0.546,0.509,0.564,0.63,0.625,0.681,0.593,0.713,0.65,0.568,0.641,0.454,0.571,0.564,0.511,0.601,0.606,0.601,0.694,0.638,0.691,0.619,0.659,0.655,0.621,0.601,0.646,0.583,0.668,0.679,0.509,0.503,0.663,0.692,0.555,0.545,0.745,0.674,0.809,0.698,0.669,0.729,0.711,0.728,0.611,0.725,0.78,0.726,0.707,0.769,0.541,0.549,0.8,0.679,0.536,0.686,0.656,0.709,0.618,0.626,0.709,0.703,0.667,0.631,0.591,0.536,0.523,0.562,0.679,0.701,0.67,0.659,0.634,0.706,0.682,0.709,0.676,0.702,0.702,0.734,0.614,0.632,0.716,0.669,0.618,0.723,0.634,0.722,0.649,0.725,0.685,0.645,0.649,0.598,0.695,0.668,0.626,0.758,0.676,0.679,0.655,0.608,0.688,0.646,0.673,0.727,0.667,0.712,0.651,0.546,0.655,0.688,0.659,0.685,0.626,0.711,0.651,0.688,0.618,0.61,0.617,0.72,0.643,0.7,0.727,0.653,0.611,0.666,0.678,0.708,0.732,0.625,0.761,0.626,0.703,0.766,0.615,0.592,0.736,0.725,0.677,0.796,0.784,0.797,0.719,0.722,0.678,0.692,0.644,0.715,0.703,0.78,0.792,0.724,0.761,0.714,0.718,0.608,0.803,0.558,0.655,0.765,0.685,0.702,0.719,0.684,0.716,0.685,0.664,0.653,0.578,0.705,0.68,0.61,0.685,0.719,0.692,0.697,0.739,0.599,0.709,0.729,0.69,0.65,0.737,0.714,0.705,0.699,0.706,0.683,0.63,0.666,0.632,0.701,0.732,0.684,0.693,0.77,0.967,0.663,0.964,0.803,0.843,0.992,1.04,1.06,0.922,1.06,0.908,1.02,0.895,0.882,0.983,0.961,0.947,0.978,0.981,0.961,1.0,1.09,0.975,1.06,1.04,1.01,1.03,1.0,1.12,0.997,1.01,1.01,1.03,1.0,1.02,1.0,1.01,0.992,1.05,1.04,1.03,0.959,1.08,0.906,0.942,1.02,1.06,1.14,1.03,0.945,1.01,1.04,0.927,0.982,0.923,0.908,1.09,1.09,1.05,1.02,1.07,1.16,1.14,1.06,1.12,0.955,1.09,1.08,1.12,1.13,1.16,1.2,1.17,0.877,1.1,1.09,1.11,1.07,1.18,1.01,1.13,0.994,0.969,1.06,1.08,1.09,1.06,1.14,1.15,1.08,1.11,1.07,1.16,1.17,1.21,1.08,1.1,1.03,1.11,1.05,1.36,1.15,1.19,1.12,1.12,1.25,1.17,1.1,1.44,1.2,1.33,1.09,1.14,1.12,1.27,1.11,1.1,1.09,1.13,1.11,1.14,1.18,1.11,1.14,1.17,0.936,1.04,1.16,1.09,1.15,1.14,1.12,1.03,1.2,1.01,1.15,1.14,1.01,1.19,1.11,1.07,1.15,1.2,1.09,1.19,1.14,1.14,1.13,1.24,1.12,1.12,1.24,1.2,1.06,1.04,1.14,1.1,1.13,1.1,1.15,0.903,1.01,0.948,1.11,1.12,1.12,1.09,1.21,1.16,1.08,1.08,1.13,1.21,1.2,1.25,1.22,1.17,1.22,1.13,1.13,1.41,1.42,1.09,1.16,1.16,1.31,1.02,1.03,1.09,1.2,0.938,1.11,1.25,1.15,1.11,1.06,1.03,1.04,1.12,1.17
033_S_1098,562.0,463.0,48.3,0.365,0.335,0.526,0.496,0.551,0.627,0.619,0.671,0.589,0.715,0.632,0.566,0.617,0.443,0.553,0.557,0.498,0.563,0.594,0.525,0.665,0.619,0.674,0.605,0.638,0.647,0.615,0.573,0.635,0.568,0.664,0.653,0.523,0.519,0.637,0.655,0.529,0.515,0.708,0.652,0.785,0.667,0.662,0.715,0.677,0.683,0.558,0.68,0.755,0.689,0.667,0.73,0.481,0.523,0.774,0.627,0.514,0.671,0.658,0.675,0.571,0.602,0.672,0.656,0.602,0.601,0.567,0.506,0.535,0.533,0.643,0.69,0.663,0.63,0.635,0.657,0.666,0.676,0.649,0.638,0.662,0.686,0.549,0.613,0.675,0.651,0.598,0.69,0.59,0.661,0.615,0.675,0.666,0.6,0.625,0.586,0.692,0.652,0.608,0.748,0.666,0.681,0.643,0.601,0.684,0.657,0.683,0.727,0.674,0.688,0.646,0.529,0.608,0.643,0.618,0.647,0.573,0.674,0.599,0.649,0.62,0.581,0.556,0.708,0.63,0.684,0.703,0.644,0.563,0.642,0.669,0.706,0.696,0.639,0.742,0.597,0.688,0.763,0.601,0.592,0.702,0.706,0.631,0.781,0.768,0.767,0.678,0.686,0.659,0.623,0.613,0.686,0.657,0.745,0.772,0.684,0.715,0.674,0.651,0.574,0.771,0.5,0.624,0.751,0.714,0.685,0.669,0.616,0.691,0.654,0.634,0.644,0.578,0.674,0.626,0.583,0.652,0.716,0.639,0.657,0.736,0.601,0.667,0.713,0.667,0.622,0.687,0.689,0.658,0.685,0.635,0.651,0.597,0.645,0.617,0.674,0.71,0.666,0.663,0.773,0.979,0.726,1.04,0.856,0.893,0.999,1.03,1.04,0.958,1.09,0.971,1.07,0.948,0.914,1.01,0.993,0.994,1.02,0.992,0.968,0.989,1.06,0.986,1.06,1.05,0.998,1.06,1.04,1.03,1.02,1.02,1.05,1.01,1.01,1.01,0.978,0.994,0.996,1.07,1.02,1.07,0.989,1.09,0.953,1.0,1.02,1.09,1.21,1.07,0.99,1.06,1.06,0.938,0.97,0.862,0.895,1.09,1.14,1.04,1.0,1.1,1.24,1.2,1.04,1.16,1.01,1.1,1.11,1.13,1.16,1.23,1.16,1.11,0.934,1.14,1.15,1.16,1.11,1.18,1.05,1.15,1.02,0.96,1.07,1.03,1.11,1.1,1.2,1.19,1.15,1.14,1.1,1.17,1.17,1.2,1.11,1.08,0.995,1.1,1.07,1.17,1.04,1.11,1.19,1.12,1.22,1.0,1.04,1.35,1.18,1.31,1.1,1.12,1.14,1.17,1.11,1.06,1.09,1.1,1.1,1.02,1.08,1.09,1.11,1.11,0.954,1.02,1.14,1.07,1.18,1.02,1.11,1.05,1.19,1.03,1.11,1.09,1.03,1.04,1.04,1.08,1.1,1.22,1.14,1.21,1.17,1.07,1.12,1.15,1.12,1.14,1.28,1.28,1.12,1.07,1.07,1.12,1.14,1.11,1.15,0.859,0.973,0.895,1.05,1.18,1.06,1.12,1.18,1.23,1.06,1.09,1.12,1.19,1.19,1.3,1.21,1.18,1.3,1.07,1.1,1.37,1.26,1.04,1.15,1.19,1.25,1.08,1.05,1.17,1.16,0.91,1.18,1.28,1.13,1.08,0.973,1.06,1.04,1.15,1.17
033_S_1281,351.0,363.0,38.5,0.381,0.355,0.539,0.519,0.57,0.632,0.619,0.673,0.601,0.704,0.646,0.569,0.634,0.493,0.579,0.573,0.535,0.593,0.628,0.599,0.686,0.636,0.679,0.61,0.648,0.656,0.629,0.602,0.632,0.58,0.676,0.677,0.554,0.528,0.658,0.671,0.591,0.586,0.709,0.662,0.789,0.683,0.656,0.712,0.682,0.712,0.62,0.707,0.773,0.698,0.692,0.746,0.53,0.542,0.783,0.662,0.541,0.684,0.667,0.71,0.621,0.612,0.703,0.674,0.663,0.623,0.591,0.577,0.561,0.543,0.653,0.695,0.663,0.644,0.636,0.676,0.67,0.69,0.654,0.653,0.683,0.69,0.594,0.615,0.697,0.645,0.628,0.705,0.614,0.684,0.635,0.705,0.687,0.581,0.641,0.61,0.697,0.61,0.601,0.751,0.663,0.659,0.631,0.59,0.678,0.637,0.627,0.707,0.625,0.69,0.63,0.559,0.647,0.663,0.617,0.661,0.618,0.697,0.637,0.68,0.627,0.605,0.636,0.696,0.617,0.675,0.7,0.649,0.575,0.683,0.634,0.69,0.707,0.66,0.753,0.61,0.671,0.762,0.622,0.629,0.715,0.722,0.673,0.78,0.782,0.767,0.679,0.674,0.648,0.657,0.63,0.704,0.695,0.768,0.778,0.678,0.742,0.701,0.671,0.591,0.8,0.534,0.628,0.725,0.683,0.685,0.697,0.641,0.726,0.653,0.653,0.649,0.559,0.675,0.676,0.611,0.661,0.725,0.673,0.703,0.723,0.58,0.666,0.691,0.662,0.604,0.665,0.67,0.664,0.678,0.68,0.677,0.612,0.637,0.598,0.643,0.715,0.628,0.654,0.764,1.03,0.729,1.09,0.853,0.9,1.04,1.07,1.11,0.959,1.08,0.986,1.08,0.928,0.937,0.979,0.922,0.994,1.0,0.992,0.99,1.03,1.12,1.01,1.1,1.08,1.04,1.07,1.03,1.13,1.06,1.06,1.06,1.07,1.03,1.04,0.975,1.03,1.06,1.08,1.07,1.12,1.01,1.13,0.975,1.0,1.05,1.11,1.17,1.09,0.975,1.06,1.02,0.854,0.92,0.849,0.87,1.07,1.09,1.08,1.07,1.11,1.2,1.21,1.1,1.21,1.01,1.05,1.13,1.18,1.17,1.19,1.17,1.18,0.918,1.13,1.14,1.11,1.02,1.09,0.972,1.13,0.985,0.924,1.02,0.998,1.09,1.11,1.13,1.15,1.15,1.16,1.12,1.17,1.16,1.26,1.12,1.08,1.01,1.11,1.1,1.35,1.15,1.34,1.26,1.21,1.35,1.17,1.08,1.5,1.23,1.39,1.12,1.13,1.13,1.15,1.09,1.08,1.08,1.12,1.09,1.03,1.14,1.15,1.13,1.09,0.96,1.05,1.13,1.12,1.19,1.13,1.06,1.09,1.19,1.11,1.16,1.13,1.02,1.22,1.09,1.08,1.15,1.19,1.18,1.25,1.22,1.04,1.1,1.14,1.15,1.14,1.23,1.19,1.15,1.05,1.07,1.07,1.14,0.989,1.14,0.835,0.843,0.835,1.1,1.17,1.07,1.11,1.16,1.15,1.01,0.954,0.985,1.14,1.12,1.19,1.22,1.19,1.21,1.12,1.13,1.23,1.23,1.0,1.06,1.1,1.14,1.01,1.02,1.07,1.07,0.781,1.07,1.25,1.14,1.08,1.03,0.969,1.04,1.06,1.16
035_S_0341,313.0,198.0,19.3,0.424,0.396,0.576,0.551,0.595,0.649,0.644,0.694,0.631,0.716,0.666,0.602,0.659,0.538,0.604,0.605,0.569,0.619,0.638,0.625,0.689,0.645,0.7,0.626,0.668,0.665,0.642,0.62,0.631,0.612,0.696,0.689,0.557,0.549,0.677,0.693,0.604,0.597,0.72,0.677,0.79,0.692,0.68,0.734,0.686,0.723,0.607,0.709,0.785,0.702,0.663,0.734,0.535,0.545,0.782,0.65,0.556,0.705,0.658,0.725,0.636,0.616,0.7,0.667,0.639,0.637,0.594,0.576,0.564,0.553,0.663,0.702,0.676,0.652,0.641,0.651,0.662,0.691,0.656,0.639,0.678,0.696,0.602,0.625,0.69,0.649,0.643,0.695,0.606,0.682,0.622,0.675,0.658,0.585,0.634,0.596,0.657,0.592,0.613,0.746,0.657,0.673,0.636,0.597,0.674,0.65,0.638,0.686,0.622,0.646,0.623,0.586,0.629,0.647,0.629,0.652,0.642,0.684,0.638,0.657,0.622,0.579,0.613,0.709,0.629,0.689,0.705,0.656,0.576,0.675,0.649,0.679,0.701,0.649,0.719,0.596,0.71,0.762,0.633,0.615,0.713,0.717,0.655,0.76,0.77,0.78,0.678,0.684,0.645,0.663,0.631,0.707,0.689,0.75,0.776,0.67,0.737,0.67,0.662,0.615,0.788,0.546,0.634,0.715,0.691,0.706,0.684,0.632,0.708,0.66,0.642,0.644,0.56,0.712,0.689,0.578,0.648,0.735,0.65,0.658,0.711,0.584,0.664,0.706,0.635,0.597,0.673,0.675,0.662,0.674,0.657,0.647,0.608,0.662,0.56,0.619,0.707,0.671,0.654,0.766,0.974,0.704,1.09,0.853,0.878,1.04,1.06,1.12,0.964,1.12,1.04,1.18,0.948,0.963,1.05,1.01,1.03,1.07,1.03,1.02,1.09,1.26,1.03,1.21,1.08,1.09,1.21,1.1,0.986,1.04,1.01,1.06,1.04,1.01,1.13,1.05,1.09,1.05,1.18,1.12,1.29,1.05,1.2,0.998,1.01,1.07,1.1,1.26,1.11,0.997,1.21,1.14,0.926,0.965,0.876,0.987,1.03,1.07,1.06,1.02,1.15,1.28,1.24,1.15,1.19,1.01,0.993,1.09,1.26,1.28,1.33,1.19,1.15,0.893,1.07,1.19,1.19,1.08,1.12,1.12,1.26,1.09,1.02,1.03,1.12,1.16,1.09,1.24,1.23,1.19,1.2,1.34,1.31,1.37,1.41,1.11,1.17,0.949,1.16,1.1,1.23,1.11,1.33,1.24,1.11,1.37,1.16,1.03,1.69,1.39,1.57,1.11,1.23,1.19,1.26,1.12,1.13,1.12,1.13,1.17,1.16,1.12,1.11,1.35,1.24,0.985,1.11,1.27,1.26,1.3,1.0,1.08,1.17,1.17,1.09,1.14,1.22,1.05,1.18,1.13,1.17,1.18,1.19,1.32,1.35,1.28,1.11,1.14,1.18,1.13,1.09,1.35,1.29,1.2,1.11,1.12,1.19,1.28,1.2,1.25,0.921,0.922,0.903,1.02,1.02,1.04,1.13,1.21,1.2,1.02,1.03,0.985,0.98,1.05,1.25,1.24,1.29,1.36,1.15,1.14,1.27,1.3,1.01,1.02,1.19,1.27,1.11,1.09,1.18,1.17,1.02,1.16,1.46,1.04,1.1,0.942,1.18,1.1,1.19,1.18
035_S_0555,561.0,210.0,20.1,0.4,0.373,0.56,0.528,0.581,0.642,0.641,0.682,0.608,0.7,0.649,0.574,0.652,0.508,0.578,0.582,0.554,0.584,0.635,0.606,0.68,0.637,0.689,0.614,0.649,0.652,0.62,0.595,0.645,0.587,0.665,0.653,0.543,0.514,0.654,0.678,0.553,0.581,0.692,0.658,0.777,0.686,0.646,0.73,0.686,0.693,0.616,0.699,0.773,0.706,0.674,0.742,0.532,0.542,0.781,0.663,0.555,0.675,0.679,0.706,0.609,0.629,0.67,0.673,0.638,0.621,0.595,0.565,0.563,0.535,0.658,0.7,0.657,0.637,0.643,0.659,0.673,0.687,0.653,0.662,0.711,0.697,0.61,0.638,0.69,0.645,0.632,0.711,0.608,0.675,0.63,0.685,0.689,0.611,0.634,0.603,0.654,0.641,0.611,0.754,0.67,0.678,0.647,0.587,0.672,0.634,0.665,0.711,0.644,0.646,0.645,0.58,0.627,0.665,0.629,0.653,0.615,0.679,0.636,0.654,0.633,0.599,0.622,0.694,0.616,0.693,0.699,0.664,0.586,0.681,0.663,0.685,0.702,0.629,0.736,0.585,0.685,0.751,0.626,0.61,0.688,0.696,0.646,0.763,0.774,0.778,0.692,0.703,0.655,0.667,0.615,0.693,0.679,0.762,0.779,0.688,0.756,0.697,0.682,0.608,0.789,0.554,0.639,0.73,0.706,0.693,0.668,0.645,0.692,0.656,0.65,0.651,0.536,0.688,0.691,0.612,0.673,0.723,0.669,0.672,0.725,0.567,0.656,0.687,0.644,0.612,0.704,0.683,0.686,0.658,0.674,0.663,0.614,0.614,0.563,0.653,0.705,0.647,0.672,0.767,1.01,0.699,1.02,0.824,0.861,0.993,1.03,1.02,0.933,1.08,0.929,1.01,0.886,0.918,1.0,0.944,0.987,1.0,0.958,0.859,1.07,1.18,1.04,1.12,1.05,1.05,1.09,1.02,1.1,1.04,1.06,1.05,1.04,0.967,1.02,0.978,1.03,1.05,1.14,1.03,1.1,1.03,1.14,0.974,1.0,1.07,1.08,1.18,1.1,0.997,1.1,1.06,0.963,1.02,0.939,0.925,1.14,1.16,1.06,1.01,1.11,1.2,1.22,1.14,1.19,0.99,1.14,1.13,1.2,1.17,1.18,1.19,1.2,0.878,1.17,1.19,1.19,1.13,1.15,1.09,1.17,1.07,1.02,1.11,1.13,1.12,1.16,1.21,1.21,1.18,1.19,1.18,1.25,1.23,1.25,1.08,1.14,1.06,1.15,1.07,1.22,1.15,1.23,1.18,1.13,1.24,1.12,1.02,1.38,1.19,1.33,1.09,1.1,1.11,1.31,1.08,1.04,1.07,1.07,1.15,1.18,1.19,1.12,1.22,1.17,0.964,1.11,1.17,1.17,1.17,1.11,1.13,1.06,1.19,1.1,1.17,1.14,1.03,1.2,1.08,1.1,1.15,1.16,1.14,1.21,1.21,1.17,1.16,1.33,1.25,1.18,1.27,1.22,1.12,1.06,1.24,1.16,1.2,1.22,1.21,0.938,1.03,0.947,1.1,1.25,1.12,1.13,1.16,1.21,1.1,1.14,1.18,1.23,1.2,1.29,1.22,1.27,1.25,1.29,1.15,1.3,1.42,1.14,1.19,1.24,1.41,1.14,1.11,1.22,1.26,1.04,1.2,1.3,1.15,1.14,1.01,1.17,1.08,1.17,1.21
036_S_0577,702.0,551.0,55.2,0.382,0.341,0.529,0.499,0.55,0.617,0.611,0.656,0.582,0.7,0.627,0.552,0.616,0.442,0.542,0.54,0.483,0.574,0.589,0.588,0.671,0.615,0.674,0.583,0.63,0.626,0.615,0.573,0.617,0.575,0.648,0.65,0.477,0.463,0.636,0.679,0.545,0.533,0.708,0.651,0.78,0.674,0.646,0.717,0.675,0.706,0.594,0.685,0.765,0.693,0.675,0.735,0.515,0.53,0.782,0.641,0.528,0.668,0.653,0.698,0.568,0.603,0.666,0.648,0.615,0.599,0.571,0.508,0.509,0.549,0.65,0.678,0.655,0.616,0.615,0.641,0.657,0.683,0.649,0.66,0.685,0.696,0.594,0.603,0.677,0.632,0.642,0.699,0.587,0.666,0.629,0.693,0.681,0.601,0.622,0.581,0.688,0.623,0.595,0.735,0.65,0.652,0.632,0.584,0.666,0.629,0.633,0.705,0.634,0.757,0.615,0.521,0.608,0.626,0.587,0.632,0.578,0.669,0.604,0.629,0.602,0.568,0.611,0.695,0.604,0.67,0.694,0.638,0.555,0.651,0.635,0.692,0.697,0.602,0.737,0.573,0.7,0.746,0.61,0.585,0.699,0.71,0.643,0.771,0.771,0.781,0.653,0.674,0.637,0.641,0.613,0.683,0.667,0.76,0.763,0.672,0.731,0.689,0.686,0.628,0.798,0.524,0.628,0.731,0.698,0.674,0.639,0.664,0.69,0.631,0.635,0.632,0.561,0.676,0.628,0.576,0.663,0.729,0.636,0.61,0.704,0.575,0.613,0.704,0.647,0.599,0.684,0.672,0.673,0.667,0.673,0.648,0.61,0.641,0.626,0.64,0.701,0.638,0.625,0.763,1.06,0.723,1.07,0.856,0.899,1.03,1.07,1.12,0.95,1.06,0.981,1.1,0.957,0.95,1.04,1.01,1.0,1.05,1.02,1.02,1.05,1.15,0.992,1.13,1.08,1.07,1.12,1.09,1.09,1.1,1.06,0.981,0.991,0.994,0.986,0.978,0.955,0.909,1.08,1.03,1.08,0.998,1.16,0.928,0.98,1.06,1.07,1.26,1.09,0.986,1.1,1.1,0.899,0.961,0.868,0.939,1.09,1.17,1.03,1.02,1.11,1.31,1.24,1.08,1.21,1.02,1.09,1.15,1.23,1.24,1.28,1.21,1.1,0.926,1.22,1.19,1.12,1.06,1.14,1.08,1.25,1.06,1.04,1.1,1.09,1.12,1.15,1.27,1.22,1.15,1.23,1.25,1.26,1.29,1.34,1.17,1.08,0.967,1.16,1.08,1.24,1.08,1.3,1.19,1.05,1.24,1.23,1.06,1.51,1.17,1.42,1.14,1.11,1.05,1.12,1.1,0.898,1.06,1.07,1.05,1.13,1.22,1.04,1.08,1.14,0.918,1.04,1.12,1.08,1.22,1.05,1.04,1.01,1.01,0.852,0.824,0.959,0.847,1.06,0.902,0.964,0.945,1.12,1.06,1.12,1.05,1.04,1.06,1.06,1.17,0.979,1.22,1.21,1.05,1.03,1.12,1.11,1.14,1.14,1.18,0.803,0.841,0.754,0.971,0.954,0.835,1.02,1.13,1.17,1.02,1.01,0.934,1.13,1.01,1.22,1.2,1.24,1.26,1.23,1.13,1.25,1.25,0.976,1.12,1.16,1.24,1.08,1.06,1.24,1.14,0.91,1.21,1.29,1.02,1.1,0.924,1.03,1.06,1.08,1.06
037_S_0467,501.0,250.0,24.0,0.376,0.342,0.537,0.516,0.561,0.626,0.617,0.66,0.59,0.693,0.633,0.574,0.636,0.451,0.557,0.53,0.489,0.593,0.606,0.586,0.679,0.64,0.68,0.598,0.634,0.649,0.632,0.547,0.622,0.574,0.667,0.651,0.514,0.516,0.642,0.677,0.555,0.558,0.715,0.665,0.783,0.677,0.647,0.726,0.687,0.71,0.602,0.712,0.775,0.705,0.69,0.751,0.508,0.54,0.776,0.662,0.53,0.681,0.65,0.711,0.606,0.627,0.693,0.643,0.633,0.613,0.582,0.558,0.499,0.561,0.656,0.71,0.669,0.64,0.644,0.68,0.68,0.7,0.668,0.642,0.692,0.678,0.601,0.61,0.686,0.65,0.614,0.707,0.614,0.688,0.654,0.714,0.693,0.627,0.624,0.604,0.679,0.641,0.612,0.748,0.672,0.672,0.64,0.602,0.679,0.645,0.655,0.716,0.649,0.669,0.641,0.555,0.618,0.693,0.653,0.672,0.599,0.689,0.633,0.688,0.613,0.593,0.609,0.71,0.626,0.696,0.708,0.657,0.575,0.671,0.65,0.707,0.705,0.652,0.755,0.611,0.699,0.772,0.619,0.585,0.709,0.714,0.644,0.784,0.77,0.787,0.696,0.702,0.655,0.688,0.632,0.707,0.691,0.772,0.763,0.69,0.746,0.694,0.675,0.631,0.798,0.537,0.64,0.741,0.693,0.687,0.704,0.662,0.728,0.659,0.657,0.642,0.573,0.674,0.678,0.582,0.678,0.728,0.685,0.679,0.728,0.591,0.685,0.674,0.704,0.637,0.677,0.676,0.678,0.691,0.691,0.667,0.626,0.661,0.581,0.67,0.727,0.653,0.672,0.765,1.02,0.703,0.974,0.837,0.898,1.06,1.02,1.02,0.925,0.996,0.94,1.04,0.93,0.934,0.897,0.91,0.995,0.931,1.06,0.993,0.988,1.14,0.994,1.08,1.04,1.02,1.09,1.02,1.13,1.09,1.07,1.12,1.17,1.07,1.01,0.986,1.1,1.14,1.11,1.01,1.07,0.993,1.08,0.945,0.996,1.09,1.05,1.21,1.06,0.976,1.08,1.08,0.973,1.02,0.91,0.851,1.13,1.16,1.1,1.05,1.06,1.23,1.22,1.06,1.18,0.977,1.12,1.11,1.19,1.18,1.22,1.23,1.28,0.873,1.18,1.16,1.11,1.09,1.17,1.03,1.18,1.01,1.05,1.08,1.03,1.13,1.1,1.15,1.19,1.16,1.15,1.07,1.22,1.15,1.2,1.2,1.06,1.01,1.12,1.04,1.23,1.22,1.17,1.26,1.25,1.27,0.994,1.05,1.24,1.17,1.25,1.13,1.2,1.17,1.34,1.21,1.16,1.18,1.2,1.19,1.21,1.25,1.2,1.12,1.12,0.958,1.1,1.15,1.12,1.16,1.11,1.21,1.22,1.29,1.08,1.23,1.13,0.985,1.32,1.19,1.08,1.14,1.21,1.09,1.18,1.19,1.17,1.15,1.26,1.22,1.16,1.28,1.27,1.09,1.05,1.16,1.17,1.15,1.13,1.19,0.918,1.07,0.965,1.09,1.23,1.17,1.15,1.13,1.21,1.07,1.12,1.19,1.25,1.25,1.37,1.31,1.23,1.31,1.22,1.23,1.37,1.46,1.02,1.19,1.23,1.39,1.02,1.08,1.17,1.23,0.951,1.25,1.26,1.31,1.16,1.01,0.942,1.06,1.2,1.17
041_S_1002,1450.0,157.0,12.6,0.382,0.35,0.547,0.531,0.568,0.624,0.626,0.677,0.597,0.71,0.637,0.579,0.627,0.461,0.565,0.554,0.494,0.592,0.599,0.549,0.656,0.624,0.682,0.61,0.663,0.649,0.618,0.586,0.644,0.582,0.675,0.657,0.523,0.508,0.635,0.675,0.561,0.538,0.725,0.649,0.79,0.67,0.664,0.726,0.689,0.703,0.589,0.704,0.774,0.703,0.677,0.738,0.533,0.544,0.779,0.659,0.549,0.691,0.662,0.713,0.596,0.614,0.672,0.669,0.613,0.626,0.584,0.557,0.543,0.542,0.658,0.684,0.667,0.643,0.641,0.675,0.675,0.685,0.663,0.671,0.686,0.7,0.603,0.616,0.689,0.649,0.604,0.717,0.611,0.699,0.653,0.707,0.686,0.6,0.629,0.618,0.68,0.638,0.605,0.757,0.674,0.683,0.66,0.609,0.689,0.652,0.68,0.718,0.67,0.669,0.656,0.579,0.619,0.652,0.652,0.648,0.599,0.687,0.578,0.626,0.631,0.621,0.653,0.712,0.632,0.696,0.701,0.654,0.592,0.662,0.662,0.702,0.698,0.647,0.75,0.607,0.724,0.762,0.634,0.607,0.716,0.714,0.675,0.778,0.786,0.789,0.686,0.711,0.691,0.684,0.623,0.712,0.697,0.763,0.779,0.7,0.736,0.689,0.693,0.587,0.801,0.541,0.648,0.743,0.705,0.702,0.68,0.658,0.717,0.678,0.647,0.651,0.576,0.695,0.701,0.625,0.678,0.738,0.687,0.66,0.736,0.612,0.693,0.69,0.688,0.622,0.701,0.687,0.683,0.686,0.696,0.67,0.632,0.677,0.582,0.663,0.714,0.658,0.657,0.761,0.975,0.723,1.03,0.853,0.89,1.03,1.06,1.07,0.952,1.12,0.968,1.06,0.926,0.948,1.01,0.964,0.97,1.01,1.03,0.981,0.966,1.05,0.982,1.06,1.05,1.03,1.06,1.04,1.07,1.03,1.06,1.11,1.12,1.14,1.04,0.975,0.923,0.971,1.02,1.06,1.08,1.0,1.09,0.949,0.985,0.999,1.1,1.21,1.06,0.996,1.12,1.07,0.986,1.04,0.912,0.968,1.16,1.2,1.09,1.07,1.09,1.34,1.26,1.05,1.17,1.01,1.19,1.13,1.23,1.23,1.29,1.16,1.18,0.889,1.2,1.19,1.22,1.19,1.29,1.1,1.24,1.1,0.999,1.13,1.0,1.09,1.11,1.22,1.21,1.2,1.16,1.19,1.26,1.23,1.27,1.15,1.11,1.06,1.13,1.04,1.24,1.16,1.27,1.21,1.14,1.24,1.12,1.1,1.46,1.25,1.36,1.13,1.14,1.05,1.2,1.02,1.02,0.999,1.11,1.08,1.1,1.19,1.09,1.12,1.15,0.961,1.1,1.09,1.14,1.18,1.16,1.18,1.12,1.32,1.15,1.23,1.16,1.08,1.32,1.06,1.09,1.17,1.2,1.1,1.14,1.12,1.15,1.16,1.35,1.26,1.12,1.35,1.27,1.07,1.07,1.21,1.15,1.15,1.18,1.25,0.919,1.1,0.995,1.12,1.37,1.09,1.13,1.17,1.24,1.14,1.16,1.21,1.38,1.26,1.37,1.26,1.3,1.31,1.29,1.13,1.48,1.64,1.17,1.28,1.25,1.5,1.14,1.12,1.23,1.16,0.923,1.21,1.33,1.2,1.13,1.06,0.987,1.09,1.12,1.21
053_S_1044,594.0,484.0,48.0,0.41,0.38,0.578,0.553,0.58,0.639,0.64,0.692,0.624,0.717,0.668,0.6,0.66,0.52,0.608,0.578,0.554,0.61,0.648,0.616,0.69,0.648,0.702,0.62,0.66,0.657,0.648,0.602,0.639,0.6,0.688,0.677,0.557,0.557,0.66,0.67,0.569,0.576,0.721,0.669,0.794,0.69,0.677,0.734,0.703,0.722,0.621,0.726,0.791,0.714,0.697,0.761,0.551,0.549,0.801,0.665,0.564,0.698,0.691,0.732,0.608,0.631,0.694,0.659,0.622,0.635,0.605,0.576,0.537,0.558,0.668,0.71,0.669,0.651,0.64,0.649,0.675,0.697,0.663,0.682,0.68,0.723,0.599,0.608,0.688,0.67,0.643,0.729,0.63,0.695,0.641,0.706,0.669,0.576,0.656,0.613,0.685,0.63,0.62,0.76,0.685,0.682,0.655,0.611,0.689,0.656,0.671,0.716,0.653,0.68,0.647,0.584,0.643,0.671,0.63,0.679,0.611,0.696,0.621,0.664,0.614,0.578,0.677,0.719,0.648,0.689,0.701,0.66,0.608,0.68,0.652,0.703,0.718,0.645,0.752,0.621,0.711,0.756,0.632,0.615,0.711,0.712,0.667,0.778,0.791,0.788,0.681,0.702,0.675,0.643,0.62,0.715,0.68,0.766,0.793,0.691,0.757,0.711,0.711,0.636,0.824,0.538,0.656,0.742,0.708,0.698,0.659,0.68,0.726,0.664,0.643,0.654,0.581,0.71,0.691,0.608,0.675,0.739,0.653,0.69,0.734,0.602,0.684,0.699,0.648,0.634,0.705,0.685,0.684,0.688,0.702,0.686,0.627,0.653,0.596,0.658,0.721,0.666,0.682,0.773,0.917,0.69,1.01,0.833,0.839,0.943,1.04,1.02,0.917,1.12,0.904,1.02,0.953,0.962,1.04,0.965,0.992,1.04,1.05,1.02,1.08,1.18,0.985,1.15,1.0,1.09,1.21,1.1,0.996,0.897,0.933,0.888,0.934,0.888,1.05,0.991,0.945,0.966,1.04,1.14,1.16,1.02,1.2,0.899,0.992,1.08,1.04,1.16,1.11,0.994,1.08,1.11,0.936,1.0,0.866,0.88,0.972,0.863,0.946,0.873,1.09,1.24,1.16,1.11,1.18,0.968,0.979,1.01,1.21,1.21,1.23,1.1,0.96,0.837,0.888,1.11,1.02,1.03,0.995,1.09,1.22,1.08,1.0,1.05,1.08,0.981,0.962,1.25,1.18,1.17,1.16,1.18,1.23,1.21,1.29,0.94,1.09,1.04,0.959,0.845,1.21,1.04,1.28,1.18,1.13,1.13,1.14,1.08,1.47,1.25,1.26,1.14,1.25,1.19,1.31,1.13,1.05,1.16,1.16,1.24,1.08,1.15,1.17,1.29,1.29,0.962,1.11,1.22,1.26,1.41,1.05,1.0,0.979,1.05,1.0,1.01,1.27,1.06,0.896,1.05,1.07,1.29,1.26,1.21,1.29,1.25,1.22,1.12,1.16,1.21,1.23,1.37,1.24,1.2,1.1,1.22,1.15,1.25,1.19,1.29,0.951,1.04,0.94,1.12,0.981,1.07,1.16,1.25,1.31,1.05,1.12,1.03,1.04,1.06,1.28,1.27,1.31,1.33,1.13,1.24,1.22,0.973,0.954,1.03,1.23,1.11,1.07,1.09,1.2,1.22,1.03,1.25,1.41,1.0,1.04,1.09,1.17,1.08,1.04,1.15
053_S_5070,490.0,204.0,19.4,0.403,0.376,0.562,0.522,0.558,0.616,0.628,0.681,0.602,0.691,0.645,0.545,0.631,0.471,0.556,0.546,0.499,0.58,0.603,0.585,0.676,0.613,0.681,0.583,0.627,0.638,0.611,0.565,0.644,0.605,0.656,0.64,0.515,0.473,0.641,0.658,0.519,0.532,0.69,0.647,0.77,0.677,0.641,0.726,0.682,0.7,0.582,0.689,0.775,0.699,0.699,0.747,0.555,0.546,0.785,0.66,0.547,0.654,0.65,0.721,0.582,0.595,0.671,0.672,0.598,0.613,0.585,0.498,0.535,0.55,0.654,0.686,0.66,0.636,0.608,0.65,0.658,0.683,0.641,0.658,0.691,0.679,0.605,0.597,0.678,0.641,0.591,0.704,0.616,0.675,0.617,0.703,0.685,0.609,0.632,0.555,0.666,0.629,0.583,0.741,0.672,0.657,0.64,0.597,0.644,0.631,0.658,0.707,0.633,0.661,0.625,0.552,0.59,0.621,0.603,0.614,0.557,0.662,0.605,0.617,0.582,0.581,0.607,0.686,0.598,0.66,0.683,0.637,0.555,0.662,0.648,0.687,0.656,0.62,0.737,0.574,0.658,0.751,0.598,0.57,0.668,0.688,0.625,0.749,0.76,0.761,0.664,0.681,0.64,0.642,0.616,0.676,0.659,0.76,0.75,0.676,0.741,0.699,0.694,0.589,0.793,0.536,0.636,0.738,0.65,0.682,0.651,0.633,0.688,0.64,0.636,0.628,0.511,0.675,0.661,0.536,0.655,0.718,0.631,0.626,0.719,0.563,0.654,0.657,0.653,0.613,0.684,0.678,0.654,0.658,0.653,0.647,0.616,0.63,0.601,0.657,0.704,0.642,0.65,0.745,0.952,0.716,0.971,0.826,0.826,0.91,1.03,1.02,0.925,1.09,0.986,1.03,0.969,0.955,1.02,1.0,1.02,1.08,1.05,1.02,1.02,1.05,0.992,1.12,1.05,1.09,1.09,1.01,1.04,0.959,0.934,0.952,1.01,0.995,1.12,1.03,1.07,1.04,1.09,1.14,1.23,1.05,1.06,0.99,1.04,1.09,1.07,1.17,1.09,0.99,1.14,1.1,1.0,1.03,0.951,0.971,0.999,1.02,1.06,0.965,1.02,1.23,1.13,0.959,1.1,0.988,1.04,1.11,1.15,1.2,1.22,1.17,1.19,0.882,1.11,1.15,1.11,1.11,1.19,1.09,1.17,1.08,0.984,1.06,0.957,1.14,1.11,1.2,1.18,1.21,1.18,1.18,1.25,1.16,1.24,1.01,1.05,1.03,1.18,0.98,1.27,1.13,1.28,1.22,1.19,1.28,1.19,1.09,1.41,1.23,1.41,1.21,1.24,1.21,1.38,1.18,1.1,1.22,1.2,1.24,1.28,1.34,1.2,1.17,1.2,0.978,1.12,1.25,1.22,1.31,1.1,1.16,1.1,1.28,1.1,1.11,1.21,1.05,1.19,1.13,1.16,1.19,1.23,1.28,1.34,1.3,1.25,1.2,1.28,1.31,1.2,1.36,1.31,1.19,1.09,1.22,1.24,1.25,1.18,1.25,0.98,1.08,1.02,1.13,1.21,1.09,1.17,1.24,1.27,1.12,1.1,1.12,1.27,1.23,1.27,1.33,1.3,1.3,1.26,1.22,1.44,1.38,1.13,1.22,1.25,1.32,1.13,1.12,1.18,1.25,1.02,1.3,1.29,1.18,1.18,1.04,1.04,1.12,1.17,1.18
053_S_5208,1700.0,317.0,24.7,0.395,0.358,0.566,0.543,0.566,0.641,0.64,0.681,0.605,0.712,0.638,0.562,0.618,0.476,0.556,0.529,0.493,0.567,0.612,0.573,0.693,0.646,0.682,0.613,0.65,0.647,0.64,0.584,0.658,0.61,0.678,0.637,0.523,0.481,0.646,0.667,0.529,0.548,0.705,0.678,0.792,0.68,0.681,0.725,0.682,0.694,0.61,0.713,0.777,0.712,0.709,0.756,0.565,0.563,0.791,0.672,0.583,0.647,0.666,0.717,0.582,0.635,0.707,0.689,0.615,0.625,0.625,0.568,0.54,0.551,0.678,0.701,0.656,0.646,0.641,0.673,0.666,0.679,0.64,0.677,0.707,0.699,0.612,0.642,0.716,0.669,0.621,0.706,0.608,0.65,0.639,0.718,0.702,0.593,0.657,0.601,0.697,0.637,0.622,0.764,0.7,0.697,0.674,0.635,0.707,0.658,0.669,0.735,0.636,0.672,0.613,0.601,0.58,0.621,0.562,0.604,0.571,0.654,0.591,0.591,0.592,0.529,0.617,0.708,0.625,0.672,0.688,0.667,0.577,0.661,0.68,0.705,0.709,0.639,0.742,0.572,0.686,0.741,0.589,0.58,0.68,0.713,0.678,0.781,0.777,0.778,0.663,0.668,0.623,0.632,0.618,0.704,0.698,0.767,0.794,0.687,0.752,0.725,0.702,0.628,0.827,0.567,0.669,0.748,0.677,0.661,0.654,0.674,0.705,0.652,0.666,0.665,0.526,0.655,0.67,0.534,0.681,0.719,0.614,0.66,0.713,0.547,0.662,0.686,0.666,0.585,0.707,0.69,0.674,0.684,0.708,0.687,0.621,0.637,0.61,0.652,0.727,0.651,0.663,0.744,1.04,0.764,1.09,0.903,0.961,1.08,1.07,1.12,1.01,1.11,1.05,1.1,0.981,1.01,1.08,1.03,1.02,1.07,1.04,1.04,1.07,1.18,1.06,1.18,1.16,1.11,1.15,1.13,1.14,1.1,1.12,1.03,1.08,1.03,1.1,1.04,1.06,1.06,1.17,1.18,1.13,1.08,1.19,1.02,1.08,1.1,1.19,1.22,1.15,1.02,1.11,1.1,0.949,1.06,0.934,0.976,1.18,1.14,1.12,1.06,1.17,1.27,1.3,1.2,1.27,1.05,1.13,1.22,1.29,1.22,1.27,1.18,1.18,0.951,1.24,1.23,1.09,1.11,1.17,1.08,1.2,1.08,0.985,1.12,1.11,1.19,1.21,1.19,1.17,1.15,1.17,1.19,1.3,1.24,1.31,1.2,1.14,1.04,1.18,1.17,1.32,1.18,1.31,1.24,1.22,1.2,1.17,1.1,1.48,1.31,1.32,1.1,1.16,1.21,1.13,1.1,1.1,1.15,1.07,1.18,1.12,1.05,1.14,1.08,1.14,0.996,1.11,1.2,1.17,1.27,1.13,1.21,1.13,1.17,1.16,1.17,1.19,1.06,1.13,1.15,1.16,1.14,1.17,1.19,1.13,1.16,1.06,1.08,1.06,1.09,1.16,1.16,1.2,1.16,1.07,0.987,1.05,1.12,1.05,1.1,0.841,0.84,0.826,1.09,1.2,1.08,1.18,1.11,1.18,1.02,0.961,1.1,1.24,1.15,1.2,1.21,1.12,1.15,0.917,1.15,1.15,1.25,1.04,1.15,1.18,1.2,1.08,1.01,0.96,1.14,0.809,1.11,1.21,1.31,1.05,1.0,1.01,1.04,1.11,1.14
057_S_0474,441.0,381.0,41.6,0.385,0.352,0.536,0.51,0.55,0.617,0.624,0.671,0.595,0.692,0.649,0.583,0.637,0.495,0.579,0.575,0.534,0.607,0.629,0.599,0.676,0.623,0.674,0.609,0.638,0.638,0.619,0.592,0.624,0.58,0.666,0.651,0.533,0.528,0.653,0.681,0.567,0.573,0.698,0.655,0.768,0.665,0.653,0.725,0.681,0.71,0.608,0.676,0.755,0.691,0.682,0.745,0.536,0.533,0.781,0.642,0.548,0.668,0.652,0.695,0.613,0.601,0.668,0.659,0.618,0.613,0.58,0.558,0.542,0.554,0.655,0.705,0.671,0.641,0.632,0.655,0.665,0.695,0.66,0.65,0.675,0.689,0.598,0.612,0.659,0.645,0.625,0.702,0.587,0.675,0.639,0.677,0.668,0.584,0.615,0.601,0.672,0.61,0.592,0.747,0.658,0.681,0.635,0.588,0.67,0.636,0.648,0.707,0.644,0.669,0.64,0.58,0.633,0.652,0.638,0.671,0.614,0.697,0.637,0.674,0.627,0.608,0.623,0.699,0.615,0.674,0.683,0.642,0.584,0.658,0.647,0.686,0.682,0.639,0.746,0.611,0.693,0.754,0.621,0.611,0.704,0.711,0.646,0.764,0.751,0.758,0.672,0.689,0.666,0.654,0.626,0.682,0.636,0.729,0.766,0.676,0.749,0.692,0.685,0.598,0.799,0.535,0.622,0.725,0.697,0.675,0.689,0.604,0.676,0.642,0.635,0.629,0.582,0.668,0.67,0.573,0.655,0.744,0.648,0.65,0.714,0.587,0.664,0.68,0.627,0.62,0.675,0.674,0.66,0.662,0.674,0.653,0.611,0.644,0.58,0.637,0.698,0.655,0.654,0.758,1.09,0.785,1.13,0.925,0.983,1.11,1.16,1.16,1.03,1.16,1.05,1.12,1.01,1.0,1.07,1.05,1.05,1.03,1.09,1.05,0.96,1.09,1.05,1.09,1.07,1.05,1.16,1.08,1.13,1.12,1.15,1.08,1.05,1.03,1.07,1.05,1.09,1.06,1.12,1.07,1.1,1.05,1.1,1.02,1.04,1.12,1.08,1.19,1.11,1.04,1.13,1.1,0.913,0.981,0.893,0.856,1.14,1.07,1.06,1.04,1.06,1.24,1.17,1.1,1.16,0.982,1.13,1.11,1.16,1.22,1.23,1.19,1.19,0.919,1.15,1.17,1.17,1.14,1.22,1.11,1.24,1.09,1.0,1.12,1.02,1.16,1.17,1.27,1.22,1.27,1.23,1.19,1.19,1.2,1.18,1.2,1.13,1.06,1.19,1.15,1.39,1.24,1.21,1.34,1.28,1.33,1.19,1.16,1.4,1.27,1.36,1.18,1.22,1.2,1.3,1.2,1.14,1.19,1.2,1.17,1.21,1.27,1.2,1.22,1.19,1.02,1.16,1.25,1.17,1.33,1.16,1.21,1.19,1.16,1.09,1.1,1.17,1.09,1.16,1.14,1.14,1.15,1.25,1.17,1.22,1.22,1.12,1.18,1.26,1.14,1.12,1.3,1.27,1.2,1.11,1.18,1.17,1.22,1.21,1.3,0.921,1.03,0.932,1.15,1.06,1.04,1.15,1.21,1.28,1.02,1.16,1.13,1.12,1.1,1.26,1.24,1.31,1.29,1.16,1.19,1.3,1.28,1.03,1.18,1.26,1.29,1.15,1.11,1.2,1.22,0.998,1.21,1.35,1.21,1.14,1.12,1.07,1.14,1.17,1.15
057_S_0779,742.0,291.0,28.2,0.389,0.357,0.549,0.525,0.569,0.618,0.628,0.673,0.607,0.714,0.646,0.579,0.633,0.48,0.561,0.556,0.527,0.593,0.618,0.597,0.666,0.613,0.683,0.594,0.646,0.651,0.606,0.573,0.631,0.586,0.672,0.653,0.537,0.525,0.636,0.678,0.557,0.564,0.701,0.653,0.785,0.671,0.65,0.727,0.684,0.711,0.611,0.694,0.766,0.697,0.679,0.748,0.548,0.545,0.788,0.663,0.552,0.666,0.641,0.706,0.624,0.605,0.683,0.672,0.606,0.603,0.574,0.553,0.534,0.542,0.651,0.696,0.67,0.635,0.633,0.651,0.672,0.685,0.66,0.646,0.685,0.683,0.613,0.609,0.68,0.644,0.616,0.706,0.597,0.639,0.64,0.703,0.668,0.576,0.633,0.59,0.677,0.637,0.598,0.755,0.67,0.662,0.641,0.595,0.686,0.642,0.651,0.709,0.631,0.667,0.635,0.572,0.624,0.664,0.626,0.652,0.631,0.7,0.631,0.682,0.618,0.603,0.614,0.69,0.628,0.681,0.706,0.641,0.577,0.661,0.651,0.692,0.692,0.649,0.747,0.603,0.688,0.757,0.614,0.602,0.706,0.717,0.636,0.765,0.772,0.784,0.676,0.692,0.65,0.655,0.605,0.684,0.67,0.75,0.766,0.668,0.754,0.708,0.688,0.601,0.804,0.553,0.645,0.736,0.69,0.668,0.691,0.649,0.702,0.648,0.639,0.634,0.584,0.689,0.677,0.59,0.671,0.721,0.661,0.658,0.72,0.582,0.664,0.684,0.665,0.623,0.695,0.674,0.66,0.666,0.685,0.637,0.617,0.645,0.591,0.665,0.707,0.658,0.666,0.761,1.02,0.743,1.04,0.876,0.932,1.07,1.07,1.06,0.981,1.11,1.01,1.12,0.99,0.944,0.958,0.907,1.01,1.03,1.04,0.988,0.885,1.03,0.997,1.08,1.07,1.03,1.09,1.01,1.12,1.1,1.1,1.11,1.12,1.07,1.01,1.0,1.06,1.05,1.1,1.03,1.02,1.03,1.15,1.0,1.05,1.07,1.17,1.22,1.12,1.04,1.1,1.08,0.971,1.03,0.923,0.838,1.18,1.04,1.07,0.968,1.13,1.24,1.2,1.08,1.14,1.04,1.18,1.18,1.18,1.22,1.26,1.17,1.2,0.956,1.26,1.17,1.19,1.16,1.19,1.09,1.19,1.08,1.02,1.11,1.12,1.17,1.17,1.19,1.13,1.22,1.23,1.15,1.22,1.2,1.22,1.21,1.13,1.05,1.17,1.13,1.35,1.25,1.13,1.22,1.25,1.26,1.06,1.04,1.39,1.18,1.34,1.2,1.01,0.982,1.25,1.06,1.1,1.08,1.12,1.16,1.17,1.27,1.13,1.13,1.2,1.0,1.13,1.23,1.18,1.18,1.22,1.25,1.15,1.09,1.16,1.12,1.2,1.06,1.26,1.13,1.09,1.17,1.28,1.11,1.15,1.25,1.12,1.18,1.21,1.23,1.24,1.32,1.27,1.19,1.14,1.08,1.14,1.17,1.06,1.21,0.944,1.1,1.02,1.16,1.27,1.19,1.19,1.26,1.25,1.13,1.24,1.3,1.35,1.26,1.32,1.29,1.3,1.34,1.15,1.21,1.29,1.3,1.12,1.31,1.25,1.28,0.977,1.05,1.04,1.28,1.02,1.16,1.35,1.27,1.09,1.06,1.2,1.12,1.25,1.26
057_S_0818,1700.0,212.0,18.7,0.397,0.37,0.556,0.536,0.58,0.65,0.636,0.687,0.611,0.731,0.663,0.585,0.655,0.51,0.603,0.608,0.551,0.617,0.64,0.616,0.7,0.649,0.706,0.636,0.671,0.666,0.632,0.62,0.65,0.602,0.684,0.676,0.562,0.54,0.679,0.704,0.586,0.586,0.743,0.686,0.811,0.701,0.681,0.737,0.696,0.719,0.622,0.699,0.782,0.718,0.688,0.746,0.529,0.543,0.786,0.664,0.556,0.676,0.683,0.725,0.614,0.631,0.708,0.668,0.645,0.641,0.604,0.568,0.572,0.556,0.672,0.701,0.676,0.66,0.651,0.67,0.685,0.7,0.671,0.665,0.665,0.712,0.588,0.617,0.704,0.66,0.628,0.716,0.614,0.698,0.66,0.709,0.682,0.613,0.643,0.612,0.697,0.637,0.614,0.759,0.676,0.683,0.648,0.605,0.667,0.654,0.656,0.707,0.663,0.711,0.658,0.591,0.654,0.669,0.64,0.679,0.603,0.707,0.638,0.697,0.633,0.601,0.662,0.724,0.647,0.715,0.717,0.689,0.614,0.683,0.658,0.706,0.716,0.652,0.761,0.637,0.708,0.782,0.634,0.605,0.734,0.724,0.677,0.798,0.791,0.794,0.696,0.709,0.668,0.658,0.644,0.714,0.695,0.765,0.784,0.698,0.747,0.705,0.675,0.597,0.795,0.54,0.631,0.739,0.695,0.709,0.699,0.659,0.726,0.673,0.658,0.654,0.582,0.704,0.702,0.617,0.681,0.736,0.673,0.65,0.74,0.589,0.693,0.72,0.663,0.639,0.684,0.683,0.689,0.687,0.677,0.669,0.637,0.667,0.63,0.665,0.743,0.666,0.69,0.77,0.952,0.704,0.945,0.838,0.879,1.05,1.05,1.03,0.924,1.07,0.982,1.07,0.936,0.928,0.974,0.963,0.962,0.997,1.01,0.985,0.999,1.18,1.02,1.09,1.08,1.05,1.06,1.03,1.06,1.06,1.05,1.05,1.07,1.02,1.03,1.0,1.01,0.991,1.08,1.05,1.02,0.979,1.1,0.942,0.98,1.01,1.11,1.15,1.05,0.965,1.04,1.05,0.929,0.967,0.87,0.859,1.13,1.2,1.07,1.04,1.07,1.24,1.18,1.05,1.2,0.995,1.14,1.11,1.15,1.2,1.25,1.19,1.21,0.937,1.21,1.13,1.22,1.1,1.23,1.01,1.2,1.01,1.0,1.08,1.1,1.12,1.12,1.19,1.15,1.19,1.11,1.11,1.15,1.21,1.23,1.15,1.09,0.983,1.17,1.09,1.15,1.15,1.06,1.11,1.14,1.18,1.0,0.958,1.26,1.17,1.35,1.08,1.17,1.11,1.22,1.12,1.08,1.08,1.12,1.08,1.13,1.14,1.14,1.26,1.21,0.949,1.09,1.19,1.16,1.2,1.11,1.18,1.16,1.27,1.17,1.18,1.17,1.08,1.21,1.12,1.09,1.16,1.21,1.08,1.15,1.15,1.1,1.2,1.27,1.1,1.17,1.31,1.27,1.09,1.07,1.04,1.1,1.14,1.14,1.22,0.878,0.978,0.903,1.05,1.22,1.13,1.09,1.24,1.27,1.09,1.13,1.17,1.27,1.23,1.25,1.24,1.23,1.3,1.01,1.14,1.47,1.49,1.18,1.22,1.22,1.39,1.06,1.08,1.17,1.23,0.99,1.19,1.33,1.21,1.07,0.943,1.08,1.07,1.21,1.15
057_S_1371,539.0,389.0,39.7,0.415,0.378,0.566,0.536,0.577,0.64,0.631,0.678,0.612,0.705,0.654,0.584,0.645,0.507,0.582,0.58,0.539,0.604,0.634,0.615,0.664,0.631,0.683,0.606,0.653,0.652,0.634,0.602,0.641,0.598,0.665,0.667,0.542,0.514,0.648,0.684,0.574,0.589,0.712,0.662,0.778,0.681,0.658,0.728,0.676,0.715,0.607,0.69,0.776,0.702,0.679,0.745,0.539,0.539,0.785,0.647,0.547,0.695,0.645,0.711,0.59,0.597,0.679,0.679,0.618,0.615,0.6,0.565,0.556,0.547,0.655,0.688,0.663,0.64,0.628,0.612,0.655,0.671,0.64,0.652,0.66,0.685,0.614,0.622,0.659,0.639,0.622,0.709,0.596,0.666,0.629,0.687,0.682,0.575,0.634,0.6,0.653,0.625,0.601,0.753,0.665,0.661,0.642,0.593,0.675,0.65,0.635,0.69,0.637,0.653,0.626,0.57,0.621,0.64,0.617,0.656,0.604,0.685,0.626,0.649,0.63,0.591,0.623,0.696,0.626,0.675,0.697,0.633,0.57,0.661,0.648,0.694,0.698,0.651,0.734,0.592,0.708,0.767,0.619,0.603,0.701,0.713,0.67,0.758,0.769,0.763,0.67,0.698,0.649,0.65,0.618,0.684,0.682,0.749,0.765,0.676,0.734,0.688,0.668,0.603,0.798,0.54,0.611,0.717,0.687,0.679,0.696,0.663,0.696,0.65,0.644,0.649,0.575,0.662,0.67,0.59,0.643,0.716,0.654,0.629,0.705,0.563,0.661,0.675,0.677,0.586,0.671,0.666,0.66,0.674,0.688,0.652,0.614,0.647,0.575,0.645,0.709,0.648,0.649,0.755,0.98,0.736,1.06,0.884,0.918,1.05,1.05,1.09,0.981,1.13,1.01,1.1,0.947,0.953,0.98,0.955,0.983,1.01,0.999,0.977,1.01,1.11,1.01,1.11,1.06,1.06,1.07,1.02,1.05,1.05,1.08,1.0,0.948,0.998,1.05,1.01,1.01,0.999,1.06,1.09,1.12,1.01,1.11,0.981,1.02,1.06,1.11,1.12,1.06,0.979,1.09,1.07,0.903,0.953,0.888,0.88,1.14,1.11,1.08,1.02,1.02,1.21,1.13,1.07,1.11,0.99,1.14,1.13,1.16,1.2,1.22,1.19,1.17,0.905,1.18,1.09,1.18,1.14,1.21,1.07,1.17,1.04,0.979,1.09,1.05,1.11,1.13,1.15,1.11,1.17,1.15,1.13,1.17,1.16,1.19,1.13,1.15,1.03,1.13,1.05,1.26,1.25,1.19,1.27,1.28,1.27,1.1,1.11,1.39,1.27,1.35,1.15,1.1,1.1,1.16,1.1,1.05,1.05,1.07,1.07,1.04,1.12,1.05,1.21,1.2,0.985,1.1,1.18,1.14,1.19,1.16,1.21,1.12,1.24,1.12,1.17,1.16,1.04,1.11,1.09,1.06,1.18,1.16,1.15,1.2,1.18,1.06,1.15,1.2,1.03,1.13,1.3,1.2,1.14,1.08,1.04,1.13,1.17,1.12,1.23,0.972,1.04,0.921,1.11,1.22,1.09,1.03,1.16,1.21,1.08,1.17,1.23,1.27,1.18,1.23,1.16,1.29,1.26,0.972,1.11,1.39,1.35,1.1,1.23,1.16,1.26,1.05,1.07,1.06,1.26,0.995,1.12,1.31,1.27,1.09,1.07,1.11,1.13,1.2,1.26
057_S_1373,431.0,349.0,29.8,0.428,0.399,0.584,0.546,0.585,0.637,0.643,0.691,0.627,0.681,0.644,0.584,0.649,0.524,0.591,0.591,0.555,0.627,0.63,0.625,0.672,0.62,0.684,0.588,0.648,0.661,0.636,0.616,0.631,0.612,0.664,0.68,0.546,0.55,0.658,0.685,0.588,0.584,0.72,0.659,0.764,0.685,0.653,0.745,0.701,0.716,0.607,0.69,0.772,0.713,0.682,0.748,0.53,0.544,0.79,0.655,0.552,0.687,0.674,0.731,0.638,0.591,0.696,0.659,0.655,0.641,0.592,0.54,0.559,0.559,0.662,0.698,0.668,0.652,0.626,0.686,0.642,0.685,0.647,0.665,0.674,0.687,0.594,0.627,0.678,0.631,0.607,0.701,0.6,0.691,0.627,0.682,0.692,0.605,0.632,0.61,0.625,0.593,0.581,0.751,0.652,0.661,0.633,0.589,0.655,0.634,0.622,0.712,0.591,0.624,0.614,0.558,0.62,0.659,0.614,0.651,0.588,0.683,0.626,0.666,0.637,0.569,0.65,0.687,0.622,0.67,0.705,0.653,0.581,0.653,0.64,0.672,0.687,0.633,0.739,0.593,0.697,0.76,0.592,0.621,0.719,0.698,0.664,0.754,0.758,0.783,0.668,0.68,0.672,0.66,0.605,0.679,0.664,0.755,0.759,0.678,0.739,0.686,0.672,0.583,0.805,0.563,0.639,0.685,0.694,0.682,0.677,0.625,0.681,0.636,0.638,0.637,0.551,0.678,0.675,0.569,0.65,0.712,0.652,0.675,0.708,0.568,0.65,0.705,0.66,0.575,0.679,0.657,0.633,0.652,0.667,0.644,0.581,0.611,0.511,0.589,0.719,0.623,0.642,0.76,1.09,0.759,1.13,0.907,0.969,1.15,1.17,1.2,1.02,1.21,1.05,1.21,0.997,0.987,1.1,1.08,1.07,1.12,1.14,1.12,1.06,1.15,1.05,1.18,1.05,1.1,1.23,1.13,1.18,1.11,1.16,1.11,1.15,1.13,1.13,1.09,1.1,1.11,1.15,1.14,1.17,1.03,1.16,1.01,1.01,1.12,1.09,1.17,1.05,0.948,1.05,0.994,0.818,0.897,0.793,0.859,1.1,1.16,1.08,1.09,1.17,1.23,1.2,1.15,1.22,1.01,0.998,1.08,1.16,1.2,1.27,1.28,1.26,0.927,1.02,1.07,1.07,1.05,1.12,0.947,1.17,0.962,0.885,0.949,1.14,1.14,1.05,1.11,1.09,1.14,1.24,1.11,1.18,1.18,1.24,1.18,1.18,1.03,1.18,1.14,1.39,1.2,1.14,1.3,1.31,1.37,1.32,1.24,1.49,1.34,1.41,1.23,1.28,1.27,1.25,1.25,1.17,1.24,1.26,1.22,1.32,1.27,1.28,1.2,1.27,0.996,1.12,1.28,1.22,1.36,1.13,1.18,1.2,1.17,1.09,1.21,1.23,1.02,1.28,1.23,1.14,1.16,1.24,1.24,1.2,1.16,1.14,1.12,1.26,1.17,1.08,1.19,1.14,1.17,1.01,0.913,0.96,1.1,0.85,1.08,0.688,0.696,0.737,1.08,1.07,1.11,1.17,1.18,1.16,1.01,1.01,0.967,0.996,1.09,1.16,1.17,1.14,1.2,1.0,1.04,1.32,1.15,1.04,0.965,1.04,1.06,0.862,0.898,0.891,1.19,0.778,1.01,1.24,1.12,1.1,1.06,1.17,1.15,1.18,1.18
057_S_1379,1540.0,295.0,24.5,0.398,0.371,0.566,0.529,0.563,0.628,0.63,0.667,0.607,0.696,0.635,0.57,0.644,0.494,0.588,0.583,0.534,0.62,0.622,0.607,0.669,0.613,0.68,0.594,0.642,0.643,0.619,0.601,0.634,0.588,0.662,0.654,0.525,0.505,0.632,0.666,0.577,0.555,0.72,0.645,0.777,0.664,0.663,0.727,0.695,0.706,0.594,0.684,0.772,0.703,0.699,0.755,0.567,0.541,0.797,0.649,0.533,0.673,0.669,0.714,0.621,0.595,0.696,0.657,0.642,0.621,0.592,0.531,0.559,0.539,0.664,0.681,0.658,0.635,0.625,0.663,0.655,0.689,0.658,0.664,0.667,0.681,0.614,0.609,0.67,0.638,0.624,0.691,0.585,0.678,0.625,0.69,0.681,0.596,0.627,0.595,0.679,0.607,0.594,0.75,0.666,0.659,0.638,0.598,0.66,0.629,0.633,0.72,0.629,0.644,0.633,0.583,0.631,0.664,0.65,0.686,0.617,0.708,0.652,0.679,0.636,0.619,0.652,0.694,0.609,0.682,0.706,0.665,0.579,0.676,0.633,0.679,0.695,0.632,0.743,0.61,0.682,0.774,0.615,0.619,0.722,0.711,0.677,0.766,0.764,0.775,0.676,0.691,0.673,0.669,0.63,0.661,0.658,0.753,0.798,0.687,0.777,0.719,0.694,0.586,0.823,0.542,0.631,0.692,0.664,0.656,0.695,0.643,0.688,0.64,0.641,0.626,0.57,0.7,0.651,0.605,0.665,0.711,0.648,0.681,0.684,0.583,0.662,0.7,0.65,0.595,0.688,0.654,0.648,0.658,0.681,0.646,0.609,0.631,0.562,0.63,0.697,0.649,0.648,0.725,1.12,0.765,1.14,0.904,0.987,1.13,1.17,1.16,1.01,1.13,1.07,1.21,1.02,0.956,1.12,1.13,1.1,1.15,1.17,1.14,0.805,1.06,1.02,1.09,1.12,1.05,1.23,1.15,1.17,1.16,1.13,1.09,1.16,1.1,1.1,1.04,1.08,1.11,1.15,1.04,1.26,1.03,1.15,1.03,1.02,1.16,1.09,1.26,1.11,0.963,1.08,1.04,0.81,0.991,0.806,0.845,1.17,1.23,1.08,1.1,1.29,1.25,1.23,1.16,1.3,0.979,1.19,1.19,1.24,1.22,1.24,1.34,1.35,0.923,1.19,1.2,1.14,1.14,1.28,1.08,1.25,1.01,0.925,1.11,1.03,1.19,1.21,1.18,1.22,1.22,1.32,1.2,1.2,1.08,1.23,1.21,1.12,1.01,1.24,1.2,1.5,1.33,1.25,1.46,1.37,1.44,1.35,1.3,1.55,1.22,1.39,1.26,1.25,1.34,1.42,1.33,1.34,1.38,1.35,1.3,1.33,1.32,1.33,0.98,1.2,1.06,1.21,1.31,1.16,1.36,1.27,1.26,1.26,1.37,1.25,1.28,1.2,1.18,1.34,1.27,1.16,1.2,1.3,1.39,1.21,1.18,1.25,1.21,1.35,1.4,1.23,1.26,1.26,1.26,1.07,1.09,1.08,1.1,0.976,1.19,0.642,0.725,0.747,1.13,1.28,1.19,1.29,1.28,1.24,1.01,1.1,1.17,1.25,1.23,1.31,1.33,1.28,1.33,1.19,1.25,1.47,1.45,1.09,1.21,1.29,1.29,0.987,0.92,1.05,1.26,0.679,1.15,1.24,1.28,1.15,1.13,0.888,1.16,1.24,1.2
062_S_0535,623.0,316.0,32.4,0.378,0.343,0.541,0.512,0.54,0.608,0.607,0.653,0.581,0.687,0.62,0.556,0.614,0.449,0.543,0.543,0.509,0.591,0.608,0.571,0.667,0.604,0.667,0.586,0.621,0.627,0.59,0.545,0.611,0.571,0.654,0.634,0.525,0.502,0.635,0.667,0.56,0.559,0.717,0.62,0.78,0.66,0.635,0.708,0.672,0.712,0.582,0.676,0.764,0.678,0.659,0.726,0.512,0.524,0.77,0.619,0.53,0.673,0.613,0.696,0.597,0.583,0.644,0.669,0.599,0.594,0.557,0.54,0.522,0.531,0.636,0.674,0.657,0.63,0.612,0.65,0.643,0.664,0.642,0.633,0.667,0.671,0.582,0.6,0.674,0.626,0.598,0.687,0.578,0.679,0.645,0.674,0.686,0.598,0.611,0.583,0.659,0.608,0.577,0.742,0.647,0.665,0.636,0.585,0.666,0.619,0.623,0.693,0.617,0.657,0.609,0.531,0.609,0.627,0.598,0.647,0.601,0.683,0.629,0.645,0.588,0.577,0.622,0.685,0.607,0.659,0.676,0.644,0.564,0.649,0.628,0.678,0.706,0.635,0.732,0.599,0.686,0.744,0.619,0.589,0.706,0.692,0.654,0.753,0.769,0.768,0.668,0.676,0.655,0.681,0.608,0.675,0.67,0.741,0.775,0.664,0.729,0.681,0.673,0.591,0.789,0.521,0.617,0.717,0.693,0.674,0.687,0.623,0.697,0.645,0.639,0.62,0.549,0.672,0.661,0.595,0.664,0.712,0.688,0.684,0.713,0.573,0.651,0.672,0.671,0.594,0.656,0.659,0.63,0.651,0.664,0.643,0.595,0.622,0.572,0.615,0.688,0.636,0.634,0.746,0.999,0.737,1.04,0.881,0.917,1.09,1.03,1.12,0.976,1.14,1.01,1.11,0.974,0.894,0.964,0.99,1.03,1.03,1.08,1.02,0.891,1.03,1.0,1.07,1.07,1.03,1.04,1.07,1.05,1.09,1.1,1.1,1.11,1.04,1.02,0.984,1.06,1.1,1.12,1.09,1.09,0.989,1.05,0.994,1.06,1.04,1.04,1.16,1.08,0.983,1.13,1.11,0.929,0.988,0.793,0.819,1.14,1.09,0.998,0.982,1.12,1.14,1.03,1.09,1.07,0.947,1.08,1.07,1.11,1.18,1.17,1.05,1.26,0.921,1.1,1.16,1.1,1.05,1.1,1.05,1.17,1.03,0.986,1.03,1.08,1.13,1.1,1.15,1.2,1.25,1.24,1.1,1.22,1.11,1.15,1.16,1.1,1.01,1.16,1.1,1.24,1.33,1.16,1.33,1.31,1.35,1.13,1.05,1.22,1.16,1.17,1.22,1.2,1.21,1.0,1.14,1.16,1.25,1.23,1.26,1.17,1.05,1.2,1.15,1.24,1.01,1.14,1.24,1.19,1.25,1.24,1.27,1.36,1.19,1.17,1.34,1.25,1.07,1.33,1.31,1.24,1.22,1.27,1.17,1.21,1.22,1.1,1.06,1.06,1.17,1.21,1.28,1.29,1.2,1.12,1.02,1.2,1.24,1.08,1.24,0.934,1.14,0.902,1.16,1.32,1.16,1.27,1.19,1.19,1.03,1.14,1.19,1.25,1.16,1.25,1.29,1.37,1.26,1.01,1.13,1.03,1.33,0.945,1.18,1.25,1.15,1.03,1.03,1.05,1.28,0.939,1.28,1.33,1.27,1.0,1.05,0.999,1.17,1.32,1.3
062_S_0690,926.0,361.0,34.2,0.392,0.36,0.554,0.521,0.552,0.63,0.624,0.671,0.601,0.699,0.635,0.571,0.628,0.473,0.573,0.559,0.541,0.606,0.635,0.569,0.667,0.624,0.679,0.603,0.651,0.639,0.61,0.581,0.639,0.593,0.667,0.66,0.533,0.551,0.65,0.674,0.575,0.571,0.723,0.669,0.777,0.67,0.648,0.727,0.682,0.714,0.599,0.689,0.766,0.698,0.677,0.744,0.517,0.53,0.775,0.626,0.552,0.637,0.657,0.716,0.617,0.588,0.686,0.663,0.628,0.615,0.582,0.57,0.52,0.533,0.657,0.696,0.671,0.641,0.632,0.652,0.649,0.689,0.645,0.659,0.684,0.692,0.563,0.609,0.666,0.641,0.589,0.704,0.607,0.664,0.632,0.699,0.67,0.572,0.619,0.585,0.667,0.614,0.621,0.767,0.66,0.67,0.637,0.6,0.652,0.634,0.639,0.698,0.628,0.656,0.624,0.552,0.628,0.647,0.645,0.669,0.621,0.701,0.644,0.661,0.634,0.603,0.624,0.688,0.611,0.671,0.698,0.648,0.542,0.648,0.649,0.699,0.665,0.633,0.737,0.594,0.696,0.749,0.63,0.618,0.711,0.714,0.649,0.758,0.762,0.76,0.668,0.682,0.67,0.68,0.617,0.69,0.67,0.751,0.782,0.684,0.747,0.7,0.683,0.621,0.795,0.514,0.628,0.717,0.694,0.699,0.681,0.645,0.665,0.65,0.637,0.635,0.565,0.692,0.665,0.58,0.664,0.72,0.639,0.652,0.714,0.589,0.674,0.679,0.659,0.606,0.681,0.68,0.664,0.644,0.649,0.668,0.613,0.664,0.569,0.641,0.704,0.634,0.644,0.78,0.997,0.681,1.07,0.831,0.901,1.03,1.07,1.11,0.975,1.14,0.996,1.13,0.942,0.906,1.01,0.984,0.941,1.02,1.03,0.955,1.07,1.15,1.05,1.08,1.04,1.04,1.13,1.04,1.02,1.06,1.06,0.998,1.01,0.946,1.02,0.981,0.971,1.02,1.11,1.01,1.03,0.993,1.05,0.912,0.998,1.02,1.07,1.12,1.09,0.919,1.05,1.01,0.849,0.949,0.792,0.846,1.11,1.08,1.02,0.955,1.11,1.15,1.09,1.07,1.11,0.98,1.07,1.1,1.14,1.14,1.17,1.19,1.21,0.873,1.15,1.12,1.17,1.13,1.22,1.03,1.11,1.01,0.915,1.06,1.07,1.11,1.15,1.1,1.07,1.13,1.17,1.15,1.18,1.21,1.18,1.18,1.21,1.03,1.17,1.09,1.38,1.32,1.36,1.34,1.32,1.39,1.2,1.17,1.51,1.4,1.4,1.22,1.15,1.17,1.24,1.16,1.14,1.14,1.12,1.11,1.21,1.23,1.08,1.16,1.14,0.977,1.12,1.2,1.15,1.26,1.18,1.23,1.16,1.2,0.948,1.14,1.12,0.978,1.21,1.1,1.15,1.15,1.25,1.12,1.2,1.17,1.17,1.17,1.22,1.2,1.19,1.24,1.17,1.13,1.09,0.981,1.06,1.14,1.04,1.09,0.863,0.953,0.842,1.12,1.2,0.974,1.15,1.16,1.14,1.05,1.1,1.12,1.22,1.16,1.25,1.23,1.21,1.18,1.13,1.15,1.3,1.36,1.1,1.21,1.13,1.28,0.997,0.997,0.962,1.23,0.951,1.08,1.3,1.31,1.12,1.07,1.08,1.08,1.17,1.21
062_S_0768,404.0,168.0,18.9,0.414,0.379,0.574,0.545,0.581,0.637,0.634,0.683,0.616,0.712,0.657,0.584,0.662,0.527,0.595,0.594,0.555,0.626,0.645,0.63,0.68,0.631,0.69,0.598,0.649,0.66,0.639,0.607,0.63,0.596,0.675,0.658,0.562,0.545,0.66,0.694,0.573,0.594,0.724,0.652,0.781,0.689,0.654,0.733,0.681,0.709,0.619,0.706,0.778,0.71,0.672,0.733,0.516,0.53,0.775,0.645,0.55,0.689,0.666,0.714,0.617,0.623,0.677,0.685,0.643,0.629,0.592,0.581,0.574,0.562,0.661,0.691,0.677,0.65,0.651,0.668,0.669,0.686,0.653,0.664,0.678,0.686,0.571,0.61,0.674,0.644,0.633,0.715,0.615,0.67,0.626,0.667,0.678,0.579,0.651,0.599,0.664,0.626,0.613,0.747,0.662,0.656,0.642,0.604,0.664,0.636,0.637,0.694,0.631,0.648,0.635,0.568,0.617,0.652,0.63,0.659,0.617,0.688,0.642,0.657,0.614,0.59,0.63,0.703,0.623,0.696,0.699,0.657,0.588,0.671,0.638,0.701,0.688,0.634,0.749,0.599,0.711,0.765,0.618,0.598,0.724,0.713,0.653,0.765,0.769,0.772,0.679,0.695,0.668,0.659,0.622,0.69,0.69,0.749,0.773,0.688,0.731,0.682,0.686,0.607,0.778,0.52,0.628,0.717,0.684,0.678,0.68,0.651,0.702,0.657,0.634,0.627,0.59,0.672,0.664,0.619,0.662,0.719,0.658,0.678,0.718,0.593,0.672,0.681,0.658,0.614,0.699,0.685,0.684,0.664,0.649,0.674,0.615,0.645,0.569,0.644,0.711,0.643,0.64,0.737,0.971,0.645,1.01,0.798,0.861,0.968,0.989,1.03,0.921,1.08,0.958,1.05,0.899,0.891,0.976,0.984,0.981,1.04,0.991,0.982,0.915,0.977,0.902,0.992,0.962,0.953,1.06,0.985,0.998,0.949,0.972,0.997,1.03,0.977,0.999,0.947,0.972,1.01,1.06,0.957,1.11,0.968,1.04,0.919,0.974,1.05,0.984,1.14,1.02,0.966,1.1,1.06,0.91,0.937,0.869,0.898,1.02,1.1,0.999,1.0,1.07,1.19,1.16,1.0,1.16,0.936,1.01,1.04,1.18,1.11,1.2,1.17,1.21,0.823,1.02,1.13,1.17,1.15,1.22,1.04,1.17,1.05,0.915,1.01,0.939,1.02,0.976,1.15,1.17,1.19,1.18,1.11,1.17,1.16,1.16,0.992,1.11,1.01,1.03,0.93,1.27,1.16,1.29,1.28,1.21,1.27,1.12,1.09,1.49,1.18,1.34,1.16,1.15,1.16,1.25,1.12,1.11,1.14,1.15,1.17,1.08,1.1,1.11,1.18,1.26,0.947,1.1,1.26,1.19,1.3,1.18,1.17,1.11,1.33,1.13,1.22,1.19,1.09,1.24,1.13,1.16,1.24,1.28,1.24,1.34,1.26,1.18,1.17,1.27,1.34,1.18,1.34,1.23,1.15,1.07,1.16,1.15,1.25,1.18,1.27,0.945,1.1,1.0,1.16,1.31,1.1,1.16,1.23,1.28,1.11,1.2,1.22,1.33,1.25,1.28,1.3,1.24,1.27,1.18,1.22,1.44,1.45,1.11,1.24,1.25,1.38,1.08,1.12,1.14,1.27,0.973,1.24,1.38,1.24,1.14,1.05,1.02,1.09,1.23,1.25
067_S_0056,1050.0,128.0,12.2,0.397,0.366,0.544,0.527,0.577,0.643,0.636,0.684,0.61,0.719,0.655,0.581,0.646,0.502,0.586,0.571,0.531,0.615,0.63,0.597,0.699,0.643,0.698,0.621,0.66,0.667,0.626,0.609,0.655,0.602,0.676,0.684,0.552,0.552,0.668,0.677,0.592,0.589,0.746,0.668,0.809,0.691,0.675,0.729,0.703,0.724,0.62,0.687,0.779,0.711,0.693,0.759,0.544,0.55,0.791,0.652,0.56,0.687,0.669,0.737,0.616,0.629,0.689,0.668,0.647,0.632,0.593,0.57,0.529,0.555,0.664,0.716,0.684,0.653,0.65,0.706,0.688,0.706,0.663,0.679,0.68,0.73,0.584,0.612,0.69,0.664,0.668,0.722,0.635,0.682,0.657,0.709,0.689,0.622,0.641,0.601,0.692,0.648,0.608,0.752,0.681,0.67,0.646,0.6,0.694,0.654,0.663,0.714,0.653,0.696,0.653,0.58,0.654,0.685,0.666,0.683,0.627,0.699,0.642,0.683,0.644,0.61,0.636,0.725,0.661,0.695,0.716,0.67,0.605,0.667,0.665,0.709,0.704,0.661,0.761,0.623,0.71,0.773,0.639,0.611,0.74,0.72,0.669,0.783,0.792,0.787,0.711,0.709,0.678,0.685,0.637,0.7,0.688,0.781,0.806,0.696,0.756,0.715,0.705,0.606,0.809,0.536,0.651,0.749,0.696,0.699,0.708,0.687,0.742,0.674,0.638,0.655,0.589,0.706,0.67,0.601,0.682,0.723,0.667,0.71,0.734,0.618,0.682,0.733,0.724,0.636,0.698,0.692,0.702,0.686,0.681,0.681,0.615,0.657,0.617,0.674,0.729,0.675,0.668,0.769,0.961,0.689,1.0,0.844,0.883,1.03,1.09,1.1,0.939,1.08,1.0,1.08,0.926,0.886,0.97,0.953,0.984,1.01,0.999,0.98,0.989,1.13,1.01,1.07,1.02,1.04,1.06,0.995,1.05,1.01,1.07,1.0,1.09,1.03,1.02,0.992,1.0,1.03,1.08,1.06,1.04,0.987,1.11,1.0,1.0,1.04,1.1,1.19,1.1,0.954,1.0,1.07,0.962,0.998,0.93,0.865,1.13,1.24,1.09,1.08,1.11,1.21,1.15,1.09,1.17,0.989,1.13,1.16,1.21,1.14,1.21,1.3,1.24,0.925,1.19,1.2,1.16,1.07,1.18,1.05,1.14,1.04,1.01,1.09,1.04,1.1,1.18,1.13,1.15,1.16,1.2,1.07,1.15,1.12,1.19,1.19,1.14,1.06,1.1,1.11,1.21,1.11,1.22,1.2,1.15,1.27,1.1,1.06,1.45,1.27,1.43,1.16,1.14,1.14,1.26,1.12,1.07,1.1,1.07,1.13,1.16,1.19,1.16,1.21,1.2,0.967,1.11,1.16,1.12,1.2,1.08,1.15,1.07,1.24,1.14,1.18,1.15,1.07,1.22,1.14,1.08,1.16,1.21,1.1,1.19,1.17,1.12,1.17,1.28,1.11,1.19,1.22,1.21,1.09,1.09,1.2,1.15,1.11,1.15,1.2,0.923,1.03,0.953,1.09,1.3,1.12,1.16,1.28,1.24,1.12,1.13,1.2,1.29,1.24,1.33,1.29,1.22,1.26,1.18,1.19,1.44,1.43,1.14,1.24,1.25,1.38,1.1,1.08,1.17,1.19,0.998,1.16,1.23,1.24,1.13,0.996,1.03,0.989,1.23,1.12
067_S_0059,1610.0,186.0,16.7,0.404,0.372,0.565,0.537,0.579,0.646,0.649,0.691,0.615,0.715,0.658,0.576,0.646,0.472,0.564,0.569,0.526,0.599,0.624,0.601,0.684,0.652,0.696,0.614,0.648,0.653,0.634,0.605,0.656,0.594,0.673,0.66,0.533,0.528,0.655,0.682,0.569,0.572,0.713,0.677,0.808,0.684,0.664,0.729,0.697,0.717,0.614,0.706,0.778,0.704,0.691,0.758,0.549,0.553,0.79,0.648,0.572,0.686,0.669,0.724,0.605,0.619,0.703,0.678,0.645,0.635,0.608,0.556,0.548,0.557,0.658,0.704,0.679,0.651,0.641,0.649,0.684,0.691,0.667,0.665,0.68,0.71,0.597,0.615,0.696,0.655,0.625,0.718,0.607,0.687,0.647,0.684,0.683,0.591,0.634,0.606,0.686,0.641,0.636,0.754,0.683,0.681,0.661,0.617,0.681,0.646,0.666,0.721,0.657,0.682,0.646,0.582,0.622,0.681,0.634,0.659,0.606,0.687,0.624,0.674,0.595,0.6,0.616,0.723,0.648,0.698,0.711,0.67,0.603,0.674,0.664,0.713,0.689,0.65,0.731,0.614,0.711,0.772,0.644,0.605,0.721,0.722,0.687,0.785,0.788,0.784,0.682,0.702,0.673,0.657,0.636,0.71,0.682,0.777,0.782,0.693,0.766,0.714,0.696,0.622,0.816,0.549,0.646,0.751,0.658,0.694,0.697,0.668,0.701,0.666,0.641,0.663,0.574,0.708,0.696,0.634,0.683,0.731,0.65,0.69,0.727,0.586,0.676,0.683,0.63,0.627,0.699,0.689,0.689,0.69,0.698,0.67,0.626,0.68,0.603,0.674,0.727,0.653,0.659,0.772,0.992,0.738,1.03,0.893,0.925,1.06,1.09,1.1,0.983,1.14,1.02,1.11,0.958,0.956,1.03,0.994,0.994,1.08,1.1,1.01,1.07,1.16,1.07,1.14,1.12,1.1,1.12,1.01,1.08,1.09,1.1,1.09,1.08,0.921,1.12,1.08,1.1,1.09,1.09,1.12,1.08,1.04,1.11,1.04,1.03,1.05,1.15,1.18,1.12,0.995,1.04,1.15,0.953,1.04,0.927,0.894,1.16,1.16,1.14,1.09,1.17,1.21,1.18,1.08,1.15,1.01,1.14,1.17,1.12,1.17,1.21,1.26,1.29,0.932,1.22,1.18,1.21,1.13,1.19,1.05,1.2,1.03,1.02,1.14,1.13,1.16,1.15,1.13,1.16,1.14,1.23,1.04,1.2,1.17,1.22,1.21,1.18,1.02,1.18,1.12,1.19,1.2,1.17,1.26,1.25,1.29,1.03,1.02,1.45,1.31,1.4,1.19,1.17,1.01,1.28,1.14,1.14,1.15,1.09,1.15,1.06,1.15,1.18,1.19,1.23,1.0,1.16,1.15,1.16,1.19,1.12,1.19,1.14,1.27,1.23,1.14,1.23,1.13,1.22,1.2,1.1,1.21,1.15,1.11,1.19,1.19,1.16,1.21,1.31,1.15,1.26,1.26,1.19,1.14,1.09,1.07,1.15,1.13,1.13,1.21,0.921,1.1,0.931,1.08,1.27,1.17,1.2,1.2,1.2,1.14,1.15,1.22,1.34,1.28,1.23,1.21,1.27,1.26,1.07,1.19,1.36,1.39,1.15,1.25,1.2,1.31,1.02,1.03,1.08,1.18,0.916,1.16,1.24,1.25,1.12,1.01,0.988,1.06,1.2,1.23
067_S_0257,427.0,234.0,21.4,0.418,0.386,0.573,0.54,0.581,0.65,0.642,0.697,0.621,0.705,0.659,0.575,0.653,0.51,0.59,0.581,0.544,0.588,0.635,0.598,0.667,0.631,0.684,0.613,0.647,0.664,0.616,0.595,0.633,0.611,0.669,0.689,0.527,0.533,0.658,0.681,0.567,0.581,0.703,0.66,0.79,0.691,0.661,0.738,0.683,0.71,0.604,0.688,0.772,0.699,0.703,0.749,0.54,0.551,0.781,0.648,0.554,0.661,0.664,0.719,0.603,0.607,0.679,0.666,0.621,0.621,0.589,0.541,0.539,0.547,0.651,0.697,0.675,0.652,0.64,0.641,0.661,0.684,0.643,0.666,0.658,0.693,0.584,0.626,0.68,0.649,0.612,0.703,0.609,0.643,0.659,0.68,0.64,0.615,0.628,0.595,0.679,0.621,0.602,0.74,0.66,0.67,0.64,0.593,0.659,0.631,0.648,0.703,0.605,0.66,0.613,0.566,0.61,0.656,0.616,0.654,0.612,0.679,0.615,0.627,0.604,0.587,0.617,0.7,0.636,0.674,0.694,0.655,0.579,0.676,0.643,0.688,0.678,0.657,0.757,0.602,0.693,0.752,0.627,0.637,0.707,0.712,0.654,0.77,0.778,0.783,0.673,0.7,0.656,0.654,0.632,0.688,0.671,0.76,0.753,0.668,0.753,0.711,0.69,0.606,0.795,0.537,0.638,0.736,0.69,0.676,0.672,0.609,0.699,0.659,0.653,0.637,0.548,0.672,0.652,0.593,0.644,0.716,0.657,0.661,0.707,0.547,0.658,0.666,0.616,0.599,0.689,0.673,0.66,0.652,0.676,0.675,0.605,0.654,0.586,0.653,0.711,0.634,0.667,0.74,0.996,0.734,1.09,0.896,0.957,1.12,1.1,1.13,0.991,1.12,1.0,1.11,0.957,0.948,1.01,1.0,0.964,0.989,0.996,0.974,0.965,1.17,1.02,1.08,1.11,1.06,1.08,1.03,1.05,1.07,1.12,1.07,1.11,1.07,1.08,1.01,1.06,1.07,1.12,1.04,1.1,0.99,1.05,0.971,0.967,1.05,1.07,1.18,1.06,0.95,1.03,1.09,0.961,1.04,0.917,0.857,1.13,1.15,1.07,1.05,1.09,1.22,1.15,1.07,1.15,0.952,1.17,1.12,1.18,1.2,1.2,1.19,1.17,0.885,1.19,1.19,1.21,1.12,1.21,1.04,1.17,1.01,1.02,1.11,1.06,1.13,1.17,1.15,1.14,1.18,1.22,1.09,1.19,1.19,1.22,1.19,1.11,1.03,1.15,1.09,1.25,1.17,1.35,1.3,1.24,1.32,1.13,1.07,1.56,1.28,1.39,1.2,1.14,1.15,1.23,1.11,1.03,1.11,1.09,1.12,1.07,1.15,1.09,1.12,1.16,0.954,1.09,1.13,1.11,1.22,1.1,1.2,1.16,1.21,1.1,1.17,1.14,1.03,1.19,1.11,1.1,1.11,1.11,1.12,1.12,1.12,1.03,1.15,1.22,1.06,1.13,1.23,1.22,1.13,1.06,0.978,1.14,1.13,1.06,1.17,0.856,1.05,0.94,1.07,1.17,1.03,1.1,1.09,1.14,0.95,1.08,1.18,1.23,1.17,1.24,1.18,1.22,1.21,0.975,1.17,1.4,1.4,0.95,1.18,1.16,1.41,0.948,0.953,0.945,1.18,0.826,1.16,1.27,1.22,1.13,1.04,0.922,1.05,1.17,1.2
067_S_4728,507.0,328.0,31.3,0.391,0.361,0.545,0.515,0.551,0.617,0.624,0.671,0.605,0.684,0.638,0.574,0.636,0.47,0.554,0.555,0.514,0.587,0.607,0.592,0.651,0.61,0.67,0.575,0.64,0.64,0.603,0.581,0.624,0.586,0.661,0.658,0.541,0.491,0.64,0.681,0.547,0.549,0.696,0.645,0.761,0.668,0.656,0.728,0.687,0.697,0.599,0.695,0.768,0.696,0.681,0.74,0.546,0.522,0.782,0.645,0.536,0.68,0.641,0.703,0.56,0.595,0.677,0.636,0.623,0.603,0.569,0.555,0.519,0.546,0.641,0.686,0.655,0.633,0.613,0.648,0.65,0.682,0.629,0.655,0.666,0.675,0.585,0.607,0.659,0.624,0.619,0.681,0.585,0.654,0.624,0.697,0.669,0.567,0.624,0.56,0.647,0.631,0.597,0.74,0.648,0.655,0.621,0.58,0.664,0.601,0.616,0.69,0.603,0.62,0.617,0.561,0.6,0.652,0.623,0.634,0.614,0.688,0.633,0.617,0.594,0.581,0.632,0.685,0.603,0.656,0.681,0.644,0.545,0.644,0.638,0.675,0.667,0.63,0.701,0.583,0.664,0.723,0.619,0.584,0.706,0.698,0.637,0.759,0.758,0.777,0.673,0.684,0.642,0.656,0.608,0.695,0.67,0.752,0.781,0.654,0.738,0.726,0.678,0.6,0.815,0.541,0.633,0.729,0.68,0.672,0.669,0.653,0.706,0.633,0.635,0.619,0.557,0.694,0.666,0.576,0.665,0.72,0.643,0.651,0.714,0.566,0.662,0.678,0.631,0.599,0.675,0.664,0.651,0.644,0.684,0.658,0.609,0.618,0.536,0.624,0.71,0.633,0.636,0.736,1.05,0.697,1.15,0.895,0.929,1.05,1.1,1.18,0.98,1.18,1.06,1.1,0.975,0.971,1.09,1.02,1.08,1.16,1.13,1.09,0.98,1.0,0.978,1.13,1.05,1.06,1.14,1.1,1.12,1.13,1.09,1.02,1.02,0.93,1.07,1.0,1.09,1.01,1.16,1.06,1.25,1.03,1.13,0.939,1.02,1.09,1.03,1.18,1.08,0.988,1.13,1.09,1.0,1.02,0.938,0.945,1.12,1.1,1.05,1.04,1.16,1.28,1.23,1.12,1.19,0.971,1.09,1.12,1.24,1.2,1.2,1.21,1.14,0.855,1.19,1.2,1.18,1.17,1.24,1.1,1.22,1.05,1.01,1.08,0.97,1.07,1.13,1.21,1.17,1.26,1.21,1.23,1.22,1.2,1.29,1.16,1.14,1.08,1.09,1.1,1.32,1.13,1.25,1.25,1.15,1.31,1.17,1.18,1.74,1.43,1.52,1.24,1.26,1.23,1.45,1.28,1.19,1.17,1.18,1.27,1.26,1.32,1.26,1.03,0.908,0.944,1.09,1.2,1.18,1.31,1.13,1.05,1.1,1.15,1.09,1.08,1.16,1.01,1.18,1.18,1.1,1.03,1.18,1.35,1.22,1.21,1.19,1.2,1.31,1.3,1.05,1.22,1.21,1.24,1.09,1.18,1.16,1.2,1.12,1.21,0.784,0.866,0.818,1.09,1.03,1.11,1.18,1.14,1.15,1.03,0.869,0.947,1.08,1.1,1.25,1.13,1.2,1.19,1.26,1.19,1.36,1.37,1.06,1.07,1.17,1.36,1.01,1.02,1.09,1.03,0.781,1.23,1.29,1.13,1.09,1.0,0.921,1.03,1.05,1.1
067_S_5205,578.0,440.0,39.9,0.375,0.346,0.545,0.513,0.547,0.631,0.623,0.671,0.594,0.701,0.639,0.572,0.617,0.452,0.554,0.544,0.466,0.56,0.597,0.549,0.681,0.639,0.681,0.603,0.642,0.652,0.619,0.587,0.639,0.577,0.673,0.663,0.503,0.485,0.642,0.668,0.52,0.532,0.709,0.658,0.789,0.671,0.656,0.717,0.665,0.694,0.581,0.692,0.765,0.695,0.695,0.756,0.535,0.546,0.782,0.65,0.547,0.679,0.652,0.699,0.577,0.62,0.69,0.645,0.611,0.611,0.58,0.566,0.497,0.535,0.637,0.689,0.646,0.636,0.639,0.645,0.658,0.678,0.645,0.67,0.68,0.7,0.593,0.624,0.683,0.669,0.623,0.694,0.591,0.672,0.602,0.706,0.663,0.568,0.648,0.598,0.675,0.649,0.614,0.738,0.666,0.662,0.632,0.58,0.664,0.636,0.657,0.715,0.648,0.68,0.635,0.539,0.603,0.645,0.615,0.643,0.577,0.684,0.608,0.638,0.6,0.57,0.62,0.701,0.624,0.687,0.699,0.658,0.567,0.659,0.665,0.685,0.69,0.632,0.738,0.566,0.708,0.755,0.604,0.574,0.692,0.703,0.621,0.757,0.782,0.782,0.675,0.685,0.666,0.651,0.595,0.685,0.667,0.75,0.765,0.676,0.749,0.718,0.71,0.609,0.802,0.533,0.65,0.744,0.635,0.651,0.666,0.645,0.685,0.653,0.646,0.649,0.55,0.652,0.678,0.579,0.662,0.733,0.641,0.654,0.713,0.562,0.649,0.672,0.642,0.62,0.694,0.683,0.691,0.67,0.69,0.665,0.599,0.622,0.608,0.673,0.718,0.662,0.666,0.762,1.05,0.687,1.12,0.858,0.926,1.07,1.14,1.18,0.98,1.15,1.03,1.16,0.949,0.97,1.04,1.03,0.996,1.07,1.08,1.02,1.09,1.19,1.02,1.15,1.04,1.08,1.16,1.05,1.08,1.04,1.12,0.947,0.991,0.962,1.01,0.974,0.942,0.874,1.05,1.04,1.12,1.0,1.11,0.904,0.969,1.01,0.995,0.936,1.05,0.964,1.07,1.08,0.968,1.01,0.907,0.874,1.05,0.925,0.929,0.924,0.916,1.12,1.08,1.01,1.13,0.943,0.959,0.964,1.06,1.15,1.05,1.24,1.03,0.855,1.02,0.987,1.15,1.06,1.14,1.04,1.18,1.05,1.02,1.05,1.11,1.07,1.01,1.15,1.01,1.08,1.06,1.13,1.2,1.21,1.19,1.14,1.19,1.07,1.08,1.11,1.32,1.16,1.4,1.3,1.23,1.48,1.2,1.18,1.76,1.41,1.53,1.18,1.29,1.16,1.31,1.23,1.01,1.16,1.11,1.17,1.11,1.28,1.26,1.22,1.1,0.908,1.08,1.15,1.14,1.28,1.01,1.01,1.11,1.11,0.858,0.888,1.09,0.981,0.92,0.885,0.985,1.01,1.16,1.23,1.23,1.16,1.09,1.07,1.06,1.17,0.927,0.959,0.85,1.09,0.956,1.13,1.14,1.2,1.15,1.15,0.824,0.996,0.891,1.05,0.847,0.934,0.856,0.986,0.943,0.923,0.905,0.831,0.794,0.9,0.902,0.949,1.12,0.991,1.06,0.927,1.32,1.22,0.877,0.833,0.902,1.23,1.12,1.06,1.2,1.02,0.838,1.09,1.22,0.906,1.07,1.01,1.01,1.1,0.96,1.06
068_S_0127,1700.0,356.0,30.7,0.408,0.378,0.569,0.547,0.577,0.636,0.637,0.687,0.618,0.71,0.657,0.587,0.639,0.505,0.582,0.583,0.547,0.606,0.63,0.622,0.693,0.638,0.686,0.608,0.653,0.65,0.647,0.597,0.654,0.602,0.676,0.676,0.557,0.561,0.649,0.685,0.567,0.584,0.721,0.664,0.797,0.688,0.677,0.719,0.683,0.717,0.61,0.698,0.781,0.703,0.689,0.749,0.545,0.542,0.786,0.66,0.564,0.677,0.673,0.726,0.619,0.618,0.67,0.684,0.608,0.63,0.6,0.576,0.547,0.566,0.654,0.696,0.656,0.656,0.639,0.653,0.657,0.682,0.653,0.653,0.679,0.701,0.597,0.615,0.703,0.659,0.617,0.701,0.6,0.672,0.629,0.697,0.687,0.621,0.657,0.608,0.672,0.64,0.623,0.757,0.678,0.676,0.657,0.614,0.687,0.649,0.654,0.715,0.636,0.676,0.626,0.575,0.633,0.641,0.612,0.661,0.623,0.678,0.634,0.661,0.614,0.571,0.608,0.698,0.623,0.692,0.693,0.652,0.595,0.671,0.662,0.719,0.687,0.624,0.724,0.6,0.698,0.752,0.615,0.609,0.698,0.7,0.591,0.767,0.774,0.777,0.662,0.681,0.647,0.638,0.612,0.703,0.67,0.76,0.77,0.674,0.756,0.704,0.687,0.601,0.792,0.533,0.635,0.742,0.678,0.683,0.667,0.667,0.713,0.654,0.653,0.654,0.587,0.676,0.687,0.613,0.652,0.705,0.656,0.665,0.716,0.561,0.648,0.678,0.608,0.601,0.681,0.677,0.657,0.681,0.675,0.656,0.619,0.654,0.599,0.665,0.725,0.655,0.65,0.766,1.04,0.741,1.09,0.901,0.958,1.06,1.1,1.12,1.02,1.12,1.03,1.11,1.02,0.964,1.03,1.02,1.03,1.08,1.06,1.03,1.1,1.19,1.05,1.15,1.14,1.11,1.13,1.08,1.15,1.15,1.14,1.1,1.07,0.956,1.08,1.07,1.09,1.09,1.15,1.15,1.16,1.07,1.17,1.02,1.04,1.12,1.16,1.18,1.12,1.01,1.09,1.08,1.01,1.09,0.972,0.9,1.24,1.17,1.14,1.06,1.14,1.23,1.17,1.11,1.19,1.03,1.23,1.15,1.23,1.2,1.21,1.25,1.23,0.928,1.21,1.2,1.2,1.18,1.26,1.09,1.16,1.08,1.08,1.16,1.13,1.21,1.18,1.17,1.19,1.17,1.2,1.12,1.2,1.23,1.26,1.24,1.18,1.1,1.25,1.13,1.28,1.28,1.19,1.31,1.29,1.23,1.11,1.09,1.36,1.26,1.34,1.16,1.15,1.13,1.09,1.12,1.06,1.15,1.08,1.18,0.91,1.02,1.16,1.21,1.3,1.01,1.14,1.23,1.23,1.24,1.21,1.23,1.14,1.22,1.15,1.14,1.16,1.04,1.05,1.15,1.14,1.28,1.25,1.19,1.23,1.25,0.991,1.15,1.18,0.958,1.25,1.28,1.27,1.22,1.09,0.99,1.12,1.14,1.04,1.15,0.953,1.12,0.995,1.15,1.29,1.1,1.25,1.23,1.2,1.11,1.2,1.26,1.3,1.26,1.31,1.31,1.24,1.26,0.928,1.25,1.34,1.21,1.1,1.22,1.24,1.26,1.04,1.06,1.01,1.29,1.03,1.17,1.32,1.3,1.13,1.09,1.16,1.18,1.28,1.3
068_S_0210,1390.0,236.0,18.5,0.378,0.357,0.551,0.527,0.561,0.635,0.621,0.675,0.596,0.712,0.652,0.574,0.639,0.482,0.575,0.567,0.535,0.593,0.626,0.605,0.68,0.643,0.688,0.614,0.656,0.647,0.624,0.59,0.626,0.585,0.674,0.665,0.53,0.527,0.654,0.681,0.56,0.564,0.725,0.655,0.801,0.691,0.662,0.728,0.698,0.711,0.609,0.701,0.78,0.706,0.688,0.74,0.525,0.538,0.782,0.659,0.544,0.68,0.665,0.72,0.6,0.599,0.697,0.69,0.634,0.629,0.586,0.555,0.562,0.534,0.666,0.695,0.666,0.651,0.631,0.664,0.686,0.702,0.669,0.666,0.685,0.703,0.593,0.605,0.683,0.653,0.634,0.712,0.627,0.675,0.641,0.689,0.7,0.611,0.631,0.597,0.69,0.641,0.614,0.77,0.666,0.679,0.648,0.611,0.694,0.658,0.67,0.71,0.669,0.686,0.66,0.582,0.651,0.663,0.649,0.673,0.615,0.695,0.626,0.661,0.6,0.595,0.622,0.725,0.646,0.696,0.706,0.665,0.614,0.686,0.654,0.711,0.707,0.647,0.748,0.624,0.696,0.761,0.618,0.592,0.725,0.718,0.682,0.783,0.78,0.78,0.705,0.699,0.673,0.667,0.639,0.706,0.688,0.756,0.777,0.697,0.747,0.705,0.689,0.583,0.804,0.531,0.638,0.742,0.703,0.707,0.686,0.67,0.708,0.679,0.65,0.653,0.573,0.693,0.687,0.618,0.668,0.735,0.672,0.679,0.734,0.619,0.696,0.711,0.671,0.645,0.695,0.694,0.681,0.68,0.68,0.669,0.625,0.663,0.645,0.664,0.741,0.649,0.694,0.759,0.912,0.665,0.994,0.828,0.888,0.976,0.981,0.983,0.895,1.05,0.963,1.06,0.913,0.92,0.975,0.928,0.956,0.973,0.994,0.913,0.925,1.12,0.963,1.06,1.04,1.03,1.08,1.01,0.974,0.978,1.06,1.01,1.02,0.996,1.02,0.986,0.967,1.0,1.07,1.04,0.98,0.966,1.05,0.959,0.932,1.02,1.1,1.1,0.966,0.886,0.935,1.02,0.946,0.985,0.854,0.794,1.1,1.14,1.05,1.01,1.06,1.17,1.14,1.04,1.13,0.954,1.12,1.1,1.11,1.15,1.2,1.18,1.22,0.89,1.18,1.1,1.18,1.12,1.24,0.981,1.15,0.884,0.936,1.06,1.04,1.11,1.08,1.07,1.11,1.07,1.12,0.947,1.18,1.07,1.11,1.15,1.06,0.962,1.16,1.1,1.17,1.13,1.12,1.23,1.26,1.29,1.01,1.02,1.41,1.3,1.35,1.16,1.16,1.2,1.23,1.14,1.07,1.12,1.15,1.14,1.12,1.12,1.1,1.22,1.23,0.97,1.09,1.18,1.15,1.27,1.1,1.21,1.17,1.24,1.09,1.16,1.21,1.03,1.15,1.12,1.07,1.21,1.23,1.01,1.05,1.11,1.06,1.15,1.22,1.05,1.19,1.26,1.2,1.06,1.02,1.06,1.13,1.0,1.03,1.18,0.842,1.02,0.905,1.07,1.19,1.08,1.11,1.15,1.23,1.08,1.15,1.17,1.32,1.24,1.3,1.27,1.24,1.24,1.04,1.16,1.4,1.42,1.18,1.23,1.21,1.39,0.874,0.955,1.02,1.25,0.893,1.09,1.26,1.23,1.1,0.987,1.08,1.08,1.23,1.19
068_S_4859,515.0,247.0,25.2,0.388,0.362,0.546,0.513,0.563,0.63,0.634,0.67,0.602,0.672,0.64,0.576,0.646,0.452,0.551,0.551,0.502,0.584,0.607,0.591,0.666,0.629,0.671,0.598,0.643,0.642,0.619,0.581,0.645,0.582,0.665,0.659,0.536,0.502,0.63,0.681,0.567,0.539,0.731,0.652,0.77,0.679,0.664,0.721,0.707,0.706,0.584,0.691,0.778,0.704,0.685,0.742,0.549,0.538,0.78,0.656,0.546,0.685,0.631,0.702,0.627,0.609,0.679,0.68,0.639,0.613,0.587,0.544,0.539,0.546,0.657,0.696,0.664,0.632,0.635,0.648,0.659,0.698,0.665,0.669,0.672,0.694,0.606,0.618,0.676,0.652,0.624,0.715,0.642,0.711,0.665,0.702,0.674,0.594,0.614,0.611,0.645,0.644,0.601,0.753,0.67,0.661,0.627,0.588,0.666,0.613,0.646,0.708,0.627,0.612,0.638,0.551,0.621,0.662,0.671,0.666,0.617,0.672,0.636,0.69,0.619,0.634,0.624,0.71,0.632,0.675,0.701,0.667,0.596,0.658,0.656,0.702,0.687,0.649,0.749,0.619,0.721,0.772,0.645,0.607,0.722,0.723,0.685,0.759,0.771,0.782,0.706,0.714,0.694,0.715,0.633,0.702,0.696,0.77,0.784,0.699,0.76,0.722,0.695,0.601,0.81,0.534,0.651,0.73,0.671,0.695,0.701,0.687,0.703,0.659,0.649,0.639,0.59,0.678,0.697,0.606,0.679,0.729,0.706,0.726,0.728,0.633,0.686,0.704,0.676,0.613,0.685,0.681,0.691,0.676,0.694,0.683,0.624,0.632,0.546,0.648,0.722,0.646,0.659,0.757,0.997,0.688,1.04,0.844,0.889,1.05,1.08,1.09,0.969,1.12,0.985,1.11,0.963,0.944,1.08,1.07,1.03,1.11,1.1,1.06,0.964,1.08,0.976,1.08,1.1,1.05,1.08,1.08,1.12,1.06,1.08,1.07,1.12,1.05,1.04,1.02,1.07,1.1,1.16,1.07,1.09,0.987,1.07,0.941,1.03,1.08,1.09,1.2,1.02,1.02,1.09,1.06,0.952,1.03,0.903,0.91,1.14,1.09,1.1,1.08,1.23,1.19,1.14,1.14,1.27,1.01,1.1,1.14,1.23,1.19,1.19,1.24,1.2,0.896,1.13,1.23,1.14,1.12,1.18,1.12,1.21,1.08,1.06,1.11,1.06,1.12,1.1,1.25,1.28,1.23,1.29,1.16,1.17,1.19,1.23,1.15,1.15,1.05,1.13,1.07,1.33,1.18,1.24,1.26,1.2,1.26,1.15,1.09,1.58,1.23,1.46,1.19,1.2,1.25,1.43,1.22,1.18,1.27,1.18,1.2,1.26,1.32,1.26,1.17,1.26,0.971,1.13,1.15,1.19,1.29,1.15,1.17,1.19,1.22,1.16,1.24,1.23,1.09,1.31,1.23,1.16,1.16,1.27,1.17,1.16,1.15,1.3,1.2,1.31,1.39,1.16,1.26,1.29,1.15,1.09,1.3,1.16,1.23,1.23,1.29,0.996,1.05,0.981,1.13,1.13,1.17,1.25,1.23,1.25,1.11,1.14,1.18,1.2,1.19,1.29,1.36,1.26,1.26,1.43,1.27,1.34,1.38,1.11,1.16,1.27,1.3,1.16,1.13,1.31,1.23,0.979,1.31,1.3,1.17,1.12,1.06,0.979,1.12,1.2,1.22
070_S_4719,649.0,312.0,29.7,0.376,0.345,0.533,0.506,0.542,0.615,0.618,0.668,0.589,0.685,0.634,0.555,0.623,0.462,0.545,0.539,0.508,0.574,0.595,0.588,0.657,0.604,0.66,0.582,0.618,0.629,0.608,0.567,0.617,0.563,0.654,0.668,0.514,0.521,0.623,0.666,0.539,0.552,0.68,0.635,0.767,0.668,0.635,0.712,0.679,0.69,0.578,0.683,0.762,0.684,0.673,0.73,0.538,0.538,0.772,0.637,0.522,0.662,0.632,0.698,0.559,0.609,0.671,0.656,0.607,0.604,0.555,0.529,0.501,0.537,0.635,0.677,0.66,0.624,0.617,0.642,0.662,0.678,0.639,0.641,0.659,0.675,0.576,0.607,0.676,0.622,0.611,0.695,0.586,0.657,0.616,0.679,0.64,0.576,0.622,0.576,0.658,0.613,0.584,0.732,0.651,0.65,0.623,0.574,0.671,0.62,0.655,0.691,0.631,0.633,0.619,0.552,0.613,0.624,0.606,0.645,0.597,0.682,0.61,0.593,0.618,0.575,0.617,0.69,0.622,0.678,0.684,0.634,0.594,0.659,0.639,0.676,0.7,0.629,0.735,0.589,0.687,0.761,0.617,0.584,0.692,0.708,0.664,0.757,0.767,0.762,0.669,0.699,0.66,0.655,0.604,0.679,0.682,0.744,0.779,0.674,0.741,0.69,0.682,0.616,0.795,0.544,0.647,0.737,0.683,0.668,0.647,0.645,0.693,0.651,0.646,0.626,0.542,0.667,0.68,0.593,0.639,0.712,0.614,0.671,0.717,0.587,0.658,0.681,0.638,0.594,0.686,0.671,0.658,0.658,0.688,0.665,0.592,0.629,0.574,0.641,0.69,0.63,0.66,0.748,0.988,0.771,1.03,0.932,0.962,1.06,1.08,1.07,0.961,1.09,1.01,1.14,0.957,0.992,1.01,0.985,1.02,1.07,1.06,0.985,1.05,1.1,1.02,1.14,1.04,1.07,1.15,1.07,1.09,1.04,1.1,1.04,1.07,1.03,1.08,1.03,1.0,1.02,1.11,1.08,1.09,1.02,1.12,0.972,1.0,1.12,1.08,1.22,1.03,0.964,1.1,1.07,0.89,0.917,0.807,0.895,1.03,0.99,1.03,1.02,1.13,1.18,1.08,1.09,1.15,0.973,0.976,1.04,1.09,1.13,1.21,1.19,1.1,0.904,1.0,1.11,1.13,1.04,1.11,1.03,1.18,0.955,0.919,1.01,1.03,1.08,1.05,1.17,1.18,1.15,1.22,1.14,1.18,1.22,1.21,1.1,1.07,0.972,1.07,1.06,1.26,1.13,1.21,1.27,1.25,1.39,1.19,1.14,1.46,1.26,1.4,1.25,1.14,1.12,1.25,1.11,1.09,0.991,1.05,1.07,1.15,1.16,1.06,1.15,1.22,0.975,1.07,1.15,1.13,1.23,1.09,1.11,1.15,1.18,1.06,1.15,1.11,1.05,1.12,1.11,1.1,1.12,1.19,1.2,1.21,1.15,1.15,1.13,1.15,1.23,1.11,1.2,1.25,1.1,1.06,1.1,1.11,1.11,1.11,1.15,0.826,0.888,0.892,1.04,1.07,1.06,1.14,1.14,1.09,1.02,0.944,0.964,1.08,1.1,1.19,1.18,1.12,1.24,1.22,1.17,1.32,1.27,0.966,1.09,1.14,1.14,0.938,0.995,1.11,1.08,0.851,1.18,1.23,1.16,1.03,1.0,0.996,1.1,1.04,1.17
070_S_4856,976.0,120.0,10.0,0.381,0.354,0.537,0.512,0.558,0.625,0.629,0.678,0.604,0.697,0.635,0.56,0.638,0.499,0.576,0.57,0.535,0.612,0.611,0.598,0.67,0.63,0.683,0.606,0.643,0.646,0.625,0.601,0.644,0.578,0.661,0.665,0.513,0.53,0.663,0.674,0.566,0.546,0.72,0.655,0.788,0.682,0.656,0.732,0.697,0.72,0.611,0.687,0.775,0.714,0.704,0.778,0.548,0.537,0.79,0.679,0.542,0.67,0.668,0.718,0.624,0.618,0.683,0.64,0.637,0.617,0.582,0.561,0.554,0.542,0.661,0.691,0.654,0.637,0.64,0.675,0.668,0.695,0.662,0.67,0.689,0.698,0.613,0.619,0.703,0.651,0.637,0.707,0.598,0.693,0.651,0.723,0.695,0.608,0.629,0.586,0.67,0.653,0.616,0.736,0.666,0.667,0.625,0.566,0.662,0.613,0.659,0.711,0.642,0.646,0.615,0.534,0.641,0.675,0.667,0.678,0.643,0.697,0.642,0.698,0.622,0.64,0.63,0.723,0.647,0.695,0.698,0.667,0.598,0.677,0.658,0.686,0.688,0.63,0.741,0.607,0.719,0.766,0.652,0.584,0.735,0.72,0.65,0.789,0.794,0.782,0.699,0.7,0.69,0.699,0.629,0.698,0.69,0.771,0.772,0.699,0.785,0.741,0.718,0.597,0.815,0.563,0.667,0.753,0.647,0.707,0.702,0.662,0.713,0.662,0.656,0.658,0.586,0.72,0.69,0.618,0.675,0.727,0.673,0.68,0.722,0.623,0.684,0.692,0.689,0.613,0.699,0.701,0.684,0.688,0.723,0.665,0.632,0.649,0.571,0.67,0.727,0.655,0.658,0.768,1.02,0.729,1.06,0.881,0.912,1.04,1.07,1.1,0.959,1.13,0.986,1.06,0.951,0.938,0.995,0.951,0.998,1.04,1.03,1.03,0.935,1.03,0.951,1.05,1.02,0.989,1.03,0.992,1.16,1.04,1.06,1.07,1.12,1.02,1.01,0.987,1.03,1.04,1.1,1.0,1.11,0.983,1.09,0.976,0.995,1.06,1.02,1.19,1.03,0.991,1.07,1.06,0.914,0.965,0.913,0.954,1.13,1.2,1.11,1.07,1.14,1.17,1.18,1.11,1.17,0.969,1.12,1.13,1.17,1.14,1.21,1.21,1.21,0.875,1.2,1.19,1.18,1.1,1.21,1.06,1.13,1.03,0.939,1.05,0.977,1.11,1.14,1.14,1.17,1.19,1.18,1.19,1.13,1.13,1.18,1.2,1.04,1.02,1.16,1.09,1.28,1.14,1.21,1.25,1.23,1.28,1.07,1.08,1.5,1.26,1.39,1.17,1.18,1.12,1.31,1.15,1.09,1.13,1.12,1.12,1.19,1.22,1.19,1.1,1.19,0.963,1.11,1.16,1.15,1.17,1.16,1.15,1.21,1.31,1.18,1.3,1.15,1.07,1.3,1.13,1.17,1.09,1.16,1.17,1.18,1.16,1.23,1.17,1.33,1.31,1.12,1.29,1.21,1.11,1.06,1.16,1.12,1.17,1.13,1.17,0.914,1.01,0.966,1.12,1.26,1.14,1.18,1.24,1.22,1.05,1.12,1.16,1.22,1.22,1.24,1.28,1.17,1.29,1.33,1.23,1.43,1.57,1.04,1.19,1.29,1.42,1.1,1.08,1.14,1.2,0.934,1.18,1.23,1.22,1.1,0.999,0.996,1.04,1.19,1.15
070_S_5040,1700.0,170.0,17.1,0.367,0.338,0.525,0.49,0.554,0.623,0.623,0.667,0.59,0.705,0.633,0.556,0.624,0.442,0.538,0.54,0.491,0.555,0.584,0.576,0.68,0.635,0.68,0.603,0.642,0.643,0.603,0.566,0.631,0.565,0.667,0.653,0.484,0.488,0.637,0.678,0.539,0.521,0.705,0.653,0.79,0.677,0.664,0.724,0.689,0.687,0.597,0.693,0.767,0.699,0.676,0.742,0.519,0.541,0.772,0.654,0.526,0.662,0.663,0.701,0.568,0.597,0.685,0.658,0.6,0.604,0.584,0.533,0.508,0.511,0.655,0.672,0.643,0.63,0.633,0.645,0.674,0.686,0.663,0.652,0.662,0.678,0.577,0.625,0.695,0.655,0.575,0.69,0.58,0.654,0.615,0.709,0.697,0.602,0.627,0.585,0.684,0.657,0.593,0.764,0.662,0.665,0.638,0.587,0.679,0.63,0.663,0.713,0.649,0.669,0.646,0.533,0.62,0.659,0.61,0.68,0.593,0.666,0.619,0.619,0.573,0.556,0.587,0.721,0.635,0.694,0.71,0.669,0.607,0.661,0.659,0.706,0.703,0.613,0.725,0.602,0.699,0.756,0.599,0.54,0.714,0.71,0.678,0.789,0.794,0.793,0.699,0.688,0.674,0.634,0.631,0.701,0.685,0.768,0.791,0.695,0.753,0.716,0.692,0.583,0.804,0.565,0.655,0.773,0.673,0.674,0.666,0.676,0.723,0.673,0.668,0.656,0.584,0.655,0.692,0.614,0.676,0.739,0.64,0.702,0.718,0.597,0.665,0.714,0.648,0.626,0.687,0.691,0.646,0.695,0.697,0.667,0.638,0.665,0.633,0.7,0.748,0.684,0.678,0.772,0.976,0.751,0.968,0.888,0.91,1.0,1.01,1.05,0.937,1.05,0.964,1.01,0.946,0.937,1.0,0.969,0.969,1.0,0.996,0.973,0.996,1.14,1.03,1.08,1.1,1.07,1.01,1.04,1.07,1.04,1.04,1.03,1.02,0.971,0.997,0.953,0.955,0.986,1.0,1.03,1.18,1.02,1.03,0.976,0.986,0.999,1.05,1.17,1.06,0.988,1.09,1.1,0.971,0.944,0.877,0.942,1.06,1.11,1.02,0.981,1.08,1.14,1.14,1.06,1.15,0.998,1.03,1.1,1.12,1.13,1.22,1.23,1.17,0.982,1.16,1.13,1.17,1.12,1.2,1.08,1.13,1.03,0.88,0.996,0.965,1.08,1.06,1.1,1.14,1.14,1.15,1.13,1.14,1.15,1.15,1.11,1.02,0.992,1.11,1.03,1.15,1.11,1.07,1.13,1.16,1.13,1.06,1.06,1.25,1.16,1.28,1.11,1.12,1.15,1.2,1.1,1.08,1.06,1.08,1.06,1.06,1.08,1.11,1.27,1.26,1.01,1.09,1.13,1.14,1.21,1.13,1.14,1.1,1.25,1.1,1.16,1.13,1.03,1.2,1.05,1.03,1.18,1.21,1.2,1.21,1.18,1.11,1.19,1.3,1.13,1.18,1.28,1.28,1.19,1.06,1.18,1.17,1.18,1.19,1.2,0.875,0.987,0.983,1.08,1.16,1.13,1.1,1.14,1.21,1.09,1.07,1.14,1.21,1.23,1.29,1.22,1.2,1.31,1.18,1.12,1.45,1.48,1.16,1.24,1.23,1.35,1.1,1.09,1.17,1.18,0.879,1.12,1.28,1.2,1.09,1.05,1.09,1.07,1.22,1.29
073_S_0089,1410.0,159.0,14.9,0.376,0.346,0.534,0.505,0.55,0.612,0.629,0.677,0.595,0.718,0.64,0.547,0.627,0.448,0.551,0.535,0.499,0.575,0.596,0.588,0.687,0.64,0.687,0.616,0.635,0.65,0.613,0.574,0.637,0.579,0.658,0.666,0.495,0.479,0.636,0.663,0.537,0.512,0.704,0.648,0.795,0.689,0.664,0.723,0.693,0.701,0.586,0.678,0.771,0.716,0.706,0.764,0.551,0.555,0.79,0.659,0.55,0.674,0.64,0.714,0.588,0.604,0.696,0.658,0.624,0.621,0.594,0.498,0.507,0.547,0.653,0.685,0.655,0.644,0.63,0.651,0.681,0.701,0.655,0.693,0.687,0.723,0.592,0.618,0.69,0.65,0.622,0.71,0.61,0.691,0.614,0.704,0.696,0.624,0.628,0.579,0.699,0.663,0.617,0.745,0.672,0.663,0.629,0.573,0.671,0.614,0.669,0.721,0.652,0.685,0.632,0.51,0.638,0.67,0.63,0.651,0.584,0.683,0.629,0.657,0.609,0.598,0.616,0.728,0.65,0.703,0.707,0.67,0.614,0.682,0.669,0.704,0.677,0.625,0.748,0.595,0.706,0.779,0.612,0.591,0.726,0.726,0.678,0.8,0.794,0.796,0.704,0.702,0.675,0.66,0.62,0.719,0.708,0.773,0.787,0.704,0.769,0.745,0.721,0.594,0.839,0.576,0.676,0.758,0.69,0.663,0.706,0.681,0.73,0.691,0.668,0.66,0.547,0.626,0.696,0.583,0.697,0.73,0.66,0.648,0.717,0.575,0.705,0.698,0.688,0.637,0.729,0.697,0.695,0.694,0.714,0.677,0.641,0.64,0.626,0.687,0.748,0.686,0.687,0.771,0.948,0.674,1.06,0.832,0.905,1.07,1.06,1.09,0.945,1.13,0.997,1.13,0.923,0.91,1.02,0.961,0.961,1.01,0.992,0.961,1.01,1.15,1.0,1.06,1.08,1.05,1.08,1.0,1.01,1.02,1.08,1.05,1.05,1.01,0.996,0.957,0.998,1.01,1.04,1.04,1.05,0.988,1.06,0.927,0.959,1.02,1.12,1.2,1.1,0.979,1.06,1.05,0.946,0.996,0.867,0.863,1.14,1.17,1.12,1.07,1.09,1.22,1.19,1.05,1.09,0.985,1.1,1.16,1.2,1.19,1.24,1.2,1.21,0.908,1.23,1.11,1.15,1.07,1.25,1.04,1.19,1.03,1.0,1.07,1.02,1.08,1.13,1.2,1.2,1.16,1.15,1.14,1.2,1.21,1.17,1.19,1.09,0.979,1.14,1.08,1.19,1.1,1.34,1.23,1.2,1.35,1.18,1.05,1.63,1.26,1.49,1.2,1.11,1.1,1.23,1.11,1.03,1.08,1.1,1.08,1.08,1.15,1.11,1.14,1.11,0.955,1.1,1.08,1.08,1.15,1.01,1.07,1.14,1.3,1.05,1.18,1.15,1.03,1.2,1.1,1.06,1.11,1.12,1.08,1.17,1.16,1.07,1.16,1.26,1.07,1.14,1.29,1.24,1.08,1.07,1.07,1.12,1.14,1.12,1.23,0.914,1.03,0.935,1.03,1.23,1.09,1.11,1.16,1.22,1.07,1.06,1.13,1.25,1.18,1.26,1.18,1.28,1.32,1.09,1.22,1.38,1.51,1.09,1.17,1.24,1.42,1.09,1.08,1.16,1.14,0.959,1.17,1.21,1.18,1.12,0.961,0.923,0.985,1.06,1.07
073_S_0311,938.0,246.0,21.2,0.379,0.352,0.547,0.518,0.553,0.626,0.632,0.681,0.605,0.702,0.639,0.587,0.626,0.47,0.573,0.563,0.525,0.581,0.622,0.616,0.678,0.631,0.68,0.603,0.644,0.649,0.61,0.577,0.64,0.576,0.679,0.644,0.562,0.565,0.65,0.676,0.574,0.585,0.715,0.66,0.781,0.665,0.658,0.722,0.664,0.701,0.605,0.644,0.768,0.684,0.672,0.72,0.509,0.523,0.773,0.631,0.539,0.68,0.662,0.706,0.594,0.613,0.678,0.658,0.612,0.607,0.598,0.559,0.502,0.553,0.64,0.693,0.665,0.636,0.642,0.648,0.653,0.674,0.648,0.638,0.668,0.673,0.574,0.611,0.687,0.646,0.624,0.704,0.555,0.649,0.612,0.707,0.664,0.569,0.609,0.606,0.675,0.635,0.613,0.753,0.669,0.673,0.639,0.583,0.677,0.634,0.651,0.711,0.631,0.665,0.618,0.591,0.637,0.643,0.621,0.652,0.577,0.682,0.625,0.656,0.611,0.581,0.631,0.68,0.621,0.673,0.683,0.639,0.582,0.681,0.658,0.706,0.69,0.652,0.751,0.63,0.637,0.731,0.644,0.629,0.695,0.717,0.683,0.777,0.786,0.764,0.658,0.665,0.662,0.639,0.607,0.683,0.639,0.759,0.752,0.679,0.728,0.693,0.668,0.588,0.786,0.529,0.631,0.747,0.675,0.676,0.661,0.688,0.701,0.655,0.658,0.67,0.592,0.68,0.677,0.572,0.669,0.714,0.653,0.678,0.714,0.575,0.652,0.689,0.672,0.6,0.66,0.662,0.641,0.678,0.673,0.629,0.62,0.629,0.582,0.655,0.723,0.633,0.636,0.767,1.02,0.729,1.13,0.913,0.991,1.11,1.11,1.11,1.0,1.16,0.993,1.2,0.961,0.878,1.03,1.02,0.919,1.06,1.02,0.991,0.997,1.12,1.01,1.12,1.07,1.04,1.15,1.07,1.12,1.07,1.13,1.05,1.01,1.05,1.04,1.02,1.02,1.04,1.06,1.05,1.05,1.03,1.1,0.93,0.999,1.04,1.1,1.15,1.06,0.983,1.07,1.06,0.963,1.04,0.9,0.876,1.19,1.11,1.03,1.01,1.12,1.18,1.14,1.09,1.17,0.988,1.12,1.13,1.19,1.16,1.2,1.07,1.14,0.88,1.13,1.16,1.13,1.11,1.13,1.04,1.18,1.05,1.01,1.09,1.05,1.1,1.11,1.12,1.11,1.11,1.16,1.07,1.15,1.14,1.19,1.2,1.15,1.03,1.12,1.08,1.3,1.26,1.34,1.43,1.33,1.41,1.1,1.1,1.51,1.3,1.26,1.17,1.05,1.12,1.27,1.15,1.04,1.15,1.07,1.2,1.09,1.23,1.16,1.12,1.18,0.972,1.08,1.16,1.08,1.22,1.15,1.18,1.21,1.08,1.04,1.11,1.12,1.01,1.1,1.09,1.09,1.11,1.24,1.13,1.13,1.17,1.13,1.12,1.11,1.15,1.12,1.2,1.19,1.13,1.07,1.04,1.1,1.12,1.11,1.16,0.908,1.03,0.952,1.11,1.18,1.09,1.15,1.13,1.17,1.06,1.09,1.16,1.14,1.12,1.22,1.28,1.17,1.24,1.12,1.19,1.25,1.2,1.05,1.12,1.22,1.2,1.05,1.04,1.12,1.12,0.92,1.15,1.21,1.14,1.06,1.02,0.961,1.04,1.11,1.13
073_S_0312,839.0,401.0,41.4,0.401,0.367,0.555,0.532,0.585,0.635,0.633,0.681,0.61,0.703,0.656,0.588,0.645,0.506,0.585,0.589,0.531,0.614,0.635,0.624,0.677,0.633,0.683,0.616,0.658,0.654,0.618,0.602,0.641,0.599,0.674,0.674,0.564,0.521,0.666,0.684,0.582,0.571,0.714,0.656,0.795,0.689,0.661,0.731,0.689,0.715,0.628,0.667,0.771,0.708,0.677,0.736,0.534,0.54,0.78,0.659,0.56,0.7,0.677,0.715,0.599,0.62,0.68,0.67,0.625,0.627,0.591,0.579,0.573,0.553,0.653,0.705,0.677,0.648,0.657,0.672,0.67,0.691,0.666,0.644,0.686,0.699,0.596,0.621,0.68,0.645,0.61,0.72,0.604,0.678,0.642,0.705,0.688,0.597,0.635,0.6,0.68,0.634,0.616,0.759,0.664,0.671,0.639,0.605,0.673,0.635,0.637,0.699,0.634,0.716,0.627,0.57,0.637,0.669,0.643,0.674,0.614,0.712,0.63,0.661,0.618,0.592,0.583,0.701,0.624,0.675,0.7,0.648,0.585,0.669,0.646,0.695,0.718,0.655,0.747,0.604,0.697,0.761,0.636,0.623,0.706,0.708,0.658,0.778,0.764,0.785,0.682,0.69,0.642,0.665,0.646,0.694,0.663,0.765,0.753,0.679,0.733,0.688,0.671,0.598,0.791,0.544,0.637,0.725,0.687,0.699,0.661,0.675,0.693,0.671,0.643,0.64,0.594,0.686,0.661,0.611,0.671,0.747,0.64,0.675,0.71,0.596,0.664,0.672,0.626,0.612,0.687,0.681,0.666,0.669,0.673,0.648,0.598,0.662,0.586,0.639,0.71,0.646,0.616,0.787,0.984,0.735,1.0,0.852,0.889,0.991,1.05,1.06,0.959,1.07,0.975,1.09,0.943,0.928,1.01,0.997,0.982,1.04,1.04,0.991,0.985,1.08,1.02,1.1,1.04,1.04,1.09,1.02,1.1,1.05,1.05,1.08,1.02,1.04,1.06,1.02,1.03,1.01,1.08,1.05,1.11,1.03,1.09,0.954,1.02,1.08,1.1,1.21,1.1,1.01,1.09,1.06,0.987,1.0,0.908,0.936,1.12,1.14,1.07,1.05,1.1,1.17,1.21,1.04,1.19,1.0,1.15,1.12,1.2,1.14,1.2,1.2,1.19,0.881,1.12,1.14,1.15,1.12,1.22,1.07,1.15,1.06,1.02,1.06,1.08,1.11,1.13,1.21,1.21,1.2,1.23,1.2,1.2,1.21,1.22,1.11,1.09,1.02,1.09,1.02,1.25,1.14,1.15,1.15,1.15,1.22,1.05,1.0,1.32,1.19,1.28,1.12,1.08,1.09,1.3,1.06,1.1,1.11,1.07,1.13,1.11,1.19,1.15,1.17,1.17,1.0,1.08,1.19,1.13,1.2,1.08,1.12,1.09,1.21,1.09,1.12,1.14,1.09,1.24,1.1,1.04,1.15,1.2,1.17,1.15,1.19,1.15,1.16,1.23,1.22,1.16,1.25,1.27,1.15,1.07,1.17,1.09,1.18,1.08,1.14,0.91,0.989,0.933,1.07,1.15,1.13,1.17,1.17,1.24,1.1,1.1,1.14,1.25,1.24,1.32,1.33,1.22,1.27,1.25,1.25,1.36,1.4,1.12,1.21,1.28,1.36,1.08,1.09,1.15,1.25,0.994,1.23,1.26,1.13,1.04,0.993,1.06,1.08,1.15,1.21
073_S_0386,1170.0,174.0,16.8,0.387,0.363,0.559,0.548,0.575,0.634,0.632,0.678,0.604,0.712,0.655,0.588,0.649,0.487,0.586,0.582,0.529,0.606,0.647,0.613,0.686,0.64,0.682,0.628,0.646,0.638,0.627,0.606,0.645,0.592,0.678,0.67,0.535,0.521,0.66,0.668,0.588,0.571,0.74,0.681,0.802,0.682,0.63,0.724,0.704,0.723,0.616,0.707,0.779,0.715,0.692,0.757,0.532,0.543,0.785,0.665,0.544,0.691,0.688,0.711,0.621,0.608,0.696,0.68,0.656,0.623,0.58,0.558,0.55,0.548,0.657,0.702,0.682,0.65,0.646,0.67,0.69,0.702,0.675,0.684,0.696,0.719,0.605,0.62,0.689,0.651,0.621,0.723,0.623,0.706,0.653,0.718,0.696,0.599,0.647,0.612,0.685,0.647,0.619,0.77,0.676,0.676,0.655,0.618,0.704,0.665,0.669,0.709,0.674,0.685,0.657,0.564,0.65,0.691,0.677,0.688,0.63,0.701,0.643,0.685,0.644,0.638,0.634,0.719,0.632,0.688,0.703,0.67,0.593,0.647,0.659,0.702,0.725,0.659,0.746,0.614,0.704,0.775,0.638,0.62,0.741,0.734,0.683,0.79,0.783,0.791,0.702,0.712,0.675,0.687,0.636,0.712,0.702,0.767,0.789,0.698,0.763,0.719,0.702,0.618,0.803,0.551,0.648,0.755,0.712,0.699,0.703,0.682,0.7,0.672,0.658,0.645,0.603,0.694,0.656,0.619,0.687,0.739,0.698,0.697,0.745,0.611,0.705,0.709,0.708,0.637,0.72,0.694,0.711,0.679,0.692,0.667,0.63,0.662,0.603,0.671,0.726,0.65,0.669,0.766,0.987,0.719,1.06,0.865,0.902,1.0,1.03,1.05,0.93,1.12,0.983,1.05,0.934,0.937,1.03,1.0,0.997,1.03,1.02,0.998,0.98,1.08,0.966,1.03,1.03,0.981,1.04,1.05,1.04,1.04,1.02,1.07,1.08,1.04,1.02,1.0,1.03,1.02,1.12,1.01,1.07,0.996,1.07,0.97,0.975,1.04,1.04,1.14,1.06,0.943,1.1,1.04,0.962,0.956,0.92,0.929,1.1,1.18,1.07,1.03,1.15,1.15,1.15,1.09,1.18,1.0,1.08,1.09,1.16,1.15,1.19,1.22,1.13,0.924,1.17,1.16,1.13,1.07,1.15,1.03,1.12,1.01,0.962,0.989,0.959,1.07,1.09,1.15,1.14,1.14,1.2,1.16,1.18,1.21,1.19,1.11,1.09,0.975,1.06,1.04,1.21,1.16,1.26,1.24,1.22,1.3,1.22,1.07,1.52,1.26,1.27,1.13,1.12,1.19,1.29,1.16,1.08,1.17,1.13,1.15,1.16,1.19,1.15,1.1,1.15,0.944,1.06,1.12,1.07,1.2,1.08,1.15,1.16,1.23,1.11,1.22,1.12,1.06,1.21,1.11,1.12,1.1,1.18,1.15,1.17,1.15,1.12,1.13,1.25,1.22,1.11,1.25,1.23,1.12,1.03,1.1,1.1,1.14,1.1,1.18,0.937,1.02,0.923,1.04,1.24,1.2,1.19,1.21,1.24,1.08,1.09,1.15,1.24,1.22,1.25,1.3,1.21,1.3,1.23,1.18,1.42,1.35,1.07,1.17,1.27,1.25,1.06,1.07,1.16,1.2,0.96,1.2,1.29,1.17,1.09,0.937,0.958,1.05,1.11,1.08
073_S_0565,212.0,271.0,27.3,0.396,0.361,0.558,0.523,0.557,0.63,0.618,0.675,0.6,0.695,0.639,0.588,0.65,0.494,0.583,0.588,0.535,0.617,0.639,0.612,0.672,0.645,0.693,0.613,0.646,0.658,0.638,0.6,0.623,0.588,0.661,0.667,0.549,0.54,0.659,0.673,0.582,0.583,0.725,0.672,0.763,0.682,0.663,0.728,0.712,0.715,0.622,0.696,0.754,0.709,0.666,0.742,0.529,0.521,0.778,0.639,0.544,0.687,0.669,0.684,0.604,0.615,0.693,0.669,0.646,0.624,0.574,0.555,0.551,0.524,0.661,0.702,0.676,0.645,0.637,0.676,0.675,0.694,0.664,0.664,0.674,0.682,0.589,0.614,0.683,0.644,0.63,0.701,0.606,0.688,0.645,0.699,0.687,0.593,0.63,0.599,0.651,0.601,0.61,0.744,0.668,0.675,0.642,0.607,0.665,0.641,0.629,0.695,0.626,0.635,0.64,0.58,0.623,0.657,0.673,0.676,0.626,0.691,0.643,0.679,0.632,0.609,0.632,0.713,0.627,0.692,0.717,0.663,0.58,0.671,0.647,0.704,0.704,0.648,0.736,0.619,0.69,0.762,0.63,0.624,0.731,0.719,0.666,0.778,0.774,0.761,0.685,0.703,0.669,0.675,0.622,0.695,0.689,0.754,0.777,0.689,0.741,0.683,0.69,0.623,0.784,0.528,0.631,0.701,0.69,0.671,0.673,0.69,0.692,0.643,0.64,0.63,0.562,0.669,0.666,0.58,0.667,0.703,0.656,0.685,0.726,0.592,0.676,0.706,0.696,0.613,0.703,0.678,0.677,0.643,0.676,0.678,0.614,0.638,0.559,0.605,0.712,0.667,0.666,0.764,1.02,0.697,1.08,0.843,0.893,1.05,1.09,1.12,0.95,1.11,1.01,1.13,0.941,0.96,1.08,1.05,1.05,1.09,1.08,1.07,1.14,1.24,1.06,1.17,1.11,1.1,1.15,1.06,1.04,1.05,1.09,1.09,1.14,1.07,1.14,1.08,1.14,1.11,1.17,1.13,1.18,1.04,1.11,1.02,1.01,1.07,1.09,1.17,1.08,0.968,1.03,1.03,0.804,0.891,0.78,0.942,1.12,1.11,1.14,1.08,1.15,1.17,1.19,1.12,1.21,0.999,0.998,1.05,1.12,1.16,1.19,1.27,1.32,0.899,1.06,1.1,1.16,1.09,1.15,1.04,1.13,1.04,0.928,0.958,1.12,1.11,1.07,1.16,1.17,1.15,1.17,1.17,1.15,1.2,1.19,1.09,1.18,0.961,1.18,1.12,1.35,1.25,1.38,1.27,1.26,1.38,1.37,1.25,1.66,1.36,1.53,1.21,1.27,1.28,1.39,1.22,1.26,1.29,1.29,1.22,1.32,1.32,1.29,1.39,1.29,1.01,1.13,1.23,1.22,1.3,1.14,1.18,1.21,1.29,1.15,1.27,1.3,1.09,1.37,1.3,1.19,1.23,1.23,1.19,1.33,1.23,1.22,1.18,1.33,1.35,1.12,1.18,1.22,1.17,1.06,1.15,1.09,1.18,1.12,1.12,0.8,0.925,0.807,1.05,1.15,1.22,1.25,1.23,1.21,1.08,1.06,1.05,1.06,1.19,1.2,1.26,1.19,1.23,1.27,1.18,1.39,1.46,1.11,1.09,1.22,1.29,1.07,1.08,1.19,1.26,1.04,1.16,1.26,1.19,1.22,0.998,1.23,1.11,1.17,1.16
073_S_4739,1300.0,164.0,13.8,0.38,0.345,0.535,0.494,0.547,0.617,0.623,0.672,0.593,0.708,0.636,0.55,0.633,0.436,0.537,0.527,0.484,0.564,0.583,0.58,0.683,0.64,0.689,0.625,0.64,0.644,0.598,0.559,0.635,0.58,0.663,0.655,0.498,0.477,0.65,0.677,0.529,0.522,0.705,0.655,0.798,0.68,0.665,0.722,0.687,0.697,0.569,0.659,0.76,0.71,0.705,0.762,0.561,0.551,0.794,0.661,0.533,0.668,0.642,0.707,0.57,0.614,0.692,0.639,0.601,0.614,0.591,0.51,0.473,0.546,0.647,0.693,0.65,0.639,0.604,0.648,0.684,0.694,0.658,0.666,0.668,0.699,0.613,0.624,0.691,0.667,0.619,0.704,0.574,0.661,0.615,0.72,0.678,0.599,0.625,0.574,0.679,0.65,0.609,0.749,0.679,0.68,0.634,0.574,0.672,0.626,0.654,0.701,0.645,0.658,0.63,0.512,0.614,0.651,0.624,0.635,0.578,0.675,0.603,0.615,0.591,0.572,0.601,0.715,0.641,0.699,0.71,0.667,0.601,0.677,0.659,0.699,0.674,0.626,0.732,0.589,0.693,0.774,0.608,0.564,0.719,0.708,0.639,0.785,0.804,0.79,0.689,0.692,0.659,0.633,0.614,0.701,0.673,0.764,0.777,0.711,0.77,0.746,0.703,0.611,0.831,0.551,0.664,0.747,0.653,0.68,0.673,0.672,0.725,0.667,0.648,0.657,0.549,0.641,0.643,0.537,0.68,0.736,0.641,0.628,0.716,0.575,0.661,0.692,0.661,0.616,0.686,0.683,0.673,0.689,0.711,0.661,0.614,0.631,0.592,0.676,0.732,0.682,0.684,0.753,0.991,0.683,1.05,0.846,0.91,1.08,1.06,1.1,0.93,1.12,0.97,1.12,0.943,0.902,0.987,0.967,0.998,0.962,0.983,0.936,0.978,1.22,1.05,1.09,1.08,1.09,1.07,1.02,1.05,1.07,1.12,1.07,1.06,1.0,1.03,0.975,1.0,0.988,1.07,1.05,1.06,1.01,1.11,1.01,1.02,1.08,1.07,1.24,1.15,0.964,1.05,1.1,0.976,1.05,0.875,0.844,1.21,1.16,1.03,1.04,1.06,1.23,1.19,1.06,1.13,0.954,1.16,1.16,1.18,1.24,1.27,1.27,1.22,0.873,1.15,1.1,1.19,1.07,1.31,1.07,1.28,1.08,0.988,1.11,1.06,1.14,1.16,1.22,1.15,1.21,1.19,1.15,1.33,1.28,1.27,1.15,1.17,0.999,1.15,1.1,1.24,1.18,1.27,1.3,1.3,1.36,1.01,1.01,1.5,1.34,1.38,1.22,1.1,1.12,1.18,1.06,0.987,1.04,1.03,1.14,1.02,1.11,1.0,1.27,1.21,0.959,1.15,1.16,1.16,1.12,1.11,1.23,1.22,1.24,1.06,1.1,1.13,0.962,1.14,1.09,1.02,1.15,1.06,1.1,1.18,1.25,1.06,1.1,1.22,1.05,1.14,1.3,1.21,1.17,1.13,1.14,1.14,1.13,1.2,1.33,0.888,1.08,0.94,1.05,1.12,1.07,1.07,1.17,1.24,0.99,1.12,1.19,1.19,1.07,1.26,1.15,1.38,1.33,0.974,1.09,1.39,1.4,0.999,1.17,1.17,1.37,1.1,1.04,1.12,1.23,0.961,1.13,1.39,1.22,1.06,0.985,1.14,1.04,1.29,1.13
073_S_4762,938.0,103.0,9.47,0.398,0.382,0.564,0.521,0.569,0.634,0.645,0.694,0.617,0.72,0.656,0.561,0.647,0.502,0.581,0.581,0.545,0.615,0.624,0.619,0.697,0.657,0.699,0.626,0.658,0.656,0.63,0.6,0.644,0.582,0.691,0.664,0.538,0.52,0.661,0.683,0.582,0.577,0.719,0.655,0.807,0.697,0.674,0.736,0.701,0.72,0.602,0.696,0.776,0.72,0.7,0.753,0.563,0.554,0.792,0.666,0.567,0.658,0.634,0.708,0.619,0.613,0.694,0.687,0.628,0.638,0.596,0.571,0.547,0.547,0.65,0.691,0.656,0.659,0.648,0.665,0.678,0.705,0.643,0.693,0.675,0.721,0.583,0.62,0.686,0.674,0.629,0.718,0.613,0.673,0.618,0.709,0.68,0.596,0.642,0.605,0.689,0.655,0.625,0.743,0.668,0.676,0.629,0.571,0.668,0.612,0.655,0.718,0.64,0.672,0.624,0.53,0.638,0.676,0.623,0.672,0.613,0.702,0.641,0.692,0.616,0.588,0.635,0.723,0.637,0.71,0.715,0.667,0.607,0.685,0.667,0.699,0.672,0.615,0.75,0.616,0.698,0.766,0.59,0.581,0.719,0.724,0.658,0.799,0.793,0.789,0.696,0.698,0.654,0.649,0.616,0.689,0.693,0.772,0.786,0.712,0.75,0.736,0.712,0.614,0.815,0.545,0.661,0.741,0.693,0.711,0.695,0.682,0.713,0.688,0.645,0.646,0.561,0.688,0.678,0.62,0.675,0.734,0.656,0.68,0.723,0.58,0.69,0.696,0.657,0.624,0.726,0.707,0.694,0.689,0.687,0.666,0.645,0.656,0.609,0.685,0.732,0.682,0.688,0.769,0.985,0.632,1.08,0.806,0.858,1.01,1.07,1.12,0.924,1.15,0.978,1.1,0.903,0.869,0.97,0.962,0.966,1.0,0.963,0.945,1.04,1.13,0.972,1.04,1.06,1.02,1.03,0.997,1.06,1.03,1.04,1.12,1.08,1.05,0.958,0.998,1.03,1.01,1.08,1.0,1.01,0.967,1.09,0.944,0.915,1.0,1.07,1.16,1.08,0.929,1.06,1.07,0.893,0.946,0.814,0.843,1.11,1.22,1.08,1.04,1.11,1.17,1.14,1.08,1.15,0.97,1.08,1.14,1.14,1.19,1.22,1.3,1.15,0.872,1.2,1.12,1.18,1.09,1.24,1.04,1.21,0.998,0.933,1.03,1.02,1.08,1.11,1.14,1.15,1.16,1.15,1.15,1.19,1.21,1.26,1.11,1.11,0.939,1.08,1.07,1.32,1.13,1.4,1.29,1.23,1.3,1.26,1.14,1.76,1.37,1.46,1.16,1.13,1.16,1.16,1.12,1.1,1.11,1.13,1.11,1.06,1.06,1.11,1.19,1.14,0.928,1.09,1.1,1.09,1.15,1.11,1.11,1.17,1.26,1.17,1.17,1.09,1.03,1.12,1.06,1.15,1.1,1.14,1.1,1.22,1.15,1.07,1.15,1.24,1.12,1.1,1.24,1.28,1.1,1.06,1.1,1.18,1.22,1.16,1.28,0.858,0.978,0.898,1.06,1.21,1.17,1.15,1.24,1.22,1.09,1.07,1.13,1.23,1.24,1.27,1.29,1.36,1.38,1.08,1.14,1.5,1.46,1.08,1.15,1.25,1.42,1.04,1.01,1.11,1.24,0.935,1.21,1.35,1.16,1.13,0.98,1.11,1.02,1.09,1.06
073_S_4795,1290.0,119.0,11.0,0.38,0.348,0.535,0.494,0.566,0.627,0.632,0.68,0.598,0.711,0.646,0.549,0.646,0.46,0.572,0.544,0.512,0.59,0.621,0.602,0.687,0.657,0.7,0.63,0.653,0.657,0.632,0.592,0.643,0.577,0.676,0.677,0.496,0.493,0.66,0.683,0.558,0.542,0.724,0.68,0.803,0.682,0.673,0.729,0.711,0.716,0.62,0.713,0.777,0.715,0.713,0.765,0.529,0.55,0.795,0.67,0.557,0.676,0.668,0.714,0.612,0.634,0.69,0.68,0.637,0.627,0.594,0.53,0.512,0.554,0.654,0.696,0.666,0.655,0.621,0.682,0.691,0.708,0.669,0.692,0.695,0.728,0.577,0.628,0.702,0.667,0.635,0.726,0.631,0.703,0.632,0.717,0.701,0.612,0.622,0.58,0.696,0.658,0.634,0.776,0.671,0.672,0.629,0.579,0.673,0.625,0.663,0.723,0.65,0.692,0.645,0.531,0.643,0.715,0.649,0.663,0.642,0.714,0.639,0.7,0.628,0.599,0.653,0.735,0.645,0.709,0.725,0.656,0.613,0.695,0.661,0.721,0.704,0.632,0.749,0.602,0.697,0.783,0.629,0.599,0.75,0.729,0.643,0.811,0.793,0.794,0.711,0.713,0.692,0.672,0.641,0.709,0.708,0.777,0.799,0.713,0.77,0.749,0.749,0.619,0.829,0.56,0.659,0.763,0.68,0.714,0.698,0.682,0.737,0.682,0.663,0.655,0.567,0.7,0.673,0.633,0.712,0.755,0.685,0.675,0.745,0.618,0.696,0.716,0.703,0.638,0.735,0.707,0.708,0.701,0.701,0.69,0.637,0.643,0.623,0.684,0.747,0.679,0.674,0.753,1.01,0.683,1.06,0.836,0.903,1.02,1.04,1.07,0.92,1.16,0.903,1.05,0.899,0.933,1.0,0.971,0.976,1.01,0.944,0.976,1.01,1.16,0.992,1.06,1.06,1.07,1.07,1.01,1.06,1.07,1.11,1.09,1.12,1.06,1.05,1.02,1.06,1.02,1.12,1.08,1.05,0.997,1.12,0.973,0.972,1.02,1.11,1.2,1.1,0.969,1.04,1.04,0.943,0.984,0.905,0.88,1.15,1.26,1.08,1.06,1.14,1.22,1.13,1.14,1.22,0.986,1.11,1.16,1.23,1.16,1.19,1.37,1.17,0.94,1.2,1.16,1.13,1.05,1.1,0.998,1.17,1.02,0.989,1.08,1.05,1.11,1.16,1.15,1.16,1.09,1.16,1.1,1.21,1.21,1.28,1.24,1.14,1.01,1.15,1.09,1.27,1.2,1.32,1.34,1.25,1.23,1.2,1.08,1.53,1.36,1.3,1.18,1.14,1.16,1.16,1.16,1.13,1.1,1.16,1.14,1.05,1.07,1.05,1.18,1.18,0.938,1.13,1.13,1.1,1.13,1.09,1.14,1.15,1.22,1.13,1.18,1.2,0.913,1.17,1.11,1.12,1.15,1.25,1.08,1.16,1.21,1.14,1.1,1.24,1.12,1.17,1.26,1.27,1.08,1.07,1.1,1.07,1.09,1.09,1.16,0.889,1.01,0.927,1.08,1.28,1.14,1.18,1.18,1.23,1.07,1.07,1.15,1.26,1.22,1.25,1.26,1.18,1.26,1.12,1.18,1.44,1.36,1.14,1.21,1.2,1.3,1.05,1.04,1.15,1.23,0.949,1.17,1.18,1.22,1.03,0.964,0.978,0.964,1.18,1.14
073_S_4853,692.0,742.0,83.3,0.371,0.34,0.533,0.487,0.548,0.609,0.616,0.666,0.589,0.691,0.628,0.538,0.625,0.448,0.539,0.53,0.493,0.568,0.614,0.595,0.664,0.625,0.672,0.616,0.633,0.636,0.62,0.555,0.638,0.577,0.643,0.632,0.494,0.481,0.629,0.679,0.539,0.549,0.696,0.648,0.789,0.68,0.662,0.721,0.674,0.7,0.603,0.697,0.762,0.698,0.695,0.735,0.538,0.541,0.771,0.649,0.533,0.672,0.634,0.701,0.589,0.603,0.643,0.68,0.593,0.602,0.589,0.502,0.519,0.54,0.641,0.68,0.646,0.631,0.62,0.639,0.669,0.676,0.643,0.652,0.673,0.69,0.581,0.63,0.694,0.654,0.613,0.688,0.581,0.67,0.605,0.71,0.673,0.607,0.628,0.586,0.673,0.643,0.616,0.76,0.66,0.662,0.615,0.572,0.676,0.618,0.655,0.723,0.639,0.66,0.619,0.507,0.612,0.644,0.603,0.644,0.571,0.671,0.624,0.63,0.582,0.554,0.605,0.709,0.624,0.685,0.705,0.644,0.582,0.647,0.66,0.704,0.682,0.609,0.752,0.569,0.692,0.741,0.573,0.537,0.686,0.709,0.651,0.78,0.772,0.789,0.684,0.692,0.638,0.62,0.608,0.691,0.669,0.757,0.779,0.697,0.756,0.719,0.702,0.605,0.803,0.544,0.643,0.74,0.672,0.69,0.699,0.647,0.703,0.664,0.652,0.646,0.528,0.659,0.683,0.555,0.659,0.718,0.628,0.644,0.7,0.531,0.678,0.688,0.653,0.609,0.705,0.69,0.671,0.667,0.664,0.661,0.621,0.619,0.572,0.676,0.729,0.651,0.675,0.776,1.08,0.706,1.12,0.859,0.941,1.05,1.06,1.1,0.988,1.21,0.999,1.11,0.957,0.984,1.03,0.982,1.0,1.0,1.0,1.03,1.02,1.2,1.05,1.09,1.11,1.1,1.12,1.05,1.14,1.16,1.18,1.08,1.03,0.986,1.07,0.984,1.07,1.06,1.11,1.07,0.964,0.996,1.08,0.96,0.99,1.06,1.04,1.15,1.07,0.974,1.01,1.05,0.971,1.07,0.909,0.863,1.2,1.05,1.02,0.988,1.07,1.18,1.09,1.04,1.22,0.929,1.12,1.08,1.16,1.18,1.15,1.21,1.19,0.854,1.12,1.12,1.2,1.09,1.23,1.09,1.21,1.07,1.08,1.07,1.11,1.15,1.2,1.2,1.14,1.17,1.21,1.1,1.22,1.18,1.27,1.24,1.19,1.08,1.18,1.1,1.37,1.29,1.42,1.43,1.39,1.36,1.43,1.28,1.64,1.46,1.41,1.22,1.18,1.14,1.03,1.14,1.08,1.14,1.15,1.14,0.865,1.02,1.15,1.15,1.16,0.981,1.18,1.14,1.12,1.18,1.14,1.22,1.17,1.21,1.07,1.07,1.23,1.01,1.05,1.07,1.07,1.08,1.23,0.962,1.04,1.1,0.941,1.1,1.15,0.759,1.08,1.26,1.26,1.09,1.1,1.07,1.12,1.13,1.15,1.24,0.867,1.03,0.873,1.14,1.2,1.11,1.13,1.11,1.18,0.996,1.03,1.07,1.13,1.02,1.16,1.16,1.28,1.31,0.727,1.14,1.36,1.28,0.999,1.11,1.19,1.37,1.14,1.05,1.14,1.2,0.983,1.18,1.34,1.2,1.16,1.1,1.07,1.14,1.24,1.16
073_S_5016,731.0,792.0,81.8,0.375,0.346,0.532,0.497,0.554,0.626,0.626,0.676,0.597,0.717,0.639,0.551,0.631,0.463,0.571,0.562,0.497,0.573,0.606,0.596,0.687,0.641,0.692,0.62,0.647,0.652,0.623,0.575,0.645,0.572,0.662,0.662,0.508,0.496,0.642,0.667,0.546,0.525,0.717,0.667,0.802,0.691,0.665,0.735,0.698,0.708,0.617,0.699,0.774,0.721,0.692,0.735,0.534,0.551,0.785,0.673,0.53,0.681,0.657,0.709,0.586,0.62,0.7,0.672,0.601,0.624,0.594,0.528,0.527,0.548,0.653,0.698,0.661,0.65,0.617,0.658,0.688,0.696,0.666,0.671,0.681,0.726,0.588,0.638,0.703,0.655,0.618,0.721,0.604,0.684,0.618,0.716,0.686,0.605,0.644,0.59,0.7,0.65,0.615,0.755,0.675,0.666,0.628,0.586,0.66,0.616,0.665,0.727,0.648,0.703,0.645,0.503,0.637,0.653,0.633,0.682,0.59,0.705,0.641,0.657,0.59,0.589,0.604,0.718,0.643,0.704,0.716,0.646,0.596,0.675,0.655,0.713,0.724,0.619,0.757,0.585,0.678,0.764,0.599,0.568,0.71,0.706,0.676,0.793,0.791,0.796,0.705,0.697,0.672,0.653,0.64,0.693,0.692,0.78,0.785,0.706,0.741,0.719,0.698,0.59,0.813,0.538,0.668,0.752,0.697,0.683,0.681,0.681,0.702,0.682,0.658,0.649,0.55,0.684,0.691,0.588,0.671,0.728,0.682,0.661,0.734,0.594,0.682,0.724,0.681,0.64,0.706,0.702,0.693,0.689,0.693,0.658,0.623,0.639,0.642,0.694,0.746,0.668,0.679,0.772,0.963,0.664,1.04,0.826,0.886,1.05,1.06,1.05,0.931,1.12,0.945,1.12,0.898,0.91,0.997,0.972,0.972,0.968,0.989,0.99,0.989,1.17,0.982,1.07,1.08,1.03,1.09,1.03,1.08,1.07,1.04,1.09,1.04,1.01,1.03,0.956,1.0,0.99,1.04,1.03,1.04,0.975,1.11,0.919,0.969,0.991,1.08,1.18,1.05,0.939,1.06,1.04,0.921,0.96,0.879,0.86,1.13,1.14,1.08,1.05,1.14,1.22,1.25,1.05,1.21,0.977,1.11,1.15,1.23,1.17,1.17,1.2,1.21,0.897,1.19,1.15,1.1,1.03,1.15,1.02,1.16,1.02,1.01,1.08,1.07,1.12,1.16,1.15,1.22,1.18,1.2,1.16,1.19,1.23,1.23,1.18,1.13,1.01,1.16,1.11,1.23,1.15,1.25,1.27,1.28,1.38,1.05,1.09,1.51,1.32,1.43,1.18,1.09,1.14,1.17,1.09,1.07,1.12,1.08,1.09,1.04,1.06,1.13,1.17,1.19,0.914,1.08,1.12,1.12,1.22,1.07,1.12,1.15,1.14,1.03,1.16,1.08,1.0,1.18,1.08,1.06,1.11,1.19,1.12,1.18,1.16,1.13,1.1,1.13,1.12,1.1,1.2,1.17,1.08,1.04,1.12,1.02,1.13,1.14,1.14,0.914,0.983,0.909,1.05,1.14,1.09,1.15,1.2,1.22,1.05,1.02,1.06,1.18,1.15,1.29,1.29,1.15,1.23,1.09,1.15,1.32,1.38,1.04,1.17,1.19,1.3,1.02,1.05,1.13,1.19,0.952,1.17,1.29,1.15,1.08,1.01,1.04,1.03,1.14,1.1
073_S_5023,1700.0,273.0,23.3,0.377,0.348,0.537,0.507,0.556,0.632,0.627,0.672,0.597,0.715,0.646,0.561,0.633,0.449,0.563,0.547,0.498,0.576,0.611,0.588,0.693,0.642,0.693,0.616,0.651,0.648,0.622,0.584,0.638,0.574,0.678,0.683,0.517,0.498,0.647,0.677,0.575,0.532,0.717,0.663,0.799,0.691,0.666,0.718,0.701,0.707,0.61,0.703,0.772,0.721,0.696,0.749,0.54,0.54,0.785,0.661,0.551,0.677,0.661,0.691,0.61,0.622,0.69,0.684,0.638,0.618,0.597,0.525,0.514,0.546,0.659,0.687,0.661,0.644,0.642,0.682,0.689,0.695,0.665,0.691,0.687,0.723,0.589,0.617,0.71,0.666,0.635,0.72,0.602,0.69,0.637,0.727,0.699,0.602,0.647,0.585,0.689,0.662,0.629,0.77,0.675,0.676,0.642,0.581,0.673,0.634,0.666,0.72,0.659,0.695,0.652,0.525,0.635,0.658,0.614,0.664,0.649,0.685,0.634,0.642,0.628,0.573,0.621,0.724,0.646,0.705,0.715,0.663,0.613,0.683,0.653,0.719,0.71,0.622,0.722,0.594,0.698,0.758,0.621,0.562,0.726,0.722,0.674,0.796,0.792,0.794,0.712,0.71,0.661,0.667,0.635,0.71,0.7,0.779,0.79,0.714,0.756,0.725,0.721,0.602,0.81,0.55,0.655,0.75,0.67,0.685,0.691,0.691,0.72,0.674,0.648,0.657,0.591,0.689,0.69,0.612,0.686,0.731,0.677,0.659,0.749,0.619,0.69,0.707,0.675,0.647,0.725,0.708,0.694,0.695,0.671,0.686,0.617,0.659,0.627,0.694,0.739,0.682,0.696,0.772,1.02,0.705,1.06,0.854,0.914,1.05,1.06,1.06,0.94,1.1,0.962,1.09,0.94,0.938,0.991,0.986,0.994,1.01,1.01,0.994,1.04,1.13,0.998,1.07,1.09,1.03,1.07,1.02,1.08,1.15,1.09,1.1,1.1,1.05,1.03,1.0,1.01,0.993,1.06,1.07,1.04,1.0,1.13,0.951,0.993,1.04,1.09,1.18,1.09,0.981,1.04,1.07,0.962,1.03,0.891,0.872,1.16,1.16,1.09,1.05,1.07,1.19,1.2,1.06,1.17,0.989,1.16,1.15,1.16,1.18,1.21,1.21,1.17,0.919,1.23,1.13,1.15,1.07,1.21,1.02,1.19,1.05,1.03,1.13,1.1,1.13,1.15,1.17,1.16,1.15,1.13,1.14,1.24,1.17,1.24,1.22,1.09,0.993,1.17,1.1,1.28,1.22,1.23,1.3,1.28,1.27,1.22,1.02,1.47,1.29,1.36,1.17,1.13,1.12,1.09,1.1,1.03,1.11,1.09,1.1,0.98,0.992,1.08,1.22,1.19,0.976,1.09,1.08,1.11,1.14,1.12,1.16,1.17,1.2,1.2,1.14,1.15,1.01,1.12,1.08,1.13,1.14,1.21,1.09,1.18,1.18,1.1,1.08,1.17,0.99,1.14,1.23,1.24,1.09,1.08,1.18,1.13,1.15,1.13,1.19,0.883,0.996,0.948,1.1,1.19,1.12,1.04,1.19,1.25,1.06,1.1,1.13,1.24,1.17,1.25,1.2,1.22,1.25,1.05,1.14,1.38,1.38,1.02,1.25,1.22,1.32,1.09,1.06,1.15,1.23,0.962,1.16,1.27,1.2,1.09,0.933,1.04,1.01,1.15,1.11
073_S_5090,440.0,244.0,25.0,0.392,0.362,0.549,0.518,0.564,0.634,0.636,0.678,0.606,0.731,0.653,0.574,0.637,0.462,0.561,0.552,0.484,0.551,0.616,0.616,0.679,0.638,0.691,0.604,0.645,0.647,0.619,0.583,0.637,0.596,0.681,0.669,0.534,0.51,0.653,0.663,0.53,0.563,0.71,0.647,0.8,0.689,0.659,0.741,0.695,0.703,0.592,0.698,0.782,0.708,0.701,0.753,0.556,0.54,0.783,0.663,0.553,0.679,0.664,0.724,0.584,0.611,0.676,0.659,0.598,0.622,0.587,0.518,0.506,0.543,0.641,0.691,0.662,0.645,0.626,0.69,0.685,0.692,0.657,0.688,0.675,0.704,0.602,0.618,0.691,0.63,0.627,0.71,0.591,0.687,0.619,0.703,0.682,0.629,0.635,0.571,0.705,0.656,0.608,0.779,0.677,0.675,0.629,0.585,0.667,0.626,0.66,0.713,0.651,0.712,0.652,0.522,0.643,0.663,0.609,0.683,0.596,0.692,0.598,0.652,0.595,0.586,0.628,0.718,0.631,0.708,0.716,0.661,0.599,0.698,0.654,0.719,0.709,0.623,0.751,0.602,0.687,0.769,0.61,0.593,0.707,0.727,0.667,0.774,0.788,0.796,0.702,0.699,0.673,0.644,0.632,0.695,0.683,0.775,0.78,0.687,0.751,0.731,0.721,0.612,0.816,0.558,0.663,0.743,0.652,0.68,0.696,0.655,0.715,0.667,0.648,0.64,0.566,0.678,0.681,0.597,0.676,0.728,0.639,0.653,0.73,0.58,0.681,0.702,0.668,0.626,0.703,0.693,0.683,0.679,0.704,0.662,0.612,0.65,0.642,0.688,0.731,0.66,0.68,0.776,1.06,0.723,1.19,0.886,0.935,1.04,1.09,1.15,0.957,1.16,1.02,1.1,0.959,0.954,0.96,1.04,0.95,1.04,0.981,0.961,1.03,1.12,1.02,1.13,0.952,1.08,1.17,1.1,1.09,1.01,1.02,0.955,0.94,0.913,0.935,0.918,0.858,0.878,1.04,1.01,1.11,1.02,1.1,0.903,1.04,1.11,0.973,1.21,1.14,1.01,1.18,1.15,0.976,1.01,0.9,0.856,1.05,0.889,0.86,0.835,1.04,1.3,1.26,1.08,1.17,1.01,1.04,1.02,1.23,1.27,1.26,1.14,0.938,0.895,1.01,1.1,1.13,1.04,1.04,1.11,1.29,1.13,1.08,1.09,1.05,1.04,1.05,1.25,1.24,1.22,1.26,1.22,1.33,1.26,1.27,1.09,1.14,1.03,1.0,0.962,1.31,1.06,1.42,1.34,1.16,1.34,1.21,1.13,1.7,1.31,1.55,1.14,0.955,1.12,1.16,1.06,0.861,1.15,0.961,1.03,0.855,1.23,1.06,1.15,1.05,0.937,1.05,1.16,1.1,1.16,1.07,1.0,0.972,1.01,0.88,0.833,1.06,0.833,0.852,0.776,0.999,0.944,1.03,1.16,1.27,1.23,1.13,1.09,1.0,1.13,0.954,1.23,1.21,1.14,1.05,1.26,1.19,1.25,1.27,1.3,0.889,1.04,0.946,1.12,0.925,0.818,1.08,1.12,1.19,1.04,1.06,1.04,0.96,0.935,1.16,1.1,1.34,1.24,1.07,1.15,1.29,1.03,0.993,0.982,1.15,1.17,1.18,1.1,1.31,1.06,1.01,1.23,1.31,1.01,1.06,1.01,0.881,0.986,0.956,0.923
082_S_5029,278.0,666.0,68.1,0.376,0.342,0.529,0.499,0.539,0.622,0.622,0.663,0.584,0.676,0.624,0.551,0.624,0.459,0.549,0.555,0.505,0.586,0.616,0.584,0.67,0.611,0.668,0.593,0.626,0.639,0.613,0.57,0.613,0.567,0.641,0.647,0.52,0.499,0.634,0.669,0.544,0.528,0.701,0.642,0.781,0.662,0.65,0.722,0.679,0.702,0.586,0.662,0.76,0.678,0.672,0.735,0.544,0.542,0.769,0.643,0.493,0.678,0.627,0.695,0.572,0.596,0.676,0.622,0.592,0.603,0.568,0.534,0.503,0.535,0.635,0.683,0.645,0.631,0.612,0.642,0.655,0.678,0.643,0.652,0.635,0.684,0.584,0.607,0.687,0.635,0.586,0.687,0.606,0.659,0.587,0.689,0.656,0.569,0.627,0.569,0.663,0.607,0.584,0.739,0.662,0.651,0.616,0.572,0.65,0.599,0.618,0.694,0.596,0.638,0.605,0.499,0.634,0.647,0.61,0.662,0.603,0.694,0.622,0.661,0.615,0.583,0.626,0.701,0.64,0.667,0.672,0.644,0.583,0.626,0.647,0.696,0.665,0.638,0.745,0.591,0.692,0.754,0.582,0.627,0.705,0.726,0.634,0.778,0.776,0.778,0.666,0.684,0.668,0.641,0.624,0.668,0.668,0.758,0.776,0.656,0.731,0.7,0.684,0.629,0.8,0.542,0.651,0.733,0.659,0.688,0.661,0.695,0.697,0.651,0.646,0.641,0.577,0.69,0.665,0.584,0.681,0.697,0.628,0.646,0.711,0.529,0.639,0.692,0.672,0.592,0.674,0.669,0.627,0.671,0.693,0.644,0.593,0.628,0.581,0.641,0.737,0.656,0.657,0.749,0.96,0.724,0.985,0.889,0.933,1.09,1.1,1.17,1.01,1.13,1.04,1.19,0.988,0.953,1.07,1.03,1.03,1.11,1.09,1.02,0.926,1.04,1.0,1.1,1.01,1.07,1.16,1.07,1.04,1.07,1.08,1.08,1.04,0.974,1.01,0.948,1.02,0.988,1.11,1.06,1.12,1.01,1.06,0.987,1.0,1.09,0.915,1.18,1.08,1.03,1.16,1.18,0.985,1.04,0.872,0.87,1.03,0.984,0.938,0.94,1.17,1.25,1.19,1.08,1.19,0.999,1.02,0.964,1.16,1.25,1.27,1.15,1.08,0.878,0.939,1.13,1.13,1.08,1.08,1.11,1.23,1.1,1.02,1.01,1.09,1.09,0.987,1.23,1.23,1.24,1.21,1.22,1.27,1.22,1.18,1.08,1.18,1.02,1.08,1.03,1.35,1.14,1.37,1.27,1.06,1.19,1.14,1.06,1.46,1.23,1.3,0.924,1.16,1.22,1.26,1.24,1.06,1.18,1.21,1.15,1.1,1.19,1.15,1.16,1.08,0.97,1.1,1.18,1.13,1.37,1.02,0.952,1.07,0.882,0.921,0.962,1.15,0.92,0.906,1.02,1.07,1.03,1.19,1.22,1.25,1.18,1.17,1.14,1.1,1.2,0.939,1.2,1.09,1.13,1.03,1.06,1.16,1.24,1.15,1.17,0.888,0.956,0.897,1.11,0.987,0.956,1.04,1.15,1.11,0.976,0.957,0.895,0.858,0.882,1.02,1.04,1.26,1.15,0.978,1.05,1.02,1.04,1.03,0.885,1.02,1.16,1.04,0.985,1.01,1.03,0.885,1.1,1.25,0.864,0.921,1.03,0.91,1.07,0.941,1.03
094_S_4089,634.0,429.0,43.2,0.41,0.388,0.574,0.543,0.577,0.631,0.63,0.691,0.613,0.705,0.656,0.581,0.655,0.493,0.557,0.565,0.514,0.6,0.583,0.609,0.697,0.639,0.686,0.612,0.671,0.653,0.631,0.566,0.634,0.588,0.661,0.661,0.548,0.536,0.647,0.68,0.54,0.582,0.689,0.656,0.8,0.682,0.66,0.733,0.688,0.681,0.611,0.686,0.777,0.709,0.697,0.757,0.569,0.559,0.784,0.66,0.558,0.642,0.66,0.714,0.567,0.619,0.68,0.683,0.59,0.629,0.605,0.558,0.516,0.545,0.666,0.688,0.626,0.64,0.651,0.619,0.655,0.679,0.629,0.674,0.655,0.701,0.582,0.631,0.685,0.66,0.582,0.702,0.547,0.647,0.573,0.691,0.665,0.576,0.64,0.582,0.681,0.648,0.603,0.749,0.66,0.653,0.609,0.582,0.654,0.624,0.627,0.687,0.595,0.654,0.58,0.519,0.638,0.651,0.587,0.636,0.57,0.643,0.586,0.589,0.59,0.515,0.58,0.709,0.634,0.684,0.706,0.664,0.582,0.682,0.645,0.679,0.688,0.62,0.714,0.551,0.683,0.747,0.577,0.55,0.701,0.697,0.662,0.782,0.798,0.777,0.679,0.708,0.62,0.604,0.622,0.69,0.662,0.774,0.785,0.69,0.762,0.736,0.703,0.644,0.812,0.555,0.656,0.752,0.67,0.665,0.667,0.669,0.718,0.672,0.661,0.644,0.555,0.663,0.679,0.577,0.681,0.726,0.639,0.625,0.702,0.505,0.665,0.668,0.611,0.575,0.708,0.69,0.671,0.682,0.713,0.666,0.631,0.615,0.581,0.662,0.744,0.649,0.657,0.766,1.08,0.722,1.15,0.882,0.945,1.1,1.15,1.25,1.03,1.22,0.959,1.14,0.942,0.955,1.03,0.993,1.02,1.06,1.11,1.01,1.07,1.05,1.03,1.11,0.995,1.04,1.11,1.01,1.15,1.12,1.13,1.08,1.06,1.05,1.02,1.02,1.05,1.03,1.05,1.07,1.04,1.02,1.09,0.955,0.995,1.11,1.02,1.12,1.09,0.986,1.02,1.04,0.893,0.946,0.852,0.883,1.15,1.08,1.04,1.05,1.05,1.16,1.19,1.07,1.15,0.984,1.06,1.02,1.13,1.11,1.15,1.22,1.18,0.852,1.02,1.08,1.15,1.12,1.18,0.994,1.12,1.05,0.845,0.978,1.05,1.05,1.01,1.16,1.07,1.14,1.13,1.07,1.13,1.16,1.2,1.11,1.17,1.02,1.07,1.04,1.34,1.31,1.38,1.36,1.31,1.28,1.2,1.12,1.65,1.34,1.4,1.17,1.21,1.15,1.16,1.15,1.11,1.11,1.1,1.13,1.05,0.969,1.17,1.22,1.15,0.98,1.11,1.18,1.19,1.27,1.17,1.18,1.14,1.25,1.16,1.14,1.2,1.01,1.18,1.08,1.14,1.21,1.26,1.14,1.2,1.19,1.08,1.13,1.23,1.01,1.21,1.3,1.25,1.15,1.08,1.07,1.1,1.15,1.05,1.19,0.882,1.05,0.908,1.07,1.12,1.17,1.1,1.25,1.27,1.04,1.12,1.18,1.19,1.18,1.28,1.27,1.23,1.28,0.946,1.07,1.4,1.28,1.06,1.17,1.15,1.22,1.03,1.02,1.12,1.14,0.952,1.1,1.3,1.18,1.09,1.02,1.09,1.05,1.21,1.16
094_S_4282,543.0,314.0,31.8,0.391,0.362,0.554,0.526,0.563,0.623,0.622,0.674,0.598,0.679,0.633,0.569,0.626,0.459,0.556,0.542,0.506,0.583,0.61,0.591,0.669,0.62,0.682,0.595,0.652,0.655,0.61,0.581,0.63,0.566,0.664,0.653,0.538,0.52,0.643,0.675,0.548,0.553,0.708,0.652,0.768,0.667,0.643,0.704,0.675,0.689,0.605,0.667,0.771,0.718,0.692,0.753,0.557,0.541,0.78,0.656,0.543,0.654,0.644,0.704,0.591,0.614,0.684,0.663,0.622,0.618,0.593,0.567,0.537,0.543,0.659,0.693,0.66,0.639,0.635,0.678,0.659,0.676,0.639,0.69,0.686,0.694,0.617,0.62,0.693,0.652,0.604,0.693,0.602,0.683,0.636,0.698,0.691,0.601,0.629,0.606,0.658,0.633,0.604,0.746,0.658,0.651,0.618,0.559,0.655,0.613,0.653,0.707,0.623,0.626,0.607,0.538,0.625,0.645,0.598,0.65,0.594,0.674,0.599,0.661,0.603,0.57,0.607,0.699,0.62,0.682,0.699,0.648,0.566,0.666,0.64,0.668,0.667,0.628,0.739,0.579,0.691,0.754,0.604,0.581,0.704,0.722,0.659,0.781,0.775,0.783,0.684,0.681,0.648,0.668,0.618,0.698,0.694,0.767,0.79,0.699,0.776,0.728,0.729,0.626,0.816,0.552,0.671,0.73,0.656,0.678,0.66,0.679,0.719,0.643,0.647,0.628,0.566,0.667,0.669,0.601,0.681,0.714,0.67,0.654,0.702,0.579,0.676,0.679,0.676,0.602,0.728,0.683,0.68,0.665,0.713,0.665,0.616,0.61,0.553,0.643,0.727,0.659,0.649,0.745,1.04,0.707,1.07,0.846,0.869,1.01,1.09,1.11,0.966,1.04,1.06,1.15,0.96,0.971,1.07,1.04,1.04,1.11,1.09,1.06,0.98,1.04,0.992,1.09,1.03,1.04,1.1,1.07,1.14,1.02,1.03,1.07,1.16,1.12,1.15,1.05,1.12,1.12,1.13,1.05,1.16,1.03,1.11,0.998,1.01,1.14,1.08,1.23,1.04,1.01,1.07,1.09,0.946,0.98,0.901,0.891,1.12,1.21,1.16,1.1,1.2,1.2,1.22,1.12,1.27,1.02,1.13,1.13,1.25,1.18,1.25,1.3,1.33,0.926,1.23,1.2,1.18,1.14,1.24,1.1,1.23,1.1,1.04,1.07,1.05,1.17,1.11,1.25,1.21,1.24,1.22,1.13,1.25,1.16,1.24,1.17,1.13,1.08,1.19,1.11,1.36,0.996,1.21,1.12,0.99,1.22,1.22,1.19,1.48,1.23,1.52,1.21,1.26,1.22,1.28,1.22,1.21,1.24,1.24,1.19,1.24,1.29,1.26,1.14,1.11,0.958,1.1,1.2,1.18,1.26,1.14,1.06,1.03,1.22,1.12,1.15,1.23,1.1,1.28,1.19,1.15,1.19,1.24,1.18,1.24,1.21,1.25,1.17,1.28,1.27,1.18,1.31,1.26,1.2,1.09,1.16,1.15,1.21,1.14,1.23,0.944,1.0,0.951,1.14,1.2,1.11,1.22,1.25,1.26,1.12,1.11,1.1,1.2,1.2,1.34,1.33,1.33,1.32,1.22,1.19,1.51,1.51,1.11,1.19,1.23,1.37,1.12,1.09,1.14,1.22,1.02,1.19,1.38,1.15,1.19,0.987,0.971,1.06,1.22,1.18
094_S_4737,612.0,295.0,26.5,0.364,0.336,0.519,0.479,0.523,0.608,0.6,0.645,0.572,0.674,0.616,0.534,0.615,0.447,0.531,0.53,0.489,0.566,0.572,0.582,0.664,0.616,0.662,0.582,0.628,0.635,0.61,0.563,0.627,0.561,0.654,0.639,0.513,0.505,0.636,0.652,0.532,0.547,0.693,0.645,0.775,0.656,0.642,0.711,0.658,0.689,0.603,0.661,0.76,0.685,0.68,0.732,0.521,0.53,0.76,0.646,0.539,0.638,0.641,0.688,0.568,0.595,0.649,0.648,0.591,0.599,0.593,0.545,0.509,0.52,0.643,0.681,0.658,0.62,0.605,0.621,0.65,0.666,0.635,0.657,0.65,0.667,0.596,0.613,0.687,0.647,0.605,0.677,0.583,0.64,0.603,0.682,0.676,0.568,0.616,0.575,0.653,0.627,0.601,0.726,0.65,0.65,0.597,0.553,0.653,0.606,0.621,0.683,0.591,0.628,0.584,0.54,0.605,0.641,0.602,0.629,0.557,0.658,0.612,0.657,0.568,0.564,0.61,0.691,0.626,0.657,0.675,0.634,0.56,0.67,0.654,0.64,0.688,0.618,0.724,0.58,0.689,0.743,0.606,0.582,0.695,0.7,0.663,0.77,0.78,0.749,0.656,0.678,0.646,0.651,0.589,0.685,0.673,0.743,0.774,0.658,0.748,0.709,0.685,0.614,0.801,0.546,0.645,0.708,0.614,0.662,0.675,0.636,0.729,0.64,0.648,0.638,0.554,0.657,0.618,0.586,0.648,0.709,0.636,0.624,0.691,0.539,0.66,0.659,0.62,0.59,0.692,0.659,0.653,0.671,0.695,0.649,0.606,0.657,0.533,0.649,0.726,0.639,0.629,0.769,1.06,0.686,1.15,0.843,0.929,1.07,1.06,1.15,0.946,1.15,1.05,1.17,0.908,0.954,0.992,0.967,1.02,1.08,1.04,1.01,0.906,1.05,0.933,1.05,1.05,1.03,1.05,1.01,0.997,1.04,1.08,1.03,1.09,1.08,1.08,1.04,1.06,1.03,1.13,1.07,1.12,0.939,1.07,0.959,0.971,1.09,1.07,1.07,1.0,0.923,0.967,0.978,0.852,0.907,0.818,0.87,1.05,1.15,1.08,1.03,1.16,1.09,1.17,1.07,1.18,0.948,0.897,1.02,1.09,1.09,1.08,1.22,1.23,0.849,0.961,1.12,1.07,1.01,1.16,0.996,1.07,0.95,0.891,0.911,1.01,1.09,1.08,1.06,1.08,1.08,1.18,1.1,1.09,1.15,1.18,1.16,1.14,0.927,1.15,1.1,1.26,1.22,1.35,1.4,1.39,1.48,1.2,1.23,1.64,1.3,1.49,1.24,1.28,1.22,1.27,1.2,1.21,1.16,1.26,1.23,1.28,1.29,1.26,1.05,1.13,0.906,1.01,1.14,1.09,1.25,1.02,1.09,1.17,1.28,1.16,1.19,1.14,1.04,1.24,1.17,1.13,1.07,1.26,1.21,1.13,1.1,1.11,1.09,1.2,1.23,1.02,1.16,1.11,1.11,0.998,1.08,1.05,1.16,1.02,1.08,0.821,0.838,0.864,0.962,1.14,1.11,1.11,1.16,1.15,1.0,0.988,0.941,1.1,1.14,1.18,1.19,1.21,1.18,1.04,1.05,1.39,1.3,0.974,1.02,1.12,1.12,0.972,0.996,1.0,1.18,0.881,1.07,1.26,1.2,1.14,0.991,0.969,1.04,1.15,1.18
098_S_0172,1700.0,227.0,21.2,0.387,0.358,0.547,0.519,0.574,0.637,0.628,0.685,0.606,0.72,0.656,0.585,0.65,0.513,0.589,0.588,0.549,0.619,0.65,0.622,0.693,0.652,0.698,0.617,0.647,0.654,0.605,0.594,0.645,0.587,0.68,0.677,0.554,0.528,0.662,0.704,0.569,0.592,0.726,0.678,0.803,0.694,0.689,0.741,0.707,0.72,0.612,0.704,0.785,0.716,0.7,0.766,0.545,0.553,0.794,0.673,0.551,0.704,0.652,0.711,0.615,0.627,0.694,0.662,0.657,0.631,0.601,0.564,0.537,0.542,0.675,0.706,0.667,0.655,0.643,0.682,0.685,0.696,0.664,0.693,0.695,0.723,0.612,0.622,0.705,0.66,0.628,0.72,0.622,0.69,0.654,0.719,0.685,0.608,0.63,0.597,0.682,0.641,0.607,0.742,0.679,0.674,0.635,0.601,0.691,0.654,0.67,0.715,0.66,0.696,0.638,0.565,0.642,0.665,0.644,0.669,0.626,0.697,0.648,0.667,0.609,0.588,0.618,0.721,0.643,0.703,0.706,0.667,0.596,0.668,0.659,0.699,0.718,0.653,0.745,0.611,0.719,0.775,0.631,0.62,0.725,0.721,0.69,0.805,0.777,0.794,0.703,0.699,0.68,0.658,0.622,0.709,0.701,0.773,0.798,0.699,0.769,0.721,0.716,0.629,0.806,0.545,0.638,0.752,0.712,0.694,0.701,0.7,0.723,0.672,0.655,0.656,0.6,0.681,0.682,0.622,0.686,0.727,0.654,0.669,0.721,0.587,0.679,0.71,0.665,0.628,0.717,0.695,0.692,0.696,0.685,0.683,0.618,0.651,0.618,0.678,0.73,0.668,0.669,0.771,0.973,0.67,0.996,0.822,0.881,1.03,1.05,1.11,0.923,1.06,0.941,1.06,0.914,0.892,0.957,0.902,0.947,1.01,0.94,0.932,0.935,1.12,0.955,1.01,1.05,1.01,1.01,0.983,1.04,1.01,1.08,1.07,1.1,0.967,0.996,0.952,1.04,0.99,1.05,1.04,1.01,0.982,1.04,0.946,0.962,1.01,1.09,1.17,1.06,0.948,1.08,1.05,0.914,0.97,0.884,0.802,1.15,1.2,1.01,1.0,1.11,1.16,1.07,0.997,1.15,0.965,1.15,1.14,1.16,1.14,1.19,1.32,1.18,0.917,1.25,1.15,1.18,1.08,1.2,1.03,1.17,1.02,0.978,1.12,1.07,1.16,1.17,1.14,1.16,1.08,1.16,1.05,1.14,1.14,1.13,1.23,1.1,1.01,1.1,1.06,1.3,1.16,1.24,1.21,1.22,1.28,1.23,1.05,1.42,1.21,1.41,1.16,1.14,1.14,1.1,1.1,1.09,1.08,1.08,1.03,1.05,1.08,1.05,1.18,1.17,0.918,1.08,1.16,1.08,1.18,1.07,1.17,1.09,1.23,1.08,1.2,1.09,1.03,1.0,1.08,1.09,1.16,1.14,1.02,1.09,1.14,1.03,1.09,1.25,0.996,1.2,1.22,1.26,1.08,1.06,1.08,1.12,1.14,1.12,1.23,0.921,1.02,0.913,1.06,1.31,1.07,1.14,1.17,1.13,1.06,1.15,1.2,1.33,1.24,1.28,1.21,1.22,1.29,0.913,1.13,1.51,1.38,1.14,1.22,1.19,1.37,1.06,1.05,1.06,1.29,0.986,1.11,1.24,1.29,1.15,1.02,1.03,0.959,1.22,1.05
098_S_0896,1210.0,206.0,17.6,0.377,0.349,0.546,0.515,0.549,0.622,0.615,0.664,0.593,0.689,0.631,0.55,0.62,0.474,0.538,0.557,0.5,0.592,0.624,0.598,0.681,0.618,0.677,0.6,0.641,0.641,0.602,0.557,0.611,0.583,0.664,0.641,0.534,0.478,0.639,0.695,0.543,0.557,0.703,0.627,0.783,0.666,0.669,0.723,0.671,0.697,0.599,0.693,0.766,0.699,0.69,0.755,0.538,0.536,0.781,0.642,0.516,0.674,0.64,0.698,0.609,0.624,0.677,0.682,0.612,0.604,0.585,0.552,0.511,0.524,0.654,0.696,0.65,0.634,0.623,0.661,0.65,0.681,0.625,0.663,0.662,0.703,0.596,0.627,0.683,0.639,0.619,0.705,0.597,0.668,0.623,0.684,0.657,0.582,0.627,0.596,0.653,0.618,0.581,0.748,0.665,0.662,0.627,0.586,0.682,0.633,0.647,0.701,0.615,0.643,0.619,0.537,0.58,0.639,0.601,0.639,0.584,0.679,0.6,0.634,0.602,0.578,0.592,0.7,0.623,0.682,0.692,0.66,0.596,0.673,0.638,0.681,0.707,0.618,0.722,0.581,0.674,0.765,0.598,0.624,0.721,0.707,0.663,0.771,0.782,0.766,0.658,0.673,0.645,0.659,0.611,0.689,0.674,0.742,0.792,0.682,0.749,0.714,0.675,0.648,0.8,0.525,0.624,0.734,0.674,0.68,0.66,0.685,0.677,0.653,0.641,0.654,0.573,0.667,0.633,0.597,0.666,0.741,0.637,0.66,0.705,0.557,0.663,0.683,0.658,0.583,0.679,0.681,0.672,0.667,0.667,0.659,0.63,0.649,0.538,0.671,0.723,0.647,0.655,0.731,1.02,0.705,1.06,0.867,0.948,1.14,1.09,1.16,0.975,1.09,0.985,1.15,0.956,0.915,0.999,0.972,0.981,1.04,1.03,1.0,0.821,1.07,0.991,1.08,1.08,1.07,1.08,1.07,1.08,1.11,1.17,1.08,1.07,1.05,0.937,0.975,1.05,1.04,1.07,1.11,1.06,1.0,1.07,0.943,0.967,1.08,1.13,1.2,1.07,0.914,1.08,1.05,0.867,0.999,0.764,0.794,1.19,1.09,1.01,1.01,1.0,1.21,1.21,1.08,1.15,0.975,1.16,1.12,1.09,1.2,1.23,1.21,1.17,0.866,1.21,1.1,1.19,1.11,1.19,1.03,1.11,0.975,0.921,1.13,1.07,1.16,1.16,1.13,1.11,1.11,1.1,1.05,1.15,1.12,1.19,1.26,1.15,1.03,1.2,1.13,1.36,1.32,1.38,1.38,1.34,1.38,1.32,1.06,1.58,1.24,1.45,1.14,1.15,1.16,1.15,1.11,1.09,1.13,1.13,1.11,1.13,1.04,1.13,1.13,1.24,0.941,1.15,1.18,1.16,1.22,1.14,1.21,1.18,1.16,1.12,1.16,1.14,1.04,1.17,1.15,1.11,1.15,1.25,1.1,1.12,1.2,1.05,1.09,1.13,1.12,1.13,1.29,1.24,1.15,1.07,0.934,1.15,1.15,1.07,1.14,0.884,1.07,0.956,1.09,1.18,1.16,1.13,1.22,1.23,1.04,1.14,1.2,1.2,1.13,1.25,1.17,1.25,1.25,0.957,1.14,1.34,1.31,1.06,1.2,1.14,1.29,0.996,0.985,1.01,1.24,0.943,1.13,1.23,1.27,1.11,1.02,0.974,1.16,1.34,1.2
098_S_4003,1120.0,290.0,29.3,0.37,0.341,0.536,0.503,0.552,0.626,0.628,0.677,0.593,0.707,0.636,0.559,0.622,0.449,0.548,0.545,0.488,0.575,0.591,0.587,0.678,0.641,0.679,0.613,0.641,0.646,0.62,0.568,0.642,0.576,0.662,0.673,0.509,0.505,0.642,0.666,0.552,0.535,0.71,0.664,0.801,0.678,0.655,0.727,0.683,0.702,0.611,0.683,0.763,0.692,0.695,0.753,0.543,0.546,0.774,0.654,0.538,0.672,0.634,0.699,0.584,0.609,0.678,0.672,0.604,0.611,0.596,0.528,0.524,0.54,0.635,0.692,0.665,0.636,0.626,0.657,0.679,0.678,0.651,0.68,0.674,0.694,0.601,0.618,0.703,0.662,0.62,0.697,0.579,0.663,0.618,0.713,0.673,0.579,0.631,0.611,0.685,0.677,0.622,0.766,0.684,0.664,0.627,0.582,0.657,0.629,0.655,0.711,0.644,0.674,0.621,0.529,0.62,0.655,0.619,0.669,0.589,0.667,0.588,0.643,0.589,0.579,0.576,0.708,0.633,0.678,0.693,0.635,0.585,0.662,0.647,0.697,0.682,0.626,0.741,0.598,0.689,0.754,0.616,0.582,0.7,0.714,0.657,0.785,0.772,0.773,0.674,0.693,0.66,0.638,0.604,0.681,0.667,0.754,0.769,0.687,0.752,0.724,0.699,0.596,0.804,0.547,0.659,0.75,0.642,0.652,0.676,0.664,0.69,0.657,0.64,0.634,0.555,0.669,0.68,0.581,0.661,0.706,0.652,0.647,0.711,0.568,0.68,0.676,0.601,0.624,0.709,0.69,0.673,0.673,0.689,0.633,0.605,0.63,0.614,0.699,0.728,0.672,0.641,0.784,0.952,0.691,0.996,0.861,0.905,1.03,1.03,1.04,0.937,1.06,0.979,1.07,0.938,0.933,1.01,0.977,0.975,1.01,0.993,0.965,1.02,1.14,1.02,1.08,1.05,1.03,1.08,1.06,1.04,1.06,1.09,1.09,1.04,0.997,1.03,0.981,1.03,0.996,1.06,1.06,1.04,1.02,1.1,0.976,0.998,1.03,1.11,1.17,1.09,0.974,1.11,1.06,0.996,1.02,0.906,0.887,1.13,1.11,1.09,1.07,1.13,1.19,1.2,1.09,1.18,0.992,1.14,1.13,1.15,1.19,1.19,1.2,1.15,0.872,1.16,1.16,1.12,1.11,1.21,1.06,1.16,1.02,1.01,1.13,1.08,1.14,1.17,1.17,1.17,1.19,1.21,1.14,1.2,1.2,1.22,1.18,1.1,1.02,1.18,1.08,1.2,1.15,1.16,1.19,1.24,1.26,1.04,1.01,1.38,1.18,1.34,1.16,1.18,1.16,1.22,1.12,1.11,1.13,1.13,1.1,1.11,1.14,1.13,1.25,1.2,0.982,1.09,1.17,1.11,1.21,1.06,1.17,1.12,1.24,1.07,1.13,1.14,1.04,1.19,1.1,1.11,1.17,1.18,1.08,1.17,1.16,1.14,1.15,1.23,1.14,1.21,1.27,1.28,1.11,1.07,1.13,1.15,1.18,1.1,1.21,0.949,1.1,1.01,1.09,1.18,1.14,1.19,1.19,1.26,1.1,1.16,1.19,1.3,1.24,1.31,1.3,1.27,1.3,1.2,1.27,1.41,1.42,1.04,1.26,1.26,1.36,1.07,1.1,1.13,1.28,0.981,1.23,1.32,1.23,1.1,1.01,1.13,1.04,1.18,1.29
098_S_4018,1700.0,239.0,22.3,0.388,0.359,0.564,0.532,0.559,0.624,0.638,0.682,0.597,0.714,0.638,0.578,0.619,0.456,0.549,0.549,0.49,0.534,0.612,0.599,0.672,0.636,0.68,0.607,0.651,0.645,0.627,0.568,0.659,0.588,0.671,0.65,0.539,0.5,0.624,0.666,0.557,0.565,0.668,0.648,0.796,0.67,0.623,0.713,0.657,0.699,0.609,0.66,0.778,0.691,0.699,0.754,0.56,0.555,0.781,0.648,0.553,0.66,0.628,0.698,0.566,0.592,0.647,0.67,0.604,0.613,0.588,0.537,0.496,0.532,0.629,0.7,0.658,0.639,0.632,0.628,0.681,0.684,0.646,0.664,0.663,0.681,0.599,0.625,0.69,0.661,0.614,0.678,0.552,0.632,0.588,0.71,0.668,0.595,0.634,0.612,0.695,0.661,0.641,0.752,0.688,0.678,0.65,0.589,0.662,0.637,0.673,0.72,0.656,0.682,0.641,0.54,0.595,0.629,0.59,0.626,0.587,0.641,0.576,0.587,0.593,0.54,0.575,0.697,0.626,0.683,0.698,0.653,0.582,0.648,0.666,0.708,0.644,0.621,0.73,0.584,0.664,0.739,0.601,0.6,0.674,0.703,0.653,0.765,0.776,0.761,0.671,0.678,0.651,0.605,0.592,0.659,0.63,0.744,0.783,0.684,0.743,0.704,0.686,0.619,0.807,0.564,0.649,0.76,0.653,0.662,0.625,0.65,0.688,0.659,0.647,0.65,0.535,0.672,0.652,0.552,0.658,0.692,0.63,0.634,0.715,0.575,0.676,0.694,0.622,0.63,0.699,0.681,0.639,0.662,0.663,0.622,0.625,0.64,0.631,0.698,0.724,0.684,0.68,0.769,1.01,0.694,1.04,0.834,0.899,1.02,1.04,1.02,0.931,1.14,0.909,1.06,0.917,0.893,0.908,0.768,0.905,0.968,0.913,0.921,1.07,1.1,1.01,1.08,1.1,1.05,1.08,0.998,1.02,1.05,1.11,1.07,1.05,1.01,1.03,0.931,0.978,1.01,1.04,1.13,1.07,0.997,1.16,0.936,0.978,1.04,1.15,1.23,1.15,0.989,1.09,1.08,0.971,1.0,0.875,0.909,1.19,1.13,1.04,1.01,1.06,1.25,1.17,1.09,1.22,1.0,1.2,1.19,1.21,1.23,1.25,1.22,1.22,0.905,1.26,1.17,1.19,1.11,1.27,1.08,1.21,1.06,1.01,1.13,1.09,1.13,1.18,1.21,1.14,1.16,1.14,1.16,1.28,1.23,1.22,1.18,1.17,1.04,1.12,1.06,1.27,1.19,1.24,1.32,1.27,1.28,1.23,1.07,1.34,1.36,1.34,1.1,1.03,1.02,0.989,1.06,0.994,0.939,1.01,1.01,0.815,0.918,0.972,1.27,1.15,0.948,1.11,1.1,1.11,1.15,1.12,1.17,1.14,1.21,1.07,1.19,1.14,1.03,1.04,1.06,1.05,1.22,1.22,1.09,1.2,1.22,1.06,1.13,1.2,0.815,1.27,1.35,1.31,1.15,1.14,1.2,1.15,1.16,1.15,1.26,0.914,1.06,0.91,1.08,1.29,1.02,1.17,1.24,1.29,1.08,1.17,1.26,1.32,1.14,1.32,1.31,1.31,1.33,1.01,1.12,1.4,1.33,1.1,1.27,1.29,1.44,1.13,1.08,1.17,1.21,0.979,1.2,1.32,1.27,1.21,1.01,1.13,1.04,1.27,1.21
098_S_4050,1210.0,150.0,12.5,0.391,0.358,0.561,0.521,0.561,0.635,0.63,0.673,0.597,0.716,0.641,0.58,0.626,0.443,0.554,0.542,0.516,0.575,0.62,0.581,0.682,0.632,0.685,0.609,0.653,0.651,0.596,0.571,0.639,0.587,0.678,0.66,0.531,0.479,0.64,0.667,0.54,0.538,0.707,0.656,0.796,0.677,0.658,0.733,0.68,0.71,0.584,0.68,0.765,0.693,0.684,0.739,0.555,0.549,0.772,0.652,0.546,0.664,0.642,0.695,0.584,0.627,0.671,0.651,0.613,0.617,0.592,0.517,0.494,0.53,0.645,0.694,0.66,0.641,0.622,0.65,0.679,0.683,0.642,0.665,0.67,0.695,0.588,0.621,0.677,0.653,0.614,0.704,0.598,0.662,0.614,0.691,0.686,0.595,0.622,0.618,0.7,0.655,0.614,0.752,0.702,0.676,0.647,0.594,0.648,0.627,0.666,0.705,0.639,0.674,0.608,0.524,0.615,0.647,0.601,0.652,0.607,0.689,0.593,0.631,0.591,0.584,0.64,0.706,0.617,0.674,0.7,0.64,0.58,0.647,0.647,0.672,0.71,0.625,0.728,0.597,0.696,0.747,0.621,0.587,0.707,0.697,0.628,0.771,0.783,0.755,0.684,0.682,0.647,0.643,0.595,0.681,0.667,0.758,0.79,0.674,0.741,0.686,0.673,0.607,0.787,0.569,0.658,0.738,0.679,0.688,0.665,0.649,0.713,0.658,0.648,0.618,0.522,0.688,0.657,0.557,0.657,0.719,0.63,0.648,0.706,0.565,0.677,0.691,0.664,0.609,0.685,0.67,0.671,0.649,0.66,0.649,0.618,0.642,0.613,0.653,0.719,0.658,0.658,0.759,0.952,0.67,1.1,0.847,0.913,1.11,1.04,1.1,0.962,1.15,1.07,1.19,0.943,0.971,1.04,1.03,1.01,1.02,1.02,0.964,0.975,1.16,1.02,1.13,1.1,1.08,1.08,1.04,1.05,1.09,1.11,1.06,1.12,1.09,1.11,1.04,1.05,1.06,1.16,1.1,1.04,0.985,1.15,0.975,0.968,1.07,1.13,1.18,1.05,0.964,1.06,1.06,0.92,1.02,0.848,0.845,1.17,1.25,1.09,1.05,1.14,1.24,1.2,1.08,1.24,0.963,1.18,1.16,1.22,1.22,1.22,1.31,1.29,0.877,1.29,1.19,1.22,1.12,1.27,1.03,1.17,0.995,0.954,1.09,1.04,1.16,1.2,1.16,1.15,1.14,1.18,1.01,1.2,1.09,1.15,1.31,1.17,0.973,1.17,1.16,1.13,1.2,1.32,1.35,1.32,1.43,1.01,1.04,1.67,1.29,1.58,1.28,1.19,1.12,1.18,1.17,1.08,1.1,1.14,1.09,1.08,1.01,1.12,1.22,1.19,0.945,1.1,1.16,1.16,1.25,1.05,1.23,1.21,1.2,1.07,1.2,1.17,1.03,1.24,1.16,1.15,1.18,1.2,1.13,1.23,1.16,0.952,1.16,1.29,0.956,1.18,1.31,1.25,1.09,1.07,0.994,1.12,1.02,1.07,1.21,0.756,0.957,0.85,1.04,1.3,1.2,1.16,1.17,1.21,1.0,1.12,1.21,1.38,1.21,1.3,1.27,1.25,1.3,0.892,1.12,1.47,1.53,1.08,1.27,1.24,1.39,1.02,1.01,0.949,1.17,0.741,1.13,1.24,1.4,1.11,0.99,1.09,1.08,1.28,1.28
098_S_4201,749.0,594.0,59.9,0.384,0.359,0.553,0.526,0.567,0.633,0.632,0.678,0.608,0.709,0.643,0.587,0.622,0.466,0.562,0.534,0.499,0.568,0.6,0.591,0.688,0.638,0.679,0.608,0.64,0.634,0.615,0.566,0.64,0.584,0.668,0.649,0.543,0.499,0.641,0.645,0.562,0.554,0.698,0.654,0.798,0.678,0.659,0.709,0.676,0.7,0.608,0.641,0.769,0.698,0.687,0.74,0.562,0.554,0.778,0.65,0.55,0.675,0.625,0.7,0.573,0.61,0.67,0.67,0.617,0.61,0.596,0.562,0.524,0.519,0.63,0.692,0.655,0.632,0.631,0.641,0.664,0.685,0.639,0.669,0.652,0.685,0.587,0.616,0.672,0.674,0.604,0.689,0.594,0.653,0.598,0.684,0.66,0.581,0.618,0.608,0.684,0.656,0.621,0.752,0.673,0.669,0.629,0.561,0.672,0.597,0.654,0.708,0.614,0.691,0.606,0.549,0.607,0.657,0.596,0.652,0.584,0.656,0.578,0.617,0.565,0.561,0.577,0.684,0.618,0.667,0.69,0.635,0.572,0.66,0.655,0.679,0.666,0.623,0.72,0.528,0.691,0.743,0.594,0.577,0.679,0.691,0.651,0.767,0.774,0.764,0.671,0.686,0.655,0.621,0.594,0.655,0.639,0.752,0.773,0.669,0.746,0.705,0.693,0.603,0.798,0.539,0.658,0.739,0.687,0.663,0.577,0.666,0.715,0.645,0.632,0.631,0.526,0.685,0.622,0.508,0.639,0.701,0.615,0.645,0.715,0.539,0.657,0.67,0.657,0.6,0.694,0.678,0.655,0.66,0.682,0.624,0.597,0.629,0.617,0.656,0.718,0.655,0.645,0.763,1.03,0.699,1.11,0.86,0.934,1.11,1.11,1.19,0.972,1.17,0.993,1.2,0.948,0.956,0.984,1.02,1.01,1.06,1.03,0.984,1.04,1.15,1.01,1.15,1.03,1.06,1.16,1.08,1.08,1.09,1.09,1.11,1.07,1.07,1.01,1.0,0.984,1.05,1.07,1.09,1.15,1.02,1.13,0.961,0.976,1.04,1.04,1.1,1.06,0.973,1.09,1.02,0.946,0.958,0.85,0.898,1.09,1.1,1.04,1.01,1.08,1.21,1.09,1.05,1.21,0.961,0.989,1.01,1.12,1.19,1.17,1.22,1.07,0.879,0.935,1.08,1.06,1.02,1.03,0.997,1.12,0.97,0.915,0.946,0.972,0.975,1.0,1.06,1.07,1.09,1.16,1.15,1.13,1.14,1.17,1.09,1.1,0.998,1.04,0.952,1.36,1.13,1.44,1.28,1.23,1.39,1.36,1.17,1.8,1.33,1.59,1.21,1.21,1.11,1.22,1.06,1.1,1.1,1.15,1.12,1.1,1.15,1.16,1.22,1.11,0.918,1.06,1.16,1.14,1.26,1.06,0.959,1.11,0.926,0.938,0.986,1.23,0.987,1.02,1.01,1.11,1.08,1.13,1.21,1.26,1.2,1.15,1.04,1.04,1.22,0.997,1.14,1.1,1.09,1.01,1.01,1.05,1.12,0.976,1.04,0.792,0.854,0.873,1.08,1.1,1.07,1.09,1.13,1.09,0.959,0.918,0.914,0.973,1.07,1.05,1.09,1.11,1.13,1.02,0.986,1.18,1.03,0.971,0.855,0.984,1.09,0.927,0.971,0.91,1.07,0.803,1.0,1.2,0.969,1.1,1.0,1.12,1.08,0.958,0.929
098_S_4215,549.0,274.0,28.7,0.378,0.346,0.552,0.513,0.562,0.615,0.616,0.66,0.585,0.688,0.625,0.576,0.601,0.438,0.531,0.515,0.48,0.559,0.597,0.592,0.661,0.62,0.668,0.586,0.622,0.627,0.605,0.559,0.632,0.57,0.647,0.65,0.523,0.509,0.631,0.653,0.574,0.542,0.694,0.637,0.773,0.666,0.641,0.711,0.65,0.685,0.593,0.668,0.756,0.677,0.68,0.741,0.539,0.544,0.773,0.642,0.529,0.658,0.659,0.689,0.535,0.594,0.664,0.638,0.596,0.593,0.585,0.523,0.487,0.532,0.629,0.691,0.654,0.624,0.63,0.642,0.657,0.671,0.641,0.662,0.659,0.665,0.576,0.614,0.677,0.645,0.591,0.675,0.591,0.647,0.624,0.693,0.648,0.573,0.604,0.62,0.696,0.649,0.604,0.743,0.681,0.659,0.639,0.584,0.648,0.62,0.658,0.702,0.606,0.642,0.601,0.543,0.579,0.62,0.599,0.631,0.563,0.665,0.609,0.641,0.593,0.563,0.605,0.682,0.617,0.668,0.685,0.632,0.546,0.668,0.632,0.693,0.666,0.617,0.731,0.598,0.679,0.716,0.601,0.559,0.68,0.682,0.607,0.76,0.771,0.758,0.659,0.676,0.649,0.641,0.607,0.686,0.662,0.747,0.757,0.655,0.732,0.693,0.678,0.582,0.788,0.548,0.638,0.728,0.685,0.693,0.668,0.633,0.688,0.637,0.635,0.616,0.556,0.675,0.66,0.554,0.634,0.703,0.626,0.641,0.701,0.563,0.662,0.663,0.651,0.591,0.678,0.658,0.651,0.655,0.675,0.659,0.592,0.612,0.591,0.687,0.702,0.616,0.656,0.755,0.983,0.671,1.05,0.833,0.88,1.05,1.01,1.05,0.939,1.09,0.941,1.09,0.91,0.924,0.952,0.979,0.977,1.04,1.04,1.0,0.926,1.12,1.01,1.13,1.06,1.09,1.09,1.04,1.1,1.06,1.06,1.01,1.12,0.995,1.05,1.01,0.992,1.02,1.17,1.11,1.16,1.0,1.12,0.936,1.01,1.05,1.04,1.21,1.03,0.954,1.11,1.05,0.901,0.924,0.812,0.866,1.15,1.14,1.04,0.992,1.14,1.25,1.21,1.15,1.21,1.0,1.1,1.13,1.25,1.21,1.22,1.23,1.18,0.884,1.19,1.21,1.11,1.08,1.14,1.05,1.2,0.985,0.93,1.02,0.965,1.12,1.13,1.18,1.21,1.18,1.23,1.14,1.21,1.2,1.25,1.18,1.07,0.956,1.16,1.07,1.25,1.14,1.3,1.25,1.22,1.33,1.14,1.06,1.55,1.26,1.35,1.17,1.09,1.22,1.29,1.11,1.05,1.17,1.18,1.18,1.23,1.18,1.15,1.16,1.24,0.949,1.11,1.24,1.17,1.21,1.08,1.17,1.21,1.3,1.12,1.15,1.23,1.02,1.3,1.19,1.14,1.15,1.31,1.16,1.24,1.18,1.14,1.12,1.26,1.31,1.13,1.32,1.26,1.05,0.972,1.02,1.14,1.22,1.07,1.24,0.864,0.987,0.899,1.08,1.17,1.1,1.18,1.18,1.24,1.04,1.06,1.11,1.21,1.16,1.36,1.37,1.29,1.27,1.22,1.23,1.36,1.48,1.07,1.19,1.31,1.26,0.942,0.959,0.989,1.19,0.861,1.21,1.32,1.21,1.04,0.952,0.959,1.06,1.18,1.16
098_S_4275,1700.0,215.0,20.1,0.383,0.35,0.557,0.539,0.578,0.637,0.632,0.678,0.594,0.705,0.642,0.606,0.624,0.452,0.547,0.549,0.509,0.591,0.614,0.595,0.684,0.63,0.675,0.594,0.643,0.642,0.621,0.573,0.646,0.572,0.67,0.679,0.537,0.502,0.637,0.675,0.547,0.554,0.708,0.642,0.789,0.674,0.638,0.709,0.678,0.696,0.595,0.657,0.763,0.69,0.687,0.743,0.543,0.549,0.769,0.639,0.543,0.693,0.66,0.702,0.608,0.603,0.669,0.628,0.604,0.616,0.596,0.552,0.504,0.525,0.642,0.709,0.674,0.643,0.635,0.668,0.68,0.687,0.659,0.66,0.663,0.693,0.597,0.628,0.699,0.658,0.645,0.695,0.592,0.66,0.614,0.687,0.668,0.585,0.638,0.63,0.682,0.673,0.626,0.74,0.681,0.656,0.667,0.595,0.646,0.644,0.688,0.715,0.668,0.661,0.649,0.552,0.617,0.646,0.623,0.649,0.598,0.696,0.632,0.665,0.612,0.607,0.607,0.699,0.619,0.684,0.689,0.6,0.565,0.649,0.655,0.709,0.683,0.629,0.744,0.587,0.718,0.759,0.625,0.583,0.701,0.702,0.615,0.783,0.764,0.785,0.683,0.688,0.655,0.665,0.604,0.682,0.674,0.746,0.773,0.677,0.742,0.708,0.68,0.585,0.784,0.54,0.663,0.746,0.654,0.666,0.684,0.645,0.683,0.668,0.645,0.641,0.55,0.682,0.667,0.58,0.659,0.714,0.654,0.67,0.723,0.587,0.68,0.685,0.668,0.644,0.693,0.696,0.67,0.679,0.684,0.656,0.605,0.637,0.607,0.688,0.715,0.647,0.665,0.75,0.988,0.697,1.02,0.886,0.941,1.09,1.06,1.09,0.977,1.07,0.99,1.09,0.943,0.938,0.986,0.954,0.978,1.02,1.02,0.994,0.985,1.11,0.981,1.07,1.08,1.02,1.04,1.05,1.09,1.11,1.1,1.03,1.14,1.1,1.05,0.983,1.04,1.08,1.1,1.07,1.09,0.996,1.07,0.966,1.0,1.04,1.11,1.16,1.07,0.977,1.04,1.06,0.974,1.02,0.904,0.876,1.19,1.19,1.09,1.08,1.15,1.2,1.2,1.11,1.21,0.987,1.17,1.15,1.2,1.16,1.18,1.26,1.25,0.883,1.24,1.12,1.13,1.09,1.18,1.04,1.16,1.02,0.977,1.13,1.04,1.13,1.15,1.12,1.14,1.12,1.15,1.06,1.17,1.17,1.25,1.23,1.15,1.06,1.13,1.12,1.27,1.22,1.26,1.29,1.25,1.33,1.14,1.14,1.49,1.15,1.36,1.21,1.12,1.12,1.19,1.14,1.07,1.1,1.05,1.13,1.17,1.15,1.17,1.11,1.15,0.934,1.05,1.12,1.11,1.13,1.13,1.18,1.16,1.28,1.16,1.2,1.15,1.04,1.29,1.2,1.16,1.16,1.2,1.16,1.23,1.15,1.11,1.14,1.33,1.13,1.16,1.3,1.18,1.08,1.07,1.08,1.13,1.14,1.12,1.26,0.865,1.05,0.951,1.12,1.23,1.13,1.15,1.23,1.2,1.09,1.15,1.23,1.3,1.2,1.3,1.26,1.18,1.21,1.12,1.13,1.39,1.51,1.09,1.22,1.17,1.39,1.04,1.04,1.09,1.26,0.91,1.12,1.29,1.27,1.15,1.03,0.995,1.01,1.17,1.26
099_S_0352,1240.0,173.0,15.4,0.376,0.343,0.531,0.511,0.537,0.61,0.614,0.656,0.586,0.665,0.618,0.55,0.616,0.434,0.528,0.547,0.479,0.551,0.583,0.577,0.659,0.614,0.657,0.573,0.627,0.625,0.609,0.576,0.628,0.572,0.656,0.645,0.481,0.509,0.616,0.658,0.536,0.518,0.702,0.626,0.775,0.652,0.632,0.714,0.68,0.676,0.593,0.69,0.757,0.68,0.688,0.76,0.553,0.53,0.789,0.632,0.534,0.667,0.594,0.701,0.567,0.586,0.662,0.669,0.621,0.593,0.584,0.524,0.532,0.528,0.639,0.672,0.634,0.616,0.598,0.635,0.643,0.665,0.63,0.659,0.663,0.649,0.596,0.626,0.672,0.637,0.62,0.685,0.595,0.657,0.642,0.686,0.679,0.623,0.618,0.582,0.651,0.626,0.59,0.73,0.662,0.656,0.629,0.581,0.649,0.614,0.628,0.704,0.599,0.632,0.585,0.529,0.599,0.645,0.607,0.627,0.588,0.663,0.609,0.62,0.589,0.568,0.622,0.689,0.614,0.658,0.686,0.634,0.582,0.652,0.65,0.692,0.69,0.62,0.733,0.586,0.678,0.752,0.612,0.573,0.706,0.696,0.639,0.762,0.759,0.765,0.675,0.686,0.646,0.666,0.62,0.681,0.683,0.739,0.767,0.667,0.745,0.707,0.694,0.577,0.825,0.555,0.633,0.722,0.622,0.674,0.671,0.651,0.669,0.624,0.64,0.637,0.547,0.67,0.665,0.567,0.657,0.704,0.657,0.638,0.695,0.525,0.651,0.668,0.66,0.574,0.665,0.654,0.668,0.659,0.705,0.675,0.59,0.638,0.551,0.651,0.711,0.641,0.655,0.766,1.02,0.739,1.02,0.872,0.904,1.05,1.05,1.09,0.952,1.11,0.979,1.08,0.937,0.955,0.993,0.971,0.996,1.03,1.02,0.968,0.881,1.03,0.981,1.02,1.04,1.0,1.02,1.01,1.11,1.07,1.07,1.1,1.1,1.07,1.05,1.03,1.05,1.04,1.09,1.03,1.1,0.996,1.05,0.956,0.961,1.06,1.08,1.1,1.06,0.837,0.984,1.01,0.956,0.998,0.87,0.819,1.13,1.22,1.11,1.07,1.15,1.15,1.12,1.06,1.17,0.941,1.13,1.12,1.17,1.12,1.09,1.21,1.23,0.883,1.15,1.15,1.18,1.11,1.2,0.959,1.06,0.863,0.893,1.06,0.976,1.1,1.11,1.01,1.08,1.16,1.21,1.03,1.14,1.12,1.16,1.15,1.1,1.01,1.12,1.08,1.28,1.18,1.19,1.21,1.17,1.29,1.09,1.06,1.37,1.2,1.34,1.18,1.13,1.14,1.25,1.09,1.14,1.1,1.14,1.11,1.15,1.18,1.09,1.15,1.17,0.978,1.07,1.12,1.13,1.16,1.17,1.15,1.14,1.28,1.13,1.24,1.16,1.05,1.3,1.14,1.14,1.13,1.21,1.17,1.19,1.19,1.02,1.15,1.25,1.18,1.12,1.24,1.16,1.17,1.06,0.866,1.07,1.12,0.884,1.12,0.872,1.07,0.93,1.11,1.27,1.14,1.17,1.21,1.23,0.987,1.12,1.2,1.27,1.18,1.24,1.33,1.25,1.18,1.03,1.17,1.39,1.46,1.05,1.2,1.18,1.36,0.832,0.867,0.912,1.18,0.881,1.1,1.29,1.23,1.12,1.03,0.939,1.07,1.15,1.19
099_S_0470,725.0,445.0,44.3,0.396,0.355,0.556,0.525,0.559,0.641,0.628,0.678,0.602,0.708,0.647,0.578,0.633,0.463,0.556,0.565,0.519,0.582,0.609,0.618,0.689,0.625,0.691,0.612,0.649,0.658,0.613,0.579,0.637,0.59,0.684,0.672,0.542,0.509,0.651,0.691,0.566,0.562,0.707,0.652,0.799,0.689,0.654,0.727,0.685,0.703,0.61,0.711,0.781,0.71,0.69,0.755,0.539,0.547,0.787,0.653,0.54,0.677,0.669,0.713,0.597,0.628,0.671,0.694,0.652,0.627,0.589,0.539,0.539,0.546,0.664,0.705,0.669,0.649,0.642,0.67,0.674,0.691,0.655,0.655,0.693,0.711,0.593,0.622,0.71,0.637,0.642,0.721,0.618,0.679,0.634,0.695,0.684,0.596,0.621,0.598,0.673,0.629,0.601,0.75,0.675,0.671,0.646,0.601,0.673,0.651,0.655,0.715,0.629,0.673,0.607,0.569,0.622,0.68,0.601,0.666,0.588,0.687,0.613,0.631,0.607,0.577,0.582,0.701,0.626,0.699,0.711,0.658,0.592,0.673,0.651,0.714,0.707,0.651,0.762,0.599,0.695,0.764,0.619,0.585,0.763,0.728,0.645,0.791,0.788,0.798,0.683,0.69,0.65,0.653,0.624,0.72,0.693,0.773,0.791,0.695,0.759,0.716,0.688,0.613,0.814,0.548,0.632,0.719,0.695,0.695,0.691,0.662,0.729,0.678,0.66,0.64,0.555,0.691,0.704,0.597,0.679,0.739,0.659,0.666,0.728,0.535,0.67,0.717,0.67,0.616,0.706,0.686,0.694,0.689,0.7,0.675,0.63,0.656,0.599,0.644,0.734,0.646,0.672,0.789,0.963,0.712,0.964,0.831,0.879,1.0,1.05,1.07,0.936,0.999,0.985,1.05,0.92,0.933,0.98,0.954,0.966,1.01,1.0,0.916,1.0,1.13,0.981,1.06,1.09,1.07,1.05,0.999,1.03,1.05,1.03,1.01,1.06,1.04,1.05,0.999,1.05,1.02,1.09,1.1,1.15,1.01,1.07,0.96,0.984,1.04,1.08,1.14,1.08,0.942,1.03,1.04,0.831,0.931,0.771,0.851,1.12,1.14,1.06,1.02,1.08,1.16,1.12,1.07,1.17,0.968,1.13,1.1,1.11,1.1,1.15,1.23,1.21,0.88,1.13,1.11,1.11,1.05,1.15,1.02,1.09,0.98,0.889,1.03,1.03,1.1,1.13,1.09,1.1,1.13,1.11,1.11,1.1,1.08,1.16,1.15,1.07,0.99,1.16,1.09,1.19,1.18,1.1,1.13,1.19,1.19,1.07,1.04,1.31,1.19,1.36,1.1,1.16,1.09,1.2,1.12,1.07,1.04,1.09,1.02,1.14,1.12,1.06,1.2,1.21,0.941,1.07,1.14,1.13,1.2,1.1,1.14,1.13,1.21,1.13,1.15,1.18,0.956,1.19,1.13,1.09,1.21,1.18,1.23,1.23,1.21,1.01,1.1,1.19,1.04,1.18,1.25,1.23,1.21,1.06,0.931,1.09,1.18,1.05,1.14,0.711,0.936,0.834,1.07,1.2,1.15,1.07,1.17,1.19,1.03,1.08,1.15,1.23,1.21,1.21,1.23,1.17,1.21,0.878,1.09,1.32,1.39,1.06,1.21,1.17,1.3,0.952,0.969,0.97,1.23,0.809,1.11,1.25,1.21,1.1,1.02,1.04,1.09,1.25,1.32
099_S_0492,476.0,284.0,29.3,0.361,0.333,0.528,0.499,0.538,0.614,0.6,0.648,0.571,0.661,0.619,0.548,0.612,0.446,0.532,0.534,0.493,0.57,0.613,0.573,0.658,0.602,0.657,0.592,0.621,0.626,0.583,0.546,0.617,0.562,0.648,0.644,0.523,0.517,0.618,0.642,0.55,0.533,0.698,0.631,0.74,0.647,0.617,0.705,0.669,0.691,0.579,0.682,0.727,0.678,0.672,0.724,0.512,0.522,0.775,0.626,0.533,0.651,0.643,0.688,0.588,0.587,0.642,0.625,0.614,0.579,0.555,0.527,0.51,0.518,0.631,0.677,0.65,0.623,0.614,0.636,0.654,0.674,0.633,0.65,0.665,0.671,0.579,0.59,0.653,0.634,0.61,0.699,0.591,0.664,0.615,0.659,0.66,0.594,0.597,0.577,0.659,0.602,0.587,0.748,0.658,0.656,0.633,0.583,0.68,0.625,0.648,0.698,0.636,0.645,0.629,0.558,0.587,0.639,0.618,0.643,0.613,0.681,0.591,0.7,0.606,0.607,0.625,0.685,0.609,0.661,0.69,0.652,0.56,0.646,0.638,0.687,0.698,0.631,0.739,0.6,0.682,0.745,0.628,0.613,0.704,0.685,0.63,0.742,0.753,0.777,0.678,0.684,0.666,0.687,0.595,0.684,0.683,0.757,0.742,0.658,0.734,0.691,0.685,0.581,0.8,0.531,0.645,0.73,0.684,0.662,0.671,0.594,0.678,0.623,0.632,0.633,0.56,0.65,0.646,0.584,0.651,0.734,0.646,0.673,0.718,0.59,0.665,0.668,0.666,0.612,0.676,0.65,0.661,0.649,0.662,0.619,0.583,0.62,0.568,0.627,0.692,0.639,0.639,0.767,0.936,0.733,0.978,0.848,0.871,0.972,1.01,1.04,0.93,1.04,0.955,1.05,0.949,0.909,0.991,0.986,1.01,1.05,1.08,1.01,0.958,1.08,0.971,1.07,1.06,1.04,1.04,0.99,0.987,0.973,0.988,1.01,1.01,0.986,0.979,0.985,1.05,1.04,1.08,1.02,1.16,1.0,1.08,0.93,0.988,1.09,1.04,1.15,1.06,0.949,1.02,1.05,0.826,0.887,0.792,0.91,1.04,1.07,1.0,0.997,1.16,1.14,1.14,1.07,1.16,0.956,1.02,1.05,1.16,1.11,1.14,1.1,1.19,0.888,1.06,1.13,1.04,1.04,1.09,1.03,1.15,0.99,0.885,0.985,1.02,1.06,1.06,1.17,1.18,1.17,1.25,1.18,1.13,1.17,1.19,1.07,1.04,0.925,1.1,1.06,1.17,1.16,1.08,1.16,1.16,1.18,1.1,1.02,1.28,1.13,1.28,1.18,1.1,1.08,1.34,1.12,1.13,1.13,1.16,1.19,1.22,1.29,1.22,1.14,1.15,0.954,1.08,1.16,1.13,1.17,1.13,1.14,1.11,1.09,1.09,1.15,1.15,1.03,1.31,1.18,1.1,1.12,1.23,1.26,1.19,1.2,1.21,1.16,1.2,1.38,1.16,1.23,1.24,1.21,1.07,1.17,1.12,1.2,1.11,1.19,0.893,0.978,0.907,1.08,1.17,1.11,1.23,1.17,1.21,1.05,1.08,1.13,1.15,1.17,1.27,1.29,1.22,1.26,1.34,1.23,1.15,1.29,1.0,1.12,1.24,1.21,0.982,1.03,1.17,1.17,0.928,1.23,1.27,1.15,1.04,0.976,0.994,1.09,1.18,1.19
099_S_0533,899.0,138.0,12.3,0.372,0.343,0.535,0.517,0.562,0.627,0.622,0.666,0.593,0.706,0.641,0.581,0.627,0.472,0.562,0.559,0.509,0.596,0.629,0.587,0.682,0.636,0.68,0.604,0.643,0.656,0.615,0.59,0.64,0.581,0.659,0.66,0.528,0.514,0.651,0.682,0.558,0.564,0.728,0.664,0.777,0.682,0.672,0.733,0.711,0.713,0.607,0.699,0.771,0.716,0.689,0.758,0.557,0.551,0.786,0.654,0.542,0.68,0.674,0.708,0.612,0.634,0.694,0.648,0.633,0.615,0.576,0.525,0.511,0.547,0.667,0.701,0.672,0.638,0.629,0.67,0.684,0.696,0.67,0.683,0.694,0.711,0.609,0.612,0.688,0.65,0.637,0.718,0.613,0.708,0.64,0.704,0.687,0.595,0.658,0.601,0.671,0.63,0.612,0.755,0.67,0.67,0.634,0.585,0.687,0.659,0.673,0.715,0.66,0.654,0.649,0.559,0.624,0.677,0.663,0.675,0.63,0.697,0.629,0.686,0.633,0.617,0.65,0.714,0.632,0.699,0.7,0.649,0.62,0.654,0.65,0.7,0.706,0.659,0.749,0.618,0.704,0.769,0.636,0.606,0.734,0.715,0.648,0.773,0.792,0.784,0.709,0.703,0.706,0.686,0.639,0.706,0.694,0.764,0.789,0.709,0.766,0.714,0.697,0.604,0.811,0.561,0.657,0.739,0.673,0.7,0.696,0.69,0.721,0.668,0.657,0.648,0.573,0.7,0.695,0.618,0.708,0.735,0.678,0.695,0.744,0.625,0.704,0.7,0.683,0.645,0.708,0.706,0.697,0.671,0.683,0.681,0.638,0.664,0.578,0.654,0.731,0.655,0.674,0.76,0.963,0.694,1.01,0.813,0.868,1.02,1.08,1.07,0.944,1.06,0.965,1.07,0.919,0.94,1.03,1.01,1.01,1.08,1.08,1.01,0.956,1.08,0.964,1.06,1.07,1.05,1.05,1.03,1.02,1.03,1.05,1.1,1.12,1.09,1.06,1.04,1.08,1.1,1.12,1.06,1.12,1.0,1.07,0.993,1.01,1.07,1.1,1.2,1.1,0.971,1.08,1.07,0.931,1.02,0.926,0.91,1.17,1.29,1.07,1.06,1.22,1.2,1.15,1.12,1.23,1.0,1.16,1.15,1.22,1.19,1.22,1.29,1.29,0.897,1.25,1.24,1.21,1.16,1.24,1.06,1.16,1.03,0.989,1.09,1.04,1.14,1.16,1.19,1.22,1.25,1.26,1.18,1.26,1.24,1.21,1.15,1.1,1.08,1.19,1.11,1.25,1.21,1.15,1.19,1.19,1.21,1.06,1.04,1.39,1.2,1.41,1.18,1.17,1.22,1.38,1.18,1.19,1.21,1.22,1.21,1.22,1.26,1.2,1.15,1.18,0.968,1.11,1.16,1.16,1.19,1.11,1.15,1.18,1.32,1.22,1.25,1.21,1.06,1.39,1.2,1.14,1.2,1.24,1.14,1.15,1.19,1.29,1.26,1.41,1.33,1.21,1.29,1.25,1.21,1.11,1.21,1.16,1.21,1.17,1.19,0.9,1.06,0.96,1.13,1.31,1.23,1.23,1.23,1.24,1.14,1.17,1.23,1.38,1.35,1.37,1.39,1.31,1.28,1.34,1.27,1.59,1.72,1.18,1.29,1.34,1.55,1.05,1.09,1.15,1.31,0.939,1.27,1.33,1.21,1.18,1.09,1.03,1.1,1.21,1.27
099_S_0534,807.0,144.0,12.9,0.375,0.34,0.525,0.498,0.559,0.631,0.62,0.665,0.587,0.709,0.632,0.554,0.63,0.462,0.553,0.539,0.483,0.569,0.59,0.582,0.684,0.638,0.689,0.627,0.648,0.642,0.618,0.571,0.645,0.577,0.665,0.659,0.494,0.494,0.638,0.633,0.54,0.54,0.707,0.661,0.798,0.687,0.674,0.72,0.694,0.71,0.599,0.702,0.773,0.71,0.696,0.748,0.528,0.538,0.783,0.652,0.547,0.677,0.656,0.725,0.587,0.62,0.693,0.676,0.621,0.62,0.588,0.508,0.515,0.526,0.664,0.696,0.659,0.637,0.632,0.651,0.675,0.688,0.657,0.682,0.69,0.723,0.588,0.633,0.701,0.656,0.614,0.732,0.609,0.676,0.632,0.703,0.703,0.615,0.643,0.599,0.665,0.641,0.623,0.757,0.676,0.678,0.651,0.603,0.687,0.641,0.674,0.707,0.667,0.66,0.655,0.532,0.641,0.666,0.636,0.69,0.603,0.696,0.649,0.643,0.603,0.579,0.631,0.726,0.655,0.7,0.718,0.67,0.627,0.682,0.663,0.715,0.701,0.61,0.741,0.584,0.693,0.762,0.608,0.576,0.706,0.722,0.679,0.78,0.792,0.801,0.703,0.708,0.673,0.655,0.645,0.716,0.693,0.763,0.783,0.7,0.765,0.722,0.712,0.619,0.816,0.545,0.649,0.748,0.709,0.676,0.685,0.693,0.72,0.683,0.662,0.657,0.565,0.704,0.687,0.612,0.699,0.755,0.663,0.664,0.73,0.607,0.698,0.722,0.675,0.625,0.708,0.698,0.705,0.702,0.691,0.689,0.627,0.667,0.578,0.671,0.743,0.685,0.697,0.757,1.01,0.688,1.05,0.823,0.871,1.03,1.08,1.09,0.926,1.08,0.936,1.03,0.921,0.864,0.947,0.932,0.935,0.946,0.976,0.938,0.946,1.15,1.0,1.07,1.07,1.04,1.04,1.01,1.02,1.03,1.07,1.06,1.07,1.04,0.97,0.977,0.984,0.976,1.02,1.06,1.0,0.978,1.05,0.909,0.933,1.03,1.09,1.21,1.05,0.913,1.09,1.06,0.876,0.969,0.839,0.846,1.15,1.24,1.1,1.07,1.07,1.23,1.18,1.04,1.18,0.908,1.17,1.14,1.15,1.15,1.22,1.22,1.19,0.882,1.21,1.16,1.23,1.15,1.27,1.07,1.19,1.0,0.925,1.05,1.04,1.12,1.12,1.15,1.19,1.16,1.17,1.09,1.2,1.19,1.22,1.16,1.12,1.01,1.11,1.07,1.21,1.22,1.22,1.22,1.18,1.23,1.01,1.0,1.49,1.24,1.34,1.13,1.13,1.13,1.21,1.11,1.09,1.09,1.07,1.1,1.08,1.09,1.08,1.27,1.23,0.984,1.1,1.19,1.17,1.2,1.11,1.18,1.1,1.24,1.17,1.18,1.18,1.03,1.17,1.07,1.09,1.18,1.18,1.09,1.16,1.21,1.08,1.15,1.27,1.16,1.17,1.33,1.28,1.19,1.1,1.14,1.13,1.17,1.14,1.21,0.852,1.02,0.923,1.07,1.27,1.16,1.17,1.24,1.28,0.99,1.13,1.22,1.3,1.31,1.33,1.31,1.3,1.32,1.23,1.2,1.47,1.48,1.08,1.24,1.23,1.44,1.04,1.0,1.19,1.28,0.91,1.14,1.33,1.22,1.1,1.02,1.1,1.05,1.14,1.21
099_S_1144,564.0,345.0,35.2,0.381,0.341,0.535,0.502,0.541,0.632,0.624,0.663,0.587,0.688,0.629,0.561,0.622,0.447,0.546,0.529,0.492,0.567,0.615,0.565,0.668,0.622,0.677,0.607,0.643,0.638,0.618,0.577,0.632,0.572,0.647,0.655,0.495,0.466,0.631,0.671,0.529,0.535,0.701,0.65,0.774,0.674,0.642,0.738,0.678,0.712,0.59,0.696,0.766,0.7,0.682,0.741,0.521,0.541,0.779,0.648,0.539,0.669,0.624,0.693,0.581,0.614,0.661,0.668,0.599,0.601,0.579,0.539,0.517,0.546,0.657,0.69,0.661,0.628,0.599,0.654,0.664,0.679,0.64,0.644,0.688,0.683,0.587,0.609,0.683,0.643,0.612,0.71,0.593,0.68,0.622,0.698,0.646,0.589,0.625,0.6,0.661,0.616,0.602,0.744,0.661,0.662,0.642,0.594,0.669,0.648,0.647,0.708,0.642,0.66,0.636,0.547,0.626,0.661,0.614,0.668,0.618,0.689,0.624,0.665,0.605,0.575,0.596,0.696,0.637,0.683,0.704,0.64,0.581,0.641,0.652,0.702,0.707,0.634,0.739,0.6,0.707,0.777,0.605,0.574,0.725,0.717,0.654,0.78,0.773,0.782,0.678,0.692,0.654,0.662,0.624,0.694,0.68,0.772,0.781,0.668,0.742,0.701,0.687,0.617,0.803,0.542,0.636,0.736,0.669,0.701,0.69,0.653,0.706,0.653,0.65,0.645,0.552,0.69,0.667,0.589,0.666,0.749,0.656,0.678,0.719,0.56,0.664,0.703,0.676,0.612,0.685,0.68,0.68,0.665,0.701,0.677,0.617,0.64,0.566,0.651,0.729,0.65,0.664,0.774,0.938,0.719,1.02,0.834,0.849,0.926,0.992,0.996,0.925,1.06,0.943,1.04,0.94,0.93,0.995,0.963,0.973,1.02,1.02,0.975,1.01,1.11,0.98,1.04,1.01,0.999,1.04,1.0,1.03,0.94,0.946,1.01,1.04,1.0,1.03,0.968,0.997,0.986,1.09,1.02,1.14,0.988,1.06,0.944,1.01,1.04,1.02,1.15,1.04,0.959,1.04,1.05,0.855,0.919,0.816,0.899,1.02,1.09,1.03,1.02,1.09,1.17,1.19,1.06,1.16,0.982,1.05,1.08,1.16,1.13,1.18,1.16,1.16,0.89,1.09,1.14,1.11,1.1,1.17,1.03,1.13,1.01,0.886,1.02,0.976,1.04,1.06,1.14,1.13,1.16,1.19,1.09,1.15,1.11,1.17,1.06,1.06,0.991,1.05,0.97,1.2,1.12,1.24,1.2,1.11,1.24,1.12,1.08,1.42,1.2,1.33,1.12,1.12,1.15,1.24,1.15,1.1,1.15,1.12,1.14,1.15,1.19,1.17,1.16,1.16,0.967,1.07,1.14,1.13,1.19,1.09,1.11,1.1,1.26,1.14,1.18,1.18,1.03,1.25,1.13,1.07,1.13,1.23,1.18,1.19,1.19,1.12,1.15,1.23,1.17,1.11,1.26,1.25,1.15,1.07,1.13,1.14,1.15,1.11,1.19,0.867,1.0,0.912,1.08,1.22,1.12,1.2,1.17,1.27,1.1,1.09,1.17,1.2,1.21,1.3,1.29,1.24,1.25,1.11,1.18,1.33,1.35,1.1,1.12,1.21,1.29,1.03,1.04,1.13,1.16,0.916,1.19,1.29,1.16,1.1,1.01,1.05,1.07,1.09,1.14
099_S_4076,1700.0,176.0,15.1,0.398,0.364,0.565,0.541,0.578,0.645,0.641,0.683,0.608,0.726,0.655,0.607,0.629,0.464,0.544,0.552,0.529,0.545,0.618,0.592,0.666,0.637,0.689,0.615,0.645,0.642,0.607,0.565,0.652,0.598,0.693,0.673,0.575,0.532,0.64,0.676,0.535,0.584,0.69,0.657,0.797,0.683,0.662,0.728,0.67,0.69,0.612,0.684,0.774,0.694,0.676,0.742,0.528,0.544,0.771,0.648,0.554,0.703,0.691,0.691,0.578,0.6,0.674,0.657,0.6,0.61,0.595,0.52,0.509,0.541,0.639,0.702,0.672,0.645,0.649,0.614,0.682,0.687,0.655,0.651,0.661,0.683,0.565,0.612,0.676,0.659,0.643,0.697,0.59,0.664,0.602,0.683,0.661,0.569,0.608,0.635,0.699,0.661,0.617,0.757,0.686,0.676,0.637,0.589,0.68,0.624,0.682,0.716,0.642,0.682,0.619,0.558,0.606,0.629,0.577,0.622,0.612,0.655,0.594,0.604,0.583,0.556,0.579,0.705,0.632,0.687,0.706,0.648,0.593,0.672,0.657,0.684,0.683,0.667,0.738,0.581,0.677,0.771,0.58,0.592,0.704,0.698,0.679,0.793,0.79,0.788,0.67,0.682,0.639,0.622,0.609,0.701,0.67,0.754,0.774,0.684,0.751,0.703,0.688,0.614,0.817,0.544,0.655,0.748,0.702,0.695,0.68,0.664,0.713,0.67,0.645,0.637,0.535,0.662,0.695,0.567,0.661,0.727,0.646,0.656,0.725,0.553,0.674,0.679,0.619,0.618,0.698,0.684,0.661,0.671,0.672,0.677,0.63,0.64,0.62,0.688,0.724,0.669,0.665,0.746,0.85,0.652,0.924,0.81,0.868,0.985,0.972,0.935,0.909,1.0,0.954,1.08,0.91,0.859,0.99,0.909,0.944,0.981,0.97,0.947,1.08,1.23,1.04,1.1,1.09,1.05,1.1,1.05,1.05,1.04,1.11,1.13,1.1,1.05,1.06,1.0,1.06,1.02,1.08,1.13,1.04,1.02,1.1,0.933,0.981,1.04,1.15,1.2,1.12,0.966,1.11,1.11,0.969,1.01,0.915,0.889,1.16,1.13,1.06,1.03,1.1,1.28,1.24,1.11,1.19,0.994,1.14,1.16,1.21,1.23,1.26,1.25,1.22,0.88,1.21,1.15,1.17,1.11,1.22,1.1,1.15,1.04,0.998,1.11,1.13,1.18,1.17,1.12,1.2,1.16,1.18,1.14,1.27,1.21,1.28,1.21,1.13,1.01,1.15,1.09,0.953,1.23,0.953,1.15,1.19,1.2,0.742,0.905,1.23,1.15,1.31,1.17,1.08,1.08,1.08,1.14,1.12,1.05,1.04,1.08,0.973,1.02,1.1,1.27,1.19,0.962,1.1,1.2,1.16,1.24,1.13,1.2,1.17,1.29,1.12,1.23,1.15,1.04,1.2,1.15,1.06,1.17,1.19,1.08,1.18,1.2,1.03,1.13,1.22,1.07,1.15,1.3,1.22,1.16,1.1,1.06,1.19,1.18,1.14,1.21,0.893,1.05,0.94,1.01,1.23,1.06,1.13,1.19,1.29,1.04,1.14,1.17,1.28,1.23,1.28,1.24,1.28,1.27,0.971,1.16,1.5,1.5,1.1,1.25,1.25,1.41,1.08,1.06,0.976,1.27,0.967,1.12,1.31,1.21,1.07,0.973,1.16,1.06,1.23,1.23
099_S_4086,827.0,112.0,8.87,0.368,0.353,0.55,0.5,0.536,0.607,0.608,0.654,0.576,0.673,0.614,0.551,0.588,0.432,0.524,0.5,0.451,0.516,0.568,0.529,0.643,0.608,0.644,0.558,0.616,0.611,0.586,0.546,0.611,0.557,0.655,0.619,0.508,0.472,0.599,0.644,0.508,0.489,0.685,0.62,0.762,0.65,0.63,0.693,0.656,0.654,0.565,0.659,0.747,0.679,0.658,0.719,0.52,0.526,0.758,0.623,0.527,0.65,0.615,0.683,0.548,0.568,0.653,0.605,0.586,0.59,0.579,0.484,0.466,0.501,0.611,0.661,0.625,0.609,0.607,0.625,0.641,0.661,0.626,0.641,0.634,0.651,0.576,0.6,0.658,0.635,0.586,0.661,0.544,0.621,0.566,0.663,0.636,0.56,0.61,0.572,0.688,0.636,0.612,0.734,0.672,0.642,0.619,0.542,0.641,0.582,0.656,0.73,0.608,0.659,0.582,0.51,0.575,0.624,0.581,0.607,0.558,0.605,0.584,0.586,0.555,0.533,0.614,0.661,0.559,0.648,0.666,0.63,0.532,0.625,0.648,0.641,0.661,0.57,0.716,0.538,0.639,0.705,0.576,0.542,0.672,0.671,0.638,0.747,0.751,0.751,0.663,0.671,0.634,0.586,0.585,0.678,0.643,0.727,0.766,0.649,0.733,0.687,0.671,0.585,0.791,0.55,0.628,0.726,0.612,0.638,0.639,0.646,0.67,0.621,0.638,0.61,0.489,0.607,0.628,0.562,0.641,0.685,0.632,0.585,0.689,0.541,0.64,0.655,0.642,0.588,0.669,0.649,0.627,0.628,0.65,0.626,0.593,0.535,0.582,0.707,0.695,0.624,0.605,0.716,0.922,0.686,1.04,0.859,0.921,1.06,1.01,1.06,0.954,1.15,1.01,1.13,0.941,0.966,1.07,1.03,1.09,1.12,1.13,1.06,0.993,1.15,0.986,1.12,1.12,1.05,1.12,1.07,1.05,1.11,1.18,1.17,1.14,1.12,1.11,1.05,1.13,1.12,1.15,1.14,1.13,1.01,1.1,0.971,0.95,1.11,1.1,1.15,1.03,0.902,1.07,1.1,0.915,1.01,0.85,0.92,1.18,1.24,1.17,1.15,1.21,1.23,1.18,1.08,1.23,0.926,1.19,1.17,1.11,1.22,1.21,1.23,1.35,0.865,1.25,1.19,1.22,1.18,1.34,0.977,1.15,0.981,0.926,1.09,1.09,1.15,1.14,1.1,1.1,1.18,1.21,1.12,1.22,1.17,1.23,1.17,1.11,0.909,1.23,1.12,1.2,1.29,1.26,1.33,1.28,1.32,1.19,1.02,1.47,1.23,1.37,1.21,1.32,1.21,1.31,1.13,1.19,1.22,1.25,1.22,1.27,1.24,1.3,0.993,0.993,0.949,1.08,1.19,1.11,1.26,1.12,1.19,1.19,1.37,1.24,1.34,1.21,1.11,1.39,1.26,1.18,1.18,1.23,1.18,1.11,1.13,1.07,1.21,1.41,1.28,1.15,1.27,1.18,1.18,1.02,0.993,1.19,1.12,0.962,1.2,0.86,1.03,0.928,0.98,1.32,1.14,1.23,1.2,1.22,0.95,1.09,1.23,1.37,1.31,1.21,1.31,1.3,1.22,1.16,1.23,1.48,1.67,1.07,1.29,1.25,1.48,0.905,0.912,0.936,1.19,0.851,1.19,1.17,1.27,1.09,0.879,0.854,1.07,1.27,1.24
099_S_4104,917.0,175.0,13.7,0.39,0.355,0.547,0.506,0.562,0.631,0.633,0.684,0.602,0.712,0.645,0.569,0.627,0.454,0.552,0.545,0.513,0.574,0.607,0.595,0.677,0.639,0.685,0.617,0.644,0.649,0.62,0.575,0.644,0.581,0.664,0.644,0.533,0.503,0.64,0.668,0.521,0.555,0.687,0.652,0.794,0.678,0.659,0.718,0.68,0.697,0.598,0.673,0.772,0.709,0.693,0.756,0.555,0.558,0.791,0.656,0.543,0.676,0.65,0.713,0.586,0.619,0.674,0.665,0.604,0.619,0.587,0.542,0.524,0.538,0.65,0.694,0.655,0.647,0.633,0.665,0.687,0.69,0.672,0.667,0.669,0.705,0.591,0.627,0.675,0.653,0.619,0.709,0.594,0.668,0.602,0.714,0.683,0.601,0.635,0.59,0.687,0.634,0.625,0.762,0.676,0.686,0.654,0.605,0.688,0.643,0.675,0.703,0.665,0.698,0.659,0.562,0.635,0.66,0.625,0.672,0.638,0.7,0.628,0.641,0.614,0.583,0.596,0.726,0.656,0.687,0.717,0.675,0.616,0.681,0.678,0.73,0.704,0.639,0.757,0.601,0.701,0.762,0.626,0.593,0.711,0.716,0.681,0.797,0.791,0.789,0.697,0.697,0.665,0.644,0.634,0.69,0.672,0.775,0.788,0.706,0.764,0.733,0.704,0.601,0.827,0.563,0.671,0.758,0.69,0.675,0.684,0.679,0.724,0.687,0.661,0.668,0.597,0.718,0.67,0.604,0.702,0.728,0.657,0.677,0.727,0.611,0.695,0.716,0.68,0.643,0.715,0.701,0.69,0.698,0.706,0.67,0.637,0.664,0.661,0.663,0.744,0.676,0.69,0.78,0.971,0.701,1.02,0.829,0.866,0.991,1.07,1.08,0.941,1.11,0.95,1.08,0.931,0.91,0.945,0.926,0.973,0.991,0.984,0.909,1.05,1.14,0.967,1.05,1.07,1.03,1.08,1.02,1.1,1.06,1.08,1.05,1.08,1.06,1.03,0.977,1.02,1.03,1.08,1.04,1.04,0.964,1.03,0.949,0.992,1.08,1.11,1.15,1.01,0.974,1.04,0.963,0.912,1.04,0.86,0.885,1.18,1.2,1.09,1.06,1.12,1.19,1.19,1.08,1.19,1.0,1.14,1.12,1.18,1.16,1.14,1.19,1.21,0.909,1.18,1.16,1.2,1.13,1.26,0.992,1.12,1.0,0.951,1.07,1.1,1.12,1.13,1.09,1.08,1.18,1.21,1.1,1.22,1.18,1.17,1.15,1.1,1.06,1.15,1.11,1.28,1.27,1.31,1.27,1.23,1.27,1.23,1.1,1.53,1.26,1.37,1.18,1.11,1.1,1.24,1.1,1.11,1.11,1.12,1.12,1.09,1.14,1.06,1.23,1.18,0.964,1.08,1.14,1.12,1.16,1.15,1.18,1.17,1.3,1.14,1.25,1.2,1.04,1.19,1.12,1.12,1.15,1.23,1.08,1.11,1.13,1.17,1.15,1.23,1.26,1.16,1.22,1.21,1.13,1.04,1.17,0.97,1.11,1.05,1.13,0.847,1.06,0.903,1.12,1.27,1.17,1.16,1.2,1.24,1.1,1.11,1.2,1.26,1.24,1.31,1.29,1.23,1.21,1.19,1.16,1.48,1.46,1.15,1.24,1.21,1.38,1.05,1.07,1.13,1.23,0.936,1.15,1.27,1.22,1.11,1.07,1.13,1.09,1.22,1.19
099_S_4994,512.0,410.0,40.6,0.385,0.346,0.538,0.498,0.537,0.614,0.625,0.668,0.594,0.699,0.63,0.541,0.616,0.443,0.542,0.53,0.503,0.565,0.584,0.559,0.648,0.616,0.676,0.586,0.611,0.63,0.601,0.557,0.634,0.566,0.645,0.649,0.489,0.456,0.624,0.662,0.53,0.534,0.679,0.664,0.772,0.657,0.627,0.718,0.665,0.676,0.583,0.68,0.744,0.69,0.685,0.741,0.543,0.538,0.781,0.639,0.529,0.648,0.606,0.682,0.551,0.587,0.67,0.644,0.589,0.602,0.597,0.521,0.489,0.518,0.654,0.68,0.641,0.633,0.618,0.632,0.66,0.675,0.638,0.654,0.667,0.671,0.581,0.637,0.682,0.629,0.579,0.68,0.57,0.649,0.6,0.675,0.648,0.547,0.617,0.569,0.684,0.625,0.584,0.743,0.671,0.658,0.64,0.571,0.678,0.616,0.648,0.723,0.606,0.666,0.59,0.508,0.605,0.623,0.56,0.643,0.575,0.673,0.605,0.655,0.567,0.558,0.594,0.697,0.609,0.685,0.688,0.619,0.567,0.644,0.654,0.663,0.689,0.588,0.739,0.583,0.668,0.754,0.591,0.574,0.704,0.711,0.626,0.754,0.772,0.779,0.671,0.677,0.633,0.635,0.629,0.691,0.668,0.746,0.781,0.669,0.749,0.718,0.696,0.589,0.796,0.538,0.648,0.744,0.645,0.67,0.666,0.625,0.678,0.648,0.647,0.634,0.547,0.66,0.664,0.569,0.639,0.719,0.641,0.642,0.698,0.537,0.643,0.667,0.611,0.591,0.688,0.668,0.657,0.665,0.673,0.643,0.596,0.61,0.592,0.668,0.7,0.657,0.646,0.754,1.04,0.734,1.09,0.859,0.895,1.03,1.1,1.15,0.978,1.2,1.01,1.1,0.955,0.975,1.02,1.01,1.03,1.09,1.09,1.01,0.878,1.13,0.97,1.03,1.01,1.07,1.1,1.05,1.02,1.02,1.03,1.05,1.06,1.05,1.03,1.02,1.04,1.03,1.09,1.05,1.18,0.989,1.01,0.966,1.01,1.06,1.02,1.06,0.976,0.909,1.01,0.954,0.784,0.847,0.783,0.926,1.04,1.08,1.03,0.981,1.12,1.1,1.08,1.09,1.13,0.958,0.94,1.03,1.06,1.04,1.03,1.13,1.23,0.877,1.04,1.13,1.12,1.08,1.19,0.903,1.02,0.925,0.708,0.824,0.894,1.0,1.01,0.99,1.06,1.12,1.16,1.02,1.06,0.995,0.985,1.07,1.1,1.03,1.1,0.998,1.41,1.27,1.31,1.3,1.29,1.4,1.32,1.26,1.67,1.42,1.42,1.26,1.24,1.21,1.08,1.21,1.11,1.21,1.25,1.21,1.12,1.25,1.22,1.22,1.22,0.976,1.08,1.17,1.18,1.25,1.18,1.17,1.19,1.28,1.22,1.2,1.22,1.04,1.34,1.2,1.13,1.16,1.18,1.18,1.17,1.18,1.03,1.14,1.23,1.17,1.16,1.23,1.15,1.12,1.04,0.988,1.06,1.11,0.99,1.11,0.888,1.02,0.983,1.17,1.29,1.15,1.18,1.19,1.19,1.08,1.08,1.16,1.24,1.25,1.25,1.23,1.2,1.12,1.03,1.19,1.44,1.52,1.12,1.17,1.22,1.35,0.948,0.981,0.941,1.21,0.837,1.15,1.2,1.26,1.15,1.11,1.01,1.1,1.2,1.23
100_S_0035,710.0,172.0,21.7,0.394,0.369,0.56,0.528,0.55,0.633,0.636,0.685,0.608,0.719,0.653,0.561,0.649,0.487,0.58,0.577,0.513,0.584,0.589,0.6,0.696,0.637,0.69,0.61,0.645,0.657,0.629,0.602,0.656,0.598,0.679,0.653,0.515,0.5,0.669,0.679,0.579,0.563,0.737,0.672,0.804,0.69,0.687,0.736,0.718,0.698,0.597,0.718,0.78,0.729,0.706,0.753,0.566,0.567,0.798,0.677,0.534,0.682,0.687,0.708,0.62,0.619,0.705,0.674,0.641,0.639,0.597,0.507,0.543,0.55,0.651,0.691,0.663,0.657,0.631,0.63,0.685,0.7,0.662,0.694,0.683,0.719,0.61,0.623,0.706,0.652,0.629,0.713,0.593,0.697,0.621,0.714,0.696,0.615,0.647,0.57,0.696,0.66,0.586,0.751,0.69,0.666,0.653,0.597,0.683,0.635,0.687,0.737,0.663,0.713,0.635,0.545,0.616,0.641,0.647,0.653,0.612,0.684,0.63,0.648,0.623,0.582,0.578,0.688,0.599,0.674,0.686,0.639,0.567,0.646,0.638,0.675,0.679,0.625,0.748,0.58,0.67,0.752,0.607,0.578,0.702,0.701,0.632,0.778,0.765,0.776,0.703,0.7,0.665,0.669,0.612,0.66,0.666,0.762,0.775,0.709,0.728,0.692,0.694,0.597,0.781,0.542,0.643,0.745,0.679,0.691,0.684,0.645,0.668,0.67,0.619,0.633,0.551,0.662,0.636,0.594,0.652,0.69,0.642,0.615,0.719,0.6,0.685,0.681,0.625,0.635,0.704,0.683,0.657,0.665,0.656,0.628,0.577,0.635,0.632,0.673,0.694,0.65,0.632,0.754,1.03,0.68,1.08,0.852,0.931,1.11,1.12,1.11,0.954,1.14,0.965,1.13,0.954,0.912,1.03,1.02,0.983,1.05,1.06,1.01,0.975,1.05,0.937,0.972,1.03,0.974,1.11,1.04,1.11,1.12,1.16,1.09,1.08,0.974,1.02,0.985,1.0,1.05,1.1,1.05,0.948,0.916,1.0,0.917,0.955,1.08,1.12,1.09,0.987,0.92,1.03,1.01,0.987,1.03,0.924,0.815,1.2,1.17,1.05,1.08,1.15,1.12,1.1,1.04,1.13,0.975,1.18,1.18,1.19,1.11,1.15,1.34,1.21,0.894,1.26,1.11,1.14,1.15,1.26,1.0,1.15,0.969,1.02,1.12,1.09,1.12,1.15,1.04,1.07,1.08,1.15,1.02,1.12,1.1,1.06,1.23,1.1,1.05,1.18,1.11,1.34,1.28,1.31,1.33,1.4,1.35,1.19,1.08,1.44,1.29,1.35,1.26,1.18,1.2,1.26,1.14,1.13,1.21,1.14,1.15,1.21,1.25,1.2,1.21,1.25,0.963,1.09,1.16,1.13,1.28,1.19,1.23,1.19,1.26,1.22,1.22,1.17,1.09,1.28,1.16,1.17,1.21,1.25,1.05,1.12,1.13,1.1,1.16,1.26,1.16,1.26,1.24,1.2,1.1,1.09,1.12,1.13,1.15,1.08,1.21,0.941,1.07,0.935,1.1,1.3,1.18,1.17,1.15,1.24,1.11,1.21,1.23,1.38,1.33,1.27,1.31,1.22,1.27,1.13,1.18,1.51,1.46,1.08,1.28,1.27,1.41,1.02,1.04,1.07,1.31,1.01,1.17,1.29,1.37,1.13,1.02,1.09,1.02,1.2,1.36
100_S_0047,1410.0,224.0,21.4,0.394,0.367,0.566,0.536,0.567,0.636,0.622,0.673,0.604,0.7,0.644,0.574,0.641,0.473,0.564,0.561,0.524,0.594,0.628,0.602,0.672,0.613,0.676,0.598,0.656,0.636,0.62,0.585,0.636,0.582,0.673,0.651,0.537,0.516,0.644,0.678,0.556,0.57,0.713,0.645,0.771,0.673,0.655,0.727,0.695,0.697,0.605,0.7,0.766,0.7,0.683,0.741,0.528,0.539,0.778,0.642,0.557,0.671,0.664,0.701,0.599,0.613,0.687,0.685,0.636,0.615,0.589,0.57,0.54,0.553,0.659,0.697,0.666,0.636,0.637,0.648,0.662,0.695,0.659,0.654,0.687,0.701,0.595,0.619,0.687,0.647,0.63,0.713,0.621,0.676,0.634,0.686,0.691,0.618,0.638,0.592,0.679,0.63,0.6,0.759,0.676,0.663,0.648,0.616,0.687,0.655,0.665,0.722,0.644,0.659,0.631,0.574,0.624,0.652,0.616,0.654,0.61,0.688,0.622,0.652,0.601,0.573,0.635,0.691,0.619,0.657,0.68,0.648,0.564,0.671,0.652,0.689,0.691,0.654,0.727,0.606,0.684,0.763,0.639,0.614,0.716,0.711,0.681,0.766,0.774,0.779,0.671,0.7,0.67,0.66,0.631,0.7,0.667,0.748,0.796,0.685,0.72,0.678,0.668,0.615,0.799,0.546,0.635,0.733,0.669,0.699,0.669,0.679,0.7,0.646,0.656,0.649,0.58,0.685,0.692,0.602,0.663,0.726,0.681,0.691,0.714,0.578,0.664,0.691,0.66,0.601,0.674,0.669,0.667,0.675,0.663,0.66,0.627,0.646,0.581,0.667,0.714,0.636,0.638,0.752,1.02,0.733,1.06,0.866,0.93,1.09,1.11,1.11,0.974,1.13,0.99,1.1,0.952,0.947,1.03,0.999,1.02,1.05,1.05,0.985,0.887,1.09,0.973,1.02,1.08,1.04,1.08,1.05,1.09,1.14,1.1,1.14,1.12,1.05,1.05,1.04,1.03,1.04,1.09,1.07,1.12,1.0,1.07,0.958,0.999,1.06,1.12,1.22,1.05,0.989,1.1,1.1,0.974,1.0,0.904,0.848,1.17,1.24,1.12,1.07,1.16,1.25,1.24,1.1,1.17,1.01,1.18,1.2,1.23,1.21,1.31,1.3,1.25,0.902,1.28,1.19,1.23,1.2,1.34,1.12,1.25,1.08,1.03,1.15,1.08,1.16,1.21,1.19,1.18,1.16,1.2,1.08,1.24,1.14,1.19,1.22,1.15,1.03,1.21,1.15,1.2,1.25,1.2,1.27,1.31,1.32,1.16,1.08,1.46,1.22,1.4,1.23,1.11,1.16,1.19,1.12,1.13,1.14,1.15,1.16,1.09,1.14,1.13,0.979,1.21,0.961,1.09,1.17,1.09,1.21,1.11,1.21,1.21,1.38,1.17,1.24,1.18,1.06,1.28,1.16,1.12,1.14,1.23,1.1,1.11,1.12,1.03,1.21,1.32,1.08,1.2,1.32,1.32,1.14,1.07,1.01,1.15,1.21,1.12,1.27,0.925,1.04,0.944,1.12,1.32,1.16,1.2,1.23,1.28,1.1,1.21,1.27,1.36,1.3,1.39,1.34,1.3,1.38,1.05,1.24,1.54,1.58,1.12,1.31,1.28,1.55,1.05,1.04,1.02,1.27,0.939,1.18,1.33,1.33,1.18,1.01,1.08,1.12,1.23,1.2
100_S_1062,425.0,180.0,15.5,0.387,0.362,0.555,0.525,0.558,0.631,0.626,0.671,0.601,0.7,0.643,0.572,0.632,0.477,0.565,0.571,0.524,0.595,0.624,0.608,0.675,0.635,0.678,0.613,0.645,0.65,0.625,0.595,0.643,0.589,0.678,0.662,0.531,0.521,0.649,0.679,0.558,0.561,0.721,0.659,0.779,0.682,0.662,0.727,0.683,0.717,0.605,0.673,0.774,0.707,0.684,0.743,0.528,0.529,0.777,0.653,0.554,0.69,0.661,0.714,0.608,0.628,0.693,0.672,0.638,0.625,0.593,0.54,0.544,0.545,0.665,0.705,0.673,0.643,0.616,0.687,0.68,0.688,0.658,0.658,0.679,0.698,0.591,0.628,0.692,0.655,0.634,0.709,0.615,0.675,0.629,0.708,0.696,0.623,0.633,0.587,0.671,0.629,0.613,0.763,0.679,0.674,0.646,0.602,0.674,0.665,0.663,0.708,0.655,0.687,0.644,0.57,0.631,0.659,0.607,0.664,0.637,0.701,0.645,0.677,0.627,0.565,0.646,0.707,0.642,0.686,0.712,0.658,0.591,0.679,0.653,0.698,0.691,0.645,0.758,0.613,0.717,0.766,0.633,0.617,0.715,0.714,0.648,0.77,0.786,0.782,0.679,0.7,0.682,0.67,0.635,0.693,0.688,0.771,0.786,0.69,0.738,0.691,0.675,0.607,0.795,0.54,0.642,0.738,0.695,0.689,0.694,0.657,0.701,0.666,0.653,0.643,0.567,0.68,0.666,0.609,0.673,0.7,0.66,0.686,0.746,0.598,0.677,0.717,0.654,0.625,0.696,0.691,0.678,0.679,0.675,0.676,0.601,0.664,0.605,0.656,0.718,0.652,0.668,0.755,0.925,0.71,0.936,0.813,0.84,0.923,1.03,1.01,0.935,1.0,0.934,0.984,0.934,0.914,1.02,1.02,1.01,1.04,1.06,1.01,1.06,1.11,1.0,1.1,1.02,1.01,1.09,1.03,1.03,0.972,0.993,0.95,0.996,0.958,1.0,0.987,0.983,0.98,1.11,1.04,1.19,1.02,1.11,0.915,0.996,1.09,1.04,1.12,1.07,0.957,1.09,1.03,0.949,0.984,0.88,0.913,1.05,1.05,1.01,0.996,1.16,1.14,1.15,1.06,1.21,0.963,1.03,1.05,1.13,1.1,1.13,1.17,1.08,0.845,1.04,1.12,1.11,1.11,1.16,1.03,1.13,1.01,0.968,1.02,1.04,1.06,1.04,1.08,1.12,1.16,1.21,1.17,1.14,1.16,1.2,1.02,1.0,1.04,1.06,0.98,1.15,1.04,1.06,1.06,1.03,1.06,1.04,1.04,1.16,1.09,1.21,1.08,1.15,1.19,1.28,1.14,1.12,1.2,1.15,1.19,1.12,1.21,1.21,1.2,1.16,0.968,1.06,1.21,1.15,1.24,1.04,1.03,1.02,1.11,1.05,1.06,1.13,1.02,1.14,1.09,1.15,1.15,1.26,1.28,1.3,1.24,1.2,1.21,1.23,1.25,1.13,1.23,1.24,1.19,1.09,1.14,1.1,1.22,1.11,1.23,0.899,1.02,0.976,1.12,1.11,1.08,1.24,1.22,1.2,1.05,1.08,1.06,1.12,1.17,1.32,1.38,1.22,1.22,1.3,1.21,1.26,1.28,1.01,1.1,1.19,1.34,1.08,1.06,1.14,1.13,0.927,1.17,1.29,1.07,1.07,1.04,1.04,1.03,1.1,1.14
109_S_1013,377.0,110.0,10.9,0.383,0.348,0.542,0.519,0.554,0.621,0.622,0.669,0.598,0.712,0.635,0.573,0.627,0.468,0.56,0.549,0.535,0.585,0.619,0.588,0.665,0.626,0.689,0.6,0.635,0.648,0.605,0.572,0.625,0.575,0.675,0.661,0.507,0.519,0.638,0.648,0.546,0.526,0.707,0.654,0.792,0.677,0.659,0.71,0.687,0.71,0.583,0.708,0.773,0.701,0.71,0.779,0.529,0.543,0.8,0.663,0.53,0.687,0.662,0.711,0.588,0.589,0.681,0.671,0.626,0.618,0.583,0.569,0.546,0.544,0.655,0.696,0.673,0.64,0.635,0.624,0.662,0.7,0.65,0.685,0.677,0.704,0.607,0.621,0.69,0.638,0.613,0.699,0.582,0.681,0.628,0.701,0.681,0.618,0.637,0.599,0.692,0.642,0.594,0.75,0.666,0.682,0.648,0.597,0.686,0.653,0.637,0.727,0.628,0.673,0.607,0.556,0.619,0.669,0.612,0.67,0.612,0.68,0.621,0.66,0.603,0.578,0.578,0.699,0.614,0.677,0.698,0.652,0.583,0.63,0.651,0.688,0.673,0.647,0.743,0.635,0.718,0.76,0.625,0.604,0.715,0.727,0.642,0.791,0.786,0.781,0.689,0.684,0.644,0.649,0.62,0.706,0.673,0.766,0.784,0.683,0.782,0.734,0.719,0.605,0.833,0.552,0.637,0.738,0.636,0.702,0.691,0.663,0.706,0.66,0.645,0.646,0.587,0.688,0.683,0.599,0.687,0.733,0.652,0.621,0.727,0.558,0.666,0.703,0.691,0.6,0.665,0.68,0.672,0.674,0.701,0.676,0.613,0.667,0.588,0.688,0.718,0.653,0.628,0.77,1.07,0.769,1.07,0.913,0.937,1.06,1.09,1.16,0.985,1.15,1.03,1.15,0.997,0.996,1.08,1.08,1.03,1.14,1.1,1.06,0.997,1.16,1.04,1.13,1.11,1.11,1.12,1.09,1.1,1.08,1.06,1.03,1.01,1.03,1.06,1.03,1.03,0.963,1.14,1.06,1.31,1.06,1.11,0.97,1.03,1.08,1.07,1.22,1.09,0.961,1.09,1.12,0.971,0.991,0.869,0.893,1.06,1.09,1.05,1.02,1.13,1.24,1.18,1.1,1.23,1.02,1.09,1.11,1.2,1.18,1.23,1.26,1.11,0.936,1.14,1.18,1.17,1.13,1.23,1.04,1.17,1.0,0.963,1.06,0.954,1.16,1.11,1.17,1.21,1.19,1.2,1.17,1.2,1.2,1.25,1.1,1.1,0.986,1.18,1.08,1.29,1.14,1.27,1.26,1.17,1.33,1.13,1.02,1.39,1.24,1.4,1.2,1.22,1.24,1.15,1.2,1.12,1.2,1.16,1.19,1.1,1.14,1.17,1.18,1.22,1.0,1.11,1.24,1.18,1.29,1.09,1.11,1.13,1.21,1.1,1.13,1.21,1.08,1.14,1.15,1.21,1.17,1.28,1.32,1.28,1.27,0.983,1.18,1.24,1.05,1.08,1.25,1.22,1.24,1.07,0.965,1.14,1.26,1.07,1.17,0.888,1.01,0.984,1.11,1.18,1.08,1.19,1.21,1.2,1.08,1.11,1.11,1.2,1.19,1.3,1.36,1.23,1.27,0.999,1.21,1.35,1.34,1.07,1.15,1.22,1.33,0.942,0.994,1.01,1.26,0.935,1.16,1.29,1.15,1.08,0.943,0.982,1.18,1.2,1.23
114_S_0166,470.0,259.0,23.5,0.391,0.352,0.545,0.527,0.563,0.627,0.629,0.671,0.598,0.694,0.64,0.589,0.639,0.489,0.571,0.557,0.525,0.611,0.634,0.613,0.693,0.641,0.683,0.59,0.651,0.649,0.626,0.601,0.648,0.591,0.678,0.673,0.549,0.528,0.651,0.682,0.589,0.56,0.742,0.666,0.783,0.679,0.663,0.73,0.699,0.721,0.609,0.696,0.776,0.703,0.676,0.742,0.531,0.53,0.78,0.648,0.556,0.696,0.671,0.704,0.627,0.616,0.687,0.684,0.631,0.625,0.595,0.56,0.544,0.575,0.663,0.71,0.682,0.645,0.649,0.671,0.679,0.698,0.669,0.646,0.693,0.699,0.587,0.617,0.692,0.638,0.637,0.702,0.619,0.683,0.663,0.705,0.691,0.605,0.631,0.609,0.649,0.622,0.595,0.741,0.672,0.672,0.658,0.606,0.682,0.662,0.657,0.706,0.648,0.638,0.665,0.6,0.64,0.656,0.649,0.696,0.628,0.714,0.65,0.706,0.646,0.65,0.648,0.71,0.635,0.697,0.702,0.661,0.592,0.671,0.66,0.696,0.699,0.658,0.758,0.645,0.701,0.786,0.656,0.629,0.752,0.723,0.665,0.779,0.782,0.78,0.703,0.712,0.681,0.697,0.628,0.687,0.684,0.772,0.781,0.697,0.756,0.695,0.682,0.62,0.793,0.568,0.64,0.73,0.691,0.685,0.71,0.651,0.706,0.656,0.654,0.646,0.573,0.678,0.669,0.605,0.693,0.726,0.701,0.679,0.741,0.618,0.676,0.703,0.67,0.629,0.699,0.686,0.69,0.68,0.687,0.673,0.616,0.642,0.523,0.652,0.724,0.654,0.667,0.752,1.01,0.665,1.06,0.801,0.885,1.05,1.08,1.14,0.936,1.08,0.972,1.11,0.889,0.903,1.02,0.984,1.0,1.02,1.01,0.985,1.01,1.13,0.975,1.07,1.05,1.03,1.08,1.03,1.03,1.07,1.09,1.07,1.04,1.06,1.01,0.997,1.06,1.02,1.11,1.02,1.11,0.987,1.13,0.964,0.966,1.07,1.08,1.15,1.06,0.943,0.977,0.998,0.842,0.908,0.841,0.838,1.1,1.15,1.04,0.993,1.12,1.13,1.09,1.06,1.23,0.968,1.1,1.1,1.18,1.18,1.19,1.18,1.19,0.868,1.15,1.18,1.16,1.07,1.21,1.01,1.13,1.02,0.918,1.02,0.998,1.05,1.15,1.17,1.15,1.19,1.19,1.13,1.09,1.21,1.2,1.16,1.1,0.969,1.15,1.09,1.3,1.21,1.27,1.32,1.3,1.36,1.24,1.13,1.61,1.27,1.44,1.15,1.19,1.24,1.34,1.2,1.15,1.2,1.18,1.16,1.21,1.26,1.21,1.26,1.16,0.957,1.09,1.19,1.17,1.26,1.08,1.19,1.16,1.23,1.13,1.19,1.18,1.05,1.28,1.09,1.1,1.15,1.29,1.2,1.25,1.16,1.23,1.13,1.27,1.28,1.18,1.23,1.24,1.18,1.09,1.21,1.07,1.13,1.06,1.14,0.9,1.01,0.902,1.11,1.21,1.13,1.22,1.25,1.24,1.1,1.07,1.19,1.2,1.18,1.33,1.35,1.24,1.25,1.27,1.18,1.41,1.47,1.12,1.2,1.24,1.31,1.07,1.09,1.22,1.21,0.992,1.15,1.38,1.24,1.14,1.04,1.14,1.02,1.26,1.22
114_S_0173,991.0,306.0,29.3,0.39,0.357,0.561,0.527,0.561,0.627,0.62,0.669,0.596,0.69,0.636,0.579,0.628,0.458,0.563,0.561,0.513,0.599,0.638,0.596,0.667,0.616,0.679,0.593,0.644,0.64,0.61,0.581,0.635,0.59,0.664,0.675,0.541,0.532,0.649,0.676,0.555,0.563,0.717,0.646,0.782,0.669,0.652,0.714,0.676,0.704,0.599,0.701,0.757,0.693,0.686,0.756,0.545,0.538,0.785,0.655,0.528,0.671,0.683,0.695,0.601,0.589,0.681,0.67,0.622,0.609,0.573,0.544,0.52,0.551,0.643,0.704,0.676,0.633,0.637,0.644,0.654,0.689,0.653,0.674,0.68,0.68,0.61,0.621,0.69,0.617,0.611,0.703,0.608,0.681,0.634,0.696,0.691,0.607,0.619,0.596,0.648,0.599,0.583,0.757,0.668,0.653,0.647,0.607,0.67,0.641,0.651,0.708,0.619,0.641,0.633,0.573,0.611,0.659,0.615,0.661,0.601,0.676,0.632,0.661,0.627,0.597,0.619,0.687,0.602,0.657,0.69,0.647,0.555,0.633,0.645,0.696,0.679,0.653,0.748,0.614,0.7,0.755,0.628,0.6,0.698,0.704,0.663,0.772,0.768,0.766,0.671,0.686,0.656,0.663,0.623,0.689,0.663,0.767,0.78,0.681,0.764,0.706,0.7,0.627,0.797,0.552,0.651,0.72,0.687,0.682,0.676,0.657,0.686,0.643,0.64,0.629,0.583,0.653,0.677,0.573,0.687,0.718,0.661,0.668,0.728,0.576,0.665,0.689,0.645,0.6,0.7,0.666,0.683,0.65,0.673,0.664,0.62,0.638,0.511,0.649,0.706,0.648,0.64,0.759,0.987,0.699,1.03,0.846,0.888,0.983,1.07,1.11,0.967,1.13,0.977,1.07,0.983,0.97,1.02,1.03,1.03,1.06,1.09,1.03,0.917,1.07,1.02,1.12,1.06,1.07,1.15,1.1,1.09,1.07,1.03,1.02,1.06,1.01,1.07,1.02,0.97,1.01,1.12,1.1,1.17,1.01,1.11,0.948,1.03,1.13,1.12,1.24,1.06,1.0,1.01,1.03,0.861,0.917,0.791,0.892,1.11,1.13,1.11,1.03,1.13,1.21,1.23,1.13,1.24,0.989,1.1,1.14,1.23,1.12,1.2,1.23,1.22,0.857,1.12,1.25,1.16,1.1,1.21,1.06,1.14,1.08,0.857,1.0,0.957,1.09,1.09,1.2,1.2,1.25,1.23,1.11,1.13,1.09,1.16,1.12,1.1,1.03,1.11,1.08,1.29,1.2,1.23,1.26,1.21,1.28,1.16,1.15,1.48,1.3,1.39,1.17,1.19,1.22,1.35,1.17,1.1,1.17,1.14,1.16,1.12,1.23,1.21,1.08,1.14,0.981,1.2,1.24,1.2,1.34,1.12,1.18,1.14,1.2,1.05,1.09,1.17,1.04,1.18,1.12,1.11,1.15,1.34,1.22,1.19,1.2,1.25,1.18,1.24,1.28,1.16,1.29,1.31,1.21,1.06,1.18,1.14,1.13,1.1,1.18,0.898,1.06,0.948,1.17,1.14,1.11,1.23,1.27,1.31,1.08,1.11,1.19,1.22,1.18,1.4,1.41,1.22,1.29,1.25,1.26,1.38,1.42,1.09,1.17,1.34,1.38,1.08,1.06,1.14,1.12,0.969,1.3,1.25,1.21,1.13,1.09,1.02,1.07,1.12,1.16
114_S_0374,495.0,261.0,24.0,0.383,0.343,0.534,0.503,0.546,0.623,0.622,0.667,0.59,0.686,0.63,0.547,0.62,0.448,0.537,0.549,0.487,0.57,0.592,0.599,0.668,0.616,0.677,0.589,0.645,0.636,0.612,0.57,0.628,0.575,0.66,0.65,0.508,0.494,0.631,0.677,0.548,0.54,0.704,0.646,0.777,0.672,0.651,0.719,0.672,0.696,0.591,0.693,0.729,0.693,0.662,0.725,0.517,0.525,0.766,0.641,0.536,0.676,0.641,0.708,0.58,0.606,0.672,0.67,0.598,0.601,0.578,0.49,0.526,0.553,0.655,0.691,0.663,0.621,0.601,0.636,0.667,0.69,0.658,0.654,0.672,0.689,0.586,0.606,0.674,0.631,0.629,0.708,0.603,0.658,0.62,0.682,0.665,0.619,0.619,0.603,0.66,0.641,0.592,0.743,0.664,0.638,0.631,0.588,0.683,0.652,0.651,0.707,0.637,0.661,0.638,0.552,0.625,0.648,0.596,0.64,0.587,0.688,0.606,0.638,0.612,0.57,0.635,0.699,0.613,0.684,0.707,0.644,0.553,0.684,0.646,0.703,0.685,0.63,0.757,0.577,0.676,0.758,0.596,0.575,0.718,0.702,0.641,0.766,0.772,0.772,0.656,0.674,0.644,0.647,0.604,0.692,0.68,0.765,0.765,0.677,0.731,0.682,0.67,0.607,0.776,0.537,0.641,0.727,0.692,0.686,0.666,0.649,0.698,0.643,0.636,0.631,0.55,0.665,0.677,0.566,0.656,0.731,0.64,0.645,0.714,0.582,0.665,0.68,0.648,0.615,0.689,0.682,0.674,0.67,0.658,0.651,0.627,0.653,0.573,0.651,0.716,0.635,0.656,0.758,0.945,0.67,1.05,0.821,0.824,0.957,0.983,1.08,0.943,1.13,0.981,1.12,0.943,0.937,1.04,1.0,1.02,1.03,1.03,1.0,1.01,1.11,0.982,1.1,1.09,1.08,1.12,1.05,1.03,0.955,0.94,1.0,1.02,0.98,1.05,0.999,0.969,1.0,1.08,1.09,1.14,1.0,1.16,0.972,0.996,1.1,1.14,1.17,1.04,0.983,1.08,1.08,0.935,0.923,0.879,0.884,0.961,1.05,1.04,0.988,1.1,1.19,1.17,1.08,1.14,0.97,0.975,1.15,1.19,1.22,1.21,1.24,1.2,0.881,1.16,1.15,1.12,1.06,1.18,1.07,1.23,1.04,1.0,1.03,1.07,1.13,1.15,1.25,1.24,1.21,1.22,1.18,1.21,1.24,1.29,1.14,1.1,0.966,1.12,1.01,1.21,1.12,1.22,1.19,1.17,1.3,1.14,1.16,1.56,1.33,1.38,1.17,1.23,1.23,1.19,1.19,1.14,1.19,1.18,1.16,1.17,1.18,1.12,1.14,1.23,0.933,1.1,1.18,1.24,1.25,1.05,1.13,1.16,1.26,1.07,1.13,1.22,1.03,1.21,1.14,1.13,1.21,1.22,1.18,1.22,1.16,1.18,1.13,1.15,1.23,1.18,1.23,1.26,1.13,1.05,1.19,1.14,1.23,1.18,1.22,0.914,0.952,0.924,1.06,1.18,1.11,1.19,1.18,1.22,1.04,0.996,1.01,1.22,1.18,1.31,1.33,1.27,1.27,1.2,1.2,1.34,1.32,0.985,1.2,1.24,1.23,1.06,1.09,1.21,1.17,0.92,1.24,1.36,1.22,1.11,1.06,1.03,1.13,1.14,1.25
114_S_0416,1080.0,273.0,21.0,0.382,0.354,0.542,0.521,0.55,0.622,0.625,0.675,0.594,0.692,0.637,0.586,0.625,0.479,0.564,0.563,0.523,0.619,0.636,0.585,0.663,0.619,0.672,0.596,0.63,0.637,0.623,0.576,0.634,0.587,0.659,0.661,0.544,0.539,0.641,0.687,0.551,0.579,0.698,0.642,0.774,0.67,0.652,0.72,0.662,0.704,0.598,0.69,0.766,0.69,0.656,0.725,0.532,0.53,0.774,0.629,0.538,0.659,0.642,0.707,0.607,0.602,0.685,0.673,0.616,0.615,0.576,0.521,0.527,0.553,0.642,0.702,0.676,0.638,0.634,0.661,0.664,0.681,0.65,0.623,0.683,0.696,0.586,0.608,0.674,0.633,0.639,0.708,0.604,0.668,0.63,0.69,0.692,0.597,0.62,0.579,0.644,0.62,0.608,0.74,0.665,0.67,0.649,0.595,0.667,0.657,0.658,0.707,0.65,0.641,0.636,0.575,0.641,0.634,0.607,0.648,0.6,0.691,0.623,0.649,0.619,0.598,0.63,0.685,0.614,0.671,0.688,0.605,0.572,0.659,0.654,0.693,0.664,0.645,0.735,0.599,0.689,0.77,0.629,0.611,0.707,0.699,0.588,0.763,0.773,0.774,0.67,0.676,0.652,0.65,0.621,0.688,0.65,0.752,0.767,0.675,0.725,0.671,0.64,0.615,0.777,0.547,0.623,0.718,0.687,0.687,0.681,0.648,0.709,0.65,0.655,0.632,0.573,0.669,0.6,0.597,0.683,0.716,0.652,0.571,0.711,0.57,0.663,0.675,0.638,0.602,0.682,0.669,0.675,0.669,0.652,0.661,0.589,0.651,0.536,0.657,0.708,0.638,0.647,0.755,0.979,0.667,1.04,0.809,0.868,1.0,1.05,1.07,0.924,1.06,0.953,1.08,0.907,0.872,0.984,0.966,0.972,0.99,1.01,0.941,0.999,1.11,0.973,1.06,1.03,1.05,1.11,0.998,1.0,1.02,1.08,1.07,1.03,1.02,1.02,0.953,1.01,0.996,1.01,1.04,1.04,0.978,1.09,0.938,0.975,1.0,1.09,1.11,1.07,0.954,1.02,1.04,0.932,0.974,0.863,0.825,1.11,1.13,1.08,1.04,1.02,1.21,1.17,1.08,1.13,0.957,1.06,1.15,1.15,1.14,1.14,1.21,1.21,0.85,1.18,1.17,1.2,1.12,1.26,1.06,1.13,1.02,0.948,1.06,1.03,1.08,1.17,1.17,1.16,1.22,1.17,1.09,1.17,1.21,1.21,1.14,1.09,0.992,1.12,1.04,1.16,1.18,1.2,1.26,1.21,1.26,0.949,0.941,1.38,1.2,1.33,1.12,1.14,1.08,1.16,1.1,1.1,1.12,1.11,1.09,1.01,1.09,1.07,1.08,1.15,0.941,1.09,1.19,1.14,1.25,1.08,1.19,1.13,1.22,1.06,1.08,1.12,0.995,1.14,1.09,1.07,1.17,1.21,1.09,1.16,1.17,1.14,1.14,1.19,1.11,1.14,1.27,1.22,1.13,1.04,1.08,1.14,1.14,1.15,1.22,0.903,1.03,0.921,1.03,1.08,1.06,1.19,1.19,1.26,1.06,1.08,1.16,1.25,1.16,1.28,1.3,1.26,1.27,1.09,1.23,1.44,1.37,1.08,1.22,1.28,1.39,1.07,1.06,1.12,1.12,0.916,1.17,1.28,1.15,1.08,0.938,1.0,1.05,1.14,1.23
116_S_0657,1700.0,183.0,15.1,0.368,0.333,0.53,0.5,0.553,0.618,0.612,0.657,0.577,0.687,0.627,0.563,0.612,0.456,0.551,0.541,0.486,0.548,0.61,0.587,0.674,0.622,0.678,0.603,0.631,0.639,0.627,0.562,0.62,0.574,0.667,0.658,0.521,0.494,0.632,0.639,0.567,0.525,0.712,0.648,0.78,0.671,0.652,0.716,0.677,0.701,0.591,0.704,0.758,0.697,0.677,0.751,0.489,0.539,0.782,0.646,0.525,0.647,0.677,0.696,0.603,0.618,0.683,0.662,0.595,0.598,0.582,0.528,0.544,0.54,0.657,0.693,0.676,0.636,0.639,0.676,0.68,0.684,0.652,0.652,0.671,0.691,0.582,0.617,0.686,0.642,0.618,0.687,0.595,0.699,0.641,0.692,0.675,0.581,0.641,0.587,0.673,0.623,0.613,0.76,0.675,0.656,0.655,0.604,0.687,0.671,0.659,0.695,0.648,0.659,0.642,0.553,0.606,0.64,0.596,0.649,0.618,0.686,0.594,0.643,0.593,0.586,0.614,0.7,0.616,0.667,0.688,0.632,0.563,0.664,0.638,0.675,0.709,0.635,0.739,0.613,0.682,0.75,0.622,0.594,0.719,0.7,0.653,0.761,0.787,0.764,0.691,0.691,0.668,0.645,0.589,0.695,0.684,0.751,0.77,0.69,0.743,0.702,0.67,0.6,0.811,0.521,0.617,0.724,0.693,0.671,0.679,0.656,0.707,0.648,0.644,0.641,0.523,0.716,0.68,0.575,0.676,0.709,0.666,0.685,0.722,0.603,0.679,0.72,0.675,0.62,0.698,0.684,0.687,0.673,0.684,0.669,0.623,0.666,0.571,0.65,0.705,0.64,0.663,0.755,1.02,0.764,1.03,0.878,0.905,0.994,1.02,1.08,0.933,1.06,1.02,1.07,0.966,0.959,1.03,0.991,0.971,0.999,1.01,0.978,1.04,1.1,0.993,1.08,1.1,1.07,1.08,1.05,1.06,1.04,1.06,1.02,1.07,1.06,1.07,1.01,1.03,1.04,1.08,1.06,1.18,1.03,1.12,0.953,1.01,1.07,1.09,1.13,1.08,0.992,1.03,1.04,0.981,1.0,0.899,0.924,1.1,1.17,1.09,1.05,1.09,1.15,1.2,1.13,1.17,1.02,1.06,1.13,1.16,1.11,1.18,1.2,1.24,0.926,1.14,1.13,1.15,1.14,1.2,1.03,1.12,1.05,0.933,1.02,1.04,1.09,1.11,1.19,1.12,1.2,1.19,1.16,1.13,1.15,1.19,1.09,1.04,0.973,1.1,1.1,1.21,1.18,1.17,1.2,1.13,1.18,1.1,1.0,1.35,1.18,1.39,1.13,1.12,1.14,1.2,1.07,1.09,1.11,1.1,1.11,1.07,1.08,1.14,1.14,1.15,0.972,1.08,1.16,1.11,1.17,1.12,1.12,1.12,1.3,1.14,1.21,1.17,1.06,1.28,1.12,1.07,1.14,1.19,1.22,1.24,1.2,1.2,1.19,1.26,1.17,1.1,1.19,1.18,1.16,1.07,1.19,1.12,1.17,1.1,1.18,0.933,1.03,1.0,1.09,1.2,1.1,1.18,1.17,1.18,1.12,1.07,1.12,1.22,1.2,1.22,1.21,1.19,1.23,1.22,1.19,1.42,1.49,1.15,1.16,1.19,1.37,1.08,1.08,1.21,1.16,0.917,1.18,1.17,1.13,1.12,0.976,1.01,1.08,1.16,1.17
116_S_4010,556.0,162.0,14.8,0.384,0.364,0.547,0.529,0.564,0.625,0.637,0.681,0.612,0.713,0.648,0.567,0.634,0.481,0.587,0.576,0.532,0.601,0.616,0.607,0.681,0.636,0.693,0.617,0.65,0.649,0.624,0.604,0.641,0.588,0.67,0.699,0.516,0.514,0.657,0.668,0.597,0.536,0.714,0.656,0.808,0.686,0.662,0.719,0.691,0.717,0.609,0.68,0.781,0.716,0.698,0.763,0.537,0.545,0.788,0.669,0.532,0.652,0.678,0.699,0.602,0.621,0.687,0.683,0.625,0.615,0.59,0.533,0.557,0.539,0.649,0.691,0.665,0.632,0.622,0.663,0.679,0.696,0.654,0.691,0.669,0.704,0.606,0.616,0.689,0.65,0.651,0.717,0.614,0.687,0.616,0.716,0.699,0.604,0.64,0.601,0.676,0.637,0.605,0.745,0.671,0.678,0.634,0.588,0.683,0.634,0.662,0.726,0.664,0.687,0.65,0.545,0.629,0.659,0.628,0.689,0.626,0.69,0.641,0.679,0.591,0.609,0.625,0.718,0.641,0.693,0.71,0.635,0.584,0.663,0.671,0.705,0.713,0.645,0.747,0.608,0.699,0.766,0.601,0.594,0.717,0.715,0.638,0.796,0.788,0.793,0.697,0.691,0.676,0.652,0.632,0.678,0.685,0.769,0.789,0.693,0.777,0.739,0.72,0.594,0.817,0.554,0.657,0.743,0.669,0.697,0.693,0.676,0.694,0.662,0.646,0.658,0.584,0.676,0.678,0.605,0.674,0.729,0.671,0.69,0.725,0.612,0.686,0.717,0.677,0.646,0.717,0.705,0.686,0.689,0.688,0.665,0.604,0.648,0.614,0.681,0.731,0.676,0.674,0.776,0.961,0.663,1.03,0.809,0.855,1.02,1.03,1.05,0.905,1.06,0.927,1.07,0.887,0.905,0.982,0.967,0.943,0.993,0.981,0.96,1.02,1.14,0.979,1.07,1.04,0.995,1.09,1.01,1.06,1.02,1.05,1.06,1.08,1.01,1.05,0.947,1.0,1.01,1.09,1.02,1.03,0.983,1.09,0.936,0.943,1.02,1.1,1.17,1.04,0.952,1.05,1.04,0.913,0.951,0.864,0.894,1.14,1.18,1.11,1.06,1.09,1.2,1.13,1.08,1.13,0.984,1.15,1.15,1.15,1.15,1.25,1.21,1.21,0.9,1.19,1.12,1.18,1.09,1.2,1.01,1.17,1.02,0.988,1.07,1.11,1.14,1.13,1.16,1.18,1.1,1.15,1.14,1.21,1.16,1.2,1.18,1.08,1.01,1.14,1.05,1.24,1.17,1.15,1.26,1.31,1.26,1.15,1.08,1.5,1.26,1.35,1.11,1.11,1.13,1.16,1.08,1.06,1.1,1.07,1.07,1.03,1.02,1.08,1.2,1.21,0.935,1.04,1.11,1.1,1.19,1.08,1.13,1.14,1.26,1.12,1.2,1.13,1.04,1.22,1.1,1.1,1.1,1.16,1.08,1.16,1.14,1.1,1.1,1.2,1.12,1.16,1.29,1.23,1.07,1.05,1.13,1.14,1.14,1.15,1.23,0.879,1.01,0.94,1.08,1.28,1.11,1.11,1.22,1.17,1.06,1.13,1.18,1.31,1.21,1.31,1.31,1.27,1.34,1.08,1.14,1.43,1.43,1.13,1.22,1.19,1.34,1.05,1.05,1.18,1.28,0.967,1.16,1.27,1.27,1.09,1.03,1.06,1.06,1.16,1.23
116_S_4043,1700.0,264.0,22.0,0.382,0.348,0.539,0.499,0.554,0.623,0.631,0.68,0.598,0.711,0.638,0.566,0.624,0.453,0.553,0.543,0.498,0.587,0.61,0.59,0.678,0.628,0.683,0.612,0.642,0.642,0.606,0.575,0.638,0.583,0.666,0.651,0.52,0.518,0.655,0.677,0.548,0.55,0.712,0.667,0.796,0.672,0.661,0.731,0.681,0.696,0.601,0.681,0.773,0.705,0.692,0.749,0.549,0.554,0.78,0.654,0.536,0.661,0.638,0.711,0.546,0.596,0.677,0.665,0.601,0.61,0.583,0.517,0.48,0.541,0.64,0.681,0.662,0.639,0.646,0.655,0.664,0.684,0.645,0.659,0.675,0.697,0.606,0.631,0.693,0.665,0.638,0.694,0.584,0.654,0.615,0.72,0.675,0.586,0.641,0.588,0.684,0.662,0.613,0.75,0.669,0.676,0.63,0.579,0.676,0.631,0.652,0.713,0.616,0.683,0.615,0.54,0.652,0.647,0.606,0.659,0.599,0.683,0.607,0.639,0.62,0.594,0.59,0.723,0.635,0.7,0.694,0.663,0.593,0.696,0.661,0.695,0.686,0.618,0.761,0.599,0.693,0.768,0.61,0.614,0.718,0.718,0.675,0.787,0.793,0.786,0.69,0.704,0.642,0.647,0.627,0.708,0.675,0.755,0.786,0.701,0.76,0.72,0.7,0.602,0.806,0.567,0.65,0.763,0.653,0.681,0.683,0.672,0.706,0.662,0.656,0.649,0.565,0.676,0.696,0.587,0.679,0.732,0.667,0.663,0.723,0.561,0.667,0.703,0.653,0.599,0.696,0.691,0.684,0.685,0.694,0.658,0.607,0.625,0.62,0.688,0.732,0.673,0.678,0.772,1.01,0.688,1.11,0.843,0.91,1.07,1.08,1.12,0.938,1.14,0.992,1.13,0.906,0.914,0.978,0.957,0.967,0.968,0.996,0.892,0.97,1.17,0.984,1.07,1.11,1.06,1.11,1.07,1.03,1.04,1.11,1.08,1.07,1.04,0.995,0.985,0.921,0.95,1.1,1.06,1.02,0.999,1.12,0.937,0.96,1.0,1.11,1.15,1.08,0.942,1.06,1.08,0.951,1.02,0.871,0.845,1.2,1.25,1.09,1.0,1.01,1.23,1.19,1.07,1.18,0.986,1.15,1.16,1.2,1.23,1.25,1.29,1.23,0.88,1.3,1.16,1.2,1.15,1.26,1.04,1.19,1.03,1.01,1.15,1.14,1.16,1.16,1.19,1.13,1.06,1.17,1.12,1.25,1.17,1.21,1.21,1.11,0.986,1.2,1.14,1.33,1.26,1.41,1.35,1.33,1.37,1.11,1.05,1.65,1.32,1.47,1.19,1.16,1.11,1.02,1.07,1.09,1.08,1.03,0.997,1.09,1.06,1.1,1.2,1.25,0.959,1.12,1.18,1.13,1.22,1.15,1.27,1.23,1.24,1.1,1.19,1.13,0.993,1.12,1.06,1.06,1.14,1.16,1.07,1.19,1.18,0.901,1.1,1.16,1.1,1.13,1.27,1.16,1.11,1.09,0.931,1.11,1.1,1.05,1.21,0.87,1.05,0.924,1.11,1.29,1.11,1.09,1.18,1.21,1.02,1.16,1.2,1.31,1.2,1.26,1.22,1.25,1.29,0.988,1.17,1.5,1.46,1.01,1.27,1.2,1.35,0.997,1.02,1.09,1.29,0.984,1.16,1.33,1.3,1.08,0.978,1.06,1.13,1.31,1.29
116_S_4092,947.0,450.0,45.9,0.372,0.348,0.535,0.505,0.554,0.624,0.623,0.67,0.594,0.692,0.631,0.563,0.627,0.477,0.561,0.548,0.498,0.566,0.582,0.583,0.676,0.636,0.678,0.606,0.64,0.648,0.614,0.578,0.638,0.581,0.655,0.653,0.507,0.535,0.649,0.651,0.539,0.525,0.708,0.654,0.791,0.682,0.673,0.718,0.683,0.701,0.597,0.693,0.772,0.707,0.688,0.751,0.547,0.544,0.777,0.664,0.547,0.652,0.646,0.716,0.573,0.606,0.675,0.651,0.614,0.62,0.58,0.555,0.536,0.535,0.644,0.695,0.669,0.637,0.623,0.635,0.663,0.688,0.649,0.67,0.672,0.701,0.602,0.615,0.683,0.645,0.616,0.692,0.585,0.657,0.607,0.712,0.691,0.582,0.634,0.588,0.679,0.646,0.615,0.75,0.665,0.641,0.633,0.571,0.667,0.631,0.656,0.724,0.65,0.667,0.642,0.541,0.613,0.65,0.635,0.657,0.607,0.669,0.6,0.645,0.589,0.586,0.6,0.701,0.621,0.67,0.701,0.66,0.561,0.663,0.652,0.705,0.676,0.624,0.744,0.581,0.701,0.754,0.61,0.581,0.708,0.723,0.661,0.784,0.778,0.78,0.671,0.695,0.676,0.671,0.621,0.686,0.678,0.766,0.782,0.685,0.746,0.717,0.706,0.639,0.809,0.549,0.653,0.747,0.679,0.67,0.675,0.679,0.665,0.658,0.645,0.643,0.549,0.691,0.672,0.564,0.681,0.723,0.633,0.643,0.719,0.593,0.674,0.692,0.633,0.623,0.709,0.683,0.697,0.677,0.69,0.657,0.62,0.644,0.601,0.673,0.714,0.652,0.662,0.766,0.956,0.69,1.01,0.822,0.87,1.02,1.06,1.09,0.951,1.07,0.977,1.11,0.918,0.898,0.989,0.945,0.956,0.98,0.958,0.966,0.991,1.11,0.964,1.03,1.04,0.984,1.08,1.04,1.09,1.06,1.07,1.02,1.06,1.02,1.01,0.973,0.999,0.966,1.02,1.04,1.06,0.962,1.09,0.918,0.969,1.01,1.09,1.19,1.06,0.963,1.11,1.07,0.947,0.99,0.904,0.905,1.15,1.11,1.07,1.05,1.1,1.25,1.21,1.07,1.17,0.998,1.16,1.17,1.19,1.2,1.22,1.15,1.16,0.883,1.18,1.15,1.17,1.1,1.2,1.05,1.16,1.04,1.01,1.12,1.07,1.18,1.15,1.15,1.14,1.08,1.13,1.12,1.22,1.18,1.24,1.19,1.13,1.03,1.14,1.06,1.29,1.19,1.28,1.26,1.21,1.3,1.14,1.11,1.52,1.28,1.42,1.14,1.06,1.12,1.17,1.09,1.08,1.08,1.06,1.05,1.08,1.09,1.1,0.991,1.17,0.927,1.03,1.08,1.06,1.17,1.13,1.14,1.12,1.2,1.07,1.13,1.08,1.03,1.1,1.06,1.02,1.11,1.16,1.13,1.18,1.13,1.07,1.15,1.23,1.1,1.14,1.27,1.18,1.12,1.05,1.14,1.14,1.16,1.15,1.2,0.911,1.01,0.978,1.09,1.15,1.07,1.11,1.17,1.21,1.08,1.14,1.2,1.22,1.14,1.24,1.2,1.24,1.27,1.17,1.14,1.38,1.39,1.11,1.18,1.2,1.35,1.03,1.04,1.12,1.24,0.908,1.1,1.26,1.2,1.1,1.04,0.979,1.06,1.17,1.16
116_S_4195,434.0,533.0,55.8,0.376,0.341,0.529,0.495,0.552,0.619,0.624,0.676,0.592,0.715,0.637,0.551,0.631,0.441,0.544,0.532,0.489,0.571,0.587,0.58,0.674,0.628,0.675,0.602,0.639,0.642,0.596,0.552,0.637,0.573,0.663,0.656,0.505,0.479,0.639,0.67,0.544,0.519,0.699,0.641,0.793,0.672,0.652,0.722,0.678,0.696,0.583,0.684,0.769,0.698,0.698,0.76,0.543,0.548,0.786,0.642,0.516,0.67,0.64,0.7,0.584,0.586,0.683,0.655,0.593,0.609,0.578,0.52,0.508,0.544,0.648,0.692,0.653,0.638,0.616,0.632,0.681,0.684,0.659,0.664,0.684,0.698,0.588,0.607,0.674,0.647,0.617,0.697,0.592,0.668,0.618,0.705,0.687,0.572,0.628,0.597,0.697,0.635,0.606,0.756,0.664,0.681,0.644,0.589,0.678,0.638,0.667,0.719,0.668,0.719,0.637,0.529,0.636,0.674,0.631,0.673,0.592,0.69,0.628,0.662,0.605,0.582,0.571,0.714,0.649,0.685,0.714,0.667,0.588,0.656,0.663,0.704,0.705,0.621,0.735,0.611,0.713,0.761,0.6,0.59,0.727,0.718,0.635,0.782,0.777,0.789,0.687,0.692,0.667,0.648,0.629,0.691,0.681,0.773,0.803,0.693,0.768,0.74,0.73,0.594,0.829,0.545,0.656,0.754,0.672,0.702,0.677,0.661,0.707,0.669,0.641,0.641,0.581,0.711,0.671,0.604,0.679,0.723,0.649,0.644,0.734,0.608,0.679,0.715,0.658,0.634,0.706,0.685,0.674,0.687,0.705,0.681,0.618,0.638,0.646,0.685,0.726,0.675,0.675,0.769,1.02,0.718,1.14,0.883,0.906,1.03,1.06,1.08,0.941,1.15,1.04,1.17,0.912,0.935,1.03,0.959,0.968,1.0,1.02,1.0,1.05,1.16,1.02,1.07,1.02,1.04,1.12,1.06,1.04,0.988,1.0,0.904,0.987,0.896,1.01,0.972,1.02,0.996,1.08,1.06,1.18,0.999,1.11,0.96,1.01,1.07,0.983,1.21,1.12,0.982,1.12,1.07,0.965,0.951,0.908,0.96,0.973,0.877,0.964,0.952,1.06,1.23,1.17,1.07,1.17,0.981,0.916,0.98,1.15,1.22,1.22,1.17,1.12,0.915,0.952,1.11,1.14,1.07,1.14,1.08,1.19,1.05,0.962,0.977,1.01,0.981,0.994,1.2,1.19,1.15,1.14,1.22,1.24,1.25,1.3,1.09,1.09,0.926,1.02,0.985,1.36,1.02,1.39,1.21,1.1,1.32,1.25,1.09,1.64,1.3,1.47,1.2,1.19,1.16,1.26,1.17,1.12,1.15,1.14,1.06,1.06,1.17,1.16,1.18,1.15,0.965,1.06,1.16,1.12,1.25,1.04,0.985,1.01,1.07,0.96,0.994,1.13,0.976,1.07,1.04,1.08,1.07,1.21,1.23,1.28,1.17,1.17,1.17,1.12,1.16,1.01,1.25,1.22,1.14,1.08,1.12,1.15,1.27,1.13,1.18,0.888,0.92,0.885,1.07,0.906,1.07,1.08,1.19,1.15,1.02,0.947,0.877,0.883,1.02,1.21,1.19,1.26,1.25,1.1,1.11,1.27,1.17,1.06,0.929,1.18,1.13,1.08,1.04,1.16,0.98,0.881,1.17,1.33,0.973,1.09,0.945,1.05,1.0,0.98,1.02
116_S_4209,653.0,410.0,45.5,0.376,0.347,0.532,0.506,0.546,0.607,0.623,0.669,0.591,0.692,0.637,0.56,0.63,0.457,0.557,0.551,0.509,0.602,0.608,0.6,0.671,0.622,0.677,0.586,0.642,0.633,0.614,0.566,0.628,0.571,0.645,0.655,0.527,0.524,0.642,0.671,0.543,0.542,0.706,0.656,0.782,0.671,0.637,0.728,0.692,0.704,0.602,0.675,0.767,0.7,0.684,0.739,0.533,0.54,0.774,0.646,0.537,0.67,0.637,0.705,0.592,0.577,0.668,0.662,0.6,0.605,0.57,0.534,0.503,0.531,0.651,0.698,0.671,0.644,0.618,0.63,0.676,0.679,0.653,0.668,0.67,0.692,0.585,0.621,0.666,0.627,0.595,0.684,0.592,0.662,0.627,0.687,0.667,0.584,0.604,0.597,0.671,0.627,0.588,0.745,0.669,0.669,0.631,0.583,0.676,0.63,0.642,0.705,0.647,0.664,0.641,0.559,0.627,0.655,0.637,0.67,0.612,0.693,0.648,0.664,0.624,0.608,0.616,0.694,0.629,0.688,0.705,0.649,0.579,0.639,0.658,0.704,0.689,0.652,0.745,0.61,0.685,0.77,0.633,0.6,0.721,0.718,0.641,0.767,0.758,0.77,0.679,0.699,0.656,0.661,0.63,0.684,0.669,0.745,0.778,0.687,0.746,0.709,0.697,0.568,0.807,0.546,0.649,0.744,0.702,0.693,0.685,0.634,0.698,0.656,0.635,0.639,0.561,0.66,0.646,0.593,0.659,0.693,0.658,0.641,0.72,0.598,0.675,0.694,0.643,0.629,0.705,0.683,0.666,0.655,0.685,0.658,0.583,0.637,0.598,0.673,0.712,0.654,0.676,0.744,1.05,0.703,1.09,0.858,0.911,1.06,1.11,1.1,0.955,1.13,0.99,1.11,0.933,0.96,1.04,1.02,1.03,1.07,1.02,0.994,1.03,1.07,1.0,1.12,1.05,1.07,1.12,1.07,1.04,1.05,1.05,0.969,1.04,1.06,1.08,1.01,1.06,1.05,1.16,1.06,1.09,0.992,1.1,0.962,1.0,1.04,1.1,1.22,1.05,0.977,1.04,0.992,0.914,0.902,0.884,0.911,1.01,1.04,1.08,1.05,1.14,1.22,1.17,1.12,1.15,0.963,0.869,1.02,1.14,1.12,1.17,1.19,1.2,0.857,1.0,1.15,1.15,1.09,1.2,1.04,1.15,1.02,0.844,0.836,0.993,1.02,1.08,1.16,1.18,1.15,1.14,1.11,1.17,1.16,1.18,1.12,1.14,1.0,1.08,1.01,1.3,1.19,1.3,1.36,1.25,1.3,1.32,1.19,1.58,1.3,1.41,1.19,1.23,1.22,1.29,1.2,1.14,1.16,1.16,1.18,1.11,1.17,1.1,1.17,1.21,0.979,1.13,1.21,1.23,1.29,1.07,1.11,1.07,1.22,1.11,1.12,1.22,1.01,1.18,1.14,1.13,1.2,1.25,1.17,1.27,1.2,1.17,1.14,1.22,1.15,1.19,1.32,1.3,1.13,1.05,1.22,1.1,1.15,1.16,1.25,0.903,0.965,0.925,1.07,1.1,1.13,1.17,1.24,1.24,1.05,1.0,1.02,1.2,1.19,1.27,1.26,1.24,1.3,1.17,1.19,1.38,1.36,1.02,1.17,1.23,1.29,1.1,1.1,1.23,1.14,0.997,1.22,1.31,1.18,1.16,1.07,1.04,1.07,1.12,1.26
116_S_4338,1370.0,312.0,27.3,0.378,0.343,0.535,0.5,0.541,0.6,0.618,0.656,0.585,0.67,0.621,0.535,0.612,0.448,0.547,0.537,0.502,0.57,0.611,0.584,0.653,0.614,0.661,0.581,0.624,0.631,0.607,0.553,0.594,0.569,0.651,0.64,0.493,0.486,0.623,0.631,0.533,0.541,0.683,0.645,0.766,0.662,0.631,0.71,0.656,0.691,0.587,0.65,0.751,0.681,0.659,0.725,0.535,0.53,0.766,0.627,0.533,0.659,0.616,0.71,0.567,0.578,0.644,0.644,0.585,0.596,0.566,0.506,0.495,0.531,0.631,0.674,0.656,0.608,0.604,0.635,0.654,0.67,0.627,0.656,0.657,0.672,0.559,0.611,0.666,0.624,0.603,0.678,0.582,0.652,0.554,0.681,0.666,0.575,0.597,0.579,0.66,0.597,0.592,0.74,0.663,0.648,0.627,0.569,0.666,0.61,0.62,0.693,0.606,0.634,0.615,0.539,0.612,0.639,0.601,0.653,0.597,0.691,0.627,0.65,0.622,0.589,0.614,0.686,0.618,0.671,0.69,0.633,0.564,0.649,0.632,0.683,0.665,0.608,0.735,0.582,0.691,0.747,0.626,0.574,0.691,0.698,0.611,0.768,0.762,0.756,0.664,0.674,0.656,0.649,0.619,0.68,0.645,0.755,0.759,0.663,0.738,0.698,0.686,0.584,0.796,0.543,0.648,0.711,0.652,0.679,0.656,0.637,0.675,0.635,0.635,0.628,0.55,0.679,0.665,0.577,0.655,0.704,0.628,0.665,0.688,0.58,0.656,0.683,0.609,0.599,0.687,0.668,0.646,0.656,0.678,0.655,0.604,0.613,0.563,0.622,0.716,0.641,0.637,0.769,0.966,0.674,1.01,0.849,0.892,1.03,1.09,1.08,0.965,1.12,0.976,1.09,0.907,0.932,1.01,1.0,0.999,1.01,0.991,0.932,1.05,1.1,1.04,1.1,1.06,1.05,1.14,1.03,1.09,1.02,1.09,1.1,1.04,1.03,1.01,0.962,0.998,0.999,1.07,1.1,0.945,0.977,1.08,0.939,0.971,1.02,1.12,1.19,1.04,0.932,0.991,1.01,0.792,0.963,0.724,0.779,1.14,1.11,1.03,1.03,1.12,1.21,1.11,1.07,1.18,0.941,1.11,1.12,1.15,1.17,1.2,1.34,1.19,0.854,1.15,1.15,1.2,1.13,1.18,0.937,1.1,0.979,0.863,1.05,1.14,1.11,1.14,1.08,1.12,1.12,1.16,0.938,1.17,1.13,1.17,1.19,1.15,1.02,1.17,1.11,1.37,1.11,1.18,1.16,1.26,1.24,1.23,1.16,1.45,1.3,1.34,1.15,1.13,1.11,1.08,1.1,1.1,1.11,1.09,1.13,1.07,1.09,1.14,1.15,1.22,0.998,1.12,1.18,1.15,1.22,1.11,1.21,1.16,1.31,1.09,1.19,1.14,1.06,1.19,1.09,1.11,1.17,1.24,1.06,1.1,1.08,1.0,1.07,1.18,1.08,1.21,1.27,1.27,1.16,1.08,1.05,1.02,1.09,0.887,1.16,0.629,0.811,0.761,1.1,1.14,1.05,1.13,1.15,1.2,0.985,1.06,1.14,1.23,1.14,1.28,1.33,1.24,1.23,1.13,1.17,1.43,1.37,1.03,1.17,1.2,1.34,0.871,0.913,1.01,1.12,0.709,1.15,1.27,1.23,1.15,1.09,1.09,1.06,1.15,1.23
116_S_4453,1700.0,245.0,19.3,0.385,0.35,0.541,0.507,0.565,0.621,0.631,0.679,0.595,0.705,0.644,0.55,0.633,0.468,0.566,0.555,0.509,0.59,0.606,0.577,0.68,0.637,0.68,0.609,0.642,0.648,0.612,0.573,0.642,0.582,0.674,0.652,0.512,0.496,0.641,0.654,0.581,0.554,0.705,0.666,0.796,0.677,0.662,0.723,0.682,0.684,0.592,0.682,0.771,0.703,0.694,0.749,0.548,0.552,0.788,0.665,0.549,0.667,0.674,0.705,0.58,0.602,0.665,0.666,0.6,0.622,0.596,0.522,0.508,0.539,0.651,0.699,0.668,0.647,0.634,0.641,0.676,0.687,0.657,0.679,0.679,0.699,0.607,0.628,0.693,0.667,0.641,0.706,0.583,0.674,0.617,0.714,0.689,0.61,0.631,0.608,0.674,0.664,0.622,0.743,0.67,0.668,0.633,0.586,0.674,0.63,0.656,0.711,0.644,0.67,0.625,0.548,0.623,0.656,0.639,0.658,0.614,0.695,0.624,0.655,0.599,0.579,0.639,0.715,0.634,0.698,0.708,0.664,0.618,0.671,0.66,0.694,0.682,0.625,0.74,0.596,0.711,0.764,0.627,0.603,0.715,0.727,0.629,0.794,0.791,0.789,0.701,0.699,0.664,0.64,0.626,0.706,0.691,0.764,0.801,0.696,0.765,0.729,0.716,0.62,0.823,0.554,0.673,0.761,0.677,0.689,0.7,0.705,0.721,0.684,0.657,0.655,0.561,0.687,0.658,0.611,0.683,0.739,0.636,0.691,0.722,0.586,0.694,0.696,0.689,0.622,0.706,0.699,0.687,0.696,0.701,0.669,0.644,0.643,0.611,0.685,0.727,0.675,0.676,0.764,0.985,0.688,1.04,0.84,0.885,1.04,1.04,1.03,0.93,1.09,0.956,1.07,0.909,0.92,0.916,0.923,0.949,0.964,0.955,0.919,1.01,1.14,0.994,1.09,1.06,1.03,1.07,1.03,1.11,1.08,1.07,1.06,1.04,0.983,0.996,0.957,0.991,1.02,1.07,1.04,1.04,0.97,1.08,0.931,0.934,0.966,1.07,1.17,1.08,0.946,1.1,1.05,0.973,1.0,0.902,0.861,1.12,1.11,1.01,0.956,1.06,1.21,1.15,1.08,1.15,0.954,1.14,1.12,1.16,1.18,1.24,1.17,1.12,0.863,1.17,1.11,1.14,1.11,1.2,1.04,1.16,1.01,0.998,1.12,1.11,1.14,1.13,1.14,1.16,1.09,1.15,1.1,1.17,1.19,1.22,1.17,1.09,1.01,1.15,1.1,1.19,1.2,1.27,1.26,1.25,1.27,1.08,0.993,1.46,1.27,1.32,1.12,1.09,1.05,1.19,1.05,1.04,1.02,1.05,1.05,1.01,1.08,1.04,1.19,1.23,0.957,1.09,1.14,1.14,1.19,1.13,1.19,1.12,1.2,1.11,1.1,1.1,1.04,1.2,1.02,1.08,1.14,1.16,1.1,1.14,1.16,1.05,1.14,1.26,1.09,1.13,1.24,1.19,1.11,1.07,1.02,1.14,1.16,1.13,1.18,0.896,1.04,0.931,1.08,1.17,1.09,1.08,1.15,1.22,1.05,1.16,1.21,1.22,1.17,1.25,1.23,1.23,1.28,1.09,1.16,1.36,1.38,1.07,1.22,1.2,1.32,1.03,1.05,1.1,1.29,0.958,1.16,1.28,1.25,1.07,0.989,1.05,1.06,1.21,1.17
116_S_4483,1700.0,174.0,15.3,0.396,0.36,0.552,0.512,0.562,0.627,0.633,0.684,0.603,0.721,0.647,0.571,0.642,0.475,0.588,0.577,0.515,0.593,0.626,0.591,0.685,0.654,0.696,0.62,0.662,0.668,0.626,0.602,0.652,0.607,0.676,0.667,0.527,0.491,0.659,0.686,0.573,0.551,0.726,0.664,0.805,0.683,0.676,0.74,0.702,0.72,0.591,0.683,0.775,0.712,0.692,0.748,0.555,0.563,0.782,0.667,0.556,0.688,0.667,0.716,0.616,0.612,0.689,0.675,0.637,0.626,0.599,0.532,0.533,0.564,0.647,0.71,0.678,0.651,0.642,0.686,0.687,0.706,0.67,0.665,0.681,0.708,0.583,0.63,0.701,0.673,0.647,0.712,0.608,0.684,0.634,0.721,0.694,0.595,0.647,0.56,0.685,0.653,0.622,0.751,0.68,0.679,0.63,0.59,0.671,0.624,0.67,0.711,0.655,0.692,0.643,0.524,0.656,0.692,0.645,0.694,0.63,0.698,0.633,0.663,0.613,0.601,0.596,0.729,0.647,0.707,0.723,0.665,0.612,0.677,0.67,0.707,0.715,0.619,0.759,0.623,0.716,0.771,0.636,0.551,0.742,0.739,0.669,0.8,0.796,0.795,0.707,0.714,0.684,0.676,0.653,0.701,0.696,0.787,0.781,0.691,0.754,0.724,0.7,0.629,0.805,0.57,0.656,0.767,0.685,0.684,0.704,0.674,0.725,0.674,0.659,0.665,0.594,0.679,0.694,0.631,0.691,0.743,0.676,0.686,0.725,0.602,0.693,0.711,0.675,0.649,0.711,0.699,0.692,0.703,0.688,0.681,0.617,0.637,0.622,0.689,0.737,0.691,0.694,0.786,0.971,0.649,0.983,0.797,0.865,1.02,1.05,1.11,0.925,1.05,0.946,1.09,0.882,0.882,0.96,0.911,0.961,0.96,0.937,0.946,1.02,1.15,0.986,1.06,1.04,1.0,1.03,1.01,1.11,1.06,1.07,1.16,1.09,1.04,1.04,1.02,0.994,1.04,1.07,1.05,1.04,0.969,1.13,0.935,0.937,0.977,1.14,1.15,1.07,0.947,0.997,1.06,0.926,0.987,0.885,0.908,1.15,1.25,1.06,1.09,1.09,1.25,1.17,1.04,1.22,0.981,1.15,1.22,1.19,1.23,1.22,1.26,1.2,0.871,1.23,1.14,1.15,1.06,1.24,1.05,1.21,1.02,1.04,1.12,1.09,1.21,1.23,1.14,1.16,1.14,1.17,1.18,1.22,1.27,1.28,1.18,1.13,1.04,1.19,1.07,1.32,1.2,1.28,1.25,1.27,1.34,1.18,1.07,1.49,1.23,1.43,1.19,1.11,1.05,1.26,1.06,1.08,1.06,1.08,1.06,1.09,1.14,1.01,1.22,1.17,0.926,1.08,1.07,1.06,1.13,1.13,1.17,1.14,1.26,1.12,1.17,1.18,1.08,1.25,1.11,1.11,1.11,1.18,1.07,1.15,1.15,1.14,1.13,1.27,1.15,1.14,1.28,1.15,1.05,1.05,1.16,1.12,1.12,1.18,1.21,0.904,1.05,0.936,1.11,1.33,1.09,1.09,1.16,1.2,1.07,1.16,1.2,1.35,1.27,1.19,1.25,1.22,1.25,1.24,1.13,1.47,1.54,1.11,1.27,1.24,1.41,1.07,1.04,1.12,1.27,1.0,1.2,1.32,1.27,1.09,1.07,1.08,1.01,1.2,1.14
116_S_4732,402.0,361.0,38.4,0.369,0.335,0.529,0.486,0.538,0.603,0.621,0.653,0.586,0.675,0.615,0.538,0.611,0.435,0.538,0.536,0.485,0.571,0.572,0.569,0.663,0.608,0.663,0.584,0.633,0.628,0.589,0.55,0.612,0.563,0.65,0.635,0.484,0.473,0.629,0.649,0.525,0.502,0.694,0.633,0.775,0.668,0.635,0.706,0.667,0.685,0.592,0.671,0.764,0.694,0.693,0.751,0.542,0.54,0.781,0.64,0.515,0.649,0.645,0.69,0.579,0.596,0.657,0.66,0.604,0.601,0.572,0.516,0.486,0.525,0.629,0.677,0.634,0.622,0.607,0.648,0.655,0.673,0.64,0.657,0.663,0.683,0.601,0.623,0.682,0.643,0.599,0.683,0.558,0.661,0.597,0.692,0.68,0.593,0.621,0.573,0.657,0.645,0.596,0.741,0.657,0.67,0.633,0.586,0.656,0.61,0.66,0.714,0.624,0.633,0.606,0.5,0.632,0.655,0.594,0.649,0.576,0.676,0.617,0.616,0.571,0.562,0.569,0.71,0.627,0.687,0.694,0.65,0.589,0.664,0.647,0.697,0.664,0.599,0.738,0.555,0.704,0.737,0.589,0.551,0.723,0.721,0.67,0.774,0.787,0.784,0.682,0.699,0.638,0.629,0.627,0.703,0.681,0.762,0.784,0.693,0.767,0.736,0.706,0.59,0.84,0.573,0.658,0.749,0.683,0.685,0.66,0.648,0.699,0.661,0.661,0.66,0.554,0.676,0.682,0.599,0.676,0.733,0.651,0.672,0.715,0.555,0.673,0.692,0.62,0.601,0.691,0.683,0.659,0.69,0.733,0.637,0.615,0.614,0.576,0.672,0.727,0.639,0.678,0.77,1.02,0.696,1.05,0.873,0.926,1.07,1.08,1.12,0.961,1.11,0.944,1.11,0.94,0.944,1.01,0.964,0.985,0.999,1.05,0.959,0.887,1.1,1.02,1.12,1.09,1.08,1.07,1.04,1.01,1.09,1.13,1.03,0.969,0.982,1.08,1.02,1.03,0.991,1.15,1.12,1.03,0.999,1.08,0.914,0.999,1.04,1.07,1.22,1.04,0.94,1.01,1.08,0.992,0.994,0.886,0.798,1.16,1.0,1.05,0.998,1.06,1.26,1.2,1.11,1.17,0.965,1.11,1.1,1.17,1.17,1.25,1.19,1.11,0.835,1.19,1.16,1.13,1.08,1.15,1.07,1.16,1.02,0.944,1.11,1.03,1.12,1.16,1.12,1.08,1.13,1.1,1.03,1.14,1.14,1.2,1.18,1.14,0.974,1.2,1.14,1.34,1.32,1.3,1.42,1.38,1.36,1.2,1.14,1.5,1.32,1.38,1.23,1.23,1.19,1.11,1.12,1.08,1.05,1.08,1.11,1.01,0.923,1.09,1.19,1.21,0.963,1.2,1.21,1.16,1.22,1.21,1.28,1.29,1.2,1.1,1.18,1.32,1.01,1.13,1.11,1.17,1.19,1.26,1.13,1.18,1.18,1.0,1.07,1.16,0.9,1.25,1.31,1.23,1.11,1.09,0.991,1.15,1.15,1.12,1.22,0.845,1.06,0.943,1.09,1.21,1.21,1.1,1.19,1.28,1.05,1.17,1.2,1.28,1.25,1.28,1.26,1.26,1.33,0.886,1.08,1.37,1.3,1.04,1.19,1.17,1.3,1.05,1.02,0.981,1.27,0.903,1.1,1.28,1.31,1.09,1.08,1.04,1.15,1.39,1.27
116_S_4855,638.0,239.0,23.7,0.387,0.352,0.537,0.502,0.556,0.615,0.623,0.674,0.59,0.695,0.637,0.551,0.619,0.452,0.542,0.545,0.514,0.586,0.618,0.597,0.676,0.627,0.681,0.59,0.629,0.643,0.601,0.568,0.633,0.58,0.657,0.637,0.502,0.519,0.638,0.676,0.536,0.56,0.697,0.656,0.784,0.671,0.657,0.721,0.673,0.695,0.605,0.681,0.76,0.7,0.666,0.717,0.541,0.546,0.772,0.639,0.541,0.668,0.652,0.711,0.561,0.584,0.67,0.659,0.611,0.616,0.583,0.547,0.506,0.558,0.655,0.693,0.664,0.641,0.642,0.629,0.661,0.681,0.642,0.65,0.664,0.686,0.57,0.621,0.676,0.645,0.619,0.7,0.591,0.655,0.607,0.683,0.679,0.571,0.618,0.592,0.676,0.644,0.601,0.75,0.672,0.665,0.623,0.574,0.658,0.611,0.638,0.699,0.614,0.673,0.62,0.535,0.607,0.666,0.607,0.632,0.594,0.683,0.628,0.612,0.605,0.567,0.593,0.695,0.618,0.679,0.698,0.65,0.582,0.666,0.66,0.695,0.695,0.629,0.751,0.612,0.692,0.775,0.608,0.597,0.708,0.711,0.617,0.764,0.776,0.781,0.684,0.67,0.642,0.626,0.638,0.7,0.674,0.764,0.774,0.687,0.725,0.697,0.673,0.581,0.783,0.532,0.643,0.741,0.671,0.675,0.661,0.637,0.706,0.659,0.64,0.634,0.589,0.671,0.654,0.593,0.67,0.731,0.638,0.652,0.707,0.561,0.645,0.687,0.619,0.589,0.687,0.678,0.669,0.661,0.633,0.652,0.602,0.612,0.588,0.659,0.707,0.66,0.643,0.751,0.965,0.679,0.973,0.84,0.911,1.02,1.08,1.11,0.957,1.1,0.974,1.04,0.931,0.883,0.99,0.972,0.926,1.02,1.01,0.956,0.929,1.09,1.02,1.13,1.08,1.03,1.1,1.02,1.11,1.08,1.1,1.04,1.03,1.02,1.05,1.02,1.03,1.02,1.09,1.09,1.03,1.0,1.08,0.96,0.987,1.03,1.14,1.2,1.07,0.974,1.09,1.1,0.969,1.02,0.864,0.843,1.21,1.19,1.09,1.01,1.12,1.28,1.19,1.09,1.23,1.0,1.19,1.2,1.22,1.2,1.22,1.15,1.19,0.919,1.21,1.23,1.21,1.14,1.25,1.06,1.15,1.04,1.0,1.15,1.06,1.14,1.19,1.17,1.19,1.17,1.2,1.14,1.2,1.15,1.28,1.22,1.14,1.03,1.15,1.09,1.28,1.25,1.13,1.26,1.31,1.25,0.995,1.05,1.23,1.27,1.31,1.17,1.12,1.11,1.03,1.11,1.06,1.06,1.08,1.08,0.994,1.08,1.04,1.05,1.18,0.971,1.13,1.21,1.16,1.25,1.17,1.2,1.15,1.26,1.1,1.13,1.14,1.03,1.07,1.09,1.07,1.2,1.21,1.07,1.13,1.15,1.02,1.11,1.19,0.998,1.22,1.31,1.23,1.11,1.05,1.06,1.18,1.16,1.13,1.15,0.864,1.07,0.944,1.11,1.2,1.11,1.13,1.2,1.26,1.07,1.18,1.25,1.28,1.22,1.34,1.33,1.25,1.27,1.07,1.18,1.42,1.38,1.14,1.25,1.24,1.42,1.01,1.04,1.12,1.2,0.951,1.2,1.26,1.27,1.17,1.04,1.01,1.03,1.21,1.14
123_S_0106,431.0,200.0,18.5,0.377,0.35,0.544,0.518,0.558,0.618,0.617,0.669,0.594,0.684,0.628,0.579,0.622,0.485,0.558,0.563,0.51,0.595,0.607,0.611,0.672,0.614,0.67,0.59,0.638,0.64,0.613,0.578,0.624,0.588,0.663,0.655,0.53,0.523,0.637,0.649,0.572,0.546,0.695,0.643,0.768,0.66,0.651,0.708,0.67,0.686,0.591,0.675,0.756,0.694,0.653,0.719,0.519,0.525,0.766,0.631,0.537,0.617,0.66,0.699,0.6,0.597,0.67,0.659,0.611,0.606,0.564,0.553,0.534,0.551,0.648,0.685,0.66,0.631,0.623,0.661,0.658,0.682,0.645,0.635,0.651,0.691,0.56,0.612,0.667,0.639,0.598,0.711,0.618,0.674,0.617,0.668,0.656,0.604,0.611,0.579,0.662,0.616,0.595,0.745,0.67,0.67,0.64,0.595,0.686,0.647,0.65,0.713,0.635,0.642,0.634,0.558,0.601,0.627,0.596,0.656,0.581,0.686,0.588,0.637,0.598,0.596,0.61,0.686,0.624,0.656,0.693,0.633,0.57,0.651,0.651,0.684,0.695,0.641,0.75,0.598,0.667,0.756,0.604,0.609,0.691,0.708,0.65,0.755,0.768,0.767,0.666,0.684,0.633,0.658,0.611,0.689,0.668,0.744,0.768,0.676,0.71,0.667,0.653,0.604,0.775,0.519,0.627,0.709,0.617,0.667,0.671,0.611,0.699,0.64,0.645,0.619,0.571,0.663,0.678,0.574,0.668,0.716,0.664,0.681,0.716,0.577,0.663,0.679,0.646,0.61,0.664,0.665,0.661,0.643,0.63,0.671,0.604,0.64,0.571,0.631,0.708,0.636,0.649,0.736,1.06,0.742,1.02,0.924,0.984,1.11,1.15,1.09,0.997,1.1,0.974,1.12,0.968,1.0,1.04,1.05,1.05,1.1,1.08,1.03,1.06,1.11,1.07,1.07,1.05,1.05,1.12,1.07,1.06,1.04,1.14,1.12,1.12,1.06,1.1,1.03,1.06,1.11,1.1,1.13,1.03,1.02,1.09,0.977,1.01,1.08,1.2,1.13,1.08,0.976,1.04,1.08,0.923,1.02,0.839,0.879,1.12,1.11,1.11,1.06,1.15,1.18,1.18,1.1,1.16,1.01,1.17,1.17,1.16,1.2,1.17,1.21,1.21,0.906,1.17,1.17,1.15,1.17,1.17,1.04,1.19,1.06,0.941,1.09,1.07,1.09,1.15,1.14,1.14,1.2,1.23,1.05,1.19,1.16,1.19,1.22,1.09,1.08,1.14,1.1,1.43,1.25,1.18,1.42,1.38,1.32,1.11,1.14,1.27,1.23,1.29,1.19,1.22,1.16,1.19,1.2,1.18,1.22,1.17,1.18,1.15,1.18,1.13,1.21,1.21,1.01,1.18,1.24,1.18,1.23,1.06,1.23,1.23,1.3,1.19,1.19,1.23,1.1,1.24,1.18,1.14,1.22,1.23,1.17,1.22,1.2,1.05,1.15,1.26,1.18,1.27,1.3,1.23,1.14,1.11,1.08,1.15,1.14,1.11,1.19,0.884,1.09,0.931,1.12,1.25,1.1,1.2,1.26,1.22,1.1,1.15,1.26,1.28,1.26,1.28,1.28,1.23,1.2,1.03,1.19,1.36,1.37,1.12,1.21,1.23,1.34,1.07,1.06,1.07,1.21,0.937,1.19,1.27,1.3,1.07,1.19,1.09,1.12,1.14,1.21
123_S_4526,320.0,452.0,46.3,0.413,0.379,0.571,0.535,0.571,0.634,0.645,0.692,0.622,0.705,0.667,0.58,0.642,0.488,0.578,0.578,0.531,0.588,0.621,0.596,0.675,0.636,0.692,0.612,0.651,0.652,0.634,0.601,0.64,0.601,0.667,0.669,0.546,0.553,0.646,0.696,0.546,0.556,0.719,0.661,0.784,0.686,0.659,0.733,0.676,0.71,0.61,0.687,0.781,0.69,0.699,0.742,0.556,0.547,0.782,0.667,0.547,0.665,0.656,0.717,0.599,0.617,0.682,0.686,0.623,0.618,0.599,0.545,0.527,0.558,0.654,0.693,0.677,0.653,0.634,0.638,0.665,0.689,0.658,0.664,0.68,0.683,0.609,0.624,0.695,0.656,0.623,0.691,0.612,0.66,0.612,0.707,0.683,0.589,0.639,0.582,0.665,0.628,0.612,0.739,0.667,0.671,0.642,0.604,0.678,0.64,0.649,0.703,0.647,0.651,0.627,0.56,0.627,0.665,0.612,0.672,0.614,0.694,0.617,0.645,0.602,0.571,0.6,0.707,0.628,0.685,0.698,0.654,0.598,0.677,0.661,0.686,0.698,0.62,0.742,0.599,0.676,0.746,0.614,0.58,0.709,0.708,0.654,0.768,0.763,0.771,0.685,0.685,0.658,0.648,0.618,0.687,0.686,0.771,0.779,0.677,0.755,0.717,0.695,0.59,0.801,0.554,0.656,0.748,0.687,0.685,0.682,0.687,0.696,0.653,0.657,0.646,0.573,0.674,0.683,0.595,0.652,0.696,0.641,0.655,0.703,0.576,0.675,0.686,0.664,0.612,0.69,0.678,0.666,0.662,0.692,0.662,0.636,0.633,0.576,0.652,0.734,0.658,0.67,0.739,0.992,0.683,1.09,0.859,0.927,1.09,1.04,1.02,0.93,1.07,0.992,1.12,0.954,0.993,0.969,1.03,1.01,1.02,1.03,0.965,1.06,1.16,1.03,1.12,1.06,1.04,1.15,1.07,1.04,1.04,1.15,1.06,1.08,1.04,1.05,1.01,0.977,0.992,1.1,1.06,1.02,1.0,1.13,0.983,1.0,1.09,1.06,1.21,1.1,0.948,1.05,1.05,0.843,0.938,0.783,0.809,1.1,1.07,1.03,1.0,1.05,1.22,1.14,1.09,1.18,0.956,1.01,1.09,1.19,1.24,1.27,1.15,1.16,0.823,1.11,1.18,0.99,1.04,1.19,1.02,1.22,1.02,0.937,1.04,1.12,1.13,1.16,1.2,1.19,1.19,1.17,1.14,1.23,1.27,1.26,1.16,0.959,0.987,1.16,1.11,1.32,1.19,1.11,1.3,1.3,1.3,1.07,1.01,1.47,1.15,1.37,1.14,1.16,1.16,1.16,1.13,1.14,1.12,1.12,1.14,1.0,1.07,1.2,1.22,1.22,0.978,1.08,1.19,1.15,1.24,1.02,1.21,1.2,1.13,1.14,1.23,1.12,1.03,1.12,1.16,1.13,1.16,1.18,1.08,1.14,1.21,1.06,1.1,1.2,1.06,1.18,1.25,1.3,1.18,1.11,1.07,1.11,1.17,1.07,1.24,0.83,1.07,0.875,1.09,1.29,1.18,1.1,1.15,1.26,1.01,1.11,1.23,1.31,1.25,1.33,1.32,1.24,1.33,1.03,1.22,1.37,1.3,1.01,1.26,1.29,1.3,0.967,0.961,1.07,1.24,0.904,1.18,1.33,1.3,1.15,0.989,1.04,1.11,1.25,1.31
126_S_0680,1700.0,223.0,19.7,0.379,0.345,0.541,0.5,0.551,0.621,0.624,0.667,0.587,0.708,0.623,0.557,0.61,0.449,0.556,0.531,0.515,0.587,0.608,0.582,0.67,0.621,0.666,0.602,0.622,0.63,0.603,0.576,0.64,0.593,0.658,0.645,0.504,0.49,0.634,0.663,0.557,0.56,0.702,0.665,0.791,0.671,0.642,0.72,0.662,0.703,0.611,0.683,0.768,0.686,0.656,0.732,0.539,0.544,0.774,0.644,0.535,0.684,0.655,0.702,0.596,0.599,0.686,0.67,0.608,0.605,0.596,0.49,0.522,0.534,0.666,0.682,0.649,0.628,0.626,0.635,0.652,0.672,0.646,0.651,0.681,0.682,0.583,0.617,0.686,0.639,0.61,0.702,0.593,0.677,0.6,0.677,0.651,0.593,0.619,0.574,0.672,0.632,0.619,0.752,0.671,0.681,0.636,0.59,0.666,0.636,0.634,0.697,0.62,0.662,0.633,0.541,0.583,0.629,0.569,0.648,0.595,0.685,0.595,0.609,0.584,0.56,0.531,0.679,0.617,0.67,0.696,0.654,0.567,0.672,0.645,0.684,0.668,0.603,0.742,0.6,0.694,0.741,0.619,0.564,0.697,0.703,0.626,0.761,0.762,0.771,0.663,0.666,0.638,0.602,0.599,0.676,0.683,0.757,0.769,0.675,0.734,0.682,0.668,0.619,0.795,0.54,0.638,0.734,0.697,0.685,0.691,0.644,0.692,0.65,0.646,0.627,0.526,0.662,0.68,0.592,0.65,0.715,0.673,0.643,0.709,0.559,0.66,0.676,0.626,0.589,0.665,0.66,0.639,0.643,0.678,0.65,0.605,0.606,0.577,0.653,0.702,0.642,0.654,0.777,1.02,0.695,1.11,0.851,0.926,1.07,1.05,1.1,0.953,1.2,0.992,1.16,0.916,0.779,1.0,0.947,1.01,1.02,0.927,0.987,0.932,1.15,1.03,1.11,1.08,1.03,1.11,0.985,1.09,1.06,1.1,1.15,1.05,0.925,1.01,0.969,0.987,1.04,1.08,1.1,1.08,1.01,1.06,0.956,1.01,1.07,1.25,1.26,1.1,1.0,1.13,1.15,0.995,1.01,0.897,0.835,1.16,1.24,1.14,0.978,1.13,1.31,1.18,1.14,1.22,1.01,1.2,1.22,1.1,1.31,1.37,1.33,1.29,0.907,1.17,1.26,1.31,1.22,1.3,1.06,1.28,1.05,1.03,1.17,1.11,1.18,1.23,1.26,1.23,1.25,1.25,1.22,1.34,1.21,1.21,1.22,1.1,0.961,1.17,1.09,1.3,1.22,1.32,1.4,1.24,1.29,0.911,0.938,1.34,1.18,1.18,1.09,1.01,1.1,0.931,1.09,1.02,1.1,1.08,1.12,0.856,1.01,0.981,1.04,1.12,0.982,1.1,1.17,1.15,1.12,1.08,1.16,1.2,1.43,1.04,1.16,1.11,1.08,1.26,0.976,1.16,1.2,1.23,1.16,1.14,1.17,0.9,1.17,1.15,1.11,1.18,1.32,1.25,1.2,1.07,0.997,1.18,1.17,1.01,1.23,0.9,1.07,0.937,1.07,1.32,1.07,1.21,1.17,1.22,1.06,1.14,1.28,1.33,1.24,1.3,1.35,1.33,1.3,1.15,1.27,1.5,1.67,1.04,1.25,1.21,1.42,0.986,1.04,1.13,1.17,0.902,1.11,1.3,1.26,1.03,0.949,1.03,1.09,1.26,1.11
126_S_4494,301.0,510.0,50.2,0.386,0.36,0.563,0.521,0.557,0.628,0.629,0.68,0.597,0.701,0.642,0.567,0.622,0.457,0.55,0.544,0.497,0.58,0.59,0.582,0.683,0.624,0.68,0.604,0.629,0.638,0.609,0.575,0.638,0.575,0.665,0.643,0.52,0.51,0.64,0.679,0.533,0.534,0.704,0.645,0.772,0.678,0.654,0.725,0.678,0.694,0.596,0.655,0.768,0.699,0.685,0.746,0.553,0.552,0.779,0.643,0.539,0.683,0.652,0.687,0.566,0.601,0.675,0.66,0.597,0.608,0.586,0.513,0.502,0.525,0.643,0.68,0.653,0.632,0.614,0.656,0.67,0.674,0.637,0.677,0.668,0.695,0.562,0.624,0.676,0.645,0.604,0.69,0.578,0.654,0.608,0.691,0.678,0.566,0.629,0.603,0.682,0.648,0.617,0.738,0.703,0.688,0.658,0.615,0.697,0.641,0.685,0.713,0.653,0.678,0.639,0.565,0.612,0.662,0.604,0.628,0.573,0.671,0.603,0.633,0.597,0.542,0.628,0.714,0.644,0.69,0.698,0.659,0.591,0.683,0.681,0.722,0.682,0.63,0.732,0.601,0.712,0.766,0.606,0.581,0.714,0.71,0.661,0.773,0.778,0.793,0.681,0.687,0.659,0.637,0.623,0.687,0.664,0.768,0.769,0.694,0.762,0.723,0.702,0.636,0.808,0.562,0.686,0.772,0.694,0.7,0.666,0.671,0.691,0.661,0.666,0.678,0.569,0.675,0.656,0.591,0.669,0.707,0.652,0.599,0.713,0.581,0.67,0.693,0.683,0.614,0.707,0.693,0.66,0.685,0.684,0.663,0.615,0.657,0.622,0.715,0.738,0.68,0.701,0.754,0.992,0.687,1.06,0.852,0.909,1.09,1.08,1.08,0.968,1.1,1.03,1.16,0.926,0.943,1.03,1.03,1.06,1.11,1.08,1.03,1.0,1.12,0.985,1.07,0.995,1.05,1.14,1.08,1.05,1.06,1.08,1.0,1.08,1.01,0.991,0.98,1.03,1.04,1.12,1.04,1.06,0.959,1.09,0.957,0.989,1.07,1.03,1.21,1.04,0.973,1.07,1.06,0.912,0.959,0.868,0.856,1.1,1.09,1.01,0.995,1.17,1.23,1.19,1.09,1.22,1.01,1.03,1.08,1.18,1.21,1.19,1.23,1.18,0.911,1.11,1.16,1.1,1.09,1.13,1.06,1.2,1.02,0.975,1.0,1.02,1.0,1.05,1.2,1.2,1.14,1.19,1.13,1.22,1.24,1.24,1.1,1.2,1.02,1.01,0.998,1.29,1.23,1.31,1.31,1.25,1.36,1.19,1.13,1.53,1.34,1.46,1.19,1.16,1.25,1.21,1.14,1.2,1.18,1.26,1.21,1.19,1.17,1.16,1.14,1.17,0.947,1.11,1.18,1.16,1.28,1.06,1.14,1.12,1.22,1.05,1.15,1.11,1.02,1.24,1.19,1.12,1.12,1.27,1.17,1.23,1.16,1.16,1.11,1.17,1.2,1.12,1.29,1.28,1.12,1.05,1.15,1.12,1.17,1.12,1.29,0.856,0.934,0.806,1.1,1.16,1.06,1.25,1.2,1.24,1.08,1.03,1.07,1.19,1.15,1.32,1.33,1.23,1.32,1.21,1.23,1.33,1.34,1.07,1.18,1.27,1.27,1.07,1.07,1.22,1.12,0.936,1.22,1.3,1.2,1.08,1.01,0.952,1.08,1.06,1.1
127_S_4148,1300.0,189.0,14.3,0.37,0.345,0.55,0.527,0.557,0.638,0.626,0.675,0.592,0.718,0.635,0.58,0.624,0.444,0.542,0.542,0.495,0.547,0.605,0.6,0.671,0.628,0.68,0.615,0.641,0.633,0.616,0.563,0.636,0.567,0.659,0.663,0.51,0.492,0.636,0.661,0.555,0.553,0.717,0.643,0.803,0.677,0.65,0.717,0.679,0.687,0.592,0.681,0.768,0.708,0.696,0.763,0.552,0.553,0.784,0.667,0.553,0.679,0.658,0.701,0.571,0.609,0.688,0.643,0.591,0.614,0.583,0.521,0.505,0.54,0.65,0.686,0.656,0.641,0.628,0.686,0.674,0.691,0.647,0.691,0.682,0.723,0.605,0.619,0.683,0.658,0.645,0.703,0.59,0.668,0.611,0.713,0.686,0.603,0.623,0.611,0.702,0.66,0.614,0.733,0.683,0.686,0.664,0.604,0.685,0.647,0.684,0.716,0.664,0.708,0.618,0.551,0.628,0.667,0.634,0.643,0.608,0.678,0.592,0.607,0.603,0.595,0.593,0.72,0.641,0.701,0.71,0.653,0.604,0.668,0.659,0.707,0.698,0.642,0.737,0.566,0.695,0.759,0.619,0.597,0.709,0.718,0.65,0.793,0.779,0.786,0.687,0.704,0.663,0.649,0.643,0.704,0.683,0.769,0.765,0.702,0.778,0.752,0.725,0.608,0.826,0.556,0.667,0.758,0.704,0.667,0.682,0.687,0.712,0.667,0.636,0.651,0.554,0.688,0.691,0.602,0.705,0.725,0.644,0.681,0.715,0.553,0.694,0.707,0.665,0.627,0.713,0.701,0.687,0.695,0.697,0.673,0.625,0.659,0.637,0.697,0.74,0.682,0.668,0.782,0.972,0.724,1.03,0.887,0.925,1.04,1.06,1.06,0.964,1.14,0.994,1.09,0.921,0.935,0.989,0.935,0.994,1.0,0.962,0.964,1.04,1.13,1.02,1.08,1.09,1.05,1.06,1.03,1.08,1.07,1.09,1.12,1.07,1.05,1.0,0.989,1.01,0.992,1.11,1.08,1.03,1.01,1.11,0.977,1.01,1.02,1.08,1.2,1.12,0.97,1.02,1.05,0.961,1.0,0.884,0.913,1.15,1.13,1.09,1.03,1.06,1.21,1.15,1.15,1.14,0.995,1.12,1.12,1.16,1.15,1.19,1.21,1.17,0.946,1.2,1.11,1.15,1.08,1.21,1.05,1.16,1.1,1.01,1.09,1.09,1.11,1.12,1.16,1.15,1.07,1.07,1.1,1.18,1.19,1.23,1.11,1.13,1.06,1.08,1.07,1.28,1.14,1.24,1.24,1.21,1.25,1.23,1.06,1.45,1.31,1.45,1.13,1.15,1.1,1.2,1.09,1.03,1.06,1.06,1.08,1.08,1.06,1.01,1.23,1.22,0.963,1.1,1.14,1.12,1.18,1.08,1.13,1.12,1.17,1.12,1.15,1.13,0.994,1.2,1.09,1.14,1.18,1.2,1.05,1.15,1.1,1.08,1.13,1.25,1.12,1.09,1.32,1.19,1.08,1.08,1.07,1.08,1.1,1.12,1.17,0.844,1.01,0.91,1.08,1.18,1.14,1.05,1.19,1.2,1.05,1.11,1.13,1.21,1.16,1.24,1.19,1.21,1.26,0.971,1.06,1.38,1.41,1.13,1.18,1.16,1.38,1.1,1.05,1.1,1.24,0.992,1.05,1.24,1.17,1.14,1.03,1.07,1.08,1.21,1.2
127_S_4198,736.0,206.0,20.1,0.385,0.358,0.565,0.544,0.576,0.628,0.624,0.672,0.595,0.712,0.644,0.595,0.625,0.478,0.56,0.547,0.497,0.579,0.593,0.595,0.672,0.635,0.681,0.616,0.65,0.641,0.633,0.599,0.637,0.591,0.682,0.671,0.557,0.53,0.656,0.663,0.556,0.56,0.711,0.658,0.794,0.675,0.664,0.713,0.681,0.71,0.615,0.693,0.772,0.698,0.679,0.731,0.542,0.54,0.778,0.64,0.545,0.683,0.65,0.716,0.593,0.624,0.691,0.678,0.628,0.622,0.61,0.576,0.538,0.537,0.656,0.701,0.672,0.642,0.65,0.638,0.662,0.686,0.665,0.653,0.68,0.684,0.575,0.619,0.691,0.66,0.635,0.689,0.582,0.668,0.641,0.672,0.658,0.613,0.636,0.62,0.68,0.637,0.63,0.745,0.684,0.676,0.647,0.604,0.674,0.649,0.681,0.712,0.648,0.663,0.629,0.559,0.608,0.657,0.621,0.63,0.564,0.674,0.602,0.652,0.601,0.592,0.64,0.709,0.621,0.677,0.692,0.659,0.601,0.676,0.66,0.686,0.68,0.637,0.741,0.597,0.713,0.753,0.629,0.592,0.732,0.709,0.651,0.784,0.77,0.772,0.684,0.69,0.658,0.63,0.611,0.707,0.674,0.765,0.785,0.697,0.743,0.682,0.679,0.611,0.788,0.555,0.641,0.741,0.661,0.663,0.673,0.669,0.711,0.663,0.655,0.643,0.552,0.681,0.697,0.591,0.672,0.717,0.65,0.671,0.725,0.598,0.667,0.678,0.661,0.614,0.685,0.687,0.667,0.672,0.665,0.67,0.625,0.648,0.596,0.684,0.721,0.644,0.649,0.756,0.924,0.695,1.01,0.815,0.883,1.02,0.999,0.992,0.899,1.09,0.977,1.13,0.923,0.898,1.02,0.986,0.965,1.04,1.0,0.954,0.988,1.13,1.02,1.07,1.07,1.04,1.06,1.03,0.96,0.979,1.02,1.07,1.01,1.03,0.998,0.992,1.04,0.995,1.11,1.07,1.04,0.972,1.08,0.918,0.955,1.04,1.13,1.23,1.05,0.964,1.04,1.06,0.902,0.968,0.874,0.899,1.08,1.16,1.11,1.11,1.14,1.17,1.18,1.08,1.15,0.979,1.08,1.14,1.18,1.16,1.24,1.23,1.24,0.882,1.17,1.16,1.17,1.13,1.22,1.06,1.19,1.03,0.953,1.05,1.0,1.1,1.14,1.22,1.21,1.15,1.23,1.15,1.15,1.17,1.2,1.13,1.1,0.962,1.14,1.09,1.23,1.11,1.23,1.19,1.15,1.27,1.03,1.04,1.54,1.26,1.5,1.12,1.11,1.19,1.22,1.16,1.11,1.14,1.09,1.12,1.03,1.11,1.1,1.19,1.14,0.945,1.1,1.13,1.14,1.19,0.995,1.17,1.17,1.25,1.13,1.17,1.11,0.973,1.16,1.09,1.1,1.15,1.19,1.11,1.18,1.16,1.1,1.18,1.27,1.17,1.14,1.22,1.26,1.13,1.03,1.14,1.13,1.14,1.16,1.2,0.883,1.02,0.957,1.03,1.14,1.18,1.16,1.21,1.19,1.08,1.08,1.11,1.24,1.21,1.23,1.2,1.21,1.29,1.27,1.19,1.49,1.5,1.06,1.22,1.26,1.37,1.05,1.07,1.23,1.18,0.922,1.23,1.21,1.18,1.12,0.981,0.946,1.01,1.17,1.17
127_S_4500,450.0,429.0,38.6,0.386,0.366,0.566,0.541,0.564,0.627,0.631,0.681,0.603,0.689,0.639,0.591,0.631,0.469,0.553,0.559,0.501,0.584,0.619,0.592,0.661,0.626,0.679,0.593,0.637,0.634,0.599,0.576,0.64,0.585,0.678,0.662,0.546,0.501,0.648,0.677,0.546,0.545,0.705,0.65,0.77,0.673,0.648,0.719,0.677,0.7,0.611,0.674,0.758,0.703,0.693,0.738,0.543,0.535,0.788,0.643,0.551,0.683,0.663,0.7,0.606,0.605,0.664,0.664,0.605,0.617,0.586,0.552,0.538,0.534,0.64,0.7,0.658,0.645,0.626,0.644,0.674,0.696,0.66,0.649,0.658,0.67,0.57,0.623,0.686,0.646,0.629,0.692,0.599,0.663,0.636,0.697,0.67,0.6,0.605,0.602,0.685,0.648,0.62,0.76,0.667,0.651,0.642,0.564,0.635,0.62,0.675,0.712,0.649,0.681,0.633,0.545,0.608,0.661,0.619,0.65,0.604,0.68,0.604,0.632,0.601,0.6,0.554,0.7,0.613,0.678,0.699,0.647,0.565,0.658,0.629,0.666,0.67,0.627,0.73,0.567,0.679,0.748,0.614,0.599,0.708,0.699,0.66,0.793,0.758,0.775,0.691,0.713,0.672,0.68,0.617,0.701,0.683,0.777,0.793,0.7,0.749,0.71,0.681,0.626,0.799,0.528,0.635,0.737,0.673,0.672,0.694,0.672,0.692,0.66,0.639,0.613,0.531,0.651,0.671,0.626,0.678,0.74,0.671,0.688,0.727,0.575,0.687,0.661,0.634,0.619,0.691,0.689,0.692,0.658,0.67,0.667,0.61,0.613,0.6,0.673,0.712,0.65,0.651,0.75,0.999,0.723,0.992,0.881,0.935,1.05,1.09,1.13,0.981,1.06,1.01,1.07,0.972,0.976,1.06,1.03,1.04,1.05,1.04,1.04,1.04,1.11,1.01,1.09,1.07,1.07,1.08,1.05,1.13,1.15,1.09,1.05,1.1,1.06,1.07,1.03,1.09,1.06,1.16,1.06,1.02,1.01,1.1,0.965,0.997,1.09,1.08,1.15,1.07,0.977,1.04,1.06,0.97,1.01,0.949,0.876,1.12,1.13,1.11,1.07,1.12,1.18,1.19,1.11,1.19,0.998,1.1,1.1,1.16,1.21,1.16,1.16,1.24,0.898,1.12,1.14,1.1,1.09,1.19,1.07,1.17,1.05,1.04,1.04,1.1,1.12,1.1,1.15,1.16,1.15,1.25,1.1,1.13,1.23,1.27,1.14,1.09,1.06,1.15,1.14,1.34,1.23,1.16,1.23,1.28,1.24,1.16,1.14,1.28,1.25,1.31,1.17,1.15,1.12,1.19,1.13,1.15,1.14,1.17,1.15,1.17,1.23,1.2,1.14,1.14,0.982,1.1,1.15,1.17,1.22,1.18,1.21,1.16,1.24,1.14,1.2,1.18,1.08,1.3,1.18,1.15,1.17,1.28,1.07,1.17,1.16,1.19,1.15,1.24,1.29,1.2,1.25,1.21,1.14,1.09,1.12,1.13,1.15,1.11,1.24,0.964,1.09,0.989,1.17,1.23,1.13,1.17,1.23,1.21,1.09,1.13,1.17,1.23,1.25,1.32,1.29,1.27,1.26,1.19,1.17,1.35,1.4,1.06,1.22,1.22,1.25,1.07,1.08,1.15,1.21,1.02,1.18,1.35,1.16,1.04,1.07,1.12,1.09,1.19,1.22
127_S_4940,652.0,301.0,30.4,0.394,0.377,0.578,0.531,0.568,0.632,0.628,0.677,0.603,0.698,0.646,0.582,0.6,0.451,0.549,0.531,0.488,0.547,0.607,0.592,0.66,0.617,0.662,0.574,0.629,0.643,0.599,0.565,0.638,0.588,0.667,0.649,0.534,0.495,0.621,0.663,0.527,0.548,0.7,0.644,0.774,0.661,0.635,0.726,0.648,0.685,0.576,0.656,0.76,0.679,0.67,0.729,0.557,0.54,0.765,0.627,0.55,0.661,0.615,0.694,0.52,0.586,0.642,0.656,0.586,0.596,0.589,0.526,0.512,0.53,0.623,0.695,0.645,0.624,0.617,0.583,0.648,0.665,0.614,0.654,0.639,0.667,0.579,0.616,0.666,0.639,0.589,0.677,0.552,0.624,0.581,0.675,0.649,0.552,0.61,0.595,0.686,0.619,0.587,0.745,0.67,0.646,0.633,0.582,0.642,0.606,0.633,0.698,0.601,0.64,0.574,0.517,0.565,0.616,0.552,0.642,0.584,0.669,0.559,0.611,0.555,0.542,0.568,0.667,0.566,0.653,0.658,0.627,0.538,0.625,0.611,0.649,0.677,0.63,0.718,0.554,0.659,0.72,0.577,0.562,0.678,0.68,0.635,0.744,0.767,0.749,0.646,0.666,0.611,0.6,0.572,0.679,0.659,0.742,0.752,0.657,0.744,0.705,0.681,0.594,0.797,0.533,0.632,0.71,0.634,0.63,0.642,0.652,0.671,0.623,0.627,0.595,0.5,0.63,0.659,0.549,0.652,0.708,0.614,0.646,0.708,0.51,0.635,0.64,0.632,0.56,0.683,0.658,0.651,0.608,0.656,0.627,0.597,0.608,0.565,0.646,0.693,0.597,0.594,0.709,1.0,0.735,1.1,0.903,0.943,1.11,1.11,1.13,0.963,1.12,1.06,1.13,0.977,0.994,1.05,1.03,1.05,1.05,1.02,1.03,0.918,1.12,1.02,1.09,1.07,1.04,1.12,1.08,1.05,1.06,1.09,1.07,1.05,1.05,1.04,1.01,1.0,0.992,1.07,1.09,1.1,1.02,1.07,0.968,1.02,1.08,1.1,1.18,1.08,0.943,1.07,1.05,0.856,0.924,0.823,0.858,1.11,1.11,1.07,1.03,1.04,1.15,1.15,1.07,1.09,0.925,1.07,1.12,1.08,1.18,1.23,1.27,1.2,0.896,1.17,1.16,1.15,1.11,1.2,1.08,1.17,1.07,0.981,1.1,0.975,1.11,1.15,1.23,1.15,1.21,1.15,1.15,1.18,1.18,1.19,1.19,1.15,0.979,1.14,1.09,1.31,1.27,1.33,1.29,1.29,1.36,1.21,1.11,1.55,1.2,1.34,1.19,1.17,1.22,1.2,1.16,1.12,1.2,1.16,1.16,1.16,1.15,1.16,1.05,1.17,0.955,1.12,1.15,1.12,1.23,1.14,1.16,1.23,1.16,1.05,1.2,1.15,1.08,1.13,1.13,1.12,1.11,1.21,1.19,1.13,1.14,1.05,1.1,1.15,1.09,1.12,1.24,1.24,1.18,1.08,0.997,1.09,1.1,1.06,1.17,0.805,0.956,0.824,1.05,1.17,1.06,1.12,1.17,1.23,0.955,1.11,1.14,1.18,1.16,1.25,1.23,1.22,1.23,0.945,1.2,1.33,1.31,0.927,1.16,1.19,1.29,0.96,0.942,1.08,1.17,0.885,1.19,1.24,1.21,1.13,0.996,0.812,1.09,1.16,1.19
127_S_4992,418.0,203.0,18.4,0.376,0.35,0.553,0.534,0.564,0.629,0.621,0.664,0.59,0.71,0.634,0.578,0.622,0.451,0.539,0.54,0.501,0.575,0.584,0.589,0.666,0.621,0.669,0.581,0.624,0.637,0.6,0.574,0.634,0.583,0.67,0.665,0.512,0.489,0.625,0.653,0.536,0.525,0.697,0.644,0.763,0.658,0.638,0.716,0.666,0.691,0.581,0.675,0.762,0.687,0.668,0.708,0.536,0.539,0.763,0.631,0.548,0.688,0.641,0.672,0.575,0.621,0.671,0.63,0.59,0.594,0.598,0.549,0.493,0.541,0.641,0.696,0.66,0.622,0.631,0.678,0.662,0.672,0.655,0.634,0.632,0.669,0.536,0.614,0.663,0.636,0.614,0.666,0.577,0.648,0.606,0.664,0.642,0.581,0.623,0.57,0.689,0.641,0.603,0.741,0.664,0.651,0.644,0.585,0.656,0.633,0.657,0.709,0.638,0.65,0.631,0.546,0.59,0.63,0.621,0.633,0.579,0.67,0.592,0.607,0.578,0.572,0.578,0.69,0.605,0.672,0.678,0.637,0.542,0.653,0.64,0.65,0.683,0.623,0.72,0.577,0.689,0.72,0.598,0.566,0.705,0.701,0.626,0.778,0.762,0.777,0.691,0.682,0.632,0.66,0.545,0.717,0.7,0.749,0.777,0.672,0.722,0.691,0.666,0.61,0.782,0.543,0.636,0.719,0.634,0.662,0.664,0.621,0.716,0.638,0.657,0.615,0.52,0.65,0.669,0.6,0.666,0.724,0.656,0.664,0.709,0.572,0.645,0.666,0.669,0.614,0.697,0.653,0.653,0.649,0.666,0.638,0.606,0.574,0.576,0.633,0.721,0.639,0.61,0.74,1.07,0.719,0.877,0.853,0.808,0.88,1.1,1.07,0.944,0.972,0.949,1.03,0.96,0.94,1.05,1.01,1.01,1.08,1.03,1.04,1.06,1.11,0.999,1.15,1.05,1.06,1.12,1.1,1.12,1.03,0.899,0.869,0.874,0.921,1.01,0.955,0.928,0.939,1.09,1.04,1.18,1.01,1.17,0.959,0.967,1.08,1.05,1.23,1.06,0.981,1.13,1.11,0.966,1.0,0.897,0.952,1.03,0.929,1.05,0.945,1.15,1.24,1.15,1.08,1.24,0.99,1.06,1.03,1.19,1.21,1.25,1.08,1.05,0.883,0.928,1.16,1.07,1.02,0.979,1.09,1.2,1.04,1.04,1.1,1.14,1.09,1.03,1.24,1.27,1.25,1.31,1.28,1.26,1.29,1.21,0.942,1.08,1.01,1.04,0.954,1.46,1.1,1.15,1.06,0.934,1.12,1.17,1.05,1.14,1.15,1.34,1.05,1.17,1.11,1.33,1.18,1.07,1.16,1.11,1.19,1.22,1.27,1.1,1.14,1.04,0.929,1.02,1.18,1.14,1.16,1.17,1.0,0.918,0.979,0.966,0.911,1.14,0.937,1.07,1.07,1.09,1.13,1.21,1.22,1.25,1.18,1.17,1.12,1.19,1.35,1.07,1.27,1.29,1.16,1.05,1.28,1.18,1.25,1.19,1.26,0.876,1.03,0.888,1.14,0.944,1.03,1.2,1.19,1.18,1.05,1.1,1.03,0.984,1.01,1.28,1.24,1.31,1.33,1.34,1.24,1.1,0.999,0.965,1.03,1.22,1.06,1.07,1.08,1.28,1.09,0.962,1.32,1.22,1.03,1.01,1.01,1.01,1.02,1.05,1.12
127_S_5028,438.0,453.0,50.0,0.401,0.375,0.582,0.558,0.583,0.662,0.646,0.698,0.616,0.738,0.668,0.617,0.643,0.505,0.579,0.592,0.539,0.604,0.648,0.608,0.693,0.651,0.7,0.621,0.68,0.664,0.63,0.625,0.66,0.614,0.694,0.698,0.577,0.56,0.676,0.696,0.579,0.576,0.722,0.663,0.806,0.691,0.662,0.733,0.698,0.711,0.638,0.701,0.78,0.715,0.689,0.738,0.562,0.552,0.783,0.662,0.566,0.705,0.673,0.726,0.608,0.605,0.683,0.676,0.646,0.636,0.606,0.586,0.527,0.537,0.64,0.708,0.695,0.657,0.664,0.688,0.692,0.699,0.669,0.678,0.677,0.704,0.572,0.633,0.698,0.668,0.641,0.703,0.615,0.689,0.634,0.701,0.686,0.574,0.639,0.648,0.712,0.664,0.62,0.774,0.682,0.659,0.654,0.59,0.65,0.649,0.677,0.71,0.657,0.684,0.646,0.569,0.63,0.662,0.625,0.676,0.604,0.689,0.593,0.66,0.606,0.583,0.624,0.71,0.616,0.692,0.693,0.626,0.597,0.643,0.638,0.686,0.674,0.647,0.745,0.618,0.685,0.761,0.615,0.606,0.674,0.695,0.652,0.788,0.788,0.774,0.687,0.695,0.664,0.657,0.612,0.705,0.705,0.769,0.792,0.706,0.755,0.707,0.712,0.61,0.794,0.539,0.647,0.742,0.647,0.702,0.683,0.638,0.712,0.678,0.639,0.626,0.555,0.685,0.686,0.609,0.677,0.738,0.664,0.672,0.747,0.588,0.676,0.68,0.694,0.631,0.722,0.701,0.695,0.67,0.669,0.677,0.617,0.629,0.615,0.668,0.712,0.654,0.662,0.747,0.981,0.708,1.03,0.847,0.892,1.05,1.07,1.04,0.946,1.09,0.954,1.09,0.918,0.919,0.977,0.994,0.974,0.998,1.01,0.966,1.07,1.17,1.03,1.09,1.08,1.06,1.1,1.02,1.11,1.04,1.06,0.97,1.06,1.02,1.05,1.05,1.05,1.04,1.07,1.1,1.09,1.03,1.07,0.893,0.98,1.02,1.07,1.15,1.11,0.979,1.13,1.05,0.969,0.977,0.933,0.989,1.13,1.03,1.04,1.02,1.12,1.22,1.21,1.1,1.11,1.0,1.08,1.04,1.12,1.16,1.21,1.24,1.11,0.913,1.06,1.15,1.08,1.05,1.08,1.09,1.15,1.03,1.04,1.05,1.11,1.06,1.06,1.12,1.15,1.1,1.13,1.24,1.24,1.29,1.25,1.07,1.16,1.07,1.1,0.991,1.25,1.14,1.27,1.21,1.15,1.28,1.14,1.14,1.49,1.23,1.45,1.15,1.12,1.11,1.15,1.04,1.08,1.13,1.11,1.09,1.06,1.08,1.09,1.23,1.22,0.943,1.13,1.14,1.14,1.25,1.13,1.1,1.16,1.14,1.07,1.11,1.15,0.944,1.07,1.11,1.0,1.21,1.16,1.13,1.21,1.21,1.1,1.14,1.17,1.11,1.09,1.25,1.23,1.09,1.1,1.16,1.1,1.17,1.19,1.2,0.916,1.01,0.938,1.09,1.02,1.11,1.15,1.19,1.26,1.07,1.08,1.1,1.02,1.12,1.22,1.22,1.26,1.27,1.2,1.1,1.41,1.17,1.1,1.09,1.16,1.27,1.07,1.07,1.13,1.19,1.03,1.18,1.33,1.08,1.15,1.04,1.12,1.08,1.08,1.14
127_S_5058,256.0,146.0,14.8,0.392,0.369,0.572,0.547,0.584,0.639,0.634,0.686,0.605,0.717,0.649,0.579,0.632,0.478,0.571,0.571,0.504,0.601,0.603,0.592,0.696,0.643,0.696,0.622,0.662,0.648,0.623,0.593,0.634,0.587,0.671,0.681,0.547,0.525,0.654,0.671,0.558,0.535,0.72,0.664,0.79,0.687,0.66,0.724,0.683,0.716,0.611,0.705,0.776,0.709,0.691,0.749,0.563,0.566,0.783,0.664,0.569,0.689,0.639,0.709,0.589,0.61,0.686,0.681,0.637,0.626,0.609,0.557,0.524,0.536,0.643,0.701,0.654,0.657,0.64,0.678,0.678,0.686,0.647,0.682,0.684,0.711,0.596,0.626,0.688,0.671,0.63,0.713,0.611,0.666,0.631,0.702,0.683,0.58,0.629,0.623,0.694,0.661,0.626,0.774,0.659,0.639,0.636,0.578,0.676,0.625,0.661,0.714,0.642,0.672,0.618,0.511,0.634,0.652,0.591,0.651,0.602,0.681,0.609,0.649,0.58,0.567,0.617,0.701,0.615,0.683,0.703,0.655,0.565,0.679,0.619,0.684,0.685,0.621,0.735,0.589,0.685,0.759,0.581,0.579,0.736,0.703,0.66,0.8,0.773,0.791,0.676,0.695,0.649,0.645,0.619,0.689,0.699,0.769,0.784,0.683,0.756,0.71,0.707,0.609,0.799,0.543,0.662,0.725,0.663,0.684,0.683,0.659,0.715,0.656,0.637,0.626,0.56,0.679,0.697,0.59,0.673,0.733,0.648,0.685,0.726,0.548,0.671,0.667,0.669,0.608,0.713,0.698,0.683,0.659,0.679,0.696,0.606,0.627,0.598,0.668,0.71,0.656,0.641,0.755,1.05,0.69,1.12,0.861,0.881,1.01,1.16,1.19,0.978,1.16,0.946,1.12,0.943,0.964,1.04,0.992,1.05,1.03,1.01,1.0,1.13,1.19,1.02,1.15,1.06,1.1,1.12,1.05,1.1,1.05,1.05,0.966,1.06,1.05,1.07,1.03,1.1,1.04,1.08,1.12,1.15,1.05,1.13,0.942,0.998,1.05,1.04,1.22,1.13,0.967,1.07,1.05,1.0,0.996,0.911,0.903,1.05,1.08,1.04,1.01,1.06,1.22,1.16,1.04,1.17,0.971,0.97,1.06,1.17,1.18,1.18,1.17,1.16,0.887,1.11,1.11,1.17,1.08,1.19,1.08,1.16,1.05,1.04,1.06,1.16,1.1,1.06,1.25,1.2,1.15,1.19,1.19,1.24,1.29,1.27,1.03,1.08,1.08,1.06,1.02,1.41,1.03,1.51,1.31,1.08,1.3,1.36,1.17,1.69,1.37,1.43,1.16,1.24,1.09,1.17,1.09,1.13,1.11,1.16,1.17,1.07,1.14,1.12,1.23,1.14,0.946,1.08,1.14,1.17,1.2,1.04,0.919,0.93,1.05,0.939,1.01,1.22,0.987,1.07,1.08,1.04,1.08,1.13,1.1,1.21,1.2,1.06,1.1,1.16,1.07,0.993,1.21,1.25,1.11,1.05,1.09,1.12,1.18,1.18,1.16,0.901,0.996,0.952,1.08,0.945,1.05,1.09,1.11,1.09,0.996,1.02,0.907,0.917,1.02,1.19,1.1,1.25,1.27,1.04,1.14,1.3,1.33,0.994,0.958,1.13,1.31,1.03,1.01,1.16,1.02,0.986,1.16,1.27,0.907,1.05,1.03,1.18,0.987,0.865,1.0
127_S_5067,1700.0,852.0,77.8,0.385,0.354,0.564,0.542,0.576,0.632,0.628,0.667,0.59,0.711,0.631,0.595,0.611,0.44,0.533,0.534,0.465,0.557,0.599,0.575,0.66,0.603,0.66,0.584,0.63,0.623,0.606,0.562,0.65,0.59,0.68,0.645,0.503,0.466,0.619,0.651,0.528,0.526,0.682,0.636,0.774,0.665,0.63,0.716,0.65,0.677,0.575,0.672,0.759,0.682,0.681,0.731,0.543,0.532,0.762,0.641,0.555,0.667,0.658,0.69,0.586,0.592,0.661,0.669,0.597,0.61,0.593,0.516,0.493,0.52,0.625,0.695,0.657,0.63,0.636,0.605,0.665,0.669,0.646,0.65,0.657,0.643,0.588,0.619,0.679,0.644,0.618,0.683,0.572,0.641,0.599,0.669,0.683,0.593,0.619,0.613,0.703,0.644,0.604,0.741,0.69,0.671,0.669,0.597,0.661,0.652,0.664,0.699,0.645,0.648,0.623,0.559,0.58,0.608,0.573,0.608,0.561,0.647,0.609,0.615,0.567,0.546,0.583,0.672,0.593,0.67,0.679,0.634,0.537,0.667,0.641,0.674,0.663,0.613,0.703,0.583,0.687,0.741,0.609,0.564,0.689,0.685,0.653,0.759,0.779,0.769,0.673,0.678,0.634,0.618,0.591,0.689,0.66,0.751,0.764,0.678,0.748,0.708,0.684,0.62,0.783,0.55,0.642,0.722,0.661,0.668,0.652,0.619,0.705,0.654,0.636,0.617,0.541,0.62,0.661,0.572,0.673,0.72,0.66,0.637,0.706,0.556,0.657,0.669,0.623,0.589,0.697,0.674,0.661,0.645,0.688,0.632,0.609,0.629,0.59,0.661,0.709,0.622,0.644,0.735,1.03,0.708,1.08,0.847,0.899,1.03,1.03,1.09,0.958,1.14,0.944,1.07,0.929,0.908,1.01,0.972,0.985,1.02,0.994,0.972,0.941,1.0,0.996,1.08,1.03,1.04,1.09,1.05,1.08,1.05,1.04,1.11,1.07,1.04,1.0,0.967,1.04,1.02,1.07,1.03,1.02,0.984,1.12,0.945,0.964,1.01,1.05,1.18,1.09,0.961,1.08,1.03,0.756,0.853,0.763,0.851,1.1,1.14,1.09,1.08,1.09,1.2,1.15,1.12,1.18,0.967,1.11,1.1,1.21,1.18,1.19,1.19,1.22,0.87,1.14,1.15,1.12,1.09,1.21,0.99,1.11,1.0,0.896,1.04,1.06,1.1,1.13,1.12,1.14,1.18,1.21,1.12,1.18,1.18,1.24,1.13,1.07,0.988,1.13,1.11,1.37,1.21,1.38,1.34,1.25,1.29,1.34,1.19,1.59,1.24,1.31,1.14,1.06,1.11,1.05,1.1,1.07,1.05,1.08,1.09,1.08,1.04,1.09,1.08,1.12,0.96,1.08,1.16,1.16,1.2,1.13,1.12,1.19,1.25,1.14,1.22,1.09,1.02,1.15,1.06,1.05,1.14,1.28,1.12,1.14,1.14,1.04,1.11,1.2,1.1,1.16,1.24,1.19,1.13,1.11,1.02,1.08,1.17,0.992,1.15,0.75,0.896,0.746,1.07,1.23,1.14,1.19,1.15,1.16,1.06,1.09,1.15,1.22,1.17,1.25,1.24,1.23,1.22,1.11,1.14,1.31,1.39,1.02,1.18,1.24,1.27,0.998,1.0,1.1,1.17,0.863,1.2,1.26,1.15,1.1,1.06,1.06,1.06,1.16,1.17
127_S_5095,383.0,319.0,34.3,0.378,0.363,0.569,0.538,0.571,0.635,0.621,0.677,0.591,0.702,0.644,0.603,0.621,0.454,0.552,0.551,0.507,0.569,0.607,0.574,0.67,0.612,0.671,0.573,0.634,0.612,0.608,0.562,0.628,0.582,0.671,0.678,0.547,0.512,0.62,0.691,0.565,0.575,0.717,0.638,0.77,0.655,0.625,0.714,0.683,0.699,0.584,0.669,0.761,0.704,0.663,0.741,0.52,0.528,0.772,0.637,0.548,0.683,0.629,0.692,0.597,0.577,0.633,0.643,0.544,0.6,0.585,0.524,0.488,0.521,0.64,0.699,0.668,0.632,0.628,0.674,0.676,0.688,0.654,0.659,0.671,0.682,0.582,0.614,0.662,0.65,0.602,0.694,0.602,0.675,0.623,0.662,0.649,0.592,0.601,0.628,0.684,0.628,0.592,0.745,0.673,0.651,0.641,0.579,0.648,0.642,0.651,0.699,0.646,0.656,0.637,0.578,0.597,0.629,0.617,0.653,0.588,0.678,0.583,0.663,0.578,0.586,0.593,0.677,0.61,0.664,0.693,0.636,0.575,0.655,0.606,0.677,0.688,0.622,0.734,0.571,0.652,0.746,0.603,0.575,0.709,0.689,0.642,0.776,0.772,0.772,0.668,0.701,0.659,0.651,0.588,0.7,0.706,0.767,0.783,0.681,0.774,0.721,0.703,0.623,0.807,0.543,0.644,0.735,0.659,0.665,0.681,0.677,0.684,0.645,0.629,0.59,0.523,0.653,0.679,0.594,0.672,0.731,0.647,0.674,0.719,0.571,0.678,0.665,0.674,0.612,0.709,0.688,0.672,0.638,0.68,0.677,0.634,0.616,0.589,0.665,0.701,0.637,0.625,0.742,0.99,0.686,1.05,0.816,0.853,0.985,0.98,1.05,0.916,1.12,0.987,1.1,0.923,0.914,1.01,0.99,0.98,1.04,1.02,0.989,0.991,1.01,0.957,1.07,1.05,1.04,1.01,0.995,1.05,1.02,0.991,0.978,1.03,0.988,1.02,0.94,0.996,1.05,1.02,1.06,1.2,0.985,1.02,0.922,0.94,1.06,1.03,1.23,1.03,0.962,1.08,1.02,0.867,0.909,0.806,0.866,0.937,0.914,0.948,0.937,1.17,1.17,1.12,1.02,1.08,0.939,0.869,0.966,1.09,1.12,1.2,1.15,1.15,0.847,0.88,1.07,1.1,1.02,1.13,1.05,1.11,0.997,0.91,0.869,0.909,0.992,1.05,1.14,1.13,1.13,1.15,1.15,1.14,1.17,1.16,1.01,1.11,0.95,1.08,0.972,1.24,1.18,1.33,1.3,1.24,1.35,1.23,1.07,1.47,1.21,1.52,1.22,1.17,1.2,1.27,1.12,1.15,1.19,1.18,1.19,1.17,1.22,1.13,1.18,1.21,0.929,1.13,1.2,1.17,1.23,1.06,1.07,1.14,1.22,1.08,1.2,1.23,1.01,1.28,1.18,1.12,1.26,1.26,1.22,1.27,1.2,1.08,1.09,1.25,1.27,1.12,1.31,1.35,1.16,1.06,1.12,1.07,1.17,1.15,1.17,0.881,0.959,0.883,1.08,1.1,1.08,1.27,1.21,1.28,1.07,1.01,1.02,1.11,1.15,1.31,1.32,1.23,1.32,1.14,1.16,1.51,1.42,1.06,1.12,1.31,1.33,1.02,1.05,1.14,1.15,0.992,1.23,1.25,1.17,1.15,1.0,0.975,1.08,1.06,1.12
128_S_4586,1700.0,211.0,19.3,0.379,0.344,0.537,0.506,0.549,0.617,0.629,0.675,0.598,0.706,0.634,0.56,0.62,0.468,0.552,0.546,0.506,0.578,0.61,0.587,0.673,0.629,0.686,0.608,0.643,0.645,0.61,0.582,0.637,0.579,0.668,0.672,0.521,0.516,0.649,0.691,0.559,0.565,0.699,0.655,0.797,0.678,0.66,0.715,0.678,0.702,0.592,0.672,0.765,0.698,0.715,0.774,0.541,0.542,0.794,0.662,0.547,0.675,0.654,0.705,0.588,0.599,0.684,0.645,0.621,0.615,0.591,0.535,0.507,0.529,0.644,0.689,0.658,0.634,0.638,0.674,0.675,0.684,0.657,0.656,0.66,0.682,0.61,0.62,0.692,0.654,0.635,0.685,0.576,0.652,0.618,0.708,0.673,0.595,0.62,0.6,0.689,0.645,0.608,0.759,0.674,0.661,0.651,0.599,0.683,0.64,0.675,0.732,0.659,0.682,0.633,0.534,0.633,0.681,0.618,0.653,0.601,0.694,0.625,0.666,0.598,0.586,0.63,0.705,0.625,0.694,0.706,0.645,0.574,0.674,0.666,0.711,0.695,0.633,0.743,0.617,0.692,0.761,0.612,0.588,0.709,0.716,0.677,0.774,0.776,0.784,0.683,0.686,0.665,0.648,0.614,0.682,0.675,0.75,0.765,0.687,0.783,0.744,0.7,0.587,0.827,0.565,0.675,0.753,0.656,0.682,0.676,0.678,0.705,0.662,0.648,0.648,0.581,0.669,0.681,0.601,0.656,0.719,0.655,0.654,0.716,0.588,0.673,0.688,0.643,0.618,0.683,0.679,0.646,0.693,0.711,0.634,0.627,0.655,0.615,0.682,0.727,0.659,0.668,0.762,0.832,0.712,0.871,0.825,0.889,0.924,0.959,0.939,0.938,1.02,0.955,0.978,0.959,0.937,1.0,0.949,0.972,1.03,1.0,0.99,1.08,1.13,1.03,1.07,1.05,1.03,1.07,1.03,0.963,0.967,1.01,1.02,1.01,0.978,1.03,0.954,0.95,0.978,1.02,1.06,1.12,1.02,1.1,1.0,1.02,1.07,1.06,1.25,1.1,1.0,1.09,1.11,0.968,1.0,0.904,0.959,1.09,1.1,1.03,1.02,1.1,1.22,1.26,1.12,1.23,0.998,1.08,1.11,1.25,1.17,1.25,1.15,1.16,0.923,1.13,1.21,1.17,1.12,1.26,1.09,1.18,1.07,0.988,1.07,1.09,1.09,1.1,1.24,1.24,1.27,1.24,1.2,1.21,1.26,1.24,1.06,1.07,1.01,1.06,1.06,0.959,1.04,0.861,1.02,1.03,1.05,0.763,0.875,1.03,1.06,1.2,1.07,1.11,1.14,1.15,1.13,1.06,1.1,1.05,1.11,1.11,1.15,1.09,1.13,1.2,0.981,1.06,1.19,1.17,1.23,1.04,1.15,1.04,1.1,1.03,1.04,1.14,1.02,1.11,1.06,1.1,1.15,1.15,1.16,1.26,1.18,1.14,1.14,1.23,1.08,1.18,1.31,1.32,1.18,1.08,1.22,1.18,1.26,1.22,1.22,0.896,1.03,1.0,1.01,1.1,1.11,1.18,1.23,1.29,1.08,1.15,1.13,1.25,1.19,1.31,1.35,1.32,1.33,1.2,1.24,1.31,1.41,1.07,1.25,1.28,1.34,1.07,1.12,1.24,1.17,0.961,1.28,1.34,1.12,1.06,0.973,1.11,1.04,1.17,1.19
128_S_4774,877.0,715.0,71.8,0.376,0.349,0.542,0.521,0.551,0.621,0.634,0.673,0.596,0.709,0.635,0.562,0.621,0.457,0.55,0.543,0.509,0.576,0.612,0.581,0.664,0.621,0.675,0.602,0.639,0.641,0.61,0.568,0.636,0.581,0.674,0.649,0.504,0.508,0.628,0.655,0.545,0.534,0.698,0.645,0.777,0.673,0.656,0.717,0.684,0.7,0.576,0.693,0.763,0.709,0.714,0.767,0.547,0.542,0.798,0.659,0.543,0.661,0.66,0.698,0.595,0.616,0.682,0.666,0.613,0.62,0.584,0.543,0.508,0.54,0.653,0.694,0.668,0.644,0.623,0.609,0.676,0.69,0.641,0.677,0.673,0.709,0.599,0.621,0.705,0.653,0.623,0.709,0.581,0.669,0.616,0.742,0.7,0.559,0.621,0.594,0.699,0.637,0.601,0.749,0.681,0.682,0.649,0.605,0.683,0.631,0.664,0.727,0.66,0.745,0.629,0.543,0.619,0.633,0.612,0.665,0.591,0.676,0.608,0.642,0.599,0.565,0.584,0.703,0.618,0.691,0.689,0.67,0.59,0.656,0.66,0.694,0.677,0.616,0.738,0.622,0.688,0.757,0.617,0.589,0.715,0.708,0.636,0.787,0.797,0.781,0.697,0.69,0.655,0.65,0.618,0.711,0.685,0.763,0.792,0.71,0.776,0.754,0.713,0.631,0.831,0.542,0.654,0.76,0.632,0.692,0.662,0.669,0.703,0.662,0.651,0.652,0.574,0.678,0.67,0.585,0.683,0.729,0.653,0.68,0.74,0.566,0.683,0.682,0.62,0.622,0.724,0.709,0.69,0.687,0.697,0.662,0.614,0.637,0.627,0.675,0.737,0.67,0.671,0.767,1.0,0.75,1.06,0.892,0.909,0.999,1.04,1.1,0.973,1.12,1.01,1.07,0.97,0.936,0.996,0.972,0.999,1.02,1.03,0.994,1.02,1.08,1.01,1.11,1.04,1.04,1.09,1.07,1.04,1.03,1.0,0.982,0.987,0.983,0.986,0.933,0.919,0.984,1.04,1.06,1.2,1.02,1.06,0.99,1.03,1.07,1.03,1.13,1.09,0.966,1.03,1.04,0.84,0.926,0.796,0.885,1.04,0.954,0.962,0.94,1.09,1.12,1.11,1.05,1.11,0.971,0.986,0.949,1.1,1.1,1.17,1.17,1.12,0.887,0.936,1.08,1.13,1.09,1.17,1.04,1.12,1.0,0.894,0.957,1.04,1.08,0.989,1.1,1.13,1.16,1.12,1.15,1.15,1.12,1.13,1.01,1.12,0.956,1.07,1.05,1.25,1.17,1.14,1.17,1.14,1.16,1.22,1.09,1.43,1.29,1.34,1.15,1.1,1.14,1.23,1.1,1.09,1.11,1.08,1.17,1.12,1.16,1.16,1.19,1.23,0.975,1.09,1.2,1.15,1.21,1.12,1.14,1.11,1.26,1.01,1.11,1.16,1.04,1.1,1.08,1.11,1.14,1.27,1.17,1.23,1.24,1.15,1.18,1.2,1.11,1.16,1.26,1.23,1.17,1.11,1.14,1.2,1.18,1.11,1.2,0.922,1.08,0.923,1.17,1.08,1.0,1.14,1.26,1.17,1.09,1.14,1.12,1.06,1.06,1.21,1.24,1.24,1.28,1.01,1.13,1.37,1.34,1.11,1.12,1.19,1.39,1.08,1.09,1.15,1.23,0.961,1.16,1.29,1.13,1.18,1.1,1.2,1.08,1.2,1.19
128_S_4832,1240.0,136.0,12.9,0.385,0.355,0.541,0.52,0.561,0.629,0.633,0.675,0.602,0.717,0.646,0.566,0.644,0.466,0.556,0.558,0.501,0.573,0.611,0.6,0.679,0.635,0.682,0.609,0.658,0.651,0.609,0.592,0.636,0.586,0.669,0.655,0.536,0.503,0.648,0.685,0.555,0.544,0.729,0.666,0.795,0.685,0.664,0.727,0.705,0.719,0.604,0.703,0.777,0.715,0.696,0.753,0.541,0.532,0.785,0.667,0.543,0.689,0.663,0.71,0.588,0.611,0.682,0.699,0.625,0.617,0.594,0.509,0.505,0.545,0.662,0.701,0.681,0.654,0.646,0.659,0.681,0.696,0.659,0.669,0.689,0.718,0.6,0.631,0.691,0.64,0.605,0.719,0.615,0.684,0.635,0.713,0.71,0.623,0.63,0.606,0.683,0.644,0.605,0.765,0.674,0.676,0.633,0.59,0.665,0.632,0.659,0.714,0.652,0.684,0.644,0.552,0.647,0.68,0.639,0.663,0.613,0.701,0.633,0.678,0.605,0.59,0.602,0.728,0.636,0.701,0.708,0.667,0.612,0.693,0.658,0.713,0.697,0.654,0.75,0.619,0.696,0.771,0.619,0.589,0.735,0.721,0.661,0.798,0.796,0.785,0.705,0.705,0.676,0.67,0.638,0.718,0.682,0.787,0.8,0.695,0.762,0.735,0.706,0.605,0.815,0.56,0.66,0.757,0.688,0.714,0.695,0.689,0.711,0.667,0.651,0.651,0.588,0.692,0.692,0.601,0.699,0.734,0.668,0.67,0.732,0.593,0.696,0.713,0.706,0.633,0.719,0.702,0.697,0.7,0.71,0.678,0.647,0.657,0.607,0.678,0.738,0.677,0.669,0.774,0.983,0.708,1.0,0.83,0.868,0.987,1.06,1.09,0.917,1.09,0.957,1.01,0.939,0.933,0.996,0.983,0.991,1.04,1.03,1.01,0.974,1.1,1.01,1.1,1.04,1.05,1.08,1.05,1.06,1.02,1.02,1.02,1.04,1.02,1.04,1.03,1.04,1.03,1.08,1.07,1.17,1.02,1.12,0.963,0.984,1.1,1.07,1.25,1.13,0.994,1.1,1.09,0.946,0.989,0.894,0.895,1.04,1.12,1.09,1.02,1.19,1.22,1.21,1.1,1.19,0.984,1.07,1.1,1.17,1.17,1.23,1.21,1.22,0.909,1.07,1.21,1.16,1.09,1.18,1.07,1.18,1.05,0.958,1.06,1.01,1.05,1.11,1.21,1.23,1.2,1.21,1.16,1.21,1.22,1.18,1.08,1.09,0.943,1.1,1.05,1.27,1.21,1.2,1.17,1.13,1.17,1.1,1.08,1.26,1.22,1.27,1.13,1.16,1.17,1.38,1.15,1.18,1.2,1.17,1.15,1.15,1.25,1.14,1.23,1.16,0.994,1.12,1.19,1.18,1.24,1.13,1.13,1.16,1.14,1.06,1.09,1.18,1.07,1.27,1.12,1.13,1.17,1.23,1.2,1.27,1.27,1.22,1.17,1.33,1.31,1.22,1.32,1.36,1.15,1.07,1.21,1.21,1.18,1.18,1.24,0.931,1.08,0.976,1.14,1.17,1.21,1.25,1.22,1.32,1.1,1.06,1.13,1.2,1.27,1.36,1.35,1.26,1.32,1.28,1.27,1.44,1.45,1.18,1.17,1.31,1.35,1.09,1.09,1.3,1.21,0.931,1.26,1.3,1.19,1.09,1.03,1.06,0.996,1.24,1.13
128_S_5123,1300.0,512.0,53.3,0.378,0.347,0.54,0.504,0.547,0.616,0.625,0.674,0.596,0.714,0.637,0.552,0.628,0.468,0.563,0.54,0.499,0.577,0.593,0.579,0.66,0.618,0.675,0.581,0.636,0.63,0.601,0.567,0.622,0.56,0.653,0.642,0.511,0.493,0.633,0.668,0.549,0.53,0.675,0.644,0.784,0.678,0.639,0.719,0.684,0.692,0.598,0.668,0.769,0.702,0.689,0.747,0.541,0.528,0.787,0.656,0.526,0.668,0.658,0.706,0.562,0.582,0.661,0.676,0.596,0.598,0.579,0.499,0.486,0.526,0.638,0.683,0.656,0.634,0.63,0.639,0.667,0.691,0.644,0.667,0.66,0.694,0.591,0.601,0.669,0.644,0.609,0.694,0.576,0.654,0.584,0.698,0.674,0.61,0.619,0.586,0.696,0.628,0.589,0.748,0.66,0.655,0.634,0.573,0.667,0.633,0.655,0.719,0.653,0.705,0.645,0.516,0.632,0.659,0.625,0.669,0.61,0.686,0.618,0.632,0.591,0.597,0.621,0.704,0.631,0.69,0.698,0.616,0.582,0.655,0.652,0.687,0.672,0.624,0.732,0.576,0.694,0.763,0.611,0.587,0.703,0.708,0.658,0.769,0.787,0.774,0.683,0.693,0.674,0.649,0.63,0.678,0.667,0.763,0.78,0.68,0.76,0.718,0.701,0.585,0.822,0.548,0.66,0.735,0.682,0.69,0.677,0.663,0.713,0.669,0.652,0.643,0.556,0.701,0.678,0.564,0.676,0.728,0.646,0.647,0.715,0.594,0.669,0.687,0.657,0.63,0.706,0.689,0.672,0.666,0.704,0.644,0.597,0.651,0.629,0.652,0.727,0.66,0.664,0.777,1.0,0.833,1.06,0.976,1.0,1.07,1.1,1.13,1.03,1.13,1.02,1.12,1.04,0.994,1.05,1.03,1.03,1.07,1.07,1.02,1.06,1.11,1.07,1.11,1.11,1.1,1.1,1.1,1.12,1.11,1.11,1.08,1.06,1.06,1.08,1.06,1.04,1.02,1.11,1.09,1.21,1.09,1.12,1.04,1.08,1.11,1.14,1.23,1.14,1.08,1.17,1.15,1.04,1.07,0.953,1.03,1.17,1.11,1.14,1.08,1.15,1.2,1.16,1.1,1.12,1.09,1.16,1.14,1.23,1.17,1.27,1.24,1.21,1.02,1.16,1.17,1.18,1.15,1.22,1.15,1.24,1.11,0.982,1.12,1.1,1.12,1.11,1.2,1.24,1.19,1.2,1.19,1.19,1.2,1.2,1.13,1.14,1.09,1.14,1.09,1.22,1.2,1.17,1.18,1.2,1.21,1.14,1.13,1.36,1.2,1.32,1.18,1.14,1.21,1.34,1.14,1.11,1.13,1.12,1.14,1.09,1.21,1.09,1.24,1.21,1.05,1.13,1.19,1.18,1.25,1.15,1.21,1.11,1.24,1.15,1.11,1.19,1.09,1.2,1.13,1.14,1.22,1.26,1.22,1.27,1.27,1.23,1.25,1.27,1.24,1.24,1.31,1.28,1.22,1.15,1.26,1.2,1.26,1.22,1.27,1.05,1.12,1.07,1.16,1.15,1.18,1.2,1.24,1.25,1.17,1.17,1.2,1.24,1.22,1.35,1.3,1.28,1.31,1.32,1.21,1.37,1.33,1.17,1.21,1.25,1.37,1.15,1.15,1.28,1.24,1.06,1.22,1.32,1.19,1.18,1.14,1.14,1.1,1.19,1.29
129_S_0778,557.0,236.0,21.6,0.365,0.335,0.532,0.504,0.56,0.619,0.617,0.658,0.584,0.703,0.633,0.561,0.612,0.45,0.545,0.54,0.489,0.578,0.598,0.591,0.679,0.63,0.671,0.602,0.658,0.654,0.62,0.568,0.633,0.575,0.681,0.67,0.518,0.506,0.644,0.65,0.547,0.551,0.7,0.659,0.782,0.662,0.641,0.703,0.663,0.693,0.597,0.692,0.76,0.701,0.687,0.736,0.49,0.535,0.769,0.67,0.552,0.679,0.657,0.715,0.602,0.616,0.688,0.662,0.623,0.603,0.59,0.536,0.515,0.552,0.654,0.695,0.669,0.626,0.654,0.651,0.67,0.683,0.66,0.657,0.687,0.691,0.595,0.629,0.712,0.657,0.613,0.716,0.607,0.677,0.611,0.707,0.675,0.592,0.643,0.611,0.685,0.652,0.628,0.762,0.682,0.673,0.656,0.603,0.677,0.655,0.67,0.712,0.65,0.678,0.643,0.545,0.615,0.637,0.614,0.638,0.587,0.685,0.609,0.629,0.598,0.554,0.612,0.694,0.623,0.664,0.686,0.641,0.58,0.662,0.637,0.707,0.703,0.623,0.754,0.599,0.68,0.747,0.598,0.588,0.702,0.711,0.657,0.772,0.773,0.78,0.673,0.674,0.641,0.658,0.618,0.699,0.688,0.76,0.776,0.685,0.747,0.698,0.673,0.598,0.805,0.54,0.622,0.736,0.696,0.648,0.674,0.68,0.71,0.652,0.654,0.646,0.543,0.698,0.648,0.591,0.654,0.753,0.642,0.674,0.727,0.584,0.655,0.689,0.69,0.61,0.693,0.691,0.685,0.687,0.661,0.669,0.615,0.669,0.597,0.678,0.727,0.64,0.671,0.751,1.02,0.71,1.03,0.858,0.911,1.06,1.05,1.1,0.937,1.06,1.01,1.08,0.895,0.936,1.0,0.939,0.977,0.994,0.936,0.922,1.03,1.12,0.983,1.12,1.11,1.04,1.11,1.06,1.06,1.13,1.13,1.11,1.08,0.956,1.05,0.977,1.0,0.971,1.09,1.13,1.05,1.05,1.11,0.972,0.98,1.05,1.08,1.24,1.13,0.974,1.11,1.1,0.977,1.06,0.938,0.913,1.21,1.19,1.1,1.05,1.09,1.35,1.27,1.11,1.25,0.982,1.22,1.17,1.28,1.22,1.29,1.25,1.14,0.906,1.26,1.16,1.2,1.12,1.2,1.07,1.21,1.04,1.08,1.17,1.16,1.15,1.21,1.19,1.19,1.16,1.23,1.04,1.26,1.26,1.31,1.17,1.09,0.965,1.21,1.04,1.27,1.21,1.25,1.31,1.26,1.3,1.16,1.01,1.34,1.24,1.31,1.1,1.07,1.17,1.05,1.08,1.03,1.09,1.09,1.12,0.953,0.962,1.02,1.13,1.2,0.958,1.11,1.14,1.14,1.23,1.17,1.2,1.18,1.24,1.12,1.2,1.11,1.01,1.1,1.09,1.1,1.11,1.22,0.896,1.04,1.13,0.95,1.06,1.08,0.983,1.15,1.3,1.28,1.07,1.1,1.04,1.14,1.12,1.09,1.19,0.901,1.09,0.925,1.0,1.21,1.06,1.1,1.12,1.32,1.05,1.19,1.24,1.28,1.18,1.31,1.24,1.3,1.37,1.03,1.2,1.4,1.26,1.06,1.23,1.16,1.32,0.981,1.04,1.1,1.24,1.01,1.19,1.32,1.27,1.15,0.853,1.11,1.1,1.22,1.22
129_S_4369,1700.0,269.0,24.6,0.361,0.334,0.524,0.492,0.55,0.629,0.618,0.664,0.586,0.727,0.634,0.56,0.64,0.438,0.547,0.539,0.49,0.573,0.593,0.594,0.693,0.647,0.692,0.632,0.638,0.649,0.62,0.577,0.636,0.57,0.666,0.66,0.503,0.486,0.65,0.688,0.543,0.538,0.728,0.661,0.801,0.687,0.661,0.723,0.704,0.7,0.588,0.691,0.771,0.72,0.715,0.761,0.519,0.551,0.789,0.674,0.533,0.675,0.662,0.702,0.591,0.617,0.68,0.671,0.638,0.62,0.583,0.528,0.512,0.535,0.654,0.701,0.661,0.633,0.621,0.67,0.691,0.698,0.667,0.697,0.687,0.731,0.59,0.604,0.696,0.658,0.628,0.711,0.591,0.695,0.637,0.729,0.696,0.606,0.629,0.579,0.715,0.661,0.624,0.762,0.671,0.671,0.652,0.603,0.68,0.671,0.702,0.732,0.672,0.717,0.66,0.549,0.622,0.652,0.632,0.658,0.632,0.677,0.59,0.634,0.601,0.574,0.643,0.727,0.633,0.714,0.709,0.654,0.625,0.661,0.657,0.706,0.715,0.62,0.749,0.616,0.707,0.761,0.628,0.58,0.726,0.723,0.654,0.781,0.788,0.789,0.711,0.707,0.675,0.643,0.633,0.697,0.68,0.77,0.778,0.723,0.753,0.742,0.715,0.613,0.807,0.524,0.65,0.759,0.7,0.682,0.681,0.692,0.724,0.688,0.634,0.667,0.577,0.684,0.627,0.601,0.679,0.728,0.649,0.662,0.749,0.616,0.705,0.723,0.683,0.665,0.748,0.71,0.693,0.708,0.685,0.649,0.618,0.673,0.658,0.701,0.753,0.721,0.709,0.784,1.03,0.711,1.08,0.874,0.924,1.04,1.07,1.06,0.952,1.14,0.993,1.14,0.909,0.948,0.984,0.952,0.972,0.964,0.959,0.946,1.02,1.17,0.977,1.05,1.06,0.999,1.01,1.02,1.07,1.05,1.09,1.06,1.09,1.06,1.05,1.02,1.04,1.03,1.05,1.04,1.01,0.986,1.07,0.924,0.935,0.976,1.05,1.15,1.06,0.971,0.948,1.01,0.924,0.983,0.862,0.915,1.17,1.19,1.1,1.06,1.05,1.16,1.14,1.08,1.12,0.982,1.1,1.1,1.13,1.13,1.2,1.3,1.15,0.898,1.17,1.13,1.16,1.1,1.23,1.02,1.15,1.03,0.946,1.06,1.07,1.11,1.12,1.13,1.11,1.08,1.09,1.08,1.11,1.19,1.17,1.09,1.13,1.01,1.09,1.03,1.26,1.17,1.43,1.31,1.28,1.36,1.23,1.12,1.63,1.33,1.54,1.18,1.18,1.12,1.11,1.12,1.08,1.06,1.11,1.04,0.986,1.02,1.02,1.29,1.22,0.958,1.09,1.16,1.13,1.15,1.04,1.22,1.14,1.2,1.13,1.21,1.16,1.05,1.11,1.04,1.12,1.17,1.25,1.1,1.19,1.18,1.05,1.1,1.16,1.05,1.1,1.29,1.25,1.09,1.05,1.12,1.07,1.12,1.12,1.22,0.85,0.988,0.903,1.08,1.26,1.19,1.11,1.21,1.2,1.08,1.13,1.13,1.26,1.24,1.22,1.25,1.18,1.28,1.08,1.11,1.5,1.44,1.09,1.18,1.28,1.42,1.05,1.08,1.21,1.26,0.947,1.12,1.23,1.15,1.14,1.02,1.16,1.04,1.21,1.19
129_S_4371,770.0,274.0,24.3,0.41,0.386,0.575,0.532,0.562,0.627,0.64,0.691,0.613,0.709,0.652,0.578,0.633,0.481,0.563,0.555,0.526,0.584,0.62,0.589,0.691,0.637,0.68,0.613,0.644,0.657,0.627,0.583,0.65,0.59,0.665,0.662,0.523,0.539,0.646,0.685,0.561,0.562,0.704,0.647,0.798,0.687,0.66,0.716,0.678,0.701,0.61,0.687,0.777,0.702,0.72,0.774,0.585,0.565,0.797,0.666,0.567,0.671,0.652,0.712,0.573,0.609,0.69,0.668,0.618,0.63,0.611,0.545,0.539,0.575,0.675,0.693,0.662,0.641,0.601,0.642,0.675,0.69,0.649,0.682,0.696,0.695,0.643,0.645,0.7,0.653,0.649,0.697,0.585,0.644,0.584,0.714,0.707,0.612,0.65,0.602,0.683,0.665,0.612,0.748,0.682,0.677,0.651,0.591,0.675,0.634,0.663,0.708,0.646,0.667,0.605,0.548,0.605,0.643,0.594,0.623,0.608,0.656,0.576,0.616,0.592,0.555,0.523,0.712,0.644,0.677,0.703,0.653,0.598,0.665,0.663,0.697,0.689,0.64,0.738,0.56,0.696,0.766,0.606,0.592,0.7,0.713,0.659,0.802,0.786,0.785,0.67,0.685,0.644,0.648,0.624,0.699,0.663,0.765,0.788,0.68,0.784,0.752,0.717,0.63,0.834,0.573,0.671,0.756,0.675,0.654,0.645,0.677,0.696,0.664,0.664,0.663,0.564,0.669,0.679,0.562,0.69,0.734,0.626,0.671,0.713,0.541,0.678,0.682,0.668,0.603,0.691,0.686,0.662,0.685,0.707,0.63,0.635,0.64,0.609,0.698,0.725,0.665,0.669,0.754,1.01,0.731,1.08,0.878,0.908,1.03,1.04,1.11,0.969,1.11,0.97,1.1,0.928,0.961,0.991,0.995,0.973,0.992,0.977,0.972,0.96,1.08,0.994,1.07,1.05,1.0,1.06,1.04,1.04,1.07,1.06,1.01,1.04,1.03,1.02,0.983,0.989,0.995,1.08,1.02,1.09,1.01,1.07,0.964,0.963,1.06,1.08,1.15,1.12,0.989,1.11,1.05,0.966,1.02,0.906,0.896,1.13,1.1,1.01,0.983,1.08,1.2,1.13,1.08,1.16,0.977,1.14,1.11,1.18,1.17,1.17,1.19,1.13,0.892,1.13,1.14,1.16,1.1,1.19,1.04,1.15,1.05,1.04,1.08,1.06,1.1,1.12,1.16,1.12,1.12,1.16,1.17,1.22,1.19,1.2,1.12,1.07,0.97,1.12,1.1,1.28,1.18,1.27,1.27,1.22,1.28,1.14,1.05,1.49,1.19,1.32,1.15,1.14,1.08,1.1,1.1,1.02,1.05,0.922,0.971,1.01,1.01,1.07,1.23,1.19,0.977,1.08,1.15,1.12,1.22,1.14,1.19,1.1,1.16,1.04,1.16,1.11,1.04,1.09,0.996,1.09,1.14,1.18,1.16,1.2,1.2,0.94,1.11,1.15,1.05,1.13,1.25,1.17,1.17,1.1,1.05,1.13,1.18,1.11,1.16,0.91,1.0,0.934,1.06,1.09,1.02,1.09,1.21,1.21,1.04,1.14,1.16,1.16,1.16,1.25,1.2,1.22,1.21,0.984,1.09,1.27,1.26,1.07,1.19,1.12,1.26,1.06,1.03,1.07,1.22,0.968,1.1,1.31,1.15,1.03,0.992,1.19,1.07,1.19,1.19
129_S_4396,982.0,167.0,13.7,0.376,0.345,0.541,0.506,0.554,0.612,0.622,0.67,0.586,0.707,0.635,0.558,0.618,0.462,0.552,0.538,0.5,0.571,0.592,0.589,0.69,0.623,0.676,0.601,0.635,0.638,0.621,0.577,0.643,0.577,0.665,0.646,0.519,0.513,0.641,0.688,0.539,0.558,0.69,0.645,0.799,0.68,0.647,0.716,0.663,0.689,0.605,0.69,0.765,0.693,0.679,0.751,0.552,0.554,0.778,0.657,0.532,0.684,0.646,0.711,0.586,0.612,0.681,0.69,0.595,0.619,0.595,0.535,0.535,0.538,0.664,0.699,0.664,0.641,0.625,0.645,0.663,0.68,0.637,0.681,0.675,0.702,0.599,0.618,0.703,0.651,0.625,0.685,0.554,0.649,0.576,0.711,0.681,0.595,0.648,0.598,0.68,0.652,0.598,0.743,0.683,0.672,0.631,0.59,0.674,0.619,0.662,0.702,0.634,0.702,0.606,0.535,0.608,0.653,0.601,0.628,0.575,0.649,0.587,0.634,0.593,0.547,0.581,0.697,0.626,0.681,0.687,0.665,0.592,0.67,0.662,0.688,0.679,0.632,0.736,0.586,0.7,0.756,0.607,0.565,0.692,0.712,0.645,0.788,0.78,0.772,0.679,0.688,0.64,0.589,0.598,0.696,0.64,0.745,0.783,0.696,0.744,0.701,0.706,0.617,0.8,0.541,0.642,0.746,0.624,0.666,0.652,0.668,0.702,0.671,0.648,0.64,0.556,0.645,0.681,0.587,0.67,0.711,0.64,0.597,0.708,0.545,0.678,0.701,0.654,0.602,0.702,0.69,0.67,0.668,0.699,0.639,0.621,0.628,0.621,0.683,0.731,0.619,0.652,0.746,0.983,0.726,1.03,0.864,0.909,1.01,1.04,1.08,0.95,1.11,0.979,1.08,0.935,0.938,0.962,0.997,0.983,1.01,0.981,0.974,0.886,1.04,0.978,1.05,1.06,1.03,1.03,1.02,1.06,1.04,1.09,1.03,1.05,1.01,1.01,0.983,0.985,1.01,1.06,1.06,1.08,0.982,1.07,0.937,0.962,1.01,1.1,1.17,1.09,0.973,1.09,1.07,0.959,0.98,0.905,0.872,1.15,1.19,1.13,1.04,1.07,1.24,1.15,1.07,1.18,0.99,1.14,1.13,1.13,1.18,1.25,1.19,1.16,0.89,1.2,1.13,1.15,1.14,1.25,1.03,1.19,1.03,1.01,1.09,0.961,1.13,1.11,1.15,1.18,1.13,1.11,1.09,1.23,1.13,1.17,1.13,1.09,0.985,1.14,1.06,1.26,1.23,1.31,1.24,1.2,1.27,1.17,1.08,1.43,1.22,1.36,1.14,1.11,1.11,1.02,1.02,1.01,1.08,1.09,1.07,0.949,0.959,1.04,1.04,1.1,0.952,1.07,1.12,1.11,1.15,1.14,1.17,1.12,1.22,1.09,1.13,1.13,1.04,1.1,1.04,1.07,1.14,1.15,1.07,1.13,1.14,0.912,1.09,1.19,0.927,1.16,1.25,1.24,1.11,1.05,0.965,1.13,1.18,1.11,1.16,0.93,1.06,0.977,1.04,1.19,1.08,1.05,1.16,1.21,1.05,1.14,1.16,1.24,1.21,1.29,1.27,1.26,1.3,0.927,1.16,1.4,1.38,1.08,1.24,1.24,1.44,1.0,1.04,1.05,1.19,1.0,1.13,1.29,1.16,1.17,1.0,0.986,1.05,1.2,1.15
129_S_4422,898.0,386.0,26.8,0.395,0.369,0.569,0.537,0.562,0.636,0.63,0.682,0.606,0.7,0.647,0.579,0.626,0.477,0.572,0.556,0.53,0.6,0.604,0.607,0.665,0.638,0.676,0.61,0.648,0.646,0.615,0.596,0.638,0.585,0.687,0.67,0.565,0.535,0.657,0.657,0.6,0.577,0.718,0.67,0.794,0.683,0.659,0.74,0.678,0.699,0.617,0.692,0.768,0.696,0.67,0.712,0.538,0.539,0.765,0.652,0.553,0.671,0.675,0.698,0.585,0.598,0.668,0.671,0.62,0.62,0.606,0.576,0.546,0.558,0.654,0.707,0.673,0.647,0.639,0.638,0.666,0.677,0.646,0.639,0.673,0.672,0.569,0.614,0.671,0.661,0.629,0.679,0.589,0.644,0.626,0.699,0.676,0.55,0.637,0.625,0.684,0.646,0.619,0.744,0.676,0.664,0.642,0.584,0.662,0.629,0.671,0.709,0.632,0.667,0.618,0.552,0.624,0.636,0.602,0.638,0.576,0.675,0.593,0.609,0.586,0.55,0.629,0.691,0.639,0.679,0.698,0.636,0.575,0.663,0.642,0.698,0.683,0.659,0.734,0.58,0.671,0.753,0.598,0.587,0.698,0.708,0.634,0.774,0.759,0.777,0.669,0.679,0.633,0.647,0.635,0.683,0.656,0.751,0.753,0.678,0.749,0.706,0.658,0.608,0.785,0.546,0.642,0.709,0.684,0.678,0.651,0.645,0.685,0.652,0.628,0.633,0.543,0.662,0.672,0.578,0.661,0.712,0.622,0.588,0.703,0.582,0.665,0.646,0.633,0.611,0.684,0.674,0.653,0.649,0.659,0.641,0.614,0.62,0.597,0.649,0.722,0.656,0.667,0.757,1.05,0.708,1.06,0.858,0.903,1.05,1.1,1.14,0.967,1.15,0.986,1.1,0.941,0.918,1.0,1.0,0.975,1.04,1.02,0.993,1.03,1.21,1.03,1.13,1.09,1.08,1.08,1.05,1.1,1.1,1.13,1.08,1.09,1.05,1.05,1.05,1.06,1.08,1.16,1.07,1.06,1.02,1.09,0.972,0.977,1.03,1.11,1.15,1.06,0.975,1.04,1.04,0.994,1.03,0.913,0.894,1.16,1.22,1.09,1.08,1.13,1.21,1.26,1.05,1.19,1.0,1.16,1.16,1.23,1.17,1.2,1.19,1.21,0.911,1.22,1.2,1.15,1.13,1.22,1.05,1.15,1.01,1.04,1.14,1.14,1.15,1.15,1.11,1.15,1.12,1.18,1.09,1.17,1.21,1.24,1.19,1.12,1.05,1.14,1.1,1.29,1.22,1.25,1.29,1.25,1.3,1.09,1.02,1.45,1.21,1.35,1.19,1.13,1.17,1.17,1.12,1.09,1.12,1.11,1.13,1.15,1.13,1.14,1.26,1.22,0.974,1.09,1.18,1.16,1.23,1.1,1.2,1.13,1.22,1.09,1.17,1.13,1.05,1.25,1.09,1.12,1.16,1.22,1.13,1.17,1.16,1.06,1.13,1.23,1.01,1.15,1.17,1.14,1.12,1.02,1.13,1.07,1.06,1.07,1.16,0.713,0.884,0.852,1.07,1.2,1.1,1.15,1.16,1.2,1.06,1.08,1.15,1.22,1.2,1.21,1.27,1.15,1.2,1.14,1.11,1.29,1.39,1.11,1.2,1.21,1.36,1.05,1.03,1.04,1.17,0.817,1.07,1.24,1.26,1.13,1.04,1.17,1.06,1.12,1.18
130_S_0886,1700.0,203.0,17.6,0.375,0.341,0.533,0.497,0.55,0.614,0.632,0.677,0.599,0.716,0.634,0.555,0.634,0.458,0.55,0.54,0.527,0.592,0.617,0.585,0.69,0.645,0.687,0.62,0.638,0.649,0.611,0.575,0.666,0.6,0.666,0.658,0.54,0.508,0.642,0.655,0.564,0.551,0.711,0.662,0.798,0.683,0.671,0.722,0.695,0.708,0.572,0.698,0.772,0.71,0.711,0.755,0.532,0.548,0.795,0.67,0.543,0.659,0.656,0.71,0.546,0.605,0.694,0.675,0.621,0.614,0.592,0.519,0.504,0.538,0.647,0.679,0.657,0.646,0.626,0.653,0.68,0.695,0.643,0.669,0.677,0.718,0.613,0.629,0.713,0.67,0.599,0.711,0.584,0.682,0.62,0.711,0.687,0.579,0.642,0.588,0.7,0.678,0.614,0.756,0.7,0.678,0.65,0.593,0.687,0.634,0.717,0.742,0.664,0.713,0.623,0.541,0.604,0.636,0.617,0.66,0.609,0.677,0.599,0.645,0.596,0.592,0.56,0.729,0.641,0.699,0.712,0.665,0.589,0.669,0.67,0.687,0.704,0.635,0.737,0.592,0.693,0.765,0.613,0.609,0.715,0.718,0.666,0.788,0.791,0.792,0.689,0.702,0.659,0.651,0.6,0.691,0.665,0.759,0.775,0.701,0.747,0.72,0.69,0.608,0.804,0.554,0.658,0.766,0.689,0.673,0.673,0.656,0.704,0.667,0.646,0.655,0.535,0.669,0.656,0.563,0.664,0.716,0.665,0.657,0.739,0.569,0.699,0.68,0.687,0.635,0.703,0.693,0.693,0.693,0.684,0.643,0.626,0.632,0.657,0.711,0.738,0.669,0.673,0.765,0.999,0.693,1.02,0.849,0.908,1.08,1.08,1.09,0.94,1.13,0.948,1.06,0.918,0.899,0.986,0.936,0.964,0.983,1.0,0.947,1.02,1.13,1.01,1.1,1.05,1.02,1.05,1.0,1.07,1.08,1.02,1.05,1.09,1.07,1.03,0.984,0.979,1.01,1.08,1.02,1.12,0.993,1.05,0.966,0.962,1.04,1.12,1.13,1.08,0.95,1.05,1.07,0.936,1.01,0.859,0.867,1.12,1.15,1.07,1.07,1.12,1.17,1.14,1.05,1.12,0.982,1.12,1.12,1.14,1.13,1.19,1.22,1.19,0.89,1.18,1.15,1.2,1.1,1.23,1.03,1.11,1.0,0.945,1.07,0.97,1.11,1.08,1.1,1.1,1.07,1.17,1.08,1.18,1.15,1.22,1.17,1.09,1.03,1.11,1.1,1.23,1.18,1.22,1.26,1.23,1.28,1.1,1.04,1.49,1.29,1.27,1.17,1.16,1.16,1.27,1.14,1.13,1.12,1.12,1.13,1.12,1.12,1.12,1.22,1.18,0.961,1.08,1.19,1.16,1.19,1.11,1.14,1.21,1.25,1.11,1.24,1.14,1.08,1.14,1.15,1.1,1.17,1.19,1.15,1.26,1.21,1.06,1.13,1.24,1.13,1.17,1.24,1.21,1.12,1.05,1.02,1.13,1.14,1.12,1.11,0.866,1.03,0.928,1.09,1.29,1.05,1.2,1.18,1.22,1.07,1.1,1.18,1.28,1.24,1.22,1.2,1.22,1.27,1.01,1.15,1.47,1.36,1.11,1.22,1.24,1.34,1.03,1.05,1.05,1.21,0.897,1.12,1.25,1.24,1.04,0.974,1.02,1.02,1.21,1.16
130_S_4343,471.0,472.0,53.8,0.398,0.364,0.556,0.528,0.571,0.642,0.64,0.692,0.612,0.725,0.657,0.575,0.647,0.474,0.56,0.569,0.516,0.583,0.608,0.63,0.693,0.634,0.697,0.617,0.649,0.654,0.614,0.59,0.66,0.609,0.685,0.663,0.529,0.543,0.65,0.68,0.574,0.521,0.709,0.658,0.802,0.691,0.669,0.729,0.703,0.707,0.61,0.684,0.781,0.724,0.709,0.768,0.579,0.57,0.806,0.676,0.562,0.644,0.636,0.712,0.611,0.628,0.688,0.694,0.623,0.627,0.587,0.559,0.543,0.557,0.659,0.689,0.669,0.659,0.641,0.678,0.695,0.7,0.669,0.692,0.691,0.735,0.621,0.614,0.7,0.657,0.631,0.722,0.625,0.688,0.613,0.723,0.696,0.591,0.631,0.6,0.71,0.652,0.611,0.738,0.69,0.684,0.658,0.594,0.689,0.657,0.686,0.728,0.662,0.711,0.649,0.559,0.624,0.67,0.633,0.657,0.601,0.674,0.63,0.633,0.583,0.581,0.625,0.71,0.629,0.702,0.721,0.643,0.595,0.649,0.659,0.701,0.712,0.642,0.759,0.613,0.708,0.765,0.616,0.585,0.721,0.715,0.655,0.789,0.785,0.788,0.698,0.695,0.681,0.644,0.63,0.694,0.666,0.781,0.783,0.703,0.756,0.73,0.717,0.62,0.817,0.557,0.663,0.758,0.649,0.689,0.686,0.672,0.7,0.682,0.653,0.649,0.586,0.686,0.675,0.587,0.673,0.737,0.658,0.67,0.73,0.583,0.69,0.721,0.657,0.636,0.724,0.71,0.694,0.695,0.704,0.644,0.625,0.643,0.662,0.686,0.735,0.68,0.701,0.772,0.927,0.667,0.962,0.816,0.85,0.977,1.02,1.05,0.913,1.01,0.941,1.04,0.889,0.896,0.965,0.936,0.964,0.996,0.983,0.919,1.03,1.13,1.01,1.06,1.02,1.03,1.05,0.984,1.02,0.956,0.979,1.04,1.05,0.981,0.958,0.983,0.988,1.0,1.09,1.01,0.99,0.961,1.05,0.912,0.972,1.02,1.02,1.18,1.08,0.961,1.02,1.07,0.924,0.988,0.885,0.822,1.06,1.15,1.06,1.02,1.12,1.22,1.19,1.06,1.16,0.978,1.05,1.1,1.19,1.15,1.24,1.2,1.22,0.903,1.1,1.21,1.17,1.11,1.18,1.02,1.17,1.01,0.973,1.05,1.04,1.05,1.1,1.16,1.19,1.14,1.18,1.06,1.12,1.15,1.18,1.11,1.08,1.01,1.07,0.974,1.32,1.15,1.25,1.23,1.18,1.24,1.19,1.04,1.44,1.24,1.36,1.15,1.17,1.15,1.17,1.12,1.07,1.08,1.11,1.09,1.12,1.15,1.11,1.31,1.23,0.97,1.06,1.16,1.12,1.22,1.14,1.17,1.15,1.3,1.05,1.2,1.16,1.04,1.25,1.13,1.12,1.19,1.18,1.07,1.19,1.16,1.12,1.12,1.24,1.17,1.2,1.33,1.32,1.11,1.1,1.12,1.17,1.15,1.14,1.25,0.937,1.08,0.948,1.16,1.29,1.16,1.17,1.25,1.31,1.1,1.15,1.18,1.28,1.21,1.36,1.34,1.28,1.34,1.19,1.22,1.4,1.51,1.17,1.23,1.28,1.41,1.08,1.08,1.16,1.29,1.01,1.29,1.33,1.19,1.06,1.05,1.18,1.05,1.15,1.27
130_S_4352,1700.0,258.0,23.0,0.407,0.377,0.57,0.54,0.571,0.635,0.645,0.689,0.62,0.714,0.658,0.57,0.651,0.506,0.575,0.586,0.528,0.601,0.627,0.611,0.691,0.642,0.7,0.629,0.657,0.655,0.624,0.602,0.653,0.606,0.676,0.675,0.52,0.499,0.662,0.689,0.562,0.568,0.719,0.678,0.799,0.687,0.676,0.73,0.692,0.719,0.594,0.705,0.779,0.712,0.705,0.749,0.576,0.571,0.799,0.659,0.557,0.68,0.653,0.708,0.592,0.618,0.697,0.682,0.626,0.636,0.597,0.567,0.557,0.539,0.662,0.686,0.643,0.651,0.622,0.661,0.658,0.685,0.648,0.667,0.674,0.704,0.617,0.628,0.7,0.663,0.606,0.715,0.613,0.681,0.632,0.705,0.676,0.587,0.647,0.582,0.695,0.635,0.603,0.757,0.677,0.676,0.644,0.597,0.668,0.644,0.679,0.727,0.64,0.679,0.616,0.571,0.612,0.643,0.6,0.639,0.598,0.678,0.603,0.627,0.583,0.545,0.632,0.722,0.636,0.691,0.708,0.667,0.601,0.648,0.668,0.701,0.683,0.635,0.741,0.588,0.721,0.769,0.584,0.568,0.702,0.718,0.663,0.775,0.783,0.787,0.672,0.686,0.644,0.627,0.62,0.686,0.67,0.775,0.776,0.691,0.737,0.703,0.693,0.589,0.811,0.562,0.657,0.74,0.69,0.656,0.646,0.666,0.691,0.669,0.653,0.658,0.552,0.663,0.68,0.595,0.629,0.713,0.624,0.653,0.709,0.54,0.667,0.708,0.628,0.605,0.698,0.687,0.671,0.697,0.675,0.655,0.615,0.633,0.612,0.682,0.726,0.676,0.668,0.772,0.963,0.692,1.04,0.838,0.915,1.04,1.12,1.11,0.943,1.16,0.964,1.09,0.926,0.896,1.0,0.939,0.936,1.01,1.01,0.963,1.01,1.2,1.03,1.08,1.09,1.08,1.07,0.989,1.03,1.07,1.09,1.14,1.07,1.06,1.02,0.97,1.0,0.979,1.07,1.06,1.09,1.01,1.06,0.925,0.973,1.03,1.1,1.2,1.09,0.958,1.15,1.13,0.979,1.08,0.861,0.862,1.18,1.16,1.06,1.04,1.09,1.29,1.24,1.09,1.2,0.985,1.18,1.15,1.2,1.24,1.3,1.32,1.22,0.885,1.19,1.18,1.2,1.15,1.31,1.09,1.25,1.05,1.01,1.12,1.13,1.17,1.17,1.18,1.18,1.1,1.16,1.06,1.22,1.21,1.23,1.23,1.11,1.06,1.16,1.11,1.19,1.15,1.15,1.18,1.29,1.26,1.11,1.03,1.47,1.32,1.33,1.2,1.09,1.08,0.908,1.11,1.06,1.06,1.03,1.08,0.869,0.763,1.07,1.18,1.19,0.98,1.13,1.16,1.16,1.16,1.09,1.21,1.19,1.31,1.21,1.18,1.09,1.03,1.04,1.06,1.1,1.13,1.24,1.14,1.15,1.19,0.871,1.11,1.17,0.872,1.12,1.25,1.23,1.18,1.07,0.918,1.18,1.22,1.11,1.23,0.885,1.12,0.98,1.12,1.26,1.08,1.11,1.16,1.23,1.04,1.16,1.27,1.27,1.23,1.31,1.22,1.29,1.29,0.746,1.16,1.5,1.46,1.06,1.27,1.22,1.4,0.991,1.01,0.963,1.23,0.936,1.12,1.32,1.25,1.1,1.09,1.1,1.1,1.22,1.18
130_S_4730,588.0,280.0,24.1,0.421,0.398,0.574,0.536,0.567,0.64,0.644,0.691,0.623,0.71,0.654,0.575,0.651,0.501,0.582,0.579,0.536,0.621,0.624,0.621,0.68,0.628,0.695,0.607,0.656,0.654,0.618,0.607,0.655,0.613,0.674,0.662,0.534,0.526,0.661,0.688,0.562,0.572,0.738,0.664,0.782,0.692,0.679,0.73,0.708,0.717,0.607,0.698,0.777,0.721,0.722,0.767,0.572,0.553,0.8,0.673,0.538,0.677,0.638,0.699,0.629,0.614,0.681,0.648,0.637,0.632,0.596,0.57,0.543,0.579,0.659,0.706,0.664,0.653,0.619,0.694,0.679,0.703,0.66,0.707,0.692,0.709,0.617,0.613,0.692,0.65,0.635,0.728,0.642,0.712,0.654,0.727,0.696,0.618,0.641,0.567,0.672,0.62,0.583,0.753,0.675,0.67,0.653,0.61,0.677,0.65,0.646,0.73,0.631,0.664,0.63,0.558,0.62,0.658,0.658,0.664,0.604,0.7,0.63,0.701,0.623,0.607,0.652,0.69,0.606,0.68,0.706,0.654,0.556,0.665,0.656,0.689,0.703,0.629,0.741,0.598,0.671,0.767,0.617,0.609,0.739,0.718,0.633,0.773,0.777,0.779,0.683,0.698,0.694,0.685,0.629,0.682,0.691,0.776,0.797,0.694,0.759,0.722,0.724,0.64,0.814,0.565,0.667,0.744,0.689,0.698,0.708,0.663,0.687,0.66,0.649,0.651,0.565,0.695,0.681,0.597,0.685,0.722,0.677,0.67,0.722,0.615,0.677,0.693,0.692,0.627,0.706,0.684,0.7,0.659,0.698,0.652,0.62,0.631,0.59,0.638,0.714,0.649,0.648,0.756,0.999,0.628,1.04,0.791,0.852,1.05,1.11,1.16,0.944,1.08,0.964,1.17,0.888,0.875,0.987,1.05,1.0,1.07,1.09,0.983,0.963,1.04,0.922,1.03,1.0,0.989,1.11,1.05,1.07,1.07,1.03,1.15,1.15,1.07,1.03,1.02,1.06,1.1,1.07,1.05,0.981,0.952,1.07,0.87,0.966,1.1,1.07,1.14,0.999,0.929,1.02,1.03,0.821,0.934,0.763,0.835,1.13,1.15,1.1,1.08,1.23,1.21,1.25,1.03,1.17,0.968,1.09,1.17,1.23,1.2,1.18,1.27,1.32,0.864,1.19,1.21,1.16,1.11,1.22,0.988,1.15,0.971,0.967,1.08,1.08,1.1,1.13,1.13,1.2,1.18,1.29,0.996,1.18,1.04,1.16,1.15,1.12,1.03,1.1,1.07,1.38,1.21,1.42,1.36,1.23,1.39,1.41,1.25,1.66,1.29,1.46,1.23,1.24,1.31,1.48,1.21,1.21,1.32,1.25,1.27,1.27,1.31,1.22,1.06,1.1,0.904,1.06,1.18,1.17,1.25,1.12,1.15,1.26,1.35,1.22,1.33,1.24,1.01,1.34,1.23,1.15,1.2,1.31,1.06,1.07,1.11,1.32,1.17,1.29,1.44,1.22,1.31,1.29,1.08,1.0,1.25,1.16,1.16,1.03,1.19,0.835,1.04,0.867,1.09,1.27,1.22,1.32,1.28,1.25,1.12,1.14,1.17,1.32,1.31,1.38,1.4,1.32,1.28,1.44,1.31,1.71,1.63,1.14,1.26,1.33,1.38,0.94,1.04,1.02,1.23,0.911,1.24,1.29,1.18,1.15,1.1,0.989,1.09,1.17,1.12
130_S_4971,471.0,287.0,28.7,0.407,0.383,0.573,0.53,0.551,0.629,0.635,0.682,0.608,0.69,0.643,0.562,0.641,0.48,0.57,0.564,0.531,0.615,0.615,0.619,0.682,0.62,0.681,0.597,0.634,0.642,0.624,0.601,0.63,0.605,0.67,0.659,0.513,0.528,0.651,0.676,0.574,0.558,0.722,0.657,0.765,0.68,0.661,0.723,0.693,0.704,0.608,0.691,0.75,0.699,0.701,0.751,0.554,0.544,0.786,0.67,0.544,0.691,0.654,0.703,0.609,0.614,0.686,0.653,0.629,0.614,0.582,0.532,0.549,0.554,0.658,0.688,0.668,0.639,0.617,0.678,0.668,0.688,0.656,0.678,0.685,0.687,0.606,0.617,0.678,0.632,0.645,0.704,0.611,0.679,0.651,0.707,0.7,0.619,0.622,0.561,0.671,0.629,0.576,0.738,0.672,0.66,0.632,0.608,0.665,0.633,0.626,0.717,0.61,0.687,0.616,0.565,0.627,0.661,0.636,0.674,0.627,0.673,0.625,0.66,0.611,0.586,0.607,0.684,0.602,0.682,0.686,0.637,0.577,0.648,0.639,0.678,0.703,0.62,0.738,0.589,0.685,0.76,0.611,0.588,0.716,0.704,0.645,0.766,0.781,0.771,0.654,0.679,0.643,0.667,0.636,0.677,0.661,0.756,0.76,0.685,0.746,0.691,0.687,0.585,0.791,0.516,0.629,0.714,0.681,0.66,0.687,0.62,0.693,0.632,0.636,0.637,0.557,0.68,0.669,0.575,0.653,0.709,0.65,0.658,0.706,0.576,0.654,0.696,0.638,0.587,0.683,0.67,0.659,0.649,0.623,0.639,0.613,0.638,0.598,0.644,0.721,0.636,0.634,0.754,1.03,0.679,1.04,0.806,0.874,1.07,1.07,1.14,0.939,1.11,0.99,1.13,0.956,0.901,1.04,1.01,1.02,1.1,1.04,1.03,0.856,1.06,0.956,1.05,1.08,0.992,1.13,1.05,1.1,1.06,1.09,1.08,1.11,0.983,1.01,0.978,1.04,1.05,1.13,0.999,1.07,0.981,1.1,0.915,0.993,1.13,1.05,1.17,1.09,0.97,1.07,1.01,0.878,0.959,0.854,0.765,1.11,1.07,1.03,1.02,1.23,1.16,1.16,1.12,1.27,0.993,1.09,1.08,1.18,1.13,1.16,1.21,1.22,0.896,1.05,1.15,1.11,1.06,1.14,0.974,1.07,0.986,0.984,1.01,1.06,1.03,1.08,1.1,1.19,1.15,1.25,1.09,1.14,1.11,1.25,1.15,1.14,0.954,1.14,1.06,1.35,1.24,1.2,1.3,1.36,1.38,1.34,1.12,1.45,1.26,1.4,1.27,1.18,1.23,1.4,1.2,1.2,1.22,1.24,1.25,1.24,1.25,1.24,1.18,1.22,0.966,1.12,1.22,1.17,1.32,1.19,1.26,1.29,1.25,1.15,1.29,1.2,1.05,1.27,1.22,1.16,1.21,1.3,1.16,1.18,1.2,1.19,1.16,1.24,1.37,1.2,1.27,1.26,1.16,1.1,1.1,1.1,1.16,0.92,1.1,0.883,1.07,0.88,1.13,1.32,1.12,1.29,1.26,1.24,1.09,1.12,1.22,1.23,1.21,1.35,1.38,1.24,1.25,1.25,1.28,1.51,1.32,0.99,1.17,1.24,1.18,0.953,1.02,1.06,1.18,1.01,1.23,1.3,1.25,1.18,1.04,1.06,1.08,1.21,1.28
130_S_4982,692.0,490.0,40.7,0.395,0.367,0.562,0.528,0.558,0.622,0.623,0.669,0.607,0.707,0.646,0.575,0.633,0.502,0.581,0.583,0.514,0.559,0.619,0.607,0.686,0.63,0.685,0.613,0.638,0.644,0.614,0.602,0.632,0.578,0.657,0.654,0.524,0.518,0.645,0.68,0.546,0.538,0.715,0.655,0.797,0.686,0.651,0.725,0.688,0.704,0.58,0.682,0.767,0.699,0.692,0.746,0.535,0.534,0.781,0.654,0.541,0.655,0.642,0.712,0.602,0.609,0.662,0.664,0.619,0.61,0.561,0.549,0.532,0.534,0.665,0.682,0.649,0.643,0.619,0.658,0.663,0.686,0.646,0.67,0.677,0.704,0.594,0.591,0.681,0.652,0.615,0.706,0.602,0.669,0.615,0.699,0.673,0.598,0.622,0.587,0.689,0.636,0.581,0.737,0.669,0.664,0.643,0.587,0.671,0.643,0.643,0.708,0.625,0.674,0.628,0.572,0.616,0.644,0.63,0.646,0.584,0.676,0.608,0.614,0.594,0.591,0.607,0.691,0.613,0.678,0.688,0.626,0.555,0.652,0.642,0.678,0.698,0.629,0.742,0.606,0.681,0.75,0.602,0.555,0.709,0.703,0.645,0.769,0.774,0.775,0.667,0.692,0.649,0.647,0.624,0.689,0.659,0.764,0.768,0.684,0.739,0.696,0.703,0.616,0.79,0.523,0.637,0.734,0.671,0.681,0.661,0.625,0.692,0.637,0.636,0.624,0.56,0.663,0.638,0.552,0.663,0.717,0.643,0.671,0.724,0.576,0.655,0.689,0.694,0.614,0.709,0.681,0.671,0.655,0.664,0.653,0.574,0.634,0.615,0.658,0.705,0.661,0.63,0.753,0.98,0.668,1.08,0.842,0.881,1.02,1.08,1.12,0.952,1.09,0.979,1.12,0.95,0.919,1.07,1.03,0.964,1.06,1.09,0.992,1.13,1.21,1.04,1.14,1.04,1.1,1.16,1.03,1.11,1.03,1.07,0.996,1.08,0.951,1.08,1.03,1.06,1.07,1.08,1.08,1.17,1.03,1.09,0.937,0.974,1.08,1.04,1.01,1.05,0.947,0.993,0.988,0.935,0.979,0.859,0.875,1.11,0.949,0.97,0.996,1.12,1.06,1.09,1.06,1.15,0.95,0.925,0.915,1.02,0.957,0.932,1.19,1.04,0.799,0.904,0.971,1.1,0.966,0.972,0.988,0.952,0.978,0.923,0.871,1.07,1.05,0.909,0.964,0.954,1.08,1.15,1.1,1.04,1.06,1.14,1.11,1.12,1.02,1.11,0.988,1.22,1.01,1.34,1.25,1.06,1.12,1.09,1.09,1.67,1.29,1.59,1.14,1.2,1.24,1.32,1.19,1.08,1.12,1.14,1.2,1.02,1.27,1.21,1.3,1.24,0.956,1.13,1.23,1.22,1.33,1.09,1.08,1.03,1.06,1.01,1.1,1.21,1.06,1.18,1.13,1.07,1.17,1.25,1.21,1.23,1.23,1.16,1.08,1.08,1.32,1.14,1.22,1.11,1.17,1.05,1.15,1.11,1.17,1.03,1.08,0.905,1.06,0.935,1.13,1.05,1.06,1.23,1.22,1.14,1.01,1.03,1.03,0.983,1.13,1.09,1.21,1.11,1.08,1.11,1.08,1.21,1.16,0.928,1.02,1.16,1.19,1.01,1.02,1.06,1.13,0.931,1.09,1.22,1.11,1.1,1.04,1.13,1.11,1.13,1.15
130_S_4984,750.0,372.0,38.5,0.393,0.365,0.554,0.528,0.553,0.636,0.638,0.687,0.611,0.696,0.647,0.563,0.64,0.502,0.565,0.562,0.525,0.59,0.602,0.6,0.658,0.607,0.672,0.579,0.634,0.643,0.624,0.585,0.628,0.586,0.665,0.663,0.525,0.514,0.642,0.677,0.534,0.539,0.703,0.651,0.777,0.673,0.641,0.713,0.684,0.701,0.58,0.668,0.756,0.701,0.698,0.751,0.521,0.521,0.787,0.653,0.545,0.661,0.627,0.7,0.588,0.599,0.675,0.642,0.621,0.609,0.565,0.553,0.519,0.551,0.643,0.672,0.642,0.643,0.622,0.655,0.657,0.681,0.643,0.668,0.682,0.686,0.598,0.588,0.662,0.62,0.589,0.702,0.602,0.643,0.617,0.696,0.676,0.583,0.624,0.574,0.678,0.623,0.591,0.737,0.664,0.654,0.636,0.594,0.675,0.646,0.66,0.725,0.64,0.66,0.636,0.559,0.611,0.643,0.613,0.644,0.595,0.674,0.592,0.646,0.573,0.554,0.597,0.688,0.604,0.675,0.678,0.641,0.583,0.631,0.64,0.671,0.693,0.628,0.726,0.582,0.684,0.746,0.605,0.574,0.692,0.698,0.648,0.761,0.765,0.764,0.67,0.69,0.643,0.632,0.603,0.692,0.678,0.746,0.761,0.661,0.747,0.696,0.703,0.599,0.797,0.537,0.633,0.721,0.682,0.67,0.657,0.619,0.68,0.639,0.627,0.624,0.521,0.648,0.652,0.573,0.645,0.713,0.63,0.657,0.718,0.578,0.682,0.688,0.653,0.618,0.689,0.673,0.679,0.636,0.676,0.654,0.595,0.62,0.6,0.661,0.689,0.644,0.653,0.744,0.954,0.662,0.996,0.819,0.812,0.933,1.05,1.06,0.917,1.07,0.947,1.07,0.941,0.941,1.02,0.976,1.0,1.07,1.08,1.02,0.96,1.02,0.942,1.1,0.999,1.01,1.13,1.05,1.03,0.902,0.908,0.829,0.851,0.894,0.957,0.951,0.954,0.934,1.05,0.929,1.23,0.97,1.04,0.925,0.956,1.09,0.909,1.14,0.997,0.915,1.08,1.05,0.867,0.902,0.797,0.825,0.84,0.789,0.837,0.858,1.02,1.18,1.14,1.03,1.03,0.914,0.82,0.855,1.05,1.18,1.27,1.12,1.01,0.797,0.886,1.12,1.01,0.984,0.988,1.03,1.19,0.985,0.91,0.859,0.916,0.97,0.948,1.22,1.19,1.17,1.14,1.18,1.14,1.17,1.18,0.976,1.02,0.958,0.94,0.843,1.32,1.07,1.25,1.25,1.16,1.36,1.13,1.15,1.45,1.19,1.51,1.27,1.2,1.21,1.3,1.19,1.13,1.25,1.22,1.24,1.2,1.21,1.25,1.22,1.26,0.943,1.1,1.23,1.21,1.3,1.08,0.994,1.04,1.15,0.937,1.01,1.12,1.04,1.12,1.11,1.11,1.21,1.23,1.26,1.27,1.23,1.16,1.12,1.09,1.22,1.09,1.32,1.35,1.19,1.05,1.13,1.17,1.21,1.15,1.29,0.857,1.05,0.875,1.11,1.04,1.01,1.23,1.2,1.22,1.05,1.04,1.03,1.09,1.05,1.36,1.19,1.29,1.41,1.2,1.21,1.42,1.21,0.986,1.1,1.3,1.16,1.02,1.07,1.19,1.22,0.872,1.28,1.37,1.19,1.06,1.01,1.01,1.09,1.07,1.24
130_S_4990,594.0,419.0,42.0,0.394,0.368,0.557,0.531,0.558,0.628,0.633,0.68,0.607,0.704,0.651,0.568,0.633,0.471,0.551,0.559,0.505,0.567,0.612,0.591,0.679,0.632,0.674,0.616,0.64,0.648,0.601,0.581,0.643,0.591,0.655,0.669,0.51,0.496,0.642,0.66,0.565,0.531,0.703,0.65,0.789,0.675,0.665,0.721,0.693,0.71,0.6,0.708,0.776,0.699,0.719,0.774,0.573,0.553,0.804,0.667,0.551,0.677,0.654,0.706,0.596,0.606,0.69,0.688,0.61,0.617,0.589,0.509,0.552,0.537,0.664,0.691,0.639,0.642,0.622,0.653,0.678,0.701,0.644,0.679,0.677,0.703,0.627,0.614,0.682,0.647,0.605,0.707,0.609,0.678,0.631,0.698,0.66,0.581,0.623,0.582,0.697,0.654,0.594,0.747,0.682,0.668,0.647,0.602,0.689,0.647,0.663,0.728,0.64,0.674,0.62,0.538,0.581,0.633,0.603,0.646,0.619,0.667,0.616,0.647,0.598,0.585,0.587,0.698,0.62,0.662,0.689,0.65,0.565,0.67,0.648,0.701,0.687,0.631,0.704,0.596,0.67,0.766,0.587,0.56,0.704,0.711,0.643,0.762,0.779,0.765,0.674,0.687,0.628,0.666,0.621,0.694,0.666,0.746,0.77,0.67,0.777,0.724,0.7,0.58,0.825,0.544,0.647,0.738,0.665,0.658,0.677,0.666,0.705,0.653,0.648,0.649,0.562,0.676,0.674,0.567,0.644,0.723,0.666,0.634,0.706,0.53,0.659,0.658,0.642,0.612,0.689,0.682,0.661,0.656,0.676,0.648,0.598,0.651,0.597,0.685,0.694,0.654,0.627,0.735,1.03,0.714,1.06,0.874,0.934,1.07,1.1,1.12,0.984,1.12,0.999,1.13,0.987,0.97,1.03,1.04,1.07,1.13,1.13,1.03,0.995,1.18,1.02,1.15,1.08,1.07,1.13,1.06,1.13,1.09,1.09,1.02,1.05,1.09,1.06,1.06,1.09,1.11,1.17,1.12,1.18,1.06,1.14,0.97,1.06,1.14,1.11,1.2,1.09,1.02,1.12,1.11,1.0,1.08,0.9,0.875,1.09,1.06,1.12,1.08,1.15,1.22,1.17,1.09,1.17,0.998,1.09,1.04,1.13,1.27,1.19,1.2,1.22,0.889,1.0,1.12,1.13,1.09,1.14,1.05,1.22,1.02,1.06,1.1,1.05,1.08,1.04,1.21,1.21,1.26,1.22,1.19,1.33,1.25,1.23,1.13,1.11,1.04,1.1,1.01,1.26,1.19,1.18,1.27,1.25,1.3,1.08,1.08,1.43,1.23,1.34,1.17,1.23,1.14,1.28,1.16,1.17,1.2,1.21,1.25,1.24,1.24,1.25,1.2,1.2,1.0,1.1,1.26,1.18,1.27,1.15,1.09,1.14,1.2,1.12,1.12,1.22,1.09,1.17,1.22,1.12,1.17,1.15,1.24,1.25,1.24,1.11,1.12,1.15,1.31,1.03,1.25,1.19,1.18,1.06,1.06,1.18,1.21,1.05,1.22,0.958,1.08,0.947,1.16,1.06,1.08,1.23,1.15,1.08,1.03,1.07,1.04,0.97,1.03,1.17,1.2,1.36,1.22,0.929,1.2,1.26,1.2,0.985,0.987,1.14,1.16,1.01,1.02,1.09,1.19,0.896,1.1,1.27,1.16,1.03,0.992,1.0,1.13,1.04,1.11
130_S_4997,788.0,404.0,39.4,0.397,0.366,0.559,0.528,0.582,0.641,0.635,0.685,0.615,0.72,0.651,0.586,0.643,0.51,0.575,0.57,0.531,0.588,0.614,0.599,0.691,0.646,0.689,0.622,0.64,0.661,0.639,0.605,0.666,0.602,0.676,0.66,0.533,0.497,0.651,0.677,0.566,0.554,0.712,0.672,0.8,0.687,0.675,0.723,0.694,0.709,0.616,0.707,0.778,0.724,0.696,0.746,0.547,0.543,0.792,0.666,0.559,0.69,0.657,0.72,0.6,0.62,0.687,0.64,0.628,0.635,0.605,0.541,0.555,0.566,0.659,0.688,0.664,0.656,0.628,0.663,0.667,0.7,0.65,0.687,0.678,0.726,0.594,0.627,0.7,0.66,0.645,0.716,0.616,0.697,0.644,0.709,0.696,0.598,0.647,0.593,0.702,0.656,0.614,0.744,0.682,0.668,0.652,0.604,0.673,0.653,0.677,0.734,0.657,0.708,0.643,0.562,0.63,0.656,0.618,0.645,0.597,0.685,0.619,0.651,0.604,0.567,0.629,0.718,0.644,0.695,0.704,0.67,0.59,0.68,0.671,0.72,0.685,0.639,0.749,0.597,0.697,0.756,0.619,0.586,0.716,0.723,0.686,0.794,0.784,0.793,0.694,0.695,0.661,0.651,0.629,0.693,0.687,0.767,0.783,0.703,0.748,0.71,0.703,0.596,0.805,0.542,0.658,0.745,0.727,0.69,0.681,0.672,0.707,0.668,0.661,0.663,0.558,0.673,0.688,0.593,0.685,0.735,0.663,0.681,0.739,0.592,0.681,0.685,0.678,0.631,0.73,0.702,0.697,0.698,0.667,0.673,0.623,0.656,0.634,0.692,0.726,0.677,0.656,0.759,0.97,0.696,1.04,0.853,0.889,1.02,1.09,1.09,0.954,1.12,0.977,1.12,0.952,0.955,1.02,1.03,1.01,1.04,1.07,1.0,1.02,1.12,0.995,1.09,1.02,1.04,1.13,1.06,1.03,0.997,1.03,0.996,1.03,1.01,1.05,0.997,1.03,1.04,1.11,1.04,1.11,1.0,1.1,0.957,0.994,1.08,0.938,1.1,1.03,0.963,1.06,1.05,0.969,1.02,0.94,0.926,0.997,0.935,0.982,1.02,1.14,1.09,1.08,1.07,1.12,0.957,0.876,0.887,1.11,1.08,1.07,1.12,1.05,0.852,0.884,1.0,1.03,1.01,1.03,1.03,1.08,1.03,0.965,0.891,1.07,1.02,0.971,1.1,1.13,1.13,1.13,1.09,1.12,1.08,1.18,1.07,1.12,1.03,1.06,0.981,1.31,1.18,1.27,1.31,1.21,1.35,1.21,1.18,1.6,1.33,1.4,1.2,1.23,1.2,1.27,1.19,1.17,1.2,1.18,1.17,1.15,1.23,1.21,1.3,1.22,0.963,1.08,1.23,1.16,1.26,1.1,1.15,1.14,1.09,1.06,1.13,1.12,1.06,1.11,1.14,1.13,1.15,1.23,1.15,1.19,1.21,1.18,1.13,1.15,1.25,1.06,1.21,1.19,1.11,1.03,1.18,1.15,1.19,1.11,1.23,0.964,1.12,0.975,1.19,1.07,1.06,1.21,1.2,1.19,1.06,0.966,1.11,0.931,1.08,1.13,1.22,1.2,1.25,1.22,1.18,1.33,1.05,1.02,0.936,1.17,1.13,1.08,1.11,1.2,1.15,1.04,1.22,1.25,1.13,1.21,1.07,1.12,0.974,1.04,1.11
130_S_5006,654.0,721.0,66.5,0.403,0.374,0.566,0.534,0.566,0.634,0.628,0.685,0.605,0.704,0.648,0.571,0.637,0.498,0.568,0.568,0.512,0.582,0.609,0.585,0.685,0.647,0.683,0.596,0.64,0.657,0.595,0.588,0.647,0.604,0.68,0.657,0.522,0.505,0.652,0.674,0.56,0.542,0.704,0.657,0.795,0.682,0.661,0.728,0.684,0.704,0.605,0.675,0.773,0.701,0.69,0.748,0.548,0.54,0.782,0.657,0.558,0.666,0.651,0.704,0.586,0.619,0.68,0.681,0.631,0.621,0.582,0.537,0.52,0.539,0.652,0.699,0.653,0.647,0.619,0.658,0.668,0.686,0.645,0.655,0.676,0.696,0.598,0.605,0.686,0.638,0.646,0.707,0.616,0.675,0.628,0.717,0.701,0.582,0.64,0.564,0.682,0.652,0.604,0.756,0.662,0.663,0.648,0.595,0.671,0.651,0.666,0.716,0.646,0.675,0.633,0.541,0.607,0.64,0.605,0.648,0.601,0.667,0.587,0.618,0.599,0.573,0.59,0.704,0.623,0.678,0.699,0.622,0.576,0.673,0.656,0.71,0.683,0.636,0.742,0.563,0.671,0.745,0.591,0.566,0.689,0.706,0.674,0.773,0.779,0.772,0.684,0.682,0.643,0.639,0.61,0.656,0.648,0.764,0.786,0.666,0.743,0.699,0.69,0.612,0.793,0.536,0.642,0.743,0.669,0.647,0.689,0.64,0.713,0.651,0.644,0.638,0.561,0.687,0.666,0.538,0.663,0.729,0.64,0.631,0.716,0.568,0.662,0.677,0.631,0.625,0.696,0.677,0.686,0.672,0.671,0.656,0.595,0.655,0.623,0.655,0.713,0.664,0.667,0.766,0.978,0.656,1.09,0.825,0.886,1.06,1.01,1.07,0.928,1.11,0.997,1.14,0.895,0.853,0.983,0.964,0.965,1.0,0.995,0.94,1.02,1.12,0.956,1.05,1.01,1.0,1.05,1.02,1.03,1.05,1.02,1.07,1.04,0.996,1.01,0.959,1.03,0.969,1.02,1.04,1.07,0.961,1.08,0.907,0.96,1.02,1.04,1.19,1.06,0.968,1.09,1.08,0.801,0.883,0.778,0.937,1.04,1.13,1.06,0.96,1.13,1.26,1.26,1.08,1.19,0.985,1.07,1.06,1.2,1.28,1.37,1.21,1.07,0.849,1.08,1.17,1.1,1.04,1.08,1.01,1.25,1.03,0.835,0.961,0.986,1.08,1.07,1.21,1.2,1.18,1.23,1.17,1.26,1.24,1.26,1.1,1.06,0.975,1.12,0.983,1.32,1.21,1.47,1.38,1.29,1.35,1.2,1.12,1.71,1.38,1.54,1.17,1.03,1.15,1.15,1.1,1.0,1.05,1.04,1.12,0.964,1.16,1.12,1.17,1.22,0.916,1.06,1.13,1.08,1.18,1.1,1.06,1.12,1.08,1.02,0.998,1.06,0.967,1.0,0.903,1.0,1.11,1.24,1.15,1.21,1.14,1.09,1.03,0.98,1.18,1.08,1.35,1.28,1.1,1.05,1.13,1.18,1.22,1.06,1.28,0.786,0.903,0.809,1.06,1.16,1.03,1.13,1.21,1.26,1.03,1.04,1.13,1.18,1.11,1.3,1.36,1.35,1.45,1.15,1.19,1.27,1.11,0.985,1.08,1.17,1.13,1.02,1.04,1.11,1.12,0.83,1.23,1.38,1.04,1.15,1.01,1.1,1.04,1.1,1.1
131_S_5138,1700.0,204.0,18.4,0.393,0.377,0.572,0.547,0.574,0.65,0.65,0.7,0.63,0.73,0.666,0.583,0.66,0.535,0.586,0.574,0.563,0.597,0.637,0.633,0.701,0.65,0.707,0.619,0.661,0.656,0.632,0.6,0.662,0.606,0.691,0.687,0.565,0.542,0.662,0.685,0.587,0.589,0.744,0.658,0.815,0.698,0.681,0.738,0.708,0.713,0.618,0.698,0.786,0.721,0.711,0.765,0.558,0.556,0.804,0.686,0.561,0.692,0.649,0.736,0.606,0.618,0.701,0.674,0.623,0.635,0.602,0.552,0.542,0.539,0.656,0.712,0.684,0.666,0.643,0.658,0.69,0.71,0.66,0.698,0.694,0.728,0.621,0.627,0.705,0.665,0.637,0.707,0.619,0.682,0.632,0.722,0.679,0.638,0.647,0.603,0.701,0.662,0.627,0.777,0.684,0.68,0.641,0.61,0.684,0.662,0.695,0.735,0.666,0.704,0.649,0.578,0.612,0.645,0.627,0.671,0.64,0.678,0.647,0.655,0.622,0.592,0.613,0.726,0.648,0.699,0.722,0.667,0.588,0.68,0.665,0.714,0.702,0.644,0.739,0.599,0.707,0.779,0.63,0.603,0.723,0.712,0.625,0.802,0.784,0.791,0.703,0.706,0.67,0.652,0.637,0.698,0.686,0.785,0.794,0.71,0.766,0.724,0.704,0.616,0.818,0.544,0.662,0.77,0.705,0.699,0.624,0.674,0.71,0.678,0.66,0.661,0.575,0.692,0.682,0.582,0.671,0.731,0.651,0.652,0.735,0.601,0.689,0.715,0.632,0.643,0.719,0.702,0.677,0.697,0.699,0.64,0.623,0.632,0.646,0.701,0.747,0.69,0.681,0.772,0.972,0.683,1.02,0.823,0.863,0.998,1.05,1.05,0.932,1.06,0.951,1.05,0.916,0.886,0.96,0.941,0.964,1.02,0.967,0.958,1.01,1.09,0.976,1.07,1.03,1.02,1.02,0.984,1.05,1.02,1.05,1.02,1.05,1.01,0.978,0.965,1.0,0.99,1.06,1.03,1.04,0.977,1.1,0.947,0.972,1.02,1.04,1.18,1.08,0.975,1.03,1.02,0.924,0.96,0.883,0.922,1.12,1.13,1.03,1.03,1.15,1.19,1.19,1.09,1.17,0.988,1.11,1.1,1.16,1.16,1.2,1.21,1.17,0.922,1.14,1.17,1.13,1.08,1.15,1.04,1.13,1.03,0.97,1.07,1.02,1.08,1.14,1.14,1.15,1.13,1.16,1.14,1.15,1.22,1.23,1.11,1.08,0.997,1.12,1.06,1.28,1.18,1.24,1.25,1.21,1.22,1.16,1.06,1.43,1.18,1.39,1.1,1.11,1.15,1.24,1.12,1.04,1.06,1.07,1.1,1.1,1.11,1.06,1.2,1.16,0.943,1.04,1.14,1.12,1.16,1.11,1.16,1.12,1.18,1.08,1.14,1.13,0.988,1.17,1.04,1.1,1.14,1.19,1.1,1.19,1.16,1.17,1.15,1.24,1.15,1.12,1.23,1.2,1.11,1.06,1.17,1.08,1.13,1.14,1.16,0.878,1.01,0.933,1.09,1.14,1.09,1.12,1.22,1.21,1.09,1.11,1.17,1.2,1.18,1.32,1.28,1.19,1.25,1.23,1.17,1.35,1.45,1.15,1.19,1.22,1.36,1.09,1.09,1.19,1.2,0.946,1.16,1.27,1.2,1.11,1.03,1.09,1.02,1.18,1.15
135_S_4863,449.0,367.0,32.7,0.373,0.345,0.537,0.499,0.553,0.622,0.624,0.675,0.595,0.721,0.642,0.554,0.635,0.459,0.551,0.555,0.499,0.571,0.607,0.594,0.687,0.635,0.687,0.619,0.651,0.646,0.62,0.582,0.631,0.572,0.675,0.656,0.511,0.501,0.644,0.667,0.562,0.543,0.714,0.647,0.801,0.687,0.653,0.716,0.7,0.707,0.603,0.682,0.769,0.719,0.706,0.761,0.535,0.546,0.787,0.664,0.531,0.659,0.663,0.709,0.6,0.608,0.69,0.682,0.6,0.627,0.585,0.532,0.523,0.544,0.65,0.693,0.661,0.644,0.627,0.671,0.688,0.706,0.653,0.705,0.681,0.723,0.577,0.627,0.693,0.666,0.621,0.715,0.618,0.698,0.579,0.71,0.686,0.598,0.628,0.584,0.697,0.644,0.622,0.762,0.665,0.675,0.626,0.579,0.671,0.621,0.666,0.713,0.649,0.709,0.638,0.529,0.618,0.655,0.645,0.642,0.602,0.68,0.612,0.627,0.593,0.559,0.638,0.721,0.633,0.694,0.708,0.658,0.591,0.669,0.651,0.698,0.705,0.621,0.744,0.603,0.692,0.767,0.622,0.572,0.724,0.701,0.671,0.786,0.801,0.782,0.707,0.711,0.687,0.682,0.609,0.707,0.686,0.768,0.793,0.711,0.77,0.741,0.73,0.592,0.81,0.54,0.652,0.756,0.663,0.688,0.666,0.671,0.723,0.681,0.652,0.645,0.543,0.666,0.676,0.597,0.695,0.737,0.652,0.702,0.726,0.588,0.698,0.691,0.684,0.632,0.728,0.706,0.696,0.685,0.688,0.668,0.621,0.636,0.633,0.668,0.719,0.676,0.667,0.765,0.97,0.717,0.962,0.84,0.838,0.923,1.04,1.06,0.933,1.05,0.934,0.966,0.934,0.937,1.02,0.989,0.987,1.08,0.985,0.967,1.11,1.15,1.02,1.11,1.04,1.03,1.1,1.04,1.07,0.984,0.991,0.953,0.984,0.993,1.04,0.992,1.0,0.941,1.1,1.06,1.13,1.03,1.11,0.932,0.998,1.06,1.06,1.19,1.11,0.962,1.11,1.05,0.973,0.994,0.916,0.928,1.06,1.02,1.06,1.04,1.08,1.13,1.16,1.1,1.21,1.0,1.05,1.08,1.18,1.1,1.16,1.17,1.07,0.916,1.04,1.14,1.11,1.11,1.12,1.07,1.12,1.03,1.02,1.03,1.05,1.06,1.06,1.17,1.15,1.13,1.19,1.17,1.18,1.12,1.18,1.01,1.06,1.01,1.11,1.02,1.26,1.07,1.11,1.05,1.01,1.06,1.1,1.07,1.3,1.16,1.2,1.11,1.16,1.17,1.23,1.09,1.05,1.14,1.1,1.13,1.11,1.14,1.08,1.24,1.2,0.972,1.07,1.2,1.15,1.23,1.09,1.08,1.04,1.15,1.04,1.03,1.13,0.984,1.13,1.02,1.09,1.15,1.21,1.18,1.23,1.2,1.19,1.14,1.26,1.25,1.13,1.22,1.24,1.12,1.08,1.19,1.09,1.18,1.14,1.15,0.954,1.05,0.99,1.12,1.07,1.1,1.19,1.22,1.21,1.08,1.06,1.03,1.11,1.15,1.25,1.26,1.15,1.24,1.28,1.18,1.35,1.28,1.18,1.13,1.23,1.29,1.07,1.07,1.2,1.11,0.996,1.18,1.22,1.07,1.1,1.09,1.1,1.0,1.09,1.2
135_S_4954,816.0,235.0,24.5,0.376,0.346,0.529,0.51,0.56,0.623,0.631,0.678,0.601,0.716,0.64,0.556,0.644,0.46,0.57,0.55,0.503,0.576,0.603,0.571,0.678,0.643,0.687,0.617,0.642,0.64,0.598,0.58,0.639,0.578,0.67,0.657,0.525,0.519,0.647,0.674,0.555,0.544,0.728,0.648,0.802,0.684,0.674,0.722,0.712,0.716,0.595,0.698,0.772,0.711,0.699,0.752,0.554,0.541,0.782,0.658,0.545,0.679,0.658,0.712,0.602,0.607,0.692,0.659,0.623,0.616,0.585,0.536,0.514,0.54,0.65,0.695,0.665,0.654,0.635,0.665,0.692,0.706,0.665,0.697,0.693,0.712,0.581,0.618,0.695,0.661,0.626,0.701,0.604,0.692,0.631,0.714,0.708,0.587,0.634,0.601,0.691,0.659,0.616,0.747,0.671,0.662,0.627,0.573,0.675,0.614,0.668,0.729,0.666,0.685,0.653,0.514,0.622,0.661,0.651,0.66,0.605,0.693,0.615,0.653,0.587,0.621,0.641,0.729,0.646,0.715,0.714,0.664,0.611,0.677,0.663,0.717,0.692,0.61,0.739,0.575,0.69,0.78,0.622,0.586,0.729,0.724,0.679,0.795,0.787,0.801,0.71,0.722,0.688,0.69,0.631,0.711,0.696,0.779,0.787,0.715,0.761,0.745,0.723,0.614,0.823,0.561,0.677,0.756,0.684,0.692,0.676,0.69,0.712,0.676,0.651,0.659,0.565,0.673,0.684,0.609,0.688,0.743,0.687,0.683,0.719,0.616,0.704,0.689,0.675,0.656,0.705,0.702,0.687,0.691,0.698,0.691,0.629,0.654,0.626,0.694,0.732,0.693,0.686,0.756,0.949,0.677,0.998,0.805,0.862,1.02,1.02,1.04,0.912,1.12,0.934,1.03,0.919,0.865,0.969,0.937,0.954,0.966,0.993,0.946,0.975,1.16,0.993,1.08,1.05,1.04,1.03,1.01,1.05,0.984,1.04,1.1,1.07,1.01,0.972,0.948,0.977,1.02,1.03,1.01,1.05,1.0,1.1,0.92,0.954,0.942,1.07,1.19,1.06,0.948,1.12,1.08,0.946,0.966,0.872,0.861,1.13,1.2,1.07,1.05,1.08,1.23,1.19,1.1,1.19,0.989,1.13,1.14,1.16,1.17,1.27,1.18,1.2,0.878,1.16,1.22,1.18,1.15,1.26,1.06,1.23,1.03,1.03,1.1,1.05,1.09,1.18,1.24,1.18,1.2,1.17,1.13,1.23,1.21,1.26,1.12,1.09,1.0,1.12,1.04,1.13,1.0,1.15,1.16,1.07,1.22,0.959,0.977,1.5,1.31,1.37,1.14,1.1,1.13,1.23,1.09,1.04,1.07,1.07,1.04,1.12,1.13,1.15,1.17,1.17,0.944,1.09,1.2,1.12,1.16,1.04,1.15,1.13,1.27,1.14,1.11,1.12,1.07,1.3,1.1,1.09,1.16,1.21,1.14,1.25,1.18,1.19,1.14,1.25,1.19,1.16,1.29,1.25,1.11,1.04,1.28,1.2,1.18,1.2,1.25,0.886,1.04,0.924,1.07,1.23,1.12,1.15,1.24,1.29,1.11,1.12,1.15,1.29,1.28,1.34,1.27,1.26,1.34,1.34,1.23,1.41,1.56,1.11,1.24,1.29,1.42,1.06,1.09,1.27,1.28,1.02,1.19,1.37,1.16,1.07,0.991,1.02,1.04,1.16,1.13
135_S_5015,784.0,284.0,28.6,0.373,0.341,0.53,0.491,0.544,0.61,0.625,0.671,0.594,0.699,0.636,0.547,0.63,0.444,0.545,0.537,0.485,0.55,0.604,0.594,0.676,0.645,0.686,0.611,0.636,0.65,0.608,0.575,0.627,0.574,0.667,0.656,0.485,0.48,0.623,0.682,0.534,0.508,0.701,0.659,0.789,0.671,0.662,0.72,0.696,0.697,0.583,0.7,0.77,0.706,0.682,0.755,0.528,0.545,0.775,0.661,0.521,0.676,0.66,0.705,0.586,0.609,0.687,0.637,0.622,0.615,0.577,0.512,0.477,0.545,0.655,0.687,0.667,0.629,0.602,0.665,0.673,0.69,0.651,0.655,0.675,0.706,0.606,0.615,0.685,0.662,0.634,0.694,0.589,0.672,0.616,0.703,0.692,0.593,0.634,0.577,0.682,0.631,0.607,0.771,0.666,0.667,0.632,0.57,0.65,0.615,0.657,0.727,0.634,0.665,0.639,0.525,0.626,0.647,0.626,0.636,0.576,0.668,0.604,0.619,0.583,0.588,0.634,0.729,0.634,0.692,0.709,0.667,0.594,0.668,0.65,0.699,0.688,0.613,0.744,0.57,0.692,0.781,0.612,0.582,0.718,0.725,0.65,0.786,0.801,0.787,0.691,0.687,0.678,0.658,0.631,0.702,0.713,0.77,0.794,0.709,0.771,0.722,0.713,0.584,0.827,0.563,0.653,0.752,0.676,0.678,0.657,0.663,0.729,0.667,0.653,0.659,0.523,0.667,0.668,0.592,0.673,0.731,0.665,0.637,0.714,0.583,0.681,0.702,0.69,0.631,0.71,0.702,0.693,0.695,0.705,0.654,0.622,0.624,0.6,0.669,0.746,0.678,0.678,0.753,0.97,0.707,1.02,0.839,0.899,1.02,1.01,1.1,0.94,1.06,0.987,1.08,0.934,0.935,1.01,0.966,0.96,0.983,1.02,0.985,1.03,1.18,1.01,1.07,1.08,1.05,1.07,1.01,1.05,1.02,1.02,1.04,1.08,1.03,1.02,0.981,1.0,1.05,1.05,1.04,1.12,0.996,1.09,0.92,0.97,1.04,1.08,1.2,1.06,0.987,1.05,1.04,0.847,0.895,0.81,0.905,1.0,1.14,1.05,1.02,1.11,1.19,1.12,1.08,1.19,0.98,0.999,1.1,1.13,1.17,1.18,1.19,1.22,0.91,1.15,1.13,1.11,1.09,1.17,1.05,1.16,1.04,0.835,0.951,0.995,1.09,1.13,1.18,1.2,1.19,1.16,1.16,1.2,1.21,1.21,1.16,1.1,0.966,1.09,1.07,1.26,1.11,1.26,1.18,1.2,1.32,1.14,1.11,1.49,1.21,1.38,1.1,1.13,1.12,1.23,1.14,1.09,1.09,0.997,1.02,1.05,1.13,1.11,1.24,1.21,0.978,1.1,1.15,1.14,1.17,1.09,1.17,1.06,1.19,1.06,1.11,1.15,1.02,1.24,1.08,1.04,1.16,1.18,1.19,1.24,1.17,1.2,1.17,1.28,1.21,1.12,1.28,1.28,1.14,1.09,1.22,1.11,1.18,1.18,1.21,0.839,0.925,0.884,1.04,1.18,1.02,1.1,1.18,1.23,1.08,1.07,1.03,1.22,1.15,1.31,1.23,1.24,1.24,1.27,1.19,1.37,1.46,1.11,1.18,1.18,1.34,1.1,1.1,1.24,1.22,0.89,1.24,1.31,1.25,1.19,1.03,1.1,1.05,1.17,1.14
135_S_5275,833.0,490.0,53.2,0.393,0.361,0.551,0.523,0.568,0.621,0.634,0.67,0.606,0.691,0.637,0.574,0.625,0.471,0.566,0.555,0.515,0.582,0.624,0.599,0.687,0.642,0.689,0.616,0.657,0.652,0.626,0.599,0.651,0.587,0.661,0.664,0.521,0.49,0.65,0.683,0.548,0.558,0.699,0.663,0.798,0.679,0.673,0.711,0.674,0.707,0.613,0.676,0.767,0.705,0.702,0.745,0.527,0.553,0.78,0.67,0.555,0.663,0.653,0.696,0.597,0.619,0.697,0.647,0.621,0.617,0.607,0.575,0.525,0.529,0.664,0.701,0.655,0.628,0.632,0.659,0.664,0.68,0.646,0.668,0.683,0.697,0.594,0.63,0.711,0.676,0.61,0.703,0.576,0.677,0.623,0.7,0.678,0.615,0.639,0.589,0.666,0.652,0.616,0.759,0.692,0.671,0.64,0.6,0.65,0.633,0.662,0.723,0.657,0.657,0.632,0.573,0.63,0.65,0.625,0.642,0.586,0.68,0.608,0.635,0.603,0.572,0.609,0.711,0.641,0.688,0.703,0.666,0.603,0.668,0.665,0.695,0.678,0.646,0.736,0.575,0.684,0.739,0.615,0.584,0.702,0.706,0.697,0.792,0.77,0.793,0.685,0.686,0.647,0.651,0.627,0.697,0.692,0.78,0.787,0.697,0.752,0.713,0.705,0.596,0.804,0.558,0.651,0.752,0.683,0.684,0.679,0.696,0.692,0.663,0.668,0.658,0.555,0.681,0.665,0.581,0.671,0.724,0.677,0.608,0.717,0.584,0.66,0.673,0.692,0.603,0.71,0.678,0.67,0.689,0.688,0.661,0.649,0.643,0.577,0.666,0.747,0.658,0.636,0.756,1.01,0.738,1.03,0.88,0.916,1.07,1.07,1.1,0.981,1.18,1.02,1.09,0.979,0.982,1.04,1.05,1.02,1.04,1.02,0.989,1.07,1.17,1.03,1.15,1.11,1.12,1.14,1.08,1.12,1.08,1.08,1.05,1.07,1.03,1.14,1.05,1.05,1.03,1.11,1.1,1.14,1.06,1.13,0.969,1.01,1.08,1.11,1.14,1.11,1.02,1.08,1.07,0.979,1.02,0.96,0.992,1.14,1.12,1.11,1.06,1.08,1.24,1.22,1.16,1.2,0.986,1.09,1.08,1.19,1.17,1.11,1.1,1.12,0.859,1.08,1.1,1.09,1.06,1.09,1.11,1.2,1.06,1.06,1.09,1.13,1.1,1.05,1.19,1.12,1.19,1.13,1.19,1.22,1.25,1.23,1.11,1.11,1.08,1.08,1.0,1.21,1.12,1.18,1.17,1.22,1.22,1.15,1.13,1.36,1.32,1.27,1.15,1.16,1.11,1.2,1.13,1.07,1.1,1.08,1.14,1.08,1.09,1.14,1.17,1.17,1.0,1.13,1.2,1.18,1.22,1.1,1.1,1.12,1.11,1.01,1.07,1.17,1.02,1.01,1.05,1.07,1.15,1.19,1.11,1.19,1.14,1.05,1.12,1.16,1.03,1.1,1.24,1.18,1.16,1.07,1.09,1.15,1.21,1.18,1.21,0.973,1.07,0.965,1.14,1.19,1.11,1.06,1.17,1.22,1.03,1.1,1.11,1.09,1.1,1.15,1.14,1.27,1.24,1.05,1.07,1.19,1.18,0.952,1.07,1.11,1.17,1.11,1.08,1.2,1.17,1.1,1.14,1.25,1.09,1.07,1.1,1.1,1.12,1.05,1.11
136_S_0186,943.0,180.0,16.8,0.379,0.35,0.545,0.518,0.553,0.622,0.625,0.674,0.599,0.706,0.642,0.567,0.635,0.453,0.545,0.546,0.486,0.568,0.615,0.596,0.675,0.631,0.676,0.616,0.637,0.639,0.6,0.573,0.654,0.589,0.667,0.661,0.509,0.482,0.642,0.668,0.529,0.527,0.719,0.661,0.791,0.675,0.663,0.73,0.689,0.703,0.591,0.685,0.77,0.712,0.689,0.751,0.535,0.54,0.785,0.662,0.551,0.641,0.643,0.714,0.574,0.613,0.678,0.66,0.607,0.611,0.589,0.535,0.526,0.538,0.655,0.71,0.669,0.642,0.622,0.65,0.67,0.689,0.658,0.663,0.678,0.704,0.583,0.619,0.691,0.65,0.619,0.699,0.604,0.681,0.628,0.7,0.688,0.601,0.64,0.592,0.691,0.652,0.601,0.749,0.682,0.686,0.659,0.616,0.683,0.668,0.68,0.734,0.662,0.681,0.644,0.581,0.617,0.632,0.625,0.635,0.618,0.688,0.6,0.625,0.603,0.575,0.572,0.718,0.639,0.687,0.708,0.664,0.593,0.67,0.667,0.716,0.703,0.641,0.755,0.595,0.699,0.766,0.618,0.593,0.713,0.722,0.674,0.777,0.781,0.788,0.68,0.706,0.647,0.655,0.624,0.688,0.659,0.762,0.786,0.708,0.742,0.706,0.7,0.597,0.802,0.553,0.652,0.76,0.667,0.682,0.674,0.671,0.707,0.661,0.646,0.66,0.59,0.673,0.688,0.584,0.66,0.705,0.654,0.658,0.721,0.586,0.68,0.697,0.655,0.617,0.699,0.694,0.664,0.679,0.671,0.644,0.629,0.649,0.607,0.675,0.745,0.674,0.666,0.775,0.988,0.675,1.04,0.836,0.89,1.01,1.04,1.04,0.922,1.07,0.958,1.08,0.903,0.863,0.985,0.936,0.97,0.983,0.983,0.982,0.918,1.11,0.971,1.03,1.06,1.04,1.08,1.03,1.06,1.08,1.09,1.15,1.04,1.07,0.96,0.932,1.01,1.01,1.01,1.0,1.04,0.985,1.06,0.915,0.935,1.03,1.09,1.17,1.07,0.912,1.1,1.1,0.963,1.0,0.877,0.871,1.13,1.18,1.05,0.972,1.17,1.25,1.24,1.09,1.17,0.94,1.17,1.17,1.23,1.25,1.28,1.32,1.18,0.858,1.19,1.26,1.21,1.14,1.23,1.08,1.23,0.994,0.996,1.15,1.07,1.14,1.15,1.21,1.21,1.19,1.23,1.18,1.26,1.2,1.22,1.15,1.06,0.982,1.15,1.07,1.21,1.2,1.33,1.25,1.22,1.26,1.18,1.07,1.42,1.24,1.43,1.11,1.13,1.11,1.19,1.09,1.1,1.09,1.1,1.06,1.03,1.07,1.06,1.16,1.16,0.95,1.11,1.17,1.13,1.21,1.1,1.14,1.2,1.18,1.02,1.13,1.13,1.0,1.2,1.08,1.05,1.16,1.16,1.1,1.15,1.18,1.02,1.18,1.27,1.15,1.16,1.3,1.19,1.14,1.04,1.03,1.18,1.18,1.14,1.26,0.927,1.06,0.93,1.12,1.26,1.05,1.17,1.2,1.26,1.01,1.13,1.21,1.33,1.19,1.25,1.24,1.32,1.3,0.992,1.25,1.55,1.57,1.04,1.23,1.3,1.5,0.982,0.987,1.15,1.24,0.934,1.26,1.3,1.21,1.15,1.0,0.976,1.01,1.24,1.17
137_S_0438,884.0,658.0,73.6,0.389,0.354,0.562,0.525,0.562,0.636,0.629,0.675,0.606,0.707,0.639,0.584,0.629,0.462,0.558,0.553,0.512,0.585,0.609,0.602,0.665,0.634,0.675,0.616,0.648,0.64,0.625,0.576,0.645,0.59,0.68,0.693,0.535,0.517,0.641,0.681,0.547,0.553,0.698,0.657,0.782,0.685,0.671,0.73,0.67,0.712,0.596,0.702,0.771,0.704,0.699,0.747,0.531,0.549,0.793,0.662,0.551,0.691,0.644,0.712,0.615,0.608,0.697,0.654,0.619,0.61,0.59,0.587,0.535,0.55,0.654,0.691,0.665,0.631,0.628,0.646,0.673,0.695,0.661,0.648,0.666,0.699,0.597,0.626,0.69,0.653,0.627,0.709,0.603,0.663,0.607,0.686,0.657,0.57,0.627,0.61,0.674,0.635,0.626,0.759,0.68,0.687,0.664,0.613,0.68,0.66,0.692,0.736,0.657,0.668,0.653,0.567,0.614,0.656,0.586,0.667,0.629,0.693,0.613,0.657,0.609,0.557,0.623,0.71,0.64,0.672,0.706,0.665,0.579,0.666,0.661,0.708,0.711,0.649,0.755,0.602,0.716,0.758,0.617,0.572,0.7,0.707,0.658,0.767,0.775,0.787,0.673,0.684,0.658,0.639,0.626,0.68,0.68,0.771,0.79,0.699,0.743,0.714,0.69,0.628,0.815,0.537,0.641,0.736,0.672,0.686,0.701,0.673,0.708,0.661,0.652,0.649,0.574,0.69,0.672,0.606,0.676,0.732,0.679,0.647,0.727,0.592,0.671,0.715,0.67,0.619,0.692,0.688,0.679,0.681,0.673,0.663,0.608,0.647,0.562,0.67,0.715,0.672,0.659,0.747,0.974,0.699,1.12,0.874,0.868,0.984,1.01,1.11,0.938,1.17,1.03,1.14,0.951,0.947,1.03,1.01,0.997,1.03,1.03,0.999,0.961,1.14,0.98,1.11,1.05,1.09,1.13,1.03,0.963,0.96,1.02,0.866,0.774,0.845,1.05,0.971,0.935,0.9,1.06,1.07,1.09,0.978,1.06,0.906,0.969,1.07,0.996,1.12,1.03,0.962,1.02,1.07,0.907,0.899,0.881,0.836,0.948,0.803,0.894,0.825,0.917,1.15,1.02,1.07,1.13,0.932,0.948,0.953,1.07,1.13,1.2,1.14,0.98,0.822,0.958,1.02,1.16,1.13,1.17,1.07,1.18,1.08,0.971,0.997,1.05,1.09,0.976,1.16,1.13,1.18,1.16,1.1,1.17,1.16,1.17,0.903,1.14,0.944,1.08,0.988,1.35,1.25,1.49,1.35,1.29,1.38,1.26,1.14,1.77,1.38,1.57,1.26,1.18,1.15,1.19,1.19,1.11,1.17,1.16,1.16,0.998,1.03,1.2,1.26,1.26,0.943,1.11,1.27,1.27,1.29,1.09,1.22,1.19,1.23,1.12,1.11,1.25,1.07,1.19,1.11,1.12,1.22,1.24,1.18,1.21,1.2,1.12,1.15,1.23,1.11,1.2,1.32,1.25,1.16,1.08,1.12,1.18,1.21,1.17,1.22,0.926,1.03,0.975,1.12,1.2,1.09,1.16,1.22,1.21,1.07,1.15,1.18,1.24,1.22,1.33,1.32,1.31,1.3,1.07,1.12,1.44,1.45,1.08,1.22,1.22,1.45,1.1,1.11,1.15,1.25,0.992,1.19,1.34,1.26,1.2,1.03,1.12,1.08,1.2,1.24
137_S_0459,1700.0,333.0,27.1,0.399,0.366,0.567,0.545,0.586,0.643,0.64,0.69,0.608,0.727,0.658,0.595,0.64,0.481,0.568,0.573,0.526,0.567,0.621,0.604,0.691,0.651,0.697,0.621,0.662,0.662,0.614,0.595,0.636,0.599,0.693,0.682,0.555,0.534,0.669,0.688,0.559,0.588,0.709,0.672,0.796,0.691,0.677,0.736,0.702,0.695,0.614,0.714,0.779,0.714,0.711,0.765,0.561,0.556,0.796,0.677,0.546,0.68,0.697,0.721,0.612,0.645,0.695,0.681,0.64,0.629,0.6,0.572,0.53,0.572,0.676,0.701,0.661,0.64,0.647,0.683,0.672,0.694,0.668,0.66,0.692,0.699,0.617,0.632,0.7,0.665,0.626,0.719,0.596,0.67,0.648,0.716,0.684,0.601,0.654,0.626,0.675,0.644,0.616,0.77,0.69,0.68,0.666,0.62,0.71,0.661,0.681,0.728,0.664,0.685,0.635,0.575,0.612,0.649,0.588,0.64,0.62,0.689,0.6,0.64,0.6,0.57,0.625,0.709,0.63,0.692,0.705,0.646,0.595,0.679,0.654,0.693,0.695,0.659,0.76,0.604,0.699,0.758,0.613,0.592,0.692,0.703,0.655,0.768,0.775,0.791,0.705,0.695,0.64,0.624,0.592,0.698,0.696,0.767,0.76,0.688,0.747,0.706,0.686,0.616,0.827,0.558,0.645,0.749,0.683,0.691,0.693,0.684,0.72,0.676,0.648,0.657,0.566,0.692,0.665,0.601,0.669,0.742,0.652,0.675,0.742,0.569,0.658,0.719,0.612,0.599,0.67,0.671,0.672,0.687,0.701,0.673,0.624,0.664,0.572,0.675,0.726,0.646,0.653,0.759,0.985,0.732,1.08,0.886,0.939,1.06,1.08,1.1,0.969,1.17,1.01,1.14,0.961,0.954,1.01,0.918,0.939,0.954,0.994,0.951,1.02,1.16,1.05,1.13,1.11,1.08,1.17,1.1,1.08,1.04,1.13,1.09,1.01,0.999,1.04,1.03,1.03,0.971,1.0,1.11,1.03,1.01,1.08,0.96,1.01,1.06,1.12,1.21,1.06,1.0,1.04,1.07,0.943,0.962,0.882,0.808,1.17,1.14,1.05,1.04,0.93,1.23,1.21,1.06,1.1,0.996,1.21,1.18,1.21,1.21,1.3,1.15,1.23,0.92,1.29,1.12,1.23,1.16,1.28,1.07,1.19,1.1,0.981,1.15,1.13,1.18,1.24,1.21,1.16,1.21,1.15,1.05,1.16,1.16,1.2,1.2,1.15,0.98,1.23,1.14,1.21,1.19,1.1,1.31,1.31,1.38,0.845,0.936,1.4,1.29,1.41,1.18,1.17,1.11,1.05,1.09,1.07,1.08,1.02,1.03,0.932,0.911,1.06,1.1,1.21,0.969,1.13,1.17,1.2,1.23,1.09,1.25,1.1,1.12,1.11,1.07,1.17,1.05,1.18,1.08,1.06,1.17,1.17,1.1,1.17,1.15,0.869,1.16,1.22,0.876,1.14,1.27,1.25,1.13,1.07,0.937,1.07,1.09,1.09,1.21,0.803,1.0,0.906,1.02,1.23,1.06,1.04,1.18,1.23,0.982,1.18,1.26,1.38,1.16,1.3,1.24,1.21,1.35,0.795,1.05,1.5,1.36,1.08,1.3,1.22,1.42,1.05,0.992,0.979,1.25,0.861,1.14,1.34,1.31,1.13,0.967,0.967,0.998,1.21,1.26
137_S_0686,658.0,159.0,13.6,0.379,0.343,0.543,0.516,0.547,0.625,0.61,0.664,0.587,0.705,0.634,0.565,0.635,0.445,0.562,0.559,0.51,0.584,0.622,0.612,0.674,0.626,0.682,0.616,0.647,0.638,0.611,0.582,0.642,0.592,0.672,0.656,0.515,0.523,0.658,0.665,0.568,0.545,0.73,0.664,0.791,0.675,0.674,0.724,0.701,0.713,0.607,0.697,0.768,0.704,0.677,0.697,0.487,0.534,0.765,0.657,0.545,0.681,0.685,0.714,0.598,0.62,0.68,0.651,0.628,0.61,0.59,0.54,0.518,0.546,0.653,0.698,0.672,0.646,0.64,0.67,0.675,0.696,0.666,0.602,0.684,0.688,0.572,0.617,0.688,0.645,0.639,0.71,0.611,0.682,0.639,0.7,0.708,0.583,0.635,0.591,0.682,0.649,0.611,0.765,0.675,0.674,0.648,0.606,0.687,0.646,0.659,0.705,0.65,0.687,0.635,0.529,0.655,0.636,0.636,0.653,0.615,0.693,0.638,0.681,0.617,0.603,0.628,0.7,0.601,0.69,0.697,0.635,0.566,0.66,0.645,0.689,0.693,0.631,0.751,0.606,0.699,0.769,0.625,0.595,0.716,0.696,0.641,0.768,0.777,0.785,0.693,0.7,0.675,0.667,0.628,0.698,0.681,0.764,0.778,0.695,0.727,0.688,0.656,0.614,0.777,0.532,0.629,0.739,0.667,0.679,0.674,0.678,0.713,0.654,0.646,0.639,0.569,0.686,0.647,0.576,0.688,0.726,0.677,0.658,0.735,0.608,0.698,0.71,0.682,0.618,0.694,0.677,0.67,0.675,0.668,0.656,0.619,0.655,0.597,0.663,0.715,0.643,0.652,0.76,1.04,0.737,1.08,0.879,0.926,1.05,1.09,1.08,0.969,1.12,1.01,1.07,0.961,0.97,1.02,0.98,1.0,1.05,1.01,0.996,0.913,1.07,0.952,1.06,1.07,1.04,1.09,1.04,1.13,1.09,1.08,1.14,1.08,1.05,1.05,1.03,1.03,1.02,1.15,1.08,1.05,1.0,1.09,0.99,0.989,1.01,1.06,1.16,1.06,0.975,1.07,1.03,0.977,1.0,0.956,0.865,1.18,1.23,1.06,1.02,1.16,1.19,1.11,1.11,1.19,1.0,1.16,1.16,1.18,1.15,1.21,1.27,1.19,0.924,1.23,1.14,1.14,1.09,1.19,1.05,1.13,1.05,1.04,1.11,1.08,1.13,1.17,1.13,1.13,1.12,1.12,1.11,1.16,1.15,1.2,1.22,1.15,1.06,1.14,1.18,1.3,1.23,1.31,1.3,1.28,1.24,1.23,1.07,1.4,1.25,1.37,1.13,1.15,1.09,1.24,1.04,1.16,1.06,1.09,1.09,1.09,1.16,1.08,1.12,1.17,0.954,1.07,1.14,1.11,1.13,1.17,1.2,1.19,1.18,1.12,1.14,1.15,1.04,1.15,1.12,1.11,1.12,1.17,1.1,1.16,1.17,1.1,1.15,1.26,1.15,1.14,1.23,1.2,1.07,1.06,1.11,1.07,1.12,1.11,1.15,0.921,1.03,0.978,1.11,1.23,1.09,1.13,1.17,1.18,1.06,1.14,1.21,1.29,1.15,1.25,1.23,1.18,1.25,1.11,1.11,1.42,1.4,1.07,1.26,1.21,1.34,1.05,1.09,1.06,1.2,0.995,1.1,1.21,1.3,1.12,0.99,1.01,1.03,1.15,1.2
137_S_0972,696.0,454.0,46.3,0.38,0.347,0.544,0.516,0.566,0.627,0.622,0.669,0.592,0.71,0.639,0.579,0.637,0.462,0.556,0.554,0.51,0.59,0.624,0.611,0.685,0.641,0.677,0.61,0.643,0.643,0.632,0.587,0.632,0.586,0.669,0.661,0.541,0.521,0.652,0.693,0.562,0.561,0.708,0.664,0.8,0.68,0.656,0.72,0.697,0.715,0.613,0.699,0.771,0.714,0.694,0.755,0.481,0.544,0.776,0.677,0.541,0.682,0.669,0.709,0.619,0.627,0.689,0.682,0.612,0.616,0.58,0.536,0.526,0.55,0.663,0.691,0.681,0.645,0.652,0.668,0.676,0.705,0.673,0.671,0.693,0.705,0.563,0.626,0.705,0.673,0.642,0.718,0.61,0.674,0.635,0.709,0.689,0.622,0.642,0.597,0.686,0.65,0.621,0.766,0.679,0.678,0.651,0.605,0.702,0.649,0.674,0.715,0.664,0.7,0.631,0.56,0.643,0.653,0.61,0.663,0.605,0.695,0.634,0.642,0.606,0.593,0.613,0.721,0.642,0.685,0.705,0.647,0.599,0.664,0.653,0.703,0.705,0.633,0.749,0.621,0.675,0.772,0.629,0.622,0.719,0.715,0.656,0.765,0.781,0.787,0.692,0.695,0.665,0.656,0.631,0.706,0.691,0.773,0.768,0.714,0.761,0.723,0.692,0.609,0.791,0.514,0.626,0.747,0.637,0.676,0.685,0.711,0.723,0.667,0.646,0.657,0.578,0.676,0.675,0.591,0.674,0.728,0.683,0.654,0.715,0.592,0.701,0.702,0.677,0.633,0.699,0.69,0.687,0.682,0.688,0.687,0.62,0.653,0.605,0.668,0.726,0.666,0.676,0.764,1.03,0.756,1.11,0.903,0.953,1.09,1.09,1.15,0.981,1.16,1.02,1.15,0.968,0.96,1.02,0.99,0.947,1.01,0.99,0.915,1.02,1.12,1.03,1.11,1.08,1.06,1.1,1.03,1.12,1.11,1.11,1.05,1.03,1.01,1.03,0.984,0.956,0.945,1.07,1.08,1.08,1.02,1.07,0.971,1.01,1.08,1.1,1.15,1.09,1.01,1.08,1.05,0.937,0.985,0.862,0.862,1.14,1.17,1.05,1.01,1.08,1.23,1.15,1.1,1.15,1.03,1.16,1.12,1.15,1.17,1.16,1.23,1.18,0.941,1.2,1.13,1.18,1.16,1.24,1.08,1.16,1.08,0.985,1.1,1.09,1.11,1.16,1.14,1.07,1.16,1.13,1.13,1.15,1.17,1.22,1.23,1.11,1.06,1.17,1.11,1.33,1.23,1.29,1.3,1.27,1.38,1.22,1.2,1.6,1.35,1.46,1.21,1.11,1.05,1.15,1.08,0.986,1.06,1.01,1.07,1.04,1.06,1.02,1.18,1.21,0.983,1.1,1.19,1.14,1.16,1.15,1.19,1.19,1.23,1.02,1.16,1.16,1.0,1.13,1.04,1.07,1.15,1.15,1.13,1.16,1.19,1.14,1.15,1.2,1.11,1.14,1.29,1.2,1.14,1.1,1.07,1.1,1.13,1.09,1.15,0.895,1.05,0.983,1.14,1.27,1.06,1.06,1.2,1.21,1.09,1.14,1.22,1.29,1.16,1.15,1.19,1.21,1.22,1.05,1.1,1.39,1.41,1.15,1.2,1.2,1.34,1.11,1.1,1.04,1.21,0.942,1.08,1.3,1.3,1.15,1.08,1.08,1.04,1.25,1.17
137_S_1041,502.0,272.0,28.2,0.39,0.362,0.549,0.504,0.547,0.607,0.615,0.666,0.597,0.67,0.634,0.538,0.631,0.454,0.557,0.533,0.496,0.566,0.574,0.589,0.664,0.603,0.664,0.568,0.612,0.639,0.616,0.595,0.61,0.579,0.636,0.65,0.515,0.495,0.632,0.666,0.539,0.519,0.708,0.657,0.779,0.662,0.643,0.727,0.681,0.699,0.603,0.68,0.765,0.689,0.665,0.734,0.508,0.523,0.763,0.639,0.489,0.657,0.616,0.717,0.593,0.605,0.67,0.624,0.591,0.603,0.566,0.523,0.516,0.537,0.636,0.694,0.644,0.638,0.63,0.67,0.647,0.681,0.638,0.646,0.66,0.678,0.58,0.604,0.663,0.62,0.593,0.689,0.606,0.665,0.616,0.679,0.654,0.599,0.598,0.556,0.641,0.6,0.566,0.732,0.639,0.623,0.614,0.564,0.607,0.599,0.599,0.687,0.587,0.624,0.592,0.526,0.598,0.638,0.626,0.646,0.595,0.69,0.617,0.676,0.584,0.581,0.607,0.674,0.552,0.628,0.656,0.626,0.492,0.638,0.608,0.631,0.649,0.608,0.737,0.59,0.65,0.755,0.609,0.577,0.749,0.696,0.601,0.731,0.743,0.762,0.668,0.68,0.64,0.666,0.612,0.672,0.67,0.736,0.758,0.659,0.733,0.676,0.668,0.584,0.766,0.514,0.621,0.684,0.636,0.68,0.657,0.636,0.68,0.61,0.627,0.597,0.534,0.643,0.647,0.552,0.64,0.72,0.651,0.676,0.696,0.557,0.627,0.638,0.683,0.586,0.675,0.648,0.652,0.625,0.652,0.637,0.596,0.614,0.516,0.604,0.706,0.61,0.544,0.706,1.09,0.731,1.16,0.922,0.977,1.18,1.14,1.2,0.997,1.17,1.08,1.3,0.96,0.975,1.12,1.09,1.08,1.13,1.15,1.1,0.925,1.1,0.967,1.13,1.14,1.1,1.21,1.15,1.09,1.12,1.18,1.12,1.11,1.12,1.1,1.04,1.15,1.17,1.19,1.13,1.18,1.01,1.09,1.01,1.0,1.12,1.09,1.01,1.06,0.942,0.999,0.986,0.908,0.953,0.889,0.874,1.14,1.07,1.09,1.07,1.13,1.06,1.07,1.09,1.17,0.961,1.01,1.04,1.04,1.04,1.02,1.33,1.29,0.892,1.12,1.03,1.13,1.04,1.13,1.04,1.01,1.01,0.921,1.02,1.02,1.15,1.15,1.01,1.01,1.13,1.15,1.09,1.05,1.05,1.11,1.29,1.18,1.02,1.24,1.12,1.4,1.26,1.41,1.41,1.39,1.53,1.32,1.16,1.75,1.34,1.63,1.27,1.32,1.26,1.31,1.27,1.24,1.24,1.31,1.26,1.29,1.34,1.27,0.997,1.07,0.922,1.03,1.19,1.16,1.27,1.11,1.15,1.23,1.13,1.13,1.16,1.33,1.02,1.3,1.25,1.11,1.13,1.15,1.18,1.12,1.1,1.14,1.12,1.24,1.29,1.05,0.95,0.912,1.1,0.948,1.0,0.979,1.03,0.972,0.953,0.819,0.881,0.822,1.11,0.982,1.09,1.1,1.03,1.0,1.0,0.994,0.982,0.926,1.05,0.971,1.04,1.04,0.91,1.12,0.98,1.24,1.33,1.03,0.995,1.0,1.21,0.939,0.945,0.879,1.11,0.8,1.0,1.01,1.09,1.08,0.968,0.788,1.01,1.19,1.14
137_S_4587,618.0,319.0,32.8,0.407,0.38,0.565,0.547,0.582,0.635,0.641,0.696,0.622,0.716,0.659,0.582,0.65,0.521,0.59,0.576,0.544,0.624,0.611,0.608,0.705,0.643,0.695,0.605,0.647,0.659,0.636,0.602,0.642,0.608,0.677,0.677,0.538,0.54,0.65,0.68,0.584,0.539,0.735,0.658,0.803,0.69,0.655,0.744,0.7,0.699,0.624,0.699,0.78,0.718,0.699,0.763,0.552,0.556,0.794,0.676,0.556,0.694,0.688,0.723,0.624,0.614,0.667,0.686,0.627,0.632,0.597,0.556,0.566,0.549,0.668,0.702,0.661,0.656,0.645,0.679,0.688,0.711,0.667,0.683,0.687,0.71,0.599,0.627,0.679,0.67,0.676,0.713,0.608,0.69,0.659,0.719,0.674,0.614,0.633,0.618,0.695,0.66,0.63,0.758,0.673,0.672,0.65,0.602,0.671,0.646,0.671,0.737,0.675,0.674,0.654,0.557,0.628,0.669,0.656,0.671,0.651,0.708,0.644,0.7,0.61,0.622,0.636,0.718,0.636,0.69,0.712,0.678,0.601,0.669,0.665,0.707,0.7,0.649,0.761,0.626,0.693,0.767,0.64,0.58,0.731,0.711,0.675,0.796,0.778,0.788,0.707,0.708,0.697,0.691,0.621,0.711,0.695,0.775,0.789,0.709,0.777,0.73,0.712,0.631,0.818,0.557,0.66,0.754,0.688,0.701,0.694,0.642,0.717,0.676,0.663,0.657,0.553,0.685,0.694,0.595,0.677,0.735,0.681,0.69,0.727,0.636,0.688,0.688,0.697,0.632,0.7,0.7,0.672,0.685,0.695,0.643,0.628,0.65,0.605,0.681,0.733,0.67,0.656,0.75,0.962,0.69,0.994,0.818,0.869,1.03,1.05,1.08,0.937,1.1,0.972,1.09,0.924,0.902,0.978,0.978,1.0,1.05,1.05,1.01,1.02,1.07,0.969,1.05,1.02,0.99,1.01,0.99,1.06,1.01,1.04,1.09,1.09,1.06,0.995,0.989,1.03,1.03,1.06,1.03,1.06,1.01,1.1,0.913,0.983,1.05,1.07,1.19,1.08,0.955,1.04,1.05,0.961,0.993,0.894,0.912,1.13,1.19,1.09,1.09,1.16,1.2,1.15,1.06,1.18,0.997,1.11,1.12,1.18,1.16,1.23,1.18,1.25,0.875,1.14,1.14,1.14,1.14,1.2,1.06,1.16,1.01,1.02,1.09,1.07,1.09,1.11,1.19,1.21,1.17,1.23,1.18,1.19,1.26,1.24,1.13,1.12,1.02,1.12,1.02,1.29,1.18,1.2,1.19,1.21,1.25,1.08,1.08,1.44,1.25,1.4,1.15,1.06,1.16,1.3,1.06,1.11,1.12,1.12,1.16,1.19,1.25,1.18,1.13,1.14,0.955,1.05,1.14,1.1,1.12,1.1,1.12,1.11,1.22,1.1,1.18,1.1,1.07,1.31,1.17,1.08,1.13,1.16,1.11,1.15,1.14,1.2,1.2,1.31,1.34,1.14,1.23,1.24,1.15,1.08,1.19,1.11,1.15,1.15,1.2,0.898,1.02,0.96,1.09,1.22,1.13,1.26,1.16,1.17,1.1,1.1,1.13,1.24,1.21,1.26,1.23,1.24,1.29,1.37,1.26,1.37,1.48,1.1,1.15,1.2,1.39,1.05,1.06,1.18,1.19,0.979,1.2,1.33,1.16,1.14,1.01,1.06,1.06,1.16,1.14
141_S_0717,494.0,366.0,40.0,0.378,0.344,0.535,0.513,0.551,0.627,0.622,0.663,0.592,0.706,0.64,0.568,0.617,0.435,0.542,0.549,0.498,0.58,0.62,0.597,0.679,0.628,0.681,0.603,0.638,0.649,0.621,0.58,0.634,0.574,0.672,0.677,0.517,0.523,0.64,0.678,0.56,0.529,0.717,0.663,0.787,0.673,0.667,0.72,0.681,0.706,0.605,0.697,0.764,0.703,0.694,0.761,0.545,0.547,0.795,0.665,0.551,0.679,0.654,0.72,0.579,0.621,0.686,0.636,0.646,0.619,0.593,0.565,0.495,0.545,0.656,0.702,0.669,0.641,0.627,0.67,0.675,0.694,0.655,0.684,0.692,0.699,0.615,0.624,0.694,0.651,0.6,0.718,0.604,0.688,0.66,0.712,0.696,0.596,0.643,0.611,0.676,0.647,0.605,0.754,0.666,0.664,0.648,0.593,0.662,0.66,0.658,0.722,0.648,0.674,0.645,0.552,0.61,0.663,0.61,0.65,0.615,0.684,0.612,0.646,0.605,0.584,0.62,0.703,0.628,0.674,0.702,0.65,0.583,0.676,0.651,0.707,0.685,0.638,0.744,0.626,0.688,0.767,0.621,0.596,0.72,0.723,0.665,0.782,0.781,0.795,0.688,0.698,0.664,0.669,0.618,0.692,0.695,0.772,0.786,0.691,0.769,0.726,0.716,0.604,0.824,0.556,0.661,0.753,0.68,0.684,0.695,0.668,0.706,0.656,0.648,0.645,0.575,0.668,0.66,0.615,0.673,0.73,0.676,0.67,0.723,0.588,0.663,0.693,0.677,0.6,0.703,0.689,0.676,0.692,0.715,0.675,0.618,0.65,0.578,0.68,0.744,0.648,0.629,0.749,0.993,0.71,0.968,0.821,0.878,0.991,1.05,1.05,0.933,1.02,0.905,1.03,0.907,0.887,0.941,0.933,0.923,0.977,0.985,0.927,0.914,1.03,0.965,1.02,1.01,0.982,1.01,1.01,1.09,1.02,1.03,1.04,1.03,1.03,1.0,0.988,1.02,0.968,1.04,1.02,1.02,0.961,1.01,0.912,0.959,0.982,1.04,1.15,1.05,0.959,1.04,1.02,0.926,0.994,0.889,0.878,1.13,1.08,1.01,0.958,1.11,1.16,1.15,1.09,1.13,0.97,1.09,1.09,1.14,1.09,1.22,1.19,1.21,0.888,1.16,1.14,1.17,1.12,1.18,1.08,1.17,1.02,0.939,1.07,0.982,1.11,1.13,1.18,1.17,1.13,1.17,1.11,1.13,1.17,1.17,1.11,1.06,1.04,1.09,1.06,1.39,1.22,1.1,1.16,1.17,1.15,1.14,1.09,1.24,1.13,1.29,1.14,1.1,1.1,1.22,1.07,1.07,1.08,1.11,1.05,1.12,1.14,1.08,1.1,1.17,0.949,1.05,1.15,1.13,1.17,1.17,1.16,1.07,1.17,1.12,1.09,1.16,1.0,1.23,1.07,1.07,1.19,1.19,1.08,1.14,1.12,1.1,1.13,1.23,1.12,1.14,1.29,1.26,1.12,1.08,1.1,1.09,1.13,1.16,1.23,0.903,1.03,0.941,1.13,1.21,1.13,1.15,1.18,1.24,1.08,1.13,1.19,1.23,1.24,1.3,1.3,1.24,1.3,1.16,1.19,1.36,1.41,1.14,1.25,1.27,1.39,1.1,1.09,1.19,1.28,0.982,1.19,1.28,1.2,1.11,1.05,1.01,1.03,1.17,1.21
941_S_1203,1330.0,214.0,17.8,0.376,0.339,0.527,0.496,0.551,0.616,0.615,0.66,0.581,0.692,0.624,0.552,0.61,0.434,0.541,0.53,0.462,0.552,0.6,0.564,0.663,0.628,0.674,0.605,0.632,0.631,0.607,0.562,0.628,0.573,0.658,0.651,0.51,0.478,0.635,0.666,0.535,0.543,0.681,0.658,0.786,0.666,0.661,0.723,0.668,0.692,0.591,0.689,0.769,0.69,0.692,0.75,0.531,0.539,0.795,0.648,0.528,0.672,0.64,0.703,0.579,0.597,0.684,0.639,0.623,0.611,0.593,0.529,0.532,0.542,0.653,0.688,0.671,0.63,0.618,0.666,0.658,0.686,0.656,0.669,0.677,0.676,0.607,0.615,0.692,0.656,0.602,0.697,0.584,0.678,0.62,0.691,0.688,0.593,0.637,0.566,0.671,0.642,0.607,0.755,0.667,0.672,0.647,0.605,0.67,0.638,0.657,0.7,0.65,0.664,0.624,0.527,0.615,0.668,0.577,0.651,0.631,0.676,0.599,0.63,0.593,0.554,0.624,0.703,0.641,0.677,0.695,0.657,0.608,0.682,0.65,0.706,0.694,0.639,0.737,0.591,0.689,0.753,0.609,0.582,0.718,0.714,0.671,0.775,0.781,0.786,0.689,0.684,0.644,0.629,0.627,0.694,0.672,0.75,0.782,0.673,0.761,0.719,0.699,0.593,0.821,0.56,0.658,0.752,0.679,0.679,0.66,0.677,0.695,0.655,0.648,0.65,0.586,0.695,0.679,0.578,0.678,0.712,0.675,0.681,0.731,0.576,0.665,0.686,0.66,0.598,0.692,0.686,0.673,0.688,0.712,0.66,0.621,0.653,0.607,0.67,0.727,0.641,0.676,0.769,0.994,0.724,1.05,0.847,0.894,0.995,1.06,1.07,0.941,1.12,0.977,1.09,0.935,0.887,0.925,0.911,0.948,0.972,0.969,0.918,0.931,1.06,0.974,1.02,0.983,1.0,1.02,1.0,1.03,1.05,1.04,1.03,1.05,0.964,0.982,0.966,0.976,0.981,1.05,1.01,1.04,0.951,1.0,0.955,0.947,1.0,0.992,1.1,1.01,0.933,0.984,1.03,0.926,0.974,0.862,0.886,1.09,1.12,0.988,0.981,1.05,1.15,1.12,1.04,1.11,0.958,1.07,1.08,1.15,1.13,1.19,1.23,1.2,0.898,1.14,1.1,1.17,1.11,1.2,1.05,1.12,1.02,0.898,1.02,0.951,1.06,1.06,1.12,1.09,1.15,1.08,1.07,1.18,1.12,1.09,1.11,1.08,1.02,1.06,1.01,1.2,1.16,1.15,1.19,1.17,1.26,1.14,1.09,1.47,1.26,1.39,1.13,1.09,1.07,1.15,1.06,1.06,1.03,1.08,1.05,1.01,1.05,1.05,1.17,1.21,0.955,1.07,1.12,1.1,1.17,1.08,1.13,1.1,1.25,1.1,1.14,1.16,1.02,1.18,1.06,1.05,1.17,1.2,1.12,1.16,1.1,1.03,1.13,1.22,1.04,1.16,1.28,1.21,1.11,1.04,1.05,1.13,1.12,1.13,1.19,0.883,1.01,0.952,1.09,1.21,1.12,1.08,1.15,1.24,1.07,1.09,1.16,1.23,1.22,1.26,1.24,1.25,1.23,1.05,1.14,1.44,1.41,1.13,1.19,1.2,1.36,1.04,1.04,1.11,1.18,0.918,1.12,1.29,1.22,1.13,1.04,1.07,1.07,1.18,1.16
