Subject ID,Feature_1,Feature_2,Feature_3,Feature_4,Feature_5,Feature_6,Feature_7,Feature_8,Feature_9,Feature_10,Feature_11,Feature_12,Feature_13,Feature_14,Feature_15,Feature_16,Feature_17,Feature_18,Feature_19,Feature_20,Feature_21,Feature_22,Feature_23,Feature_24,Feature_25,Feature_26,Feature_27,Feature_28,Feature_29,Feature_30,Feature_31,Feature_32,Feature_33,Feature_34,Feature_35,Feature_36,Feature_37,Feature_38,Feature_39,Feature_40,Feature_41,Feature_42,Feature_43,Feature_44,Feature_45,Feature_46,Feature_47,Feature_48,Feature_49,Feature_50,Feature_51,Feature_52,Feature_53,Feature_54,Feature_55,Feature_56,Feature_57,Feature_58,Feature_59,Feature_60,Feature_61,Feature_62,Feature_63,Feature_64,Feature_65,Feature_66,Feature_67,Feature_68,Feature_69,Feature_70,Feature_71,Feature_72,Feature_73,Feature_74,Feature_75,Feature_76,Feature_77,Feature_78,Feature_79,Feature_80,Feature_81,Feature_82,Feature_83,Feature_84,Feature_85,Feature_86,Feature_87,Feature_88,Feature_89,Feature_90,Feature_91,Feature_92,Feature_93,Feature_94,Feature_95,Feature_96,Feature_97,Feature_98,Feature_99,Feature_100,Feature_101,Feature_102,Feature_103,Feature_104,Feature_105,Feature_106,Feature_107,Feature_108,Feature_109,Feature_110,Feature_111,Feature_112,Feature_113,Feature_114,Feature_115,Feature_116,Feature_117,Feature_118,Feature_119,Feature_120,Feature_121,Feature_122,Feature_123,Feature_124,Feature_125,Feature_126,Feature_127,Feature_128,Feature_129,Feature_130,Feature_131,Feature_132,Feature_133,Feature_134,Feature_135,Feature_136,Feature_137,Feature_138,Feature_139,Feature_140,Feature_141,Feature_142,Feature_143,Feature_144,Feature_145,Feature_146,Feature_147,Feature_148,Feature_149,Feature_150,Feature_151,Feature_152,Feature_153,Feature_154,Feature_155,Feature_156,Feature_157,Feature_158,Feature_159,Feature_160,Feature_161,Feature_162,Feature_163,Feature_164,Feature_165,Feature_166,Feature_167,Feature_168,Feature_169,Feature_170,Feature_171,Feature_172,Feature_173,Feature_174,Feature_175,Feature_176,Feature_177,Feature_178,Feature_179,Feature_180,Feature_181,Feature_182,Feature_183,Feature_184,Feature_185,Feature_186,Feature_187,Feature_188,Feature_189,Feature_190,Feature_191,Feature_192,Feature_193,Feature_194,Feature_195,Feature_196,Feature_197,Feature_198,Feature_199,Feature_200
002_S_0295,1.38E-01,1.09E-01,1.94E-01,2.30E-01,2.53E-01,2.50E-01,2.59E-01,1.96E-01,2.07E-01,1.79E-01,1.84E-01,2.95E-01,2.33E-01,1.69E-01,2.20E-01,2.26E-01,2.34E-01,2.43E-01,2.31E-01,2.37E-01,2.84E-01,2.92E-01,2.50E-01,2.76E-01,2.47E-01,2.60E-01,2.75E-01,2.47E-01,3.18E-01,2.83E-01,2.84E-01,2.41E-01,2.37E-01,2.33E-01,2.53E-01,2.08E-01,2.33E-01,2.53E-01,2.39E-01,3.09E-01,1.46E-01,2.29E-01,2.71E-01,2.11E-01,2.90E-01,2.50E-01,2.53E-01,3.20E-01,1.60E-01,3.31E-01,4.66E-01,3.81E-01,2.92E-01,2.65E-01,2.94E-01,3.66E-01,3.15E-01,2.30E-01,2.71E-01,2.15E-01,2.82E-01,3.77E-01,2.71E-01,3.08E-01,3.29E-01,2.78E-01,3.39E-01,2.77E-01,2.50E-01,3.50E-01,3.12E-01,2.66E-01,3.07E-01,2.48E-01,2.84E-01,3.13E-01,3.26E-01,3.05E-01,3.38E-01,4.49E-01,3.55E-01,3.67E-01,4.00E-01,3.66E-01,3.61E-01,3.13E-01,3.33E-01,2.95E-01,3.29E-01,4.14E-01,3.88E-01,3.83E-01,4.04E-01,3.90E-01,3.72E-01,2.91E-01,3.26E-01,4.77E-01,3.34E-01,2.77E-01,3.49E-01,3.69E-01,3.36E-01,3.37E-01,3.36E-01,3.50E-01,3.74E-01,3.71E-01,3.73E-01,3.13E-01,3.12E-01,2.98E-01,2.89E-01,3.09E-01,3.12E-01,2.85E-01,2.83E-01,3.03E-01,2.87E-01,2.81E-01,2.55E-01,2.64E-01,2.73E-01,2.97E-01,3.17E-01,3.04E-01,2.98E-01,2.90E-01,3.30E-01,3.08E-01,3.52E-01,3.01E-01,2.55E-01,2.42E-01,2.40E-01,2.75E-01,2.93E-01,2.22E-01,2.73E-01,3.03E-01,2.98E-01,3.01E-01,2.90E-01,2.34E-01,2.58E-01,2.37E-01,3.88E-01,3.42E-01,2.85E-01,3.30E-01,3.28E-01,3.93E-01,2.96E-01,2.54E-01,2.56E-01,4.40E-01,3.88E-01,5.02E-01,4.10E-01,2.90E-01,3.82E-01,3.45E-01,3.71E-01,3.61E-01,3.13E-01,2.77E-01,3.46E-01,3.16E-01,3.61E-01,3.42E-01,3.73E-01,3.63E-01,2.95E-01,3.30E-01,3.75E-01,3.58E-01,3.83E-01,3.13E-01,3.79E-01,3.25E-01,3.08E-01,3.10E-01,3.65E-01,3.55E-01,3.29E-01,3.72E-01,3.91E-01,3.93E-01,3.84E-01,3.80E-01,4.42E-01,3.30E-01,4.21E-01,4.71E-01,2.90E-01,5.25E-01,3.65E-01,4.20E-01,3.42E-01,2.75E-01
002_S_0413,1.62E-01,1.18E-01,2.31E-01,2.43E-01,2.49E-01,2.57E-01,2.94E-01,2.01E-01,2.12E-01,1.97E-01,1.85E-01,2.89E-01,2.50E-01,2.03E-01,2.63E-01,2.61E-01,2.52E-01,2.40E-01,2.48E-01,2.52E-01,2.92E-01,2.93E-01,2.65E-01,3.25E-01,2.85E-01,2.91E-01,2.92E-01,2.54E-01,3.28E-01,2.64E-01,2.64E-01,2.59E-01,2.54E-01,2.36E-01,2.70E-01,2.13E-01,2.82E-01,2.52E-01,2.22E-01,2.93E-01,1.59E-01,2.42E-01,3.15E-01,2.36E-01,3.29E-01,2.46E-01,3.05E-01,3.28E-01,1.74E-01,3.18E-01,4.36E-01,3.57E-01,2.48E-01,2.84E-01,2.82E-01,3.78E-01,2.92E-01,2.55E-01,2.89E-01,2.42E-01,2.87E-01,3.71E-01,3.02E-01,2.92E-01,3.31E-01,3.21E-01,3.62E-01,3.14E-01,3.21E-01,3.27E-01,3.83E-01,2.90E-01,3.38E-01,2.63E-01,2.95E-01,3.68E-01,3.31E-01,3.30E-01,3.28E-01,4.34E-01,4.17E-01,3.63E-01,3.31E-01,3.52E-01,3.66E-01,3.55E-01,3.03E-01,3.93E-01,3.93E-01,3.81E-01,3.36E-01,4.02E-01,4.00E-01,4.14E-01,3.70E-01,2.61E-01,3.53E-01,5.18E-01,3.56E-01,2.63E-01,3.84E-01,3.56E-01,3.62E-01,3.94E-01,3.73E-01,3.43E-01,4.06E-01,3.70E-01,3.35E-01,3.04E-01,2.87E-01,2.97E-01,3.07E-01,2.77E-01,3.51E-01,3.29E-01,3.32E-01,3.07E-01,3.20E-01,2.99E-01,3.04E-01,2.81E-01,2.86E-01,3.36E-01,3.85E-01,3.22E-01,3.12E-01,3.42E-01,3.56E-01,3.12E-01,3.34E-01,3.38E-01,2.98E-01,2.79E-01,2.64E-01,2.99E-01,3.21E-01,2.63E-01,2.97E-01,3.23E-01,2.75E-01,2.79E-01,3.22E-01,2.86E-01,2.96E-01,2.89E-01,3.99E-01,3.64E-01,3.62E-01,3.21E-01,3.41E-01,4.14E-01,4.29E-01,3.06E-01,2.82E-01,4.24E-01,3.81E-01,4.67E-01,4.08E-01,3.88E-01,3.67E-01,3.44E-01,3.23E-01,4.01E-01,3.31E-01,3.55E-01,2.89E-01,4.16E-01,3.87E-01,4.04E-01,4.02E-01,4.32E-01,3.87E-01,4.18E-01,3.95E-01,3.60E-01,4.28E-01,4.06E-01,4.06E-01,3.67E-01,3.32E-01,3.57E-01,3.90E-01,3.95E-01,3.90E-01,3.83E-01,4.21E-01,4.16E-01,4.75E-01,4.44E-01,4.06E-01,3.69E-01,4.11E-01,3.80E-01,2.95E-01,5.48E-01,3.93E-01,4.05E-01,3.98E-01,3.36E-01
002_S_0685,1.32E-01,1.03E-01,2.02E-01,2.27E-01,2.52E-01,2.37E-01,2.51E-01,1.84E-01,1.88E-01,1.77E-01,1.63E-01,2.74E-01,2.11E-01,1.38E-01,1.94E-01,1.79E-01,1.84E-01,1.47E-01,1.84E-01,2.04E-01,2.44E-01,2.46E-01,2.33E-01,2.42E-01,2.27E-01,2.52E-01,2.50E-01,2.14E-01,2.66E-01,2.40E-01,2.33E-01,2.33E-01,2.22E-01,2.23E-01,2.20E-01,1.72E-01,1.97E-01,1.96E-01,2.00E-01,2.50E-01,1.32E-01,1.79E-01,2.33E-01,2.05E-01,2.56E-01,1.81E-01,2.53E-01,2.57E-01,1.34E-01,2.68E-01,3.50E-01,3.31E-01,2.65E-01,2.53E-01,2.53E-01,2.94E-01,2.49E-01,2.07E-01,2.54E-01,2.05E-01,2.28E-01,3.09E-01,2.37E-01,2.59E-01,2.76E-01,2.57E-01,3.08E-01,2.21E-01,2.49E-01,2.89E-01,2.80E-01,2.70E-01,2.95E-01,2.27E-01,2.69E-01,2.83E-01,2.93E-01,2.83E-01,3.32E-01,3.86E-01,3.21E-01,2.79E-01,3.30E-01,3.32E-01,3.06E-01,2.83E-01,2.52E-01,2.64E-01,3.18E-01,3.01E-01,2.51E-01,3.08E-01,3.31E-01,2.93E-01,3.24E-01,2.79E-01,3.47E-01,4.41E-01,3.11E-01,2.39E-01,3.33E-01,3.20E-01,3.32E-01,3.37E-01,3.05E-01,3.39E-01,3.60E-01,3.44E-01,3.04E-01,3.05E-01,2.76E-01,2.84E-01,2.21E-01,2.35E-01,2.69E-01,2.38E-01,2.59E-01,2.42E-01,2.48E-01,1.87E-01,2.20E-01,2.02E-01,2.43E-01,2.68E-01,2.91E-01,2.60E-01,2.75E-01,2.71E-01,2.53E-01,2.53E-01,3.17E-01,2.77E-01,2.99E-01,2.46E-01,2.42E-01,3.03E-01,3.01E-01,2.06E-01,2.99E-01,2.54E-01,2.32E-01,2.48E-01,2.79E-01,1.91E-01,2.57E-01,2.23E-01,3.12E-01,3.06E-01,2.98E-01,2.54E-01,2.57E-01,3.34E-01,3.07E-01,2.34E-01,2.06E-01,3.17E-01,3.42E-01,4.16E-01,3.96E-01,3.16E-01,4.10E-01,3.47E-01,3.27E-01,3.43E-01,3.12E-01,2.65E-01,2.65E-01,3.22E-01,3.05E-01,3.31E-01,3.27E-01,3.51E-01,2.55E-01,3.40E-01,3.43E-01,2.96E-01,3.75E-01,3.19E-01,3.34E-01,3.15E-01,3.08E-01,3.36E-01,3.32E-01,2.77E-01,3.28E-01,3.24E-01,3.36E-01,3.48E-01,3.66E-01,3.35E-01,3.89E-01,3.08E-01,3.98E-01,3.41E-01,2.88E-01,4.74E-01,3.17E-01,3.75E-01,2.97E-01,2.86E-01
002_S_1261,1.35E-01,1.06E-01,2.00E-01,2.34E-01,2.51E-01,2.63E-01,2.46E-01,1.87E-01,1.88E-01,1.73E-01,1.69E-01,3.03E-01,2.32E-01,1.66E-01,2.23E-01,1.99E-01,2.04E-01,1.61E-01,2.09E-01,2.14E-01,2.87E-01,3.03E-01,2.54E-01,3.28E-01,2.83E-01,2.89E-01,2.49E-01,2.43E-01,2.72E-01,2.41E-01,2.60E-01,2.80E-01,2.37E-01,2.30E-01,2.43E-01,2.05E-01,2.25E-01,1.98E-01,2.09E-01,2.76E-01,1.39E-01,2.22E-01,2.89E-01,2.17E-01,2.98E-01,2.08E-01,2.87E-01,2.76E-01,1.57E-01,2.95E-01,3.95E-01,3.76E-01,2.53E-01,2.52E-01,2.85E-01,3.36E-01,3.01E-01,2.65E-01,2.51E-01,2.16E-01,2.70E-01,3.31E-01,3.17E-01,2.61E-01,3.10E-01,2.88E-01,3.67E-01,2.63E-01,3.02E-01,2.88E-01,2.93E-01,2.69E-01,3.14E-01,2.50E-01,3.01E-01,2.91E-01,3.22E-01,2.97E-01,3.25E-01,4.03E-01,3.06E-01,3.26E-01,3.97E-01,3.43E-01,3.77E-01,3.41E-01,2.49E-01,2.90E-01,3.04E-01,3.11E-01,3.31E-01,3.64E-01,3.63E-01,3.83E-01,3.53E-01,3.24E-01,3.15E-01,3.72E-01,3.75E-01,2.73E-01,3.45E-01,3.41E-01,3.33E-01,3.98E-01,3.16E-01,3.48E-01,3.81E-01,3.19E-01,3.46E-01,2.81E-01,2.95E-01,2.76E-01,2.99E-01,2.92E-01,2.60E-01,2.32E-01,2.62E-01,2.11E-01,2.66E-01,1.82E-01,2.51E-01,2.08E-01,2.24E-01,3.18E-01,3.40E-01,3.26E-01,3.16E-01,3.17E-01,3.84E-01,3.31E-01,3.27E-01,3.51E-01,2.75E-01,2.28E-01,2.73E-01,3.02E-01,3.15E-01,2.19E-01,2.96E-01,2.61E-01,2.73E-01,3.02E-01,3.06E-01,2.80E-01,2.81E-01,2.53E-01,3.67E-01,3.51E-01,3.23E-01,2.48E-01,2.84E-01,3.22E-01,3.08E-01,2.68E-01,2.51E-01,3.55E-01,3.76E-01,4.57E-01,4.26E-01,3.34E-01,3.99E-01,3.43E-01,3.23E-01,3.28E-01,3.58E-01,3.20E-01,3.06E-01,3.77E-01,3.37E-01,3.60E-01,3.60E-01,3.93E-01,3.10E-01,3.55E-01,3.46E-01,3.66E-01,3.83E-01,3.18E-01,3.43E-01,3.26E-01,3.22E-01,3.33E-01,3.85E-01,3.20E-01,3.37E-01,3.45E-01,3.40E-01,3.57E-01,3.61E-01,3.84E-01,4.73E-01,3.42E-01,4.14E-01,3.56E-01,2.53E-01,4.18E-01,3.87E-01,4.10E-01,3.70E-01,3.27E-01
002_S_5018,1.52E-01,1.13E-01,1.93E-01,2.23E-01,2.43E-01,2.65E-01,2.99E-01,2.24E-01,2.19E-01,1.92E-01,1.73E-01,3.02E-01,2.26E-01,1.81E-01,2.26E-01,2.18E-01,2.06E-01,1.96E-01,2.60E-01,2.23E-01,2.62E-01,3.23E-01,2.67E-01,3.05E-01,2.53E-01,2.64E-01,2.33E-01,2.50E-01,3.19E-01,2.92E-01,2.72E-01,2.78E-01,2.55E-01,2.32E-01,2.27E-01,1.81E-01,2.34E-01,2.64E-01,2.34E-01,2.29E-01,1.54E-01,2.53E-01,2.76E-01,2.23E-01,2.61E-01,2.23E-01,2.51E-01,3.09E-01,1.53E-01,2.94E-01,4.52E-01,3.95E-01,2.82E-01,2.50E-01,3.14E-01,3.35E-01,3.29E-01,2.57E-01,2.75E-01,2.33E-01,2.50E-01,3.51E-01,2.85E-01,2.58E-01,2.50E-01,2.82E-01,3.10E-01,2.95E-01,2.62E-01,3.25E-01,3.02E-01,2.78E-01,3.36E-01,2.47E-01,3.37E-01,2.90E-01,3.33E-01,3.09E-01,3.73E-01,4.42E-01,3.66E-01,3.32E-01,4.54E-01,3.03E-01,2.92E-01,3.26E-01,3.05E-01,3.05E-01,2.97E-01,3.33E-01,2.92E-01,4.02E-01,3.84E-01,3.33E-01,3.05E-01,3.21E-01,3.61E-01,4.33E-01,3.63E-01,3.12E-01,3.88E-01,4.01E-01,3.79E-01,4.00E-01,3.35E-01,3.64E-01,4.44E-01,4.12E-01,3.64E-01,3.35E-01,2.94E-01,3.39E-01,2.99E-01,2.94E-01,3.01E-01,2.85E-01,3.11E-01,2.51E-01,3.01E-01,2.29E-01,2.45E-01,2.28E-01,2.69E-01,3.41E-01,3.41E-01,3.55E-01,3.36E-01,3.38E-01,3.85E-01,3.48E-01,3.84E-01,3.46E-01,3.13E-01,3.30E-01,2.52E-01,2.99E-01,3.20E-01,2.38E-01,3.06E-01,3.24E-01,2.52E-01,2.70E-01,3.21E-01,2.80E-01,2.64E-01,2.57E-01,3.48E-01,3.46E-01,3.46E-01,2.73E-01,3.24E-01,4.13E-01,3.61E-01,2.76E-01,2.51E-01,3.87E-01,4.49E-01,5.78E-01,4.64E-01,3.56E-01,4.48E-01,3.52E-01,3.81E-01,4.01E-01,3.22E-01,2.96E-01,2.69E-01,3.78E-01,3.39E-01,3.90E-01,3.71E-01,3.90E-01,2.94E-01,3.39E-01,3.50E-01,3.43E-01,4.66E-01,3.67E-01,3.48E-01,3.31E-01,3.78E-01,3.95E-01,3.67E-01,3.59E-01,3.33E-01,3.22E-01,3.80E-01,4.00E-01,4.10E-01,4.08E-01,5.48E-01,3.72E-01,4.45E-01,4.24E-01,2.85E-01,5.60E-01,3.61E-01,4.76E-01,4.03E-01,3.22E-01
003_S_4644,1.37E-01,1.11E-01,2.21E-01,2.33E-01,2.75E-01,2.29E-01,2.62E-01,2.17E-01,2.01E-01,1.61E-01,1.70E-01,2.76E-01,2.31E-01,1.72E-01,2.39E-01,2.32E-01,1.99E-01,2.30E-01,2.52E-01,2.16E-01,3.10E-01,3.22E-01,2.72E-01,3.44E-01,2.81E-01,2.97E-01,2.67E-01,2.54E-01,3.31E-01,2.65E-01,2.71E-01,2.61E-01,2.54E-01,2.20E-01,2.63E-01,2.04E-01,2.18E-01,2.16E-01,2.51E-01,2.68E-01,1.59E-01,2.35E-01,3.11E-01,2.07E-01,3.13E-01,2.56E-01,2.97E-01,2.95E-01,1.54E-01,2.91E-01,3.76E-01,3.14E-01,2.49E-01,2.78E-01,2.66E-01,3.09E-01,2.92E-01,2.19E-01,2.84E-01,2.15E-01,2.84E-01,3.30E-01,2.93E-01,2.78E-01,3.19E-01,2.87E-01,3.43E-01,2.57E-01,2.88E-01,2.87E-01,3.01E-01,2.65E-01,3.21E-01,2.34E-01,2.81E-01,2.97E-01,2.97E-01,2.84E-01,3.34E-01,3.85E-01,3.33E-01,3.26E-01,3.03E-01,3.45E-01,3.76E-01,3.36E-01,2.69E-01,3.18E-01,3.58E-01,3.54E-01,3.52E-01,3.12E-01,3.52E-01,3.20E-01,3.57E-01,3.20E-01,2.84E-01,4.87E-01,3.41E-01,2.49E-01,3.20E-01,3.61E-01,3.51E-01,3.71E-01,3.43E-01,2.97E-01,4.16E-01,3.61E-01,3.07E-01,2.27E-01,2.79E-01,2.75E-01,3.17E-01,2.77E-01,3.47E-01,3.12E-01,2.60E-01,3.00E-01,2.70E-01,2.51E-01,2.77E-01,3.11E-01,2.45E-01,2.96E-01,3.67E-01,2.99E-01,3.18E-01,2.95E-01,3.44E-01,2.61E-01,3.33E-01,3.13E-01,2.71E-01,2.60E-01,2.41E-01,3.23E-01,2.93E-01,2.56E-01,2.88E-01,2.44E-01,2.71E-01,3.03E-01,2.92E-01,2.62E-01,2.73E-01,2.55E-01,3.76E-01,3.45E-01,3.12E-01,2.93E-01,3.46E-01,3.39E-01,3.50E-01,2.64E-01,2.62E-01,3.80E-01,3.16E-01,4.77E-01,3.68E-01,3.61E-01,3.71E-01,3.43E-01,3.44E-01,3.99E-01,2.77E-01,3.15E-01,2.88E-01,3.53E-01,3.45E-01,3.89E-01,4.12E-01,3.93E-01,3.02E-01,3.42E-01,3.67E-01,3.90E-01,4.04E-01,3.59E-01,3.61E-01,3.40E-01,3.00E-01,3.68E-01,3.54E-01,3.49E-01,3.42E-01,2.85E-01,3.37E-01,3.70E-01,3.70E-01,4.06E-01,4.20E-01,3.67E-01,3.32E-01,3.56E-01,2.42E-01,5.31E-01,3.92E-01,4.30E-01,3.91E-01,3.37E-01
003_S_4900,1.48E-01,1.16E-01,2.11E-01,2.37E-01,2.72E-01,2.40E-01,2.72E-01,2.14E-01,2.11E-01,1.85E-01,1.81E-01,2.84E-01,2.52E-01,2.13E-01,2.51E-01,2.43E-01,2.25E-01,2.15E-01,2.38E-01,2.27E-01,3.13E-01,3.42E-01,2.81E-01,3.48E-01,2.81E-01,2.95E-01,2.81E-01,2.70E-01,3.11E-01,2.55E-01,2.80E-01,2.87E-01,2.46E-01,2.34E-01,2.67E-01,2.21E-01,2.50E-01,2.72E-01,2.44E-01,2.70E-01,1.70E-01,2.73E-01,3.33E-01,2.39E-01,2.85E-01,2.22E-01,2.90E-01,3.34E-01,1.69E-01,3.16E-01,4.27E-01,3.81E-01,2.42E-01,2.95E-01,2.79E-01,3.72E-01,2.88E-01,2.67E-01,3.08E-01,2.65E-01,2.49E-01,3.59E-01,2.92E-01,2.88E-01,3.13E-01,3.01E-01,3.79E-01,2.95E-01,2.89E-01,3.03E-01,3.22E-01,2.69E-01,3.24E-01,2.58E-01,3.11E-01,3.55E-01,3.31E-01,3.16E-01,3.65E-01,4.33E-01,3.74E-01,3.47E-01,3.69E-01,3.78E-01,3.59E-01,3.37E-01,2.54E-01,3.24E-01,3.13E-01,3.94E-01,3.48E-01,3.79E-01,3.71E-01,3.35E-01,3.48E-01,3.21E-01,3.21E-01,4.61E-01,3.72E-01,2.56E-01,3.45E-01,3.87E-01,3.39E-01,3.61E-01,3.08E-01,3.04E-01,4.09E-01,3.64E-01,3.26E-01,2.94E-01,3.08E-01,3.11E-01,3.39E-01,3.43E-01,2.83E-01,3.15E-01,3.37E-01,3.39E-01,3.11E-01,2.56E-01,2.83E-01,2.93E-01,3.02E-01,3.49E-01,3.56E-01,3.43E-01,3.32E-01,2.94E-01,3.45E-01,3.40E-01,3.39E-01,3.20E-01,2.81E-01,2.57E-01,2.64E-01,2.86E-01,3.17E-01,2.18E-01,3.24E-01,3.31E-01,2.94E-01,2.87E-01,3.72E-01,3.14E-01,2.76E-01,3.01E-01,3.71E-01,3.63E-01,3.31E-01,2.84E-01,3.39E-01,3.49E-01,3.29E-01,2.88E-01,2.48E-01,4.19E-01,4.00E-01,5.49E-01,3.86E-01,3.40E-01,3.95E-01,3.63E-01,3.63E-01,4.16E-01,2.90E-01,3.03E-01,3.26E-01,4.31E-01,3.37E-01,3.81E-01,4.19E-01,4.10E-01,2.80E-01,3.52E-01,3.61E-01,3.49E-01,4.25E-01,3.51E-01,3.85E-01,3.42E-01,3.35E-01,3.79E-01,3.73E-01,3.28E-01,3.61E-01,3.43E-01,3.65E-01,3.76E-01,3.76E-01,4.00E-01,4.67E-01,3.42E-01,3.95E-01,3.79E-01,2.68E-01,5.45E-01,4.01E-01,4.47E-01,3.85E-01,3.10E-01
003_S_5165,1.55E-01,1.18E-01,2.23E-01,2.28E-01,2.48E-01,2.45E-01,2.65E-01,1.89E-01,1.99E-01,1.72E-01,1.65E-01,3.01E-01,2.43E-01,2.03E-01,2.86E-01,2.71E-01,2.11E-01,2.29E-01,2.84E-01,2.45E-01,2.75E-01,3.14E-01,2.55E-01,2.89E-01,2.62E-01,2.75E-01,2.63E-01,2.38E-01,3.00E-01,2.62E-01,2.76E-01,2.74E-01,2.92E-01,2.95E-01,2.96E-01,2.41E-01,2.71E-01,2.53E-01,2.83E-01,2.82E-01,1.50E-01,2.34E-01,3.12E-01,2.25E-01,2.87E-01,2.46E-01,3.17E-01,3.18E-01,1.53E-01,3.14E-01,4.27E-01,3.71E-01,2.95E-01,2.74E-01,2.91E-01,3.30E-01,2.63E-01,2.81E-01,2.94E-01,2.25E-01,3.04E-01,3.25E-01,2.61E-01,2.54E-01,2.66E-01,2.73E-01,3.40E-01,2.64E-01,2.84E-01,3.55E-01,3.12E-01,2.91E-01,3.33E-01,2.28E-01,2.90E-01,3.73E-01,2.97E-01,2.90E-01,3.30E-01,4.74E-01,3.93E-01,3.53E-01,3.17E-01,3.86E-01,3.43E-01,3.06E-01,3.11E-01,3.44E-01,4.00E-01,3.89E-01,3.15E-01,3.70E-01,3.97E-01,3.15E-01,3.37E-01,2.93E-01,3.02E-01,4.82E-01,3.59E-01,2.60E-01,3.63E-01,3.76E-01,3.93E-01,3.85E-01,3.35E-01,3.52E-01,3.76E-01,3.61E-01,3.23E-01,2.75E-01,3.12E-01,3.57E-01,3.20E-01,3.25E-01,3.10E-01,3.28E-01,3.40E-01,3.13E-01,3.46E-01,2.98E-01,2.83E-01,3.05E-01,3.26E-01,2.92E-01,3.13E-01,2.84E-01,3.01E-01,3.09E-01,3.35E-01,3.02E-01,3.57E-01,3.46E-01,2.76E-01,3.31E-01,2.42E-01,3.22E-01,2.87E-01,2.67E-01,3.51E-01,3.19E-01,2.95E-01,2.64E-01,3.10E-01,2.25E-01,2.53E-01,2.58E-01,3.37E-01,3.37E-01,3.13E-01,2.83E-01,3.40E-01,3.41E-01,3.31E-01,2.76E-01,2.34E-01,3.73E-01,4.10E-01,5.08E-01,4.05E-01,2.94E-01,3.85E-01,3.56E-01,3.97E-01,3.40E-01,2.95E-01,3.09E-01,3.25E-01,3.84E-01,3.46E-01,3.57E-01,3.72E-01,4.08E-01,3.46E-01,3.34E-01,3.73E-01,3.84E-01,4.07E-01,3.28E-01,4.13E-01,3.70E-01,3.18E-01,3.69E-01,3.29E-01,3.83E-01,3.43E-01,3.01E-01,3.73E-01,3.64E-01,3.35E-01,3.53E-01,3.78E-01,3.57E-01,3.69E-01,3.96E-01,2.58E-01,4.97E-01,3.35E-01,4.19E-01,4.04E-01,3.57E-01
003_S_5187,1.40E-01,1.06E-01,2.20E-01,2.40E-01,2.41E-01,2.49E-01,2.68E-01,1.82E-01,1.97E-01,1.72E-01,1.64E-01,2.95E-01,1.97E-01,1.72E-01,2.28E-01,2.13E-01,2.32E-01,2.23E-01,2.38E-01,2.30E-01,2.95E-01,2.77E-01,2.40E-01,2.65E-01,2.17E-01,2.60E-01,2.41E-01,2.44E-01,3.02E-01,2.57E-01,2.56E-01,2.48E-01,2.41E-01,2.12E-01,2.60E-01,1.88E-01,2.39E-01,2.52E-01,2.34E-01,2.77E-01,1.43E-01,1.93E-01,2.73E-01,1.82E-01,2.31E-01,2.21E-01,2.33E-01,3.07E-01,1.40E-01,2.49E-01,3.88E-01,3.35E-01,2.75E-01,2.82E-01,2.71E-01,3.08E-01,2.92E-01,2.19E-01,2.61E-01,2.05E-01,2.31E-01,3.54E-01,2.73E-01,2.50E-01,3.04E-01,2.84E-01,3.42E-01,2.51E-01,2.80E-01,3.29E-01,2.84E-01,2.87E-01,3.06E-01,2.29E-01,2.82E-01,2.67E-01,2.97E-01,2.75E-01,3.08E-01,3.95E-01,3.06E-01,2.72E-01,3.52E-01,3.55E-01,3.64E-01,3.23E-01,2.63E-01,2.59E-01,3.00E-01,3.25E-01,2.93E-01,3.32E-01,3.29E-01,3.60E-01,3.61E-01,3.19E-01,3.52E-01,3.98E-01,3.27E-01,2.60E-01,3.76E-01,3.67E-01,3.57E-01,3.60E-01,2.92E-01,2.94E-01,3.77E-01,3.79E-01,2.97E-01,3.09E-01,2.47E-01,3.17E-01,2.80E-01,2.68E-01,2.63E-01,2.68E-01,2.91E-01,2.61E-01,2.81E-01,2.51E-01,2.37E-01,2.56E-01,2.41E-01,2.92E-01,3.17E-01,2.82E-01,2.77E-01,2.92E-01,3.20E-01,3.19E-01,3.10E-01,2.89E-01,2.61E-01,2.63E-01,2.73E-01,3.29E-01,2.82E-01,2.11E-01,2.86E-01,2.88E-01,2.56E-01,2.59E-01,3.03E-01,2.20E-01,2.81E-01,2.80E-01,2.79E-01,2.69E-01,2.47E-01,2.54E-01,3.02E-01,2.99E-01,3.20E-01,2.59E-01,2.08E-01,2.83E-01,3.89E-01,4.83E-01,3.96E-01,2.77E-01,3.77E-01,3.17E-01,3.27E-01,3.30E-01,3.03E-01,2.90E-01,2.21E-01,3.24E-01,3.31E-01,3.26E-01,3.58E-01,3.59E-01,2.97E-01,2.99E-01,3.72E-01,3.20E-01,3.71E-01,2.50E-01,3.15E-01,2.68E-01,2.64E-01,2.58E-01,2.88E-01,3.16E-01,3.29E-01,2.82E-01,2.79E-01,3.08E-01,2.66E-01,3.80E-01,3.66E-01,2.73E-01,3.54E-01,3.14E-01,2.60E-01,4.40E-01,3.67E-01,4.22E-01,3.14E-01,2.82E-01
005_S_0221,1.51E-01,1.16E-01,2.39E-01,2.71E-01,2.83E-01,2.76E-01,2.77E-01,2.06E-01,2.05E-01,1.75E-01,1.76E-01,3.58E-01,2.40E-01,1.74E-01,2.19E-01,2.35E-01,2.30E-01,2.37E-01,2.74E-01,2.50E-01,2.52E-01,2.95E-01,2.31E-01,2.92E-01,2.47E-01,2.56E-01,2.32E-01,2.37E-01,2.92E-01,2.99E-01,3.07E-01,2.99E-01,2.75E-01,2.36E-01,2.34E-01,1.97E-01,2.64E-01,2.87E-01,2.48E-01,2.56E-01,1.37E-01,2.33E-01,3.03E-01,2.30E-01,2.65E-01,3.11E-01,2.82E-01,2.85E-01,1.49E-01,2.58E-01,4.10E-01,3.51E-01,2.68E-01,2.43E-01,2.81E-01,3.34E-01,3.10E-01,2.78E-01,2.87E-01,2.38E-01,2.31E-01,2.97E-01,2.46E-01,2.67E-01,2.53E-01,2.76E-01,3.61E-01,2.83E-01,2.40E-01,2.59E-01,3.03E-01,3.20E-01,4.12E-01,2.45E-01,3.26E-01,2.96E-01,3.29E-01,3.10E-01,3.98E-01,4.13E-01,3.59E-01,3.78E-01,3.39E-01,3.67E-01,3.38E-01,3.41E-01,2.66E-01,3.33E-01,3.33E-01,3.74E-01,3.49E-01,3.72E-01,3.79E-01,3.23E-01,3.16E-01,3.40E-01,3.35E-01,3.63E-01,3.55E-01,2.82E-01,3.71E-01,4.06E-01,4.00E-01,4.02E-01,3.39E-01,4.12E-01,4.28E-01,3.79E-01,3.65E-01,2.92E-01,3.32E-01,3.48E-01,2.61E-01,2.31E-01,2.77E-01,2.81E-01,2.53E-01,2.66E-01,2.58E-01,2.52E-01,2.92E-01,2.74E-01,2.64E-01,2.87E-01,3.38E-01,2.94E-01,2.78E-01,3.05E-01,2.66E-01,2.51E-01,3.07E-01,2.80E-01,3.25E-01,3.24E-01,2.17E-01,2.99E-01,2.44E-01,2.03E-01,3.25E-01,2.65E-01,2.46E-01,2.44E-01,2.25E-01,2.19E-01,2.33E-01,1.91E-01,3.14E-01,2.90E-01,3.12E-01,2.84E-01,2.49E-01,2.87E-01,2.65E-01,2.24E-01,2.02E-01,3.47E-01,3.85E-01,4.27E-01,4.19E-01,3.89E-01,3.71E-01,3.14E-01,3.15E-01,3.02E-01,3.54E-01,2.76E-01,2.19E-01,2.76E-01,2.73E-01,3.11E-01,3.31E-01,3.56E-01,3.58E-01,2.96E-01,2.64E-01,2.49E-01,3.90E-01,2.76E-01,3.52E-01,2.85E-01,3.44E-01,3.59E-01,3.50E-01,2.88E-01,2.43E-01,3.71E-01,3.65E-01,3.12E-01,3.94E-01,3.04E-01,3.99E-01,2.62E-01,3.32E-01,3.86E-01,2.27E-01,3.91E-01,3.00E-01,3.87E-01,3.15E-01,2.81E-01
005_S_0223,1.34E-01,1.01E-01,1.98E-01,2.28E-01,2.31E-01,2.27E-01,2.31E-01,1.66E-01,1.80E-01,1.49E-01,1.52E-01,2.67E-01,1.84E-01,1.44E-01,1.76E-01,1.84E-01,1.77E-01,1.78E-01,1.90E-01,1.87E-01,2.48E-01,2.51E-01,2.26E-01,2.64E-01,2.20E-01,2.38E-01,2.09E-01,2.09E-01,2.30E-01,2.10E-01,2.25E-01,2.10E-01,2.24E-01,2.27E-01,2.01E-01,1.76E-01,2.30E-01,2.14E-01,1.76E-01,2.57E-01,1.31E-01,2.01E-01,2.70E-01,1.90E-01,2.50E-01,2.00E-01,2.18E-01,2.94E-01,1.39E-01,2.72E-01,4.00E-01,3.99E-01,2.47E-01,2.30E-01,2.58E-01,3.16E-01,2.42E-01,2.40E-01,2.45E-01,2.02E-01,2.52E-01,3.12E-01,2.51E-01,2.48E-01,2.80E-01,2.62E-01,2.76E-01,2.82E-01,2.27E-01,2.42E-01,2.81E-01,2.66E-01,3.19E-01,2.26E-01,2.88E-01,2.37E-01,2.96E-01,2.72E-01,2.95E-01,4.34E-01,2.85E-01,2.81E-01,3.04E-01,3.38E-01,3.05E-01,2.81E-01,2.33E-01,2.34E-01,2.29E-01,3.21E-01,2.40E-01,3.42E-01,3.15E-01,3.12E-01,3.39E-01,3.06E-01,3.15E-01,3.76E-01,2.84E-01,2.26E-01,2.95E-01,2.96E-01,3.25E-01,3.29E-01,2.81E-01,3.03E-01,3.23E-01,3.06E-01,2.91E-01,2.51E-01,2.69E-01,2.82E-01,2.39E-01,2.53E-01,2.86E-01,2.33E-01,2.71E-01,2.25E-01,2.38E-01,2.21E-01,2.22E-01,2.25E-01,2.16E-01,2.47E-01,2.79E-01,2.62E-01,2.56E-01,2.46E-01,2.72E-01,2.60E-01,2.50E-01,2.44E-01,2.63E-01,2.80E-01,2.30E-01,3.21E-01,2.82E-01,2.26E-01,2.97E-01,2.47E-01,2.54E-01,2.47E-01,2.61E-01,2.19E-01,2.12E-01,2.32E-01,3.27E-01,2.99E-01,2.46E-01,3.00E-01,2.55E-01,2.83E-01,2.97E-01,2.27E-01,2.16E-01,3.31E-01,3.63E-01,4.63E-01,4.19E-01,2.74E-01,3.43E-01,2.91E-01,2.99E-01,2.25E-01,3.30E-01,2.44E-01,2.42E-01,2.85E-01,2.50E-01,3.07E-01,2.80E-01,2.86E-01,3.42E-01,2.77E-01,2.72E-01,2.34E-01,3.34E-01,2.75E-01,3.36E-01,2.74E-01,2.77E-01,3.18E-01,3.27E-01,3.09E-01,3.08E-01,3.00E-01,3.12E-01,3.04E-01,3.09E-01,3.03E-01,3.60E-01,2.53E-01,3.83E-01,3.36E-01,2.62E-01,3.37E-01,3.28E-01,3.00E-01,2.53E-01,2.47E-01
005_S_0602,1.36E-01,1.08E-01,1.95E-01,2.01E-01,2.31E-01,2.17E-01,2.59E-01,1.94E-01,2.10E-01,1.80E-01,1.67E-01,2.63E-01,2.35E-01,1.83E-01,2.18E-01,1.97E-01,1.93E-01,1.73E-01,2.09E-01,2.13E-01,2.65E-01,2.75E-01,2.72E-01,2.83E-01,2.52E-01,2.56E-01,2.33E-01,2.28E-01,3.22E-01,2.40E-01,2.53E-01,2.72E-01,2.50E-01,2.29E-01,2.41E-01,2.26E-01,2.41E-01,2.51E-01,1.93E-01,2.72E-01,1.43E-01,2.17E-01,2.96E-01,2.23E-01,3.08E-01,2.36E-01,2.48E-01,3.09E-01,1.68E-01,3.10E-01,4.59E-01,3.59E-01,2.60E-01,2.82E-01,2.77E-01,3.46E-01,2.80E-01,2.43E-01,2.83E-01,2.36E-01,2.61E-01,3.10E-01,2.98E-01,2.60E-01,2.97E-01,2.80E-01,3.59E-01,2.70E-01,2.97E-01,3.00E-01,2.84E-01,2.56E-01,3.42E-01,2.38E-01,2.62E-01,3.14E-01,2.96E-01,2.88E-01,3.61E-01,4.43E-01,3.25E-01,2.94E-01,3.26E-01,4.14E-01,3.49E-01,3.43E-01,2.36E-01,2.70E-01,2.81E-01,3.79E-01,3.28E-01,3.62E-01,3.80E-01,3.78E-01,3.61E-01,3.23E-01,3.40E-01,5.07E-01,3.21E-01,2.51E-01,2.95E-01,3.22E-01,3.32E-01,3.20E-01,3.04E-01,3.36E-01,3.92E-01,3.96E-01,3.28E-01,3.26E-01,2.73E-01,2.97E-01,2.71E-01,2.84E-01,3.24E-01,2.58E-01,3.00E-01,2.27E-01,2.91E-01,1.87E-01,2.67E-01,2.82E-01,2.62E-01,3.04E-01,3.57E-01,2.96E-01,3.07E-01,3.40E-01,3.37E-01,3.59E-01,3.60E-01,2.70E-01,2.91E-01,2.58E-01,2.21E-01,2.68E-01,2.80E-01,2.09E-01,2.92E-01,2.81E-01,2.41E-01,2.80E-01,2.94E-01,2.57E-01,2.36E-01,2.69E-01,3.95E-01,3.43E-01,2.88E-01,3.11E-01,2.99E-01,3.02E-01,3.20E-01,2.58E-01,2.40E-01,4.15E-01,3.54E-01,5.28E-01,4.27E-01,3.69E-01,3.85E-01,3.24E-01,3.52E-01,3.83E-01,2.93E-01,3.11E-01,2.41E-01,3.74E-01,3.44E-01,3.82E-01,3.67E-01,4.21E-01,3.05E-01,3.73E-01,3.71E-01,3.33E-01,4.11E-01,2.80E-01,3.51E-01,2.94E-01,3.19E-01,3.39E-01,3.56E-01,3.22E-01,3.43E-01,3.37E-01,3.36E-01,3.88E-01,3.43E-01,4.07E-01,4.16E-01,2.93E-01,3.73E-01,3.32E-01,3.17E-01,5.52E-01,3.78E-01,4.01E-01,3.12E-01,2.58E-01
005_S_0610,1.35E-01,1.04E-01,2.03E-01,2.02E-01,2.44E-01,2.23E-01,2.64E-01,1.94E-01,1.96E-01,1.81E-01,1.55E-01,2.85E-01,2.08E-01,1.63E-01,2.15E-01,1.95E-01,1.98E-01,1.65E-01,2.22E-01,2.07E-01,2.68E-01,2.94E-01,2.69E-01,3.17E-01,2.67E-01,2.71E-01,2.84E-01,2.38E-01,3.45E-01,2.48E-01,2.44E-01,2.57E-01,2.24E-01,2.17E-01,2.18E-01,1.93E-01,2.36E-01,2.57E-01,1.88E-01,2.24E-01,1.31E-01,2.05E-01,2.57E-01,1.97E-01,2.51E-01,2.19E-01,2.42E-01,2.93E-01,1.39E-01,2.62E-01,3.34E-01,3.02E-01,2.81E-01,2.81E-01,2.77E-01,3.19E-01,2.53E-01,2.49E-01,2.34E-01,2.09E-01,2.53E-01,3.27E-01,2.76E-01,2.36E-01,2.70E-01,2.68E-01,3.73E-01,2.43E-01,2.56E-01,3.25E-01,2.90E-01,2.42E-01,2.93E-01,2.27E-01,2.90E-01,2.61E-01,2.79E-01,2.72E-01,3.05E-01,3.55E-01,3.04E-01,2.49E-01,3.19E-01,3.02E-01,3.27E-01,3.42E-01,2.69E-01,2.44E-01,2.92E-01,2.83E-01,2.96E-01,3.25E-01,3.50E-01,3.07E-01,3.40E-01,2.78E-01,3.56E-01,4.41E-01,3.01E-01,2.67E-01,3.43E-01,3.01E-01,3.16E-01,3.13E-01,2.69E-01,2.88E-01,4.02E-01,3.70E-01,3.39E-01,3.27E-01,2.69E-01,3.29E-01,2.55E-01,2.59E-01,2.40E-01,2.50E-01,2.95E-01,2.35E-01,2.75E-01,2.28E-01,2.31E-01,1.80E-01,2.61E-01,3.03E-01,3.72E-01,2.79E-01,3.09E-01,3.07E-01,3.05E-01,3.07E-01,3.81E-01,3.06E-01,2.64E-01,2.97E-01,2.57E-01,3.09E-01,3.18E-01,2.15E-01,2.84E-01,2.90E-01,2.46E-01,2.65E-01,3.22E-01,2.10E-01,2.81E-01,2.91E-01,2.81E-01,3.07E-01,2.51E-01,2.64E-01,2.70E-01,3.31E-01,3.13E-01,2.39E-01,2.13E-01,3.30E-01,3.56E-01,3.94E-01,3.78E-01,3.04E-01,3.58E-01,3.08E-01,3.27E-01,3.84E-01,3.05E-01,2.74E-01,2.76E-01,3.82E-01,3.31E-01,3.11E-01,3.53E-01,4.34E-01,2.92E-01,3.41E-01,3.79E-01,3.84E-01,3.66E-01,2.64E-01,2.82E-01,3.72E-01,3.03E-01,2.80E-01,3.25E-01,3.00E-01,2.96E-01,3.24E-01,3.19E-01,3.30E-01,3.02E-01,3.85E-01,3.88E-01,3.59E-01,3.65E-01,3.30E-01,3.18E-01,4.71E-01,3.86E-01,4.54E-01,3.61E-01,3.54E-01
005_S_1341,1.11E-01,8.86E-02,1.66E-01,1.77E-01,1.86E-01,1.71E-01,2.05E-01,1.45E-01,1.69E-01,1.48E-01,1.32E-01,2.24E-01,1.64E-01,1.38E-01,1.84E-01,1.73E-01,1.65E-01,1.54E-01,1.85E-01,1.77E-01,2.17E-01,2.27E-01,2.11E-01,2.12E-01,1.91E-01,2.10E-01,2.21E-01,1.93E-01,2.10E-01,2.14E-01,2.19E-01,2.17E-01,2.29E-01,1.87E-01,1.87E-01,1.55E-01,1.84E-01,1.84E-01,1.83E-01,2.29E-01,1.16E-01,1.83E-01,2.06E-01,1.53E-01,2.20E-01,1.73E-01,1.85E-01,2.26E-01,1.17E-01,2.46E-01,3.23E-01,2.79E-01,2.17E-01,1.77E-01,2.21E-01,2.38E-01,2.57E-01,1.72E-01,2.03E-01,1.59E-01,2.13E-01,2.62E-01,2.05E-01,2.28E-01,2.44E-01,2.43E-01,2.47E-01,2.13E-01,2.60E-01,2.04E-01,2.50E-01,2.17E-01,2.69E-01,1.97E-01,2.20E-01,2.62E-01,2.55E-01,2.45E-01,2.31E-01,3.39E-01,2.79E-01,2.58E-01,2.68E-01,2.41E-01,2.38E-01,2.26E-01,2.56E-01,2.48E-01,2.41E-01,3.20E-01,2.66E-01,2.67E-01,3.04E-01,2.54E-01,2.55E-01,2.40E-01,3.58E-01,3.19E-01,2.75E-01,2.44E-01,3.05E-01,3.08E-01,2.66E-01,2.72E-01,2.83E-01,2.64E-01,3.00E-01,3.24E-01,2.66E-01,3.16E-01,2.27E-01,2.32E-01,2.26E-01,2.03E-01,2.27E-01,2.12E-01,2.04E-01,2.06E-01,2.30E-01,2.07E-01,2.09E-01,2.31E-01,2.09E-01,2.43E-01,2.47E-01,2.60E-01,2.55E-01,2.28E-01,2.73E-01,2.24E-01,2.77E-01,2.73E-01,2.25E-01,2.11E-01,2.04E-01,2.47E-01,2.65E-01,1.80E-01,2.53E-01,2.24E-01,1.89E-01,2.61E-01,2.34E-01,1.97E-01,2.16E-01,2.04E-01,3.29E-01,2.67E-01,2.06E-01,2.38E-01,2.35E-01,2.72E-01,2.73E-01,2.15E-01,2.05E-01,3.08E-01,3.01E-01,3.71E-01,3.45E-01,3.32E-01,3.33E-01,2.49E-01,2.73E-01,2.61E-01,2.47E-01,2.26E-01,2.39E-01,2.89E-01,2.70E-01,2.96E-01,2.84E-01,3.07E-01,2.54E-01,2.58E-01,3.18E-01,2.84E-01,3.11E-01,2.67E-01,3.10E-01,2.67E-01,2.52E-01,2.83E-01,3.18E-01,2.74E-01,2.89E-01,2.91E-01,3.00E-01,2.94E-01,3.11E-01,2.86E-01,3.30E-01,2.71E-01,3.20E-01,3.04E-01,2.80E-01,3.97E-01,2.82E-01,3.32E-01,2.71E-01,2.19E-01
005_S_4910,9.93E-02,8.24E-02,1.55E-01,1.61E-01,1.83E-01,1.88E-01,1.79E-01,1.45E-01,1.42E-01,1.35E-01,1.28E-01,2.15E-01,1.90E-01,1.43E-01,2.08E-01,1.97E-01,1.63E-01,1.88E-01,1.95E-01,1.72E-01,1.90E-01,2.22E-01,1.93E-01,2.13E-01,1.72E-01,2.17E-01,2.21E-01,1.97E-01,1.69E-01,1.91E-01,2.14E-01,2.02E-01,1.90E-01,1.80E-01,2.09E-01,1.76E-01,1.78E-01,1.87E-01,2.22E-01,2.40E-01,1.08E-01,1.73E-01,2.06E-01,1.66E-01,2.08E-01,1.91E-01,2.28E-01,2.29E-01,1.15E-01,2.12E-01,3.69E-01,3.00E-01,2.38E-01,1.89E-01,2.51E-01,2.48E-01,2.08E-01,1.71E-01,2.19E-01,1.58E-01,2.63E-01,2.48E-01,2.03E-01,1.80E-01,2.17E-01,2.12E-01,2.28E-01,2.10E-01,2.35E-01,2.27E-01,2.43E-01,2.11E-01,2.55E-01,1.83E-01,2.42E-01,2.70E-01,2.50E-01,2.35E-01,2.28E-01,3.65E-01,2.84E-01,2.77E-01,3.04E-01,2.33E-01,2.40E-01,2.14E-01,1.97E-01,2.39E-01,2.61E-01,2.92E-01,2.72E-01,2.78E-01,2.96E-01,2.06E-01,2.25E-01,2.56E-01,2.22E-01,2.69E-01,2.12E-01,1.84E-01,2.42E-01,2.65E-01,2.44E-01,2.81E-01,2.73E-01,2.30E-01,2.60E-01,2.55E-01,2.67E-01,2.34E-01,1.89E-01,2.14E-01,2.43E-01,2.37E-01,2.46E-01,2.56E-01,2.32E-01,2.67E-01,2.29E-01,3.01E-01,2.17E-01,2.03E-01,2.04E-01,2.10E-01,2.21E-01,2.35E-01,2.24E-01,2.50E-01,2.49E-01,2.97E-01,1.67E-01,2.07E-01,2.34E-01,2.12E-01,1.89E-01,2.33E-01,2.16E-01,1.82E-01,2.16E-01,2.19E-01,2.46E-01,2.14E-01,2.53E-01,1.65E-01,1.64E-01,1.53E-01,2.71E-01,2.47E-01,2.51E-01,2.47E-01,2.66E-01,2.27E-01,2.59E-01,1.71E-01,1.64E-01,2.56E-01,3.08E-01,4.18E-01,3.55E-01,2.43E-01,3.25E-01,2.27E-01,2.73E-01,1.85E-01,2.48E-01,2.36E-01,2.97E-01,2.55E-01,2.42E-01,2.59E-01,2.08E-01,2.26E-01,2.48E-01,2.84E-01,3.00E-01,2.93E-01,3.23E-01,2.23E-01,2.83E-01,2.65E-01,2.22E-01,2.27E-01,2.78E-01,2.52E-01,2.72E-01,2.40E-01,3.00E-01,2.68E-01,2.83E-01,2.30E-01,3.78E-01,2.92E-01,2.81E-01,2.74E-01,2.08E-01,2.77E-01,1.86E-01,2.56E-01,2.14E-01,2.34E-01
005_S_5038,1.45E-01,1.16E-01,2.16E-01,2.58E-01,2.81E-01,2.59E-01,2.46E-01,1.93E-01,2.03E-01,1.66E-01,1.80E-01,2.94E-01,2.59E-01,1.97E-01,2.46E-01,2.41E-01,2.47E-01,2.51E-01,3.07E-01,2.50E-01,2.94E-01,3.24E-01,2.54E-01,3.07E-01,2.58E-01,2.68E-01,2.48E-01,2.73E-01,2.62E-01,2.72E-01,2.59E-01,2.87E-01,2.82E-01,2.74E-01,2.92E-01,2.68E-01,2.78E-01,2.62E-01,2.53E-01,2.74E-01,1.56E-01,2.64E-01,3.08E-01,2.59E-01,3.36E-01,2.64E-01,2.88E-01,2.70E-01,1.58E-01,3.10E-01,3.87E-01,3.26E-01,2.49E-01,2.72E-01,2.52E-01,3.53E-01,3.03E-01,2.95E-01,3.22E-01,2.50E-01,2.59E-01,3.40E-01,2.94E-01,3.00E-01,3.19E-01,2.99E-01,3.42E-01,3.09E-01,3.36E-01,3.44E-01,2.91E-01,2.85E-01,3.64E-01,2.64E-01,3.82E-01,3.43E-01,3.39E-01,3.27E-01,3.56E-01,3.91E-01,3.66E-01,3.45E-01,3.54E-01,3.79E-01,3.89E-01,3.08E-01,3.39E-01,2.98E-01,3.83E-01,4.57E-01,3.61E-01,3.97E-01,4.09E-01,4.01E-01,3.67E-01,3.58E-01,3.43E-01,3.88E-01,3.20E-01,2.45E-01,3.30E-01,3.71E-01,3.47E-01,3.93E-01,3.18E-01,3.53E-01,3.30E-01,3.74E-01,3.21E-01,2.85E-01,2.82E-01,3.63E-01,2.88E-01,2.70E-01,3.88E-01,3.16E-01,3.62E-01,3.30E-01,3.22E-01,2.92E-01,3.26E-01,3.65E-01,3.32E-01,3.37E-01,3.32E-01,3.13E-01,3.10E-01,3.03E-01,2.92E-01,2.95E-01,2.92E-01,2.88E-01,3.19E-01,2.37E-01,2.89E-01,3.15E-01,3.20E-01,2.78E-01,3.19E-01,2.98E-01,2.88E-01,3.11E-01,3.03E-01,2.79E-01,2.82E-01,2.62E-01,4.46E-01,3.78E-01,3.52E-01,3.95E-01,3.04E-01,3.86E-01,3.23E-01,2.64E-01,2.60E-01,4.47E-01,3.23E-01,4.33E-01,3.82E-01,3.99E-01,3.19E-01,3.52E-01,3.28E-01,2.94E-01,4.27E-01,3.50E-01,3.23E-01,3.81E-01,3.67E-01,3.91E-01,3.80E-01,4.01E-01,4.04E-01,3.62E-01,3.87E-01,3.74E-01,4.80E-01,3.67E-01,4.91E-01,3.80E-01,3.34E-01,3.53E-01,3.96E-01,3.36E-01,4.13E-01,3.85E-01,3.59E-01,3.95E-01,4.07E-01,3.68E-01,4.36E-01,3.80E-01,4.69E-01,4.21E-01,3.10E-01,4.03E-01,3.96E-01,4.03E-01,2.86E-01,3.05E-01
005_S_5119,1.23E-01,9.80E-02,1.77E-01,2.03E-01,2.08E-01,1.87E-01,2.22E-01,1.64E-01,1.74E-01,1.43E-01,1.42E-01,2.31E-01,2.00E-01,1.52E-01,2.01E-01,2.24E-01,1.98E-01,1.98E-01,2.32E-01,2.02E-01,2.36E-01,2.77E-01,2.34E-01,2.88E-01,2.39E-01,2.59E-01,2.73E-01,2.21E-01,2.64E-01,2.28E-01,2.18E-01,1.97E-01,2.13E-01,1.96E-01,2.25E-01,1.84E-01,2.32E-01,2.25E-01,2.54E-01,2.44E-01,1.28E-01,2.34E-01,2.36E-01,1.80E-01,2.45E-01,2.29E-01,2.48E-01,2.34E-01,1.24E-01,2.49E-01,3.80E-01,3.51E-01,2.65E-01,2.31E-01,2.54E-01,2.76E-01,2.69E-01,1.97E-01,2.30E-01,1.89E-01,2.45E-01,2.84E-01,2.23E-01,2.61E-01,2.81E-01,2.43E-01,3.01E-01,2.47E-01,2.50E-01,2.62E-01,2.80E-01,2.27E-01,2.97E-01,1.98E-01,2.58E-01,2.74E-01,2.62E-01,2.65E-01,3.03E-01,4.52E-01,3.28E-01,3.08E-01,2.99E-01,2.84E-01,2.86E-01,2.80E-01,2.52E-01,2.78E-01,3.09E-01,3.17E-01,3.12E-01,3.06E-01,3.20E-01,2.79E-01,2.84E-01,2.45E-01,2.72E-01,3.36E-01,3.19E-01,2.35E-01,2.69E-01,3.07E-01,2.65E-01,2.83E-01,2.47E-01,2.28E-01,2.61E-01,2.96E-01,2.54E-01,2.42E-01,2.18E-01,2.53E-01,2.47E-01,2.29E-01,2.54E-01,2.55E-01,2.10E-01,2.35E-01,2.31E-01,2.44E-01,2.25E-01,2.43E-01,2.41E-01,3.11E-01,3.25E-01,3.06E-01,2.76E-01,2.93E-01,3.49E-01,3.04E-01,2.75E-01,2.66E-01,1.94E-01,2.46E-01,1.90E-01,2.28E-01,2.75E-01,2.07E-01,2.37E-01,2.18E-01,2.52E-01,2.66E-01,2.94E-01,2.00E-01,1.94E-01,1.96E-01,2.68E-01,2.70E-01,2.84E-01,2.69E-01,2.71E-01,2.84E-01,2.99E-01,2.14E-01,2.09E-01,3.04E-01,3.59E-01,4.69E-01,4.47E-01,2.95E-01,3.67E-01,2.78E-01,2.91E-01,2.70E-01,2.61E-01,2.27E-01,2.92E-01,2.85E-01,2.51E-01,2.78E-01,2.70E-01,2.97E-01,2.37E-01,2.77E-01,2.82E-01,3.07E-01,3.63E-01,2.93E-01,3.31E-01,2.81E-01,2.32E-01,2.53E-01,2.57E-01,3.00E-01,2.56E-01,2.83E-01,3.52E-01,3.09E-01,3.31E-01,2.93E-01,3.60E-01,3.21E-01,3.49E-01,2.79E-01,2.25E-01,3.47E-01,2.37E-01,3.59E-01,3.06E-01,2.69E-01
006_S_0484,1.62E-01,1.29E-01,2.33E-01,2.74E-01,2.68E-01,2.57E-01,3.05E-01,2.39E-01,2.42E-01,2.05E-01,1.97E-01,3.51E-01,2.37E-01,1.86E-01,2.51E-01,2.25E-01,2.29E-01,2.04E-01,2.32E-01,2.44E-01,3.26E-01,3.51E-01,3.03E-01,3.47E-01,2.89E-01,3.08E-01,2.84E-01,2.57E-01,4.04E-01,3.21E-01,3.09E-01,2.75E-01,2.75E-01,2.84E-01,2.77E-01,2.56E-01,2.58E-01,2.21E-01,2.43E-01,3.20E-01,1.83E-01,2.91E-01,3.15E-01,2.45E-01,3.18E-01,2.37E-01,3.02E-01,3.45E-01,1.78E-01,3.27E-01,4.34E-01,4.09E-01,3.06E-01,3.48E-01,3.23E-01,3.77E-01,3.36E-01,2.56E-01,2.82E-01,2.51E-01,2.57E-01,3.80E-01,3.30E-01,3.47E-01,2.87E-01,3.47E-01,4.27E-01,2.82E-01,2.97E-01,3.79E-01,3.47E-01,3.03E-01,3.79E-01,2.96E-01,2.90E-01,3.39E-01,3.42E-01,3.58E-01,3.81E-01,4.61E-01,3.88E-01,3.43E-01,3.54E-01,4.59E-01,4.06E-01,4.08E-01,3.18E-01,2.96E-01,3.16E-01,3.54E-01,3.39E-01,4.36E-01,4.61E-01,4.66E-01,3.50E-01,3.25E-01,3.55E-01,6.04E-01,4.02E-01,3.25E-01,4.08E-01,4.12E-01,3.76E-01,4.34E-01,3.38E-01,3.59E-01,4.79E-01,4.20E-01,3.75E-01,3.13E-01,3.11E-01,3.58E-01,2.50E-01,2.95E-01,2.89E-01,2.95E-01,2.85E-01,2.54E-01,2.96E-01,2.89E-01,2.60E-01,2.73E-01,2.68E-01,3.86E-01,3.89E-01,3.69E-01,3.53E-01,3.55E-01,3.88E-01,3.37E-01,4.10E-01,3.28E-01,3.10E-01,3.32E-01,2.85E-01,3.54E-01,3.29E-01,2.65E-01,3.61E-01,2.81E-01,2.95E-01,2.62E-01,2.94E-01,2.60E-01,3.35E-01,2.86E-01,4.06E-01,3.65E-01,3.25E-01,3.09E-01,2.86E-01,4.26E-01,4.34E-01,3.04E-01,2.97E-01,3.84E-01,3.85E-01,5.07E-01,4.64E-01,4.34E-01,4.40E-01,3.70E-01,3.78E-01,4.91E-01,3.63E-01,2.99E-01,3.06E-01,4.42E-01,3.92E-01,4.35E-01,4.34E-01,4.74E-01,3.52E-01,3.56E-01,4.37E-01,3.60E-01,4.81E-01,3.32E-01,3.63E-01,3.49E-01,3.40E-01,3.92E-01,4.22E-01,3.83E-01,3.79E-01,3.41E-01,3.83E-01,4.05E-01,4.21E-01,4.44E-01,4.49E-01,3.36E-01,5.25E-01,4.08E-01,3.00E-01,5.87E-01,4.22E-01,4.95E-01,3.53E-01,2.82E-01
006_S_0498,1.56E-01,1.20E-01,2.24E-01,2.46E-01,3.09E-01,2.73E-01,2.61E-01,2.14E-01,2.13E-01,1.93E-01,1.90E-01,3.15E-01,2.23E-01,1.88E-01,2.45E-01,2.46E-01,2.39E-01,1.98E-01,2.55E-01,2.46E-01,3.23E-01,3.55E-01,2.50E-01,3.29E-01,2.87E-01,2.82E-01,2.82E-01,2.53E-01,3.55E-01,2.87E-01,3.14E-01,2.93E-01,2.80E-01,2.55E-01,2.73E-01,2.65E-01,2.68E-01,2.76E-01,2.20E-01,3.05E-01,1.64E-01,2.56E-01,3.21E-01,2.30E-01,2.95E-01,2.29E-01,2.96E-01,3.54E-01,1.60E-01,3.20E-01,3.72E-01,3.30E-01,2.61E-01,3.01E-01,2.62E-01,3.77E-01,3.09E-01,2.68E-01,3.04E-01,2.58E-01,2.79E-01,4.05E-01,2.95E-01,2.66E-01,3.07E-01,3.07E-01,4.42E-01,3.03E-01,2.97E-01,3.08E-01,2.96E-01,2.99E-01,3.36E-01,2.51E-01,3.49E-01,3.30E-01,3.55E-01,3.06E-01,3.58E-01,3.92E-01,3.10E-01,3.01E-01,3.16E-01,4.15E-01,4.06E-01,3.98E-01,3.25E-01,2.62E-01,3.27E-01,3.94E-01,3.44E-01,3.75E-01,3.31E-01,3.89E-01,4.35E-01,3.90E-01,3.72E-01,4.88E-01,4.51E-01,3.25E-01,3.85E-01,4.49E-01,3.74E-01,4.18E-01,3.76E-01,4.03E-01,4.36E-01,3.91E-01,3.68E-01,3.30E-01,3.29E-01,3.58E-01,3.19E-01,2.95E-01,2.44E-01,2.95E-01,3.05E-01,2.99E-01,2.98E-01,2.11E-01,2.95E-01,2.57E-01,3.10E-01,3.80E-01,4.44E-01,3.41E-01,3.16E-01,4.02E-01,4.04E-01,3.75E-01,4.23E-01,3.67E-01,3.15E-01,3.17E-01,3.02E-01,3.93E-01,3.46E-01,2.41E-01,3.40E-01,3.16E-01,2.68E-01,2.70E-01,3.68E-01,2.88E-01,2.89E-01,2.68E-01,3.77E-01,3.43E-01,3.50E-01,2.65E-01,3.11E-01,3.73E-01,3.20E-01,2.95E-01,2.55E-01,4.00E-01,3.23E-01,4.61E-01,3.92E-01,3.11E-01,3.77E-01,3.61E-01,3.60E-01,4.08E-01,3.43E-01,2.95E-01,3.18E-01,4.05E-01,3.75E-01,4.04E-01,4.05E-01,4.83E-01,3.26E-01,3.08E-01,3.53E-01,3.28E-01,3.94E-01,2.95E-01,3.77E-01,3.31E-01,3.20E-01,3.44E-01,3.77E-01,3.54E-01,2.82E-01,4.03E-01,3.43E-01,3.72E-01,3.41E-01,4.80E-01,4.04E-01,3.39E-01,4.43E-01,3.88E-01,3.02E-01,5.31E-01,4.11E-01,4.68E-01,3.70E-01,2.90E-01
006_S_0547,1.56E-01,1.15E-01,1.98E-01,2.03E-01,2.52E-01,2.39E-01,2.66E-01,1.96E-01,1.99E-01,1.78E-01,1.74E-01,2.82E-01,2.48E-01,1.71E-01,2.20E-01,2.21E-01,2.15E-01,1.97E-01,2.37E-01,2.30E-01,2.95E-01,3.42E-01,2.74E-01,3.46E-01,2.94E-01,2.68E-01,2.56E-01,2.36E-01,3.42E-01,2.55E-01,2.55E-01,2.66E-01,2.93E-01,2.26E-01,2.34E-01,2.08E-01,2.71E-01,2.54E-01,2.37E-01,2.36E-01,1.58E-01,2.85E-01,3.24E-01,2.36E-01,3.01E-01,2.40E-01,2.91E-01,3.08E-01,1.51E-01,2.78E-01,4.14E-01,3.56E-01,2.59E-01,2.87E-01,2.73E-01,3.65E-01,2.81E-01,2.28E-01,2.43E-01,2.10E-01,2.85E-01,3.49E-01,2.67E-01,2.86E-01,2.85E-01,2.76E-01,3.68E-01,2.29E-01,2.69E-01,3.45E-01,3.27E-01,2.81E-01,3.69E-01,2.50E-01,2.52E-01,3.56E-01,3.20E-01,3.10E-01,3.76E-01,4.15E-01,4.32E-01,3.35E-01,3.60E-01,4.18E-01,3.46E-01,3.36E-01,2.79E-01,2.95E-01,3.08E-01,3.51E-01,3.50E-01,4.18E-01,4.26E-01,3.51E-01,3.72E-01,2.52E-01,2.96E-01,4.61E-01,3.53E-01,3.09E-01,3.86E-01,3.34E-01,3.36E-01,3.22E-01,3.03E-01,2.84E-01,4.21E-01,3.34E-01,3.45E-01,2.61E-01,2.74E-01,3.21E-01,2.43E-01,2.54E-01,2.67E-01,2.33E-01,2.93E-01,2.41E-01,2.78E-01,2.50E-01,2.41E-01,2.70E-01,2.67E-01,3.61E-01,3.91E-01,3.88E-01,3.22E-01,3.32E-01,3.85E-01,3.00E-01,3.68E-01,3.37E-01,2.95E-01,2.85E-01,2.59E-01,3.36E-01,3.37E-01,2.28E-01,3.20E-01,2.98E-01,2.51E-01,2.70E-01,2.84E-01,2.86E-01,3.08E-01,2.89E-01,3.09E-01,3.24E-01,2.93E-01,2.76E-01,2.50E-01,3.98E-01,3.47E-01,2.76E-01,2.54E-01,3.67E-01,3.82E-01,4.98E-01,3.96E-01,4.15E-01,3.54E-01,3.69E-01,3.66E-01,3.98E-01,3.19E-01,2.53E-01,3.02E-01,3.25E-01,3.06E-01,3.64E-01,4.10E-01,4.36E-01,2.63E-01,2.75E-01,3.53E-01,3.16E-01,4.99E-01,3.44E-01,3.40E-01,2.74E-01,3.04E-01,3.09E-01,3.53E-01,2.94E-01,3.55E-01,3.51E-01,3.51E-01,3.57E-01,3.47E-01,3.80E-01,4.60E-01,3.50E-01,4.45E-01,3.50E-01,2.57E-01,4.68E-01,3.67E-01,4.26E-01,3.43E-01,3.24E-01
006_S_0731,1.44E-01,1.14E-01,2.16E-01,2.26E-01,2.38E-01,2.57E-01,2.58E-01,2.08E-01,2.19E-01,1.86E-01,1.76E-01,2.77E-01,2.15E-01,1.77E-01,2.37E-01,2.19E-01,1.94E-01,1.80E-01,2.09E-01,2.09E-01,2.96E-01,3.17E-01,2.69E-01,3.53E-01,2.73E-01,2.94E-01,2.55E-01,2.73E-01,3.44E-01,2.68E-01,2.87E-01,2.85E-01,2.49E-01,2.31E-01,2.37E-01,1.93E-01,2.24E-01,2.42E-01,2.62E-01,2.79E-01,1.63E-01,2.58E-01,3.16E-01,1.95E-01,2.40E-01,2.18E-01,2.61E-01,2.89E-01,1.63E-01,2.77E-01,4.37E-01,4.15E-01,2.78E-01,2.90E-01,2.97E-01,3.65E-01,2.91E-01,2.76E-01,2.80E-01,2.40E-01,2.71E-01,3.39E-01,2.96E-01,3.08E-01,3.19E-01,2.81E-01,3.77E-01,2.44E-01,2.77E-01,2.73E-01,2.81E-01,2.74E-01,2.99E-01,2.42E-01,3.00E-01,3.03E-01,3.07E-01,2.83E-01,3.36E-01,3.89E-01,3.50E-01,3.42E-01,3.61E-01,3.99E-01,3.63E-01,3.19E-01,2.23E-01,3.00E-01,2.99E-01,3.16E-01,2.80E-01,3.98E-01,4.26E-01,3.01E-01,3.66E-01,3.02E-01,3.27E-01,4.95E-01,3.30E-01,2.72E-01,3.52E-01,3.84E-01,3.48E-01,3.84E-01,3.42E-01,3.52E-01,4.16E-01,3.85E-01,3.31E-01,2.88E-01,2.61E-01,3.05E-01,2.77E-01,2.60E-01,2.49E-01,2.64E-01,2.37E-01,2.53E-01,2.34E-01,2.58E-01,2.23E-01,2.28E-01,2.40E-01,3.35E-01,3.68E-01,3.38E-01,3.00E-01,3.38E-01,3.90E-01,3.30E-01,3.27E-01,2.94E-01,3.13E-01,2.62E-01,2.21E-01,3.09E-01,3.33E-01,2.18E-01,2.68E-01,2.60E-01,2.84E-01,2.76E-01,2.94E-01,2.34E-01,2.80E-01,3.14E-01,3.04E-01,3.10E-01,2.91E-01,2.58E-01,2.69E-01,3.75E-01,3.04E-01,2.65E-01,2.32E-01,3.35E-01,3.67E-01,4.88E-01,4.13E-01,3.86E-01,4.26E-01,3.55E-01,3.78E-01,4.06E-01,3.31E-01,2.55E-01,2.74E-01,3.73E-01,3.47E-01,3.41E-01,4.08E-01,3.97E-01,2.57E-01,2.41E-01,3.53E-01,3.32E-01,4.15E-01,3.39E-01,3.62E-01,3.27E-01,2.93E-01,3.13E-01,3.41E-01,3.37E-01,3.57E-01,3.33E-01,3.36E-01,3.76E-01,3.41E-01,4.21E-01,4.59E-01,3.20E-01,3.88E-01,3.40E-01,2.82E-01,5.40E-01,3.88E-01,4.19E-01,4.31E-01,3.03E-01
007_S_0316,1.36E-01,1.05E-01,2.09E-01,2.25E-01,2.39E-01,2.32E-01,2.45E-01,1.87E-01,1.87E-01,1.71E-01,1.69E-01,2.79E-01,2.23E-01,1.69E-01,1.92E-01,1.98E-01,2.14E-01,1.93E-01,2.53E-01,2.20E-01,2.75E-01,2.91E-01,2.35E-01,2.86E-01,2.56E-01,2.64E-01,2.27E-01,2.24E-01,2.49E-01,2.29E-01,2.51E-01,2.23E-01,2.13E-01,2.16E-01,2.37E-01,1.88E-01,2.35E-01,2.14E-01,2.12E-01,2.95E-01,1.34E-01,2.13E-01,2.44E-01,2.19E-01,2.58E-01,2.18E-01,2.83E-01,3.27E-01,1.41E-01,2.85E-01,3.78E-01,3.34E-01,2.46E-01,2.66E-01,2.72E-01,3.04E-01,2.70E-01,2.23E-01,2.56E-01,2.20E-01,2.31E-01,3.36E-01,2.63E-01,2.43E-01,2.63E-01,2.60E-01,3.17E-01,2.37E-01,2.65E-01,2.96E-01,2.61E-01,2.66E-01,3.21E-01,2.15E-01,2.84E-01,2.72E-01,2.95E-01,2.80E-01,3.35E-01,3.77E-01,2.99E-01,2.99E-01,3.31E-01,3.78E-01,3.42E-01,3.18E-01,2.49E-01,2.63E-01,2.72E-01,2.90E-01,3.18E-01,3.27E-01,3.53E-01,3.24E-01,3.05E-01,3.10E-01,2.90E-01,3.39E-01,3.47E-01,2.52E-01,3.05E-01,3.60E-01,3.38E-01,3.63E-01,3.31E-01,3.33E-01,3.87E-01,3.48E-01,3.20E-01,2.66E-01,2.81E-01,3.11E-01,2.78E-01,2.91E-01,2.61E-01,2.63E-01,2.97E-01,2.39E-01,2.67E-01,2.44E-01,2.66E-01,2.38E-01,2.22E-01,2.75E-01,2.80E-01,2.85E-01,2.76E-01,3.01E-01,3.27E-01,2.97E-01,2.80E-01,2.50E-01,2.78E-01,2.54E-01,2.60E-01,2.54E-01,2.78E-01,2.14E-01,3.09E-01,2.53E-01,2.42E-01,2.73E-01,2.88E-01,2.54E-01,2.41E-01,2.41E-01,3.34E-01,3.30E-01,3.02E-01,3.31E-01,3.07E-01,3.05E-01,2.85E-01,2.43E-01,2.78E-01,3.40E-01,3.42E-01,4.65E-01,3.93E-01,3.46E-01,3.77E-01,3.03E-01,3.36E-01,2.68E-01,3.46E-01,2.89E-01,2.97E-01,3.11E-01,3.45E-01,3.45E-01,3.18E-01,3.19E-01,2.86E-01,3.28E-01,3.93E-01,3.63E-01,3.87E-01,2.81E-01,3.63E-01,3.05E-01,3.23E-01,3.72E-01,3.58E-01,2.95E-01,3.07E-01,2.95E-01,3.53E-01,3.26E-01,3.31E-01,3.13E-01,4.14E-01,3.10E-01,3.93E-01,3.45E-01,2.22E-01,3.37E-01,3.16E-01,3.55E-01,3.08E-01,3.01E-01
007_S_1206,1.70E-01,1.32E-01,2.54E-01,2.69E-01,2.99E-01,2.71E-01,2.84E-01,2.21E-01,2.33E-01,2.19E-01,2.15E-01,3.50E-01,2.82E-01,1.86E-01,2.50E-01,2.20E-01,2.47E-01,2.08E-01,2.91E-01,2.52E-01,3.48E-01,3.26E-01,2.79E-01,3.43E-01,3.04E-01,3.00E-01,3.05E-01,2.70E-01,3.61E-01,2.96E-01,2.74E-01,3.21E-01,2.87E-01,2.57E-01,2.67E-01,2.39E-01,2.68E-01,2.55E-01,2.51E-01,2.93E-01,1.67E-01,2.59E-01,3.36E-01,2.80E-01,3.24E-01,2.59E-01,3.03E-01,3.59E-01,1.79E-01,3.36E-01,5.23E-01,4.08E-01,2.78E-01,3.31E-01,3.13E-01,3.93E-01,3.15E-01,2.69E-01,2.88E-01,2.60E-01,3.26E-01,4.00E-01,2.97E-01,2.80E-01,3.79E-01,3.09E-01,3.95E-01,2.67E-01,3.41E-01,3.22E-01,3.43E-01,3.24E-01,3.66E-01,2.80E-01,2.91E-01,3.35E-01,3.86E-01,3.49E-01,3.65E-01,4.77E-01,3.79E-01,3.48E-01,4.11E-01,4.58E-01,4.22E-01,3.62E-01,2.81E-01,3.08E-01,3.07E-01,3.94E-01,3.87E-01,4.06E-01,4.10E-01,4.15E-01,4.10E-01,3.19E-01,3.55E-01,5.22E-01,4.10E-01,3.28E-01,4.02E-01,4.01E-01,4.19E-01,3.94E-01,3.65E-01,3.62E-01,4.82E-01,4.12E-01,4.04E-01,2.99E-01,3.47E-01,3.47E-01,3.62E-01,3.27E-01,3.99E-01,3.74E-01,3.39E-01,3.42E-01,3.53E-01,2.85E-01,3.09E-01,3.29E-01,3.14E-01,3.34E-01,3.94E-01,3.15E-01,3.44E-01,3.41E-01,3.60E-01,3.09E-01,3.77E-01,4.15E-01,3.03E-01,3.04E-01,2.90E-01,3.40E-01,3.69E-01,2.90E-01,3.61E-01,4.31E-01,3.41E-01,3.08E-01,3.17E-01,2.64E-01,3.10E-01,3.27E-01,4.34E-01,3.84E-01,3.69E-01,3.62E-01,3.20E-01,4.27E-01,4.47E-01,2.98E-01,2.65E-01,4.22E-01,4.10E-01,6.21E-01,4.99E-01,3.97E-01,4.28E-01,3.76E-01,3.95E-01,4.24E-01,3.77E-01,3.20E-01,3.21E-01,4.20E-01,3.85E-01,4.19E-01,3.99E-01,4.18E-01,3.51E-01,3.53E-01,4.50E-01,4.02E-01,4.70E-01,3.42E-01,4.01E-01,3.50E-01,3.41E-01,3.84E-01,3.97E-01,3.44E-01,3.89E-01,3.87E-01,3.75E-01,4.19E-01,4.21E-01,4.18E-01,4.68E-01,3.53E-01,4.89E-01,3.66E-01,2.91E-01,5.54E-01,4.27E-01,4.51E-01,4.31E-01,3.48E-01
007_S_4911,1.35E-01,1.07E-01,2.01E-01,2.05E-01,2.20E-01,2.28E-01,2.57E-01,1.94E-01,2.11E-01,1.80E-01,1.72E-01,3.12E-01,2.58E-01,2.03E-01,2.57E-01,2.55E-01,2.18E-01,2.38E-01,2.69E-01,2.40E-01,2.47E-01,3.22E-01,2.52E-01,3.08E-01,2.60E-01,2.68E-01,2.47E-01,2.61E-01,3.06E-01,2.58E-01,2.65E-01,2.37E-01,2.22E-01,2.34E-01,2.69E-01,2.23E-01,2.47E-01,2.45E-01,2.64E-01,2.79E-01,1.41E-01,2.37E-01,2.76E-01,2.32E-01,2.64E-01,2.36E-01,2.69E-01,2.50E-01,1.36E-01,2.46E-01,4.90E-01,3.55E-01,2.69E-01,2.56E-01,2.88E-01,3.08E-01,3.01E-01,2.32E-01,2.47E-01,2.15E-01,2.64E-01,3.03E-01,2.42E-01,2.54E-01,2.91E-01,2.63E-01,3.53E-01,2.55E-01,2.24E-01,2.70E-01,2.76E-01,2.71E-01,3.35E-01,2.19E-01,2.77E-01,2.75E-01,3.14E-01,3.04E-01,3.48E-01,4.29E-01,3.18E-01,3.26E-01,3.30E-01,3.02E-01,2.76E-01,3.29E-01,3.09E-01,2.84E-01,2.78E-01,3.03E-01,3.13E-01,3.82E-01,3.78E-01,3.12E-01,3.24E-01,2.61E-01,3.79E-01,4.89E-01,4.02E-01,2.54E-01,2.87E-01,3.45E-01,3.29E-01,2.87E-01,2.70E-01,2.78E-01,3.91E-01,3.98E-01,3.35E-01,2.74E-01,2.76E-01,2.77E-01,2.83E-01,2.40E-01,3.59E-01,3.17E-01,2.89E-01,2.81E-01,2.82E-01,2.86E-01,2.87E-01,3.14E-01,2.71E-01,3.12E-01,3.41E-01,2.94E-01,2.96E-01,2.80E-01,3.43E-01,2.99E-01,3.00E-01,3.12E-01,2.47E-01,2.23E-01,2.39E-01,2.41E-01,2.64E-01,2.36E-01,3.34E-01,3.09E-01,2.41E-01,2.43E-01,1.92E-01,2.17E-01,2.03E-01,1.82E-01,2.83E-01,3.14E-01,3.49E-01,3.13E-01,3.13E-01,2.98E-01,2.54E-01,2.26E-01,2.10E-01,3.02E-01,3.99E-01,4.89E-01,4.33E-01,3.12E-01,3.82E-01,2.72E-01,3.16E-01,2.56E-01,3.04E-01,2.74E-01,2.90E-01,2.46E-01,2.04E-01,2.87E-01,2.63E-01,3.47E-01,2.89E-01,3.20E-01,2.56E-01,2.36E-01,3.68E-01,2.79E-01,3.10E-01,2.89E-01,2.92E-01,4.10E-01,3.59E-01,3.00E-01,2.74E-01,3.13E-01,3.96E-01,3.35E-01,3.79E-01,3.07E-01,4.50E-01,3.11E-01,3.54E-01,3.22E-01,2.82E-01,4.49E-01,2.45E-01,5.15E-01,4.14E-01,3.41E-01
007_S_5196,1.54E-01,1.21E-01,2.29E-01,2.60E-01,2.83E-01,2.73E-01,2.98E-01,2.23E-01,2.17E-01,1.90E-01,1.87E-01,3.38E-01,2.43E-01,2.14E-01,2.94E-01,2.87E-01,2.56E-01,2.49E-01,2.70E-01,2.58E-01,3.16E-01,3.31E-01,2.79E-01,3.53E-01,2.93E-01,2.92E-01,3.13E-01,2.85E-01,3.06E-01,2.98E-01,2.72E-01,2.56E-01,2.82E-01,2.39E-01,2.93E-01,2.66E-01,2.65E-01,2.59E-01,2.80E-01,2.78E-01,1.60E-01,2.64E-01,3.57E-01,2.57E-01,3.32E-01,2.36E-01,2.87E-01,3.71E-01,1.82E-01,3.12E-01,4.60E-01,3.80E-01,2.38E-01,2.71E-01,2.97E-01,3.37E-01,3.21E-01,2.57E-01,3.02E-01,2.16E-01,2.81E-01,3.69E-01,3.09E-01,3.32E-01,3.16E-01,3.06E-01,3.57E-01,2.93E-01,3.01E-01,3.22E-01,3.42E-01,2.90E-01,3.63E-01,2.57E-01,3.35E-01,3.18E-01,3.62E-01,3.24E-01,3.77E-01,4.05E-01,3.30E-01,3.60E-01,3.47E-01,3.81E-01,3.78E-01,3.57E-01,3.14E-01,3.15E-01,3.66E-01,3.84E-01,3.05E-01,3.77E-01,3.95E-01,3.40E-01,4.00E-01,3.14E-01,3.33E-01,4.11E-01,3.91E-01,2.45E-01,4.00E-01,4.08E-01,3.70E-01,4.20E-01,3.73E-01,3.76E-01,4.35E-01,3.88E-01,3.64E-01,3.12E-01,2.88E-01,3.83E-01,3.22E-01,2.97E-01,3.66E-01,3.10E-01,2.79E-01,3.12E-01,2.92E-01,2.70E-01,2.84E-01,3.01E-01,2.88E-01,3.33E-01,3.62E-01,3.45E-01,3.26E-01,3.50E-01,4.07E-01,3.16E-01,3.37E-01,3.63E-01,2.77E-01,3.42E-01,2.52E-01,3.33E-01,3.54E-01,2.23E-01,3.64E-01,3.21E-01,3.10E-01,3.19E-01,3.16E-01,2.65E-01,2.91E-01,2.97E-01,4.02E-01,3.89E-01,3.94E-01,3.28E-01,3.61E-01,3.86E-01,3.66E-01,2.59E-01,2.07E-01,4.46E-01,3.87E-01,4.81E-01,3.82E-01,2.99E-01,3.74E-01,3.30E-01,3.18E-01,3.82E-01,3.60E-01,2.75E-01,2.85E-01,4.06E-01,3.66E-01,4.02E-01,3.87E-01,4.15E-01,3.53E-01,3.58E-01,4.38E-01,3.47E-01,4.06E-01,3.27E-01,4.19E-01,3.71E-01,3.56E-01,3.72E-01,3.83E-01,3.40E-01,3.85E-01,3.40E-01,3.59E-01,3.96E-01,3.38E-01,4.05E-01,4.15E-01,3.77E-01,3.65E-01,4.41E-01,2.77E-01,4.66E-01,3.86E-01,4.51E-01,4.14E-01,3.04E-01
009_S_0751,1.43E-01,1.12E-01,1.96E-01,2.19E-01,2.48E-01,2.47E-01,2.75E-01,2.05E-01,2.22E-01,1.81E-01,1.69E-01,3.11E-01,2.36E-01,1.83E-01,2.45E-01,2.05E-01,2.02E-01,1.84E-01,2.19E-01,2.15E-01,2.93E-01,2.91E-01,2.51E-01,3.21E-01,2.69E-01,2.59E-01,2.65E-01,2.49E-01,3.44E-01,2.54E-01,2.53E-01,2.65E-01,2.58E-01,2.38E-01,2.44E-01,2.00E-01,2.24E-01,2.20E-01,2.18E-01,2.87E-01,1.50E-01,2.34E-01,3.17E-01,2.09E-01,2.82E-01,2.29E-01,2.93E-01,3.43E-01,1.63E-01,3.23E-01,4.13E-01,3.33E-01,2.78E-01,2.68E-01,2.73E-01,3.33E-01,2.66E-01,2.20E-01,2.54E-01,2.04E-01,2.63E-01,3.73E-01,3.09E-01,3.22E-01,2.98E-01,2.75E-01,3.93E-01,2.65E-01,3.19E-01,3.28E-01,3.43E-01,2.81E-01,3.07E-01,2.41E-01,3.68E-01,3.62E-01,3.06E-01,3.07E-01,3.36E-01,4.08E-01,3.86E-01,3.01E-01,3.49E-01,3.58E-01,3.91E-01,3.62E-01,2.89E-01,2.77E-01,3.33E-01,3.97E-01,3.53E-01,3.97E-01,3.94E-01,3.74E-01,4.18E-01,3.24E-01,3.48E-01,5.24E-01,3.50E-01,2.34E-01,3.87E-01,3.21E-01,3.75E-01,3.89E-01,3.16E-01,3.17E-01,4.32E-01,4.07E-01,3.68E-01,3.09E-01,2.90E-01,3.04E-01,3.15E-01,3.30E-01,2.96E-01,2.88E-01,3.10E-01,2.52E-01,2.82E-01,2.41E-01,2.58E-01,2.36E-01,2.41E-01,3.14E-01,2.96E-01,3.10E-01,3.15E-01,3.24E-01,3.74E-01,3.58E-01,3.66E-01,2.98E-01,2.93E-01,2.75E-01,2.45E-01,3.14E-01,3.46E-01,2.47E-01,3.29E-01,2.81E-01,2.93E-01,3.08E-01,3.08E-01,2.81E-01,2.71E-01,2.85E-01,3.96E-01,3.40E-01,3.35E-01,3.33E-01,3.43E-01,3.60E-01,3.15E-01,2.75E-01,2.65E-01,4.02E-01,3.64E-01,4.82E-01,3.96E-01,3.36E-01,3.95E-01,3.61E-01,3.51E-01,3.77E-01,3.22E-01,3.11E-01,3.38E-01,4.02E-01,3.19E-01,4.07E-01,4.06E-01,4.45E-01,3.23E-01,3.43E-01,3.93E-01,3.73E-01,4.44E-01,3.16E-01,4.16E-01,3.70E-01,3.27E-01,3.69E-01,3.79E-01,3.09E-01,3.69E-01,3.33E-01,3.78E-01,3.79E-01,3.77E-01,3.91E-01,4.31E-01,3.30E-01,4.09E-01,3.64E-01,2.59E-01,5.79E-01,3.84E-01,4.07E-01,3.13E-01,2.95E-01
009_S_1354,1.24E-01,9.38E-02,1.77E-01,1.80E-01,2.01E-01,2.02E-01,2.35E-01,1.75E-01,1.74E-01,1.46E-01,1.49E-01,2.37E-01,1.88E-01,1.52E-01,1.99E-01,2.09E-01,1.90E-01,1.72E-01,1.87E-01,1.93E-01,1.77E-01,2.23E-01,1.87E-01,2.09E-01,2.09E-01,1.86E-01,1.90E-01,1.96E-01,2.12E-01,2.16E-01,2.12E-01,2.23E-01,1.92E-01,1.88E-01,2.09E-01,1.49E-01,1.82E-01,1.80E-01,1.90E-01,2.18E-01,1.13E-01,1.88E-01,2.06E-01,1.81E-01,2.04E-01,2.02E-01,2.63E-01,1.86E-01,1.07E-01,1.99E-01,3.86E-01,4.07E-01,2.39E-01,1.68E-01,2.65E-01,2.32E-01,2.46E-01,1.96E-01,2.13E-01,1.73E-01,1.84E-01,2.06E-01,1.83E-01,2.24E-01,2.03E-01,2.04E-01,2.18E-01,2.38E-01,2.05E-01,2.20E-01,2.08E-01,2.21E-01,2.49E-01,1.91E-01,2.61E-01,1.94E-01,2.64E-01,2.42E-01,2.84E-01,3.93E-01,2.61E-01,2.40E-01,3.23E-01,2.15E-01,1.81E-01,1.96E-01,2.18E-01,2.24E-01,2.50E-01,2.43E-01,2.65E-01,2.75E-01,2.84E-01,2.10E-01,2.03E-01,2.33E-01,2.82E-01,3.01E-01,2.90E-01,2.23E-01,3.46E-01,3.68E-01,3.24E-01,3.40E-01,2.85E-01,2.95E-01,3.99E-01,3.43E-01,3.16E-01,2.52E-01,2.61E-01,2.52E-01,2.44E-01,2.33E-01,2.59E-01,2.70E-01,2.42E-01,2.50E-01,2.39E-01,2.29E-01,2.61E-01,2.58E-01,2.50E-01,2.67E-01,2.89E-01,2.75E-01,2.71E-01,2.63E-01,2.81E-01,2.58E-01,3.06E-01,2.61E-01,2.46E-01,2.34E-01,2.27E-01,2.86E-01,2.43E-01,2.01E-01,3.00E-01,3.24E-01,2.04E-01,2.26E-01,2.30E-01,2.09E-01,1.81E-01,1.78E-01,2.50E-01,2.51E-01,2.62E-01,2.79E-01,2.84E-01,2.19E-01,2.42E-01,2.07E-01,1.97E-01,2.72E-01,3.83E-01,5.16E-01,4.12E-01,2.77E-01,4.43E-01,2.88E-01,2.90E-01,2.55E-01,2.62E-01,2.51E-01,2.21E-01,2.72E-01,2.44E-01,2.66E-01,2.59E-01,2.81E-01,2.85E-01,2.93E-01,2.95E-01,2.75E-01,3.10E-01,2.32E-01,3.22E-01,2.77E-01,2.63E-01,3.14E-01,3.02E-01,2.84E-01,2.63E-01,3.25E-01,2.68E-01,2.75E-01,2.61E-01,2.76E-01,4.59E-01,2.31E-01,2.84E-01,3.20E-01,2.65E-01,3.69E-01,2.40E-01,3.76E-01,3.32E-01,2.78E-01
009_S_5027,1.34E-01,1.05E-01,2.12E-01,2.22E-01,2.33E-01,2.35E-01,2.43E-01,1.81E-01,1.97E-01,1.68E-01,1.76E-01,3.11E-01,2.51E-01,2.05E-01,2.50E-01,2.44E-01,2.29E-01,2.08E-01,2.48E-01,2.32E-01,2.60E-01,3.00E-01,2.41E-01,3.13E-01,2.82E-01,2.74E-01,2.58E-01,2.47E-01,2.58E-01,2.47E-01,2.32E-01,2.58E-01,2.57E-01,2.26E-01,2.89E-01,2.34E-01,2.64E-01,2.52E-01,2.40E-01,3.11E-01,1.32E-01,2.24E-01,2.81E-01,2.33E-01,3.22E-01,2.52E-01,3.06E-01,2.85E-01,1.58E-01,2.94E-01,4.02E-01,3.40E-01,2.51E-01,1.85E-01,2.54E-01,2.85E-01,2.67E-01,2.54E-01,3.04E-01,2.34E-01,2.52E-01,3.35E-01,2.63E-01,2.44E-01,2.60E-01,2.48E-01,2.88E-01,2.80E-01,2.63E-01,2.91E-01,2.90E-01,2.66E-01,3.19E-01,2.24E-01,3.23E-01,2.73E-01,3.03E-01,2.99E-01,3.12E-01,3.91E-01,3.42E-01,3.23E-01,3.00E-01,2.68E-01,2.65E-01,2.95E-01,3.05E-01,3.39E-01,3.29E-01,4.47E-01,3.80E-01,3.00E-01,3.57E-01,2.65E-01,3.13E-01,2.95E-01,2.82E-01,4.10E-01,3.84E-01,3.14E-01,3.54E-01,4.05E-01,3.82E-01,3.87E-01,3.55E-01,3.22E-01,4.02E-01,3.88E-01,3.84E-01,2.75E-01,3.07E-01,3.36E-01,2.80E-01,2.91E-01,3.59E-01,2.75E-01,3.35E-01,2.75E-01,3.10E-01,2.79E-01,3.07E-01,3.59E-01,3.41E-01,3.66E-01,4.08E-01,3.37E-01,3.29E-01,3.79E-01,3.91E-01,3.55E-01,3.81E-01,3.63E-01,2.73E-01,2.68E-01,2.65E-01,2.91E-01,3.44E-01,2.54E-01,3.42E-01,3.05E-01,2.82E-01,3.22E-01,3.50E-01,2.59E-01,2.90E-01,3.02E-01,4.41E-01,3.71E-01,3.65E-01,3.45E-01,3.45E-01,3.12E-01,3.30E-01,2.78E-01,2.43E-01,4.65E-01,3.61E-01,4.84E-01,3.97E-01,3.59E-01,3.61E-01,3.17E-01,3.49E-01,3.69E-01,3.47E-01,3.55E-01,3.36E-01,4.18E-01,3.61E-01,3.83E-01,3.54E-01,4.15E-01,3.45E-01,4.08E-01,4.36E-01,3.71E-01,4.53E-01,3.18E-01,4.59E-01,3.94E-01,3.38E-01,3.85E-01,3.71E-01,3.48E-01,4.00E-01,3.71E-01,3.85E-01,4.07E-01,4.10E-01,3.77E-01,4.26E-01,3.86E-01,4.00E-01,4.40E-01,2.73E-01,5.41E-01,3.55E-01,4.40E-01,3.85E-01,3.51E-01
009_S_5037,1.70E-01,1.29E-01,2.52E-01,2.71E-01,2.76E-01,2.70E-01,3.12E-01,2.38E-01,2.22E-01,1.82E-01,1.93E-01,3.56E-01,2.60E-01,2.03E-01,2.53E-01,2.57E-01,2.77E-01,2.35E-01,2.88E-01,2.73E-01,3.02E-01,3.59E-01,2.79E-01,3.97E-01,2.90E-01,3.28E-01,3.17E-01,2.75E-01,3.22E-01,2.80E-01,3.02E-01,2.77E-01,2.71E-01,2.50E-01,3.03E-01,2.34E-01,3.03E-01,3.10E-01,2.48E-01,3.72E-01,1.53E-01,3.00E-01,3.42E-01,2.51E-01,3.19E-01,2.78E-01,3.85E-01,3.24E-01,1.69E-01,3.57E-01,4.74E-01,4.28E-01,2.95E-01,2.61E-01,3.25E-01,3.40E-01,3.50E-01,2.80E-01,3.33E-01,2.75E-01,3.35E-01,3.64E-01,3.08E-01,3.66E-01,3.43E-01,3.21E-01,4.10E-01,3.44E-01,2.93E-01,3.31E-01,3.74E-01,3.35E-01,3.80E-01,2.66E-01,3.78E-01,3.51E-01,3.28E-01,3.34E-01,3.84E-01,5.00E-01,3.93E-01,3.88E-01,3.72E-01,3.45E-01,3.16E-01,3.68E-01,3.23E-01,3.24E-01,3.38E-01,3.85E-01,3.79E-01,3.82E-01,4.16E-01,3.45E-01,3.50E-01,3.60E-01,3.41E-01,4.24E-01,3.57E-01,2.94E-01,4.04E-01,3.89E-01,3.88E-01,3.81E-01,3.68E-01,3.76E-01,4.82E-01,4.13E-01,3.75E-01,2.67E-01,3.14E-01,4.56E-01,3.44E-01,3.37E-01,3.67E-01,3.01E-01,3.79E-01,3.12E-01,3.33E-01,3.00E-01,3.75E-01,2.89E-01,3.18E-01,4.04E-01,4.64E-01,4.00E-01,4.08E-01,4.09E-01,4.06E-01,4.07E-01,4.10E-01,3.23E-01,3.47E-01,3.85E-01,3.69E-01,3.95E-01,3.81E-01,2.76E-01,3.95E-01,3.75E-01,3.25E-01,3.46E-01,4.00E-01,3.03E-01,3.16E-01,2.91E-01,3.93E-01,3.65E-01,3.30E-01,3.14E-01,3.80E-01,4.32E-01,3.80E-01,3.06E-01,2.50E-01,5.20E-01,4.15E-01,6.07E-01,5.01E-01,4.50E-01,4.94E-01,4.03E-01,3.88E-01,4.32E-01,3.57E-01,3.65E-01,2.96E-01,4.64E-01,4.00E-01,3.97E-01,4.19E-01,4.73E-01,4.20E-01,4.27E-01,4.39E-01,3.72E-01,5.26E-01,4.02E-01,3.68E-01,3.69E-01,3.71E-01,4.07E-01,4.34E-01,4.05E-01,3.92E-01,3.71E-01,4.22E-01,4.34E-01,4.34E-01,4.69E-01,5.59E-01,4.50E-01,3.92E-01,4.32E-01,3.04E-01,4.98E-01,4.43E-01,4.86E-01,3.80E-01,3.63E-01
009_S_5224,1.31E-01,1.04E-01,1.90E-01,2.25E-01,2.28E-01,2.25E-01,2.42E-01,1.88E-01,1.86E-01,1.67E-01,1.63E-01,3.23E-01,2.19E-01,1.79E-01,2.35E-01,2.08E-01,2.14E-01,2.08E-01,2.32E-01,2.20E-01,2.54E-01,2.95E-01,2.49E-01,3.05E-01,2.77E-01,2.68E-01,2.87E-01,2.55E-01,2.51E-01,2.43E-01,2.46E-01,2.35E-01,2.24E-01,2.57E-01,2.64E-01,2.06E-01,2.24E-01,2.41E-01,2.37E-01,3.06E-01,1.44E-01,2.16E-01,3.17E-01,1.94E-01,2.69E-01,2.07E-01,3.10E-01,3.08E-01,1.42E-01,2.91E-01,3.73E-01,3.51E-01,2.67E-01,2.40E-01,2.78E-01,3.28E-01,2.60E-01,2.45E-01,2.71E-01,2.12E-01,2.48E-01,3.35E-01,2.35E-01,2.72E-01,3.14E-01,2.80E-01,3.43E-01,2.63E-01,2.82E-01,3.14E-01,2.74E-01,2.77E-01,3.22E-01,2.20E-01,2.84E-01,3.02E-01,2.82E-01,2.87E-01,3.23E-01,4.31E-01,3.17E-01,3.29E-01,3.66E-01,3.05E-01,3.09E-01,3.09E-01,2.75E-01,2.62E-01,3.00E-01,3.15E-01,3.04E-01,3.82E-01,3.87E-01,3.79E-01,3.69E-01,3.36E-01,3.57E-01,3.37E-01,3.78E-01,2.61E-01,3.24E-01,3.39E-01,3.07E-01,3.32E-01,2.88E-01,3.30E-01,3.35E-01,3.48E-01,3.30E-01,3.07E-01,2.64E-01,3.40E-01,2.74E-01,2.83E-01,3.05E-01,2.62E-01,2.75E-01,2.53E-01,2.75E-01,2.39E-01,2.97E-01,2.66E-01,2.89E-01,2.90E-01,3.24E-01,2.76E-01,2.58E-01,2.79E-01,2.94E-01,3.20E-01,2.77E-01,2.60E-01,2.62E-01,3.09E-01,2.54E-01,3.24E-01,2.90E-01,2.22E-01,3.54E-01,3.30E-01,2.66E-01,2.86E-01,2.91E-01,2.36E-01,2.41E-01,2.17E-01,3.66E-01,2.90E-01,3.20E-01,3.32E-01,3.03E-01,3.64E-01,3.29E-01,2.32E-01,2.08E-01,3.84E-01,3.94E-01,4.67E-01,4.26E-01,3.54E-01,3.95E-01,3.07E-01,3.32E-01,2.46E-01,3.27E-01,2.63E-01,2.31E-01,3.12E-01,2.98E-01,3.48E-01,3.07E-01,3.44E-01,3.10E-01,3.20E-01,3.88E-01,3.06E-01,4.02E-01,3.18E-01,3.44E-01,3.18E-01,3.01E-01,3.46E-01,3.00E-01,3.22E-01,3.15E-01,2.61E-01,3.57E-01,3.60E-01,3.46E-01,3.60E-01,4.50E-01,3.22E-01,4.06E-01,3.59E-01,2.96E-01,3.51E-01,3.29E-01,4.39E-01,3.31E-01,2.93E-01
009_S_5252,1.52E-01,1.19E-01,2.24E-01,2.45E-01,2.67E-01,2.38E-01,2.77E-01,2.01E-01,2.14E-01,1.88E-01,1.91E-01,3.08E-01,2.62E-01,1.72E-01,2.26E-01,2.08E-01,2.26E-01,2.40E-01,2.64E-01,2.39E-01,2.84E-01,3.02E-01,2.59E-01,2.88E-01,2.47E-01,2.91E-01,2.96E-01,2.67E-01,3.32E-01,2.62E-01,2.82E-01,2.66E-01,2.47E-01,2.49E-01,2.60E-01,2.28E-01,2.52E-01,2.37E-01,2.79E-01,2.77E-01,1.51E-01,2.33E-01,3.00E-01,2.37E-01,3.27E-01,2.59E-01,2.79E-01,3.17E-01,1.63E-01,3.10E-01,4.80E-01,4.17E-01,3.01E-01,3.17E-01,3.04E-01,3.60E-01,2.95E-01,2.57E-01,2.77E-01,2.26E-01,2.79E-01,3.56E-01,2.93E-01,2.95E-01,3.11E-01,2.83E-01,3.52E-01,2.91E-01,2.85E-01,3.44E-01,3.76E-01,2.96E-01,3.58E-01,2.46E-01,3.34E-01,3.47E-01,3.18E-01,3.02E-01,3.88E-01,4.97E-01,3.91E-01,4.17E-01,3.55E-01,4.60E-01,3.75E-01,3.33E-01,2.86E-01,3.50E-01,3.69E-01,3.93E-01,3.74E-01,4.15E-01,4.09E-01,3.60E-01,3.74E-01,3.49E-01,3.41E-01,5.07E-01,3.38E-01,2.57E-01,3.63E-01,3.45E-01,3.65E-01,3.65E-01,3.21E-01,3.11E-01,4.49E-01,4.01E-01,3.80E-01,3.06E-01,2.80E-01,3.06E-01,2.74E-01,2.70E-01,3.53E-01,3.03E-01,3.57E-01,3.10E-01,3.45E-01,3.32E-01,3.02E-01,3.82E-01,3.00E-01,3.50E-01,3.88E-01,3.81E-01,3.54E-01,3.24E-01,3.83E-01,3.50E-01,3.45E-01,3.55E-01,2.47E-01,2.98E-01,2.71E-01,2.81E-01,3.19E-01,2.67E-01,3.19E-01,2.72E-01,2.69E-01,3.11E-01,3.17E-01,2.82E-01,2.69E-01,2.19E-01,3.83E-01,3.35E-01,3.66E-01,2.79E-01,3.08E-01,3.92E-01,3.78E-01,2.80E-01,2.66E-01,3.97E-01,4.46E-01,6.13E-01,4.69E-01,4.05E-01,4.29E-01,3.92E-01,3.95E-01,3.91E-01,2.95E-01,3.11E-01,3.35E-01,3.23E-01,3.24E-01,3.85E-01,3.91E-01,3.82E-01,3.43E-01,4.17E-01,3.49E-01,3.30E-01,4.72E-01,3.82E-01,4.26E-01,3.16E-01,3.20E-01,4.01E-01,3.68E-01,3.37E-01,3.23E-01,2.95E-01,4.30E-01,4.12E-01,4.34E-01,3.84E-01,4.75E-01,3.60E-01,4.07E-01,3.43E-01,2.61E-01,5.04E-01,3.49E-01,3.90E-01,3.12E-01,2.76E-01
010_S_0472,1.60E-01,1.19E-01,2.16E-01,2.33E-01,2.34E-01,2.80E-01,2.93E-01,2.02E-01,2.12E-01,1.88E-01,1.85E-01,3.04E-01,2.30E-01,1.70E-01,2.22E-01,2.17E-01,2.14E-01,1.95E-01,2.30E-01,2.38E-01,2.92E-01,3.11E-01,2.80E-01,3.17E-01,2.60E-01,2.74E-01,3.08E-01,2.44E-01,3.47E-01,2.73E-01,2.62E-01,2.66E-01,2.89E-01,2.20E-01,2.32E-01,1.95E-01,2.27E-01,2.61E-01,2.45E-01,2.77E-01,1.53E-01,2.52E-01,2.79E-01,2.15E-01,2.91E-01,2.00E-01,2.86E-01,3.41E-01,1.70E-01,2.87E-01,4.51E-01,3.79E-01,2.70E-01,2.74E-01,2.93E-01,3.73E-01,2.87E-01,2.19E-01,2.51E-01,2.16E-01,2.50E-01,3.53E-01,3.14E-01,2.87E-01,3.32E-01,2.92E-01,3.54E-01,2.65E-01,2.94E-01,3.25E-01,3.14E-01,3.08E-01,3.62E-01,2.43E-01,2.74E-01,3.44E-01,3.05E-01,3.17E-01,3.53E-01,4.30E-01,3.61E-01,3.14E-01,3.76E-01,3.43E-01,3.87E-01,3.58E-01,2.88E-01,2.73E-01,2.99E-01,3.61E-01,3.23E-01,4.26E-01,4.07E-01,3.31E-01,3.85E-01,3.08E-01,3.35E-01,4.41E-01,3.55E-01,3.00E-01,4.10E-01,3.28E-01,3.74E-01,3.52E-01,3.25E-01,3.42E-01,4.31E-01,3.79E-01,3.76E-01,2.82E-01,2.74E-01,2.95E-01,2.81E-01,2.85E-01,2.96E-01,2.56E-01,3.04E-01,2.38E-01,2.93E-01,2.25E-01,2.62E-01,2.25E-01,2.74E-01,3.35E-01,3.65E-01,3.22E-01,3.37E-01,3.16E-01,3.29E-01,3.13E-01,3.60E-01,3.20E-01,3.48E-01,3.10E-01,2.61E-01,3.34E-01,3.13E-01,2.71E-01,3.24E-01,2.92E-01,2.51E-01,3.11E-01,2.77E-01,2.82E-01,2.67E-01,2.73E-01,3.90E-01,3.67E-01,3.58E-01,3.22E-01,3.12E-01,3.56E-01,3.61E-01,2.84E-01,2.61E-01,3.70E-01,3.86E-01,5.27E-01,4.35E-01,3.88E-01,3.87E-01,3.28E-01,3.52E-01,3.91E-01,3.98E-01,2.92E-01,3.06E-01,3.64E-01,3.73E-01,3.54E-01,3.96E-01,3.88E-01,2.75E-01,3.24E-01,4.11E-01,3.79E-01,4.53E-01,3.18E-01,4.00E-01,3.28E-01,3.17E-01,3.27E-01,3.50E-01,3.00E-01,4.02E-01,2.94E-01,3.62E-01,3.46E-01,3.79E-01,3.77E-01,4.09E-01,3.20E-01,4.66E-01,3.33E-01,2.76E-01,5.23E-01,3.63E-01,4.35E-01,3.65E-01,2.72E-01
011_S_0003,1.49E-01,1.11E-01,2.29E-01,2.30E-01,2.59E-01,2.28E-01,2.73E-01,1.89E-01,2.21E-01,2.09E-01,1.77E-01,3.02E-01,2.41E-01,1.62E-01,2.10E-01,2.07E-01,2.30E-01,1.77E-01,2.65E-01,2.35E-01,2.78E-01,3.09E-01,2.57E-01,2.69E-01,2.52E-01,2.61E-01,2.80E-01,2.39E-01,2.53E-01,2.62E-01,2.60E-01,2.41E-01,2.63E-01,2.24E-01,2.59E-01,1.99E-01,2.46E-01,2.82E-01,2.05E-01,2.87E-01,1.36E-01,2.11E-01,2.76E-01,2.06E-01,2.89E-01,2.21E-01,2.95E-01,2.70E-01,1.46E-01,2.70E-01,4.14E-01,3.58E-01,2.65E-01,2.35E-01,2.83E-01,3.30E-01,3.10E-01,2.41E-01,2.79E-01,2.16E-01,2.45E-01,3.02E-01,2.80E-01,2.71E-01,3.05E-01,2.57E-01,3.39E-01,2.72E-01,2.75E-01,2.84E-01,2.55E-01,2.82E-01,3.34E-01,2.29E-01,3.31E-01,2.73E-01,3.14E-01,2.87E-01,3.50E-01,4.01E-01,3.00E-01,2.67E-01,3.41E-01,3.54E-01,3.30E-01,3.28E-01,2.88E-01,2.50E-01,2.86E-01,3.57E-01,3.66E-01,3.68E-01,3.67E-01,3.41E-01,3.52E-01,3.72E-01,4.61E-01,3.92E-01,3.69E-01,3.21E-01,3.65E-01,3.90E-01,3.99E-01,3.84E-01,3.61E-01,3.51E-01,4.24E-01,4.46E-01,3.73E-01,4.27E-01,2.96E-01,3.27E-01,2.61E-01,2.78E-01,3.03E-01,2.67E-01,3.22E-01,2.83E-01,3.13E-01,2.57E-01,3.08E-01,3.65E-01,2.91E-01,3.04E-01,3.52E-01,2.80E-01,3.27E-01,3.21E-01,3.06E-01,3.39E-01,3.67E-01,3.33E-01,2.96E-01,3.57E-01,2.66E-01,3.17E-01,3.00E-01,2.45E-01,3.28E-01,3.26E-01,2.65E-01,2.64E-01,3.34E-01,2.46E-01,2.53E-01,2.43E-01,3.77E-01,3.42E-01,3.22E-01,3.38E-01,3.07E-01,3.20E-01,3.13E-01,2.26E-01,2.44E-01,3.94E-01,3.65E-01,4.79E-01,3.97E-01,3.29E-01,3.83E-01,3.38E-01,3.39E-01,2.78E-01,2.99E-01,3.18E-01,2.71E-01,3.71E-01,3.35E-01,3.50E-01,3.47E-01,4.44E-01,3.19E-01,3.78E-01,4.03E-01,3.56E-01,4.03E-01,3.25E-01,4.32E-01,3.31E-01,3.24E-01,3.31E-01,4.08E-01,3.44E-01,3.41E-01,4.01E-01,3.54E-01,3.72E-01,3.44E-01,4.12E-01,4.23E-01,3.45E-01,3.99E-01,3.86E-01,3.75E-01,4.05E-01,3.32E-01,4.51E-01,3.46E-01,2.97E-01
011_S_0005,1.52E-01,1.17E-01,2.27E-01,2.44E-01,2.59E-01,2.52E-01,2.91E-01,2.09E-01,2.12E-01,1.86E-01,1.79E-01,2.81E-01,2.13E-01,1.79E-01,2.30E-01,2.26E-01,2.13E-01,2.09E-01,2.43E-01,2.28E-01,3.04E-01,3.13E-01,2.54E-01,3.15E-01,2.62E-01,2.66E-01,2.59E-01,2.51E-01,2.74E-01,2.72E-01,2.64E-01,2.68E-01,2.61E-01,2.51E-01,2.46E-01,1.99E-01,2.37E-01,2.55E-01,2.37E-01,2.82E-01,1.46E-01,2.66E-01,3.27E-01,2.16E-01,2.88E-01,2.28E-01,2.56E-01,3.40E-01,1.67E-01,3.43E-01,4.96E-01,4.15E-01,2.85E-01,2.41E-01,3.19E-01,3.62E-01,2.86E-01,2.42E-01,2.70E-01,2.29E-01,2.61E-01,3.98E-01,2.74E-01,2.77E-01,3.22E-01,3.12E-01,3.50E-01,2.68E-01,3.13E-01,3.54E-01,3.28E-01,2.94E-01,3.23E-01,2.49E-01,3.01E-01,2.95E-01,3.43E-01,3.14E-01,3.31E-01,4.61E-01,3.90E-01,3.27E-01,3.74E-01,3.43E-01,3.71E-01,3.36E-01,2.83E-01,2.85E-01,3.62E-01,3.83E-01,3.30E-01,3.99E-01,4.37E-01,3.41E-01,4.16E-01,2.97E-01,3.25E-01,4.15E-01,3.71E-01,2.31E-01,3.80E-01,3.56E-01,3.68E-01,3.84E-01,3.33E-01,4.01E-01,4.67E-01,4.06E-01,3.58E-01,3.05E-01,3.03E-01,3.49E-01,2.93E-01,2.95E-01,2.98E-01,2.81E-01,3.17E-01,2.79E-01,2.92E-01,2.44E-01,2.93E-01,2.30E-01,2.52E-01,3.26E-01,3.13E-01,3.39E-01,3.15E-01,3.30E-01,3.61E-01,3.82E-01,3.60E-01,3.09E-01,2.98E-01,2.76E-01,2.27E-01,2.81E-01,3.34E-01,2.57E-01,3.05E-01,3.27E-01,2.72E-01,2.86E-01,3.26E-01,2.63E-01,2.68E-01,2.89E-01,4.04E-01,3.54E-01,3.14E-01,3.13E-01,3.36E-01,3.53E-01,3.27E-01,2.69E-01,2.78E-01,4.29E-01,4.35E-01,5.80E-01,4.46E-01,3.68E-01,4.27E-01,3.67E-01,3.92E-01,4.11E-01,3.35E-01,2.80E-01,3.02E-01,3.71E-01,3.55E-01,4.14E-01,4.38E-01,3.93E-01,3.20E-01,3.52E-01,4.75E-01,3.44E-01,4.54E-01,3.24E-01,4.37E-01,3.42E-01,3.11E-01,3.08E-01,3.67E-01,3.13E-01,3.77E-01,3.53E-01,3.48E-01,3.79E-01,3.52E-01,3.93E-01,4.56E-01,2.96E-01,4.24E-01,4.01E-01,2.56E-01,5.07E-01,3.80E-01,4.23E-01,3.66E-01,2.90E-01
011_S_0008,1.44E-01,1.06E-01,2.05E-01,2.25E-01,2.42E-01,2.54E-01,2.77E-01,2.04E-01,1.92E-01,1.75E-01,1.68E-01,2.71E-01,2.15E-01,1.57E-01,1.97E-01,1.99E-01,2.06E-01,1.80E-01,2.15E-01,2.20E-01,2.73E-01,2.64E-01,2.36E-01,2.92E-01,2.47E-01,2.66E-01,2.54E-01,2.20E-01,3.52E-01,2.53E-01,2.54E-01,2.55E-01,2.48E-01,2.31E-01,2.30E-01,2.03E-01,2.39E-01,2.46E-01,2.12E-01,2.71E-01,1.43E-01,2.22E-01,2.72E-01,2.35E-01,2.73E-01,1.95E-01,2.62E-01,2.74E-01,1.59E-01,2.68E-01,4.14E-01,3.49E-01,2.62E-01,2.71E-01,2.79E-01,3.41E-01,2.76E-01,2.37E-01,2.68E-01,2.28E-01,2.45E-01,3.28E-01,2.52E-01,2.50E-01,2.85E-01,2.41E-01,3.63E-01,2.70E-01,2.30E-01,3.01E-01,3.08E-01,2.72E-01,3.31E-01,2.36E-01,3.30E-01,2.75E-01,3.23E-01,3.05E-01,3.80E-01,4.05E-01,3.50E-01,3.06E-01,3.52E-01,3.47E-01,3.80E-01,3.29E-01,2.84E-01,2.68E-01,3.04E-01,3.58E-01,2.93E-01,3.75E-01,3.52E-01,3.31E-01,3.44E-01,3.32E-01,2.88E-01,4.70E-01,3.18E-01,2.39E-01,3.76E-01,3.80E-01,3.36E-01,3.51E-01,3.45E-01,3.04E-01,4.00E-01,3.23E-01,3.52E-01,2.50E-01,2.79E-01,2.83E-01,2.45E-01,2.44E-01,2.43E-01,2.59E-01,2.54E-01,2.28E-01,2.53E-01,1.79E-01,2.61E-01,2.36E-01,2.42E-01,2.70E-01,3.11E-01,2.78E-01,2.70E-01,2.85E-01,3.05E-01,2.74E-01,3.03E-01,2.91E-01,3.12E-01,2.54E-01,2.48E-01,2.70E-01,2.92E-01,1.98E-01,3.12E-01,3.30E-01,2.46E-01,2.46E-01,3.13E-01,2.70E-01,2.43E-01,2.49E-01,3.28E-01,3.07E-01,2.93E-01,2.41E-01,2.68E-01,3.25E-01,3.34E-01,2.71E-01,2.14E-01,3.57E-01,3.44E-01,5.07E-01,3.70E-01,3.43E-01,4.15E-01,3.36E-01,3.25E-01,3.21E-01,2.93E-01,2.96E-01,2.39E-01,3.50E-01,3.13E-01,3.42E-01,3.73E-01,3.71E-01,3.09E-01,3.15E-01,3.46E-01,3.16E-01,4.27E-01,3.16E-01,3.60E-01,3.55E-01,3.26E-01,3.75E-01,3.70E-01,3.24E-01,3.85E-01,3.47E-01,3.35E-01,3.48E-01,3.53E-01,3.96E-01,4.26E-01,3.27E-01,3.54E-01,3.66E-01,2.45E-01,4.19E-01,3.59E-01,3.33E-01,3.44E-01,2.72E-01
011_S_0010,1.47E-01,1.07E-01,1.96E-01,2.20E-01,2.28E-01,2.33E-01,2.70E-01,1.88E-01,1.89E-01,1.74E-01,1.78E-01,2.79E-01,2.14E-01,1.79E-01,2.12E-01,1.79E-01,1.94E-01,1.79E-01,2.45E-01,2.26E-01,2.57E-01,2.72E-01,2.43E-01,2.72E-01,2.60E-01,2.62E-01,2.49E-01,2.39E-01,2.94E-01,2.66E-01,2.52E-01,2.23E-01,1.98E-01,2.13E-01,2.31E-01,1.96E-01,2.10E-01,2.25E-01,2.41E-01,2.40E-01,1.31E-01,2.23E-01,2.68E-01,2.16E-01,2.40E-01,2.21E-01,2.83E-01,2.71E-01,1.52E-01,2.86E-01,4.30E-01,3.81E-01,2.56E-01,2.69E-01,2.74E-01,3.40E-01,2.54E-01,2.40E-01,2.29E-01,2.00E-01,2.22E-01,3.28E-01,2.69E-01,2.50E-01,2.87E-01,2.64E-01,3.44E-01,2.48E-01,2.88E-01,2.93E-01,3.14E-01,2.71E-01,2.83E-01,2.23E-01,2.92E-01,2.96E-01,3.00E-01,2.72E-01,3.21E-01,4.14E-01,3.63E-01,3.06E-01,3.66E-01,3.44E-01,3.24E-01,3.39E-01,2.35E-01,3.00E-01,2.77E-01,3.01E-01,2.81E-01,3.96E-01,3.85E-01,3.24E-01,3.48E-01,2.76E-01,3.14E-01,3.91E-01,3.51E-01,2.43E-01,3.68E-01,3.40E-01,3.39E-01,3.18E-01,3.07E-01,2.98E-01,3.48E-01,3.25E-01,2.94E-01,2.62E-01,2.69E-01,2.86E-01,2.57E-01,2.56E-01,2.92E-01,2.63E-01,2.63E-01,2.74E-01,2.76E-01,2.56E-01,2.75E-01,3.33E-01,2.57E-01,3.01E-01,3.06E-01,2.95E-01,2.90E-01,2.89E-01,3.16E-01,2.59E-01,3.29E-01,2.86E-01,2.71E-01,2.60E-01,2.18E-01,2.56E-01,2.83E-01,2.13E-01,3.39E-01,2.97E-01,2.48E-01,2.58E-01,2.27E-01,2.22E-01,2.74E-01,2.48E-01,2.66E-01,2.99E-01,2.93E-01,2.93E-01,2.53E-01,3.33E-01,3.10E-01,2.26E-01,2.16E-01,3.19E-01,3.90E-01,4.97E-01,4.23E-01,3.06E-01,3.63E-01,3.39E-01,3.16E-01,3.33E-01,2.44E-01,2.50E-01,2.73E-01,3.37E-01,2.57E-01,3.05E-01,3.49E-01,3.63E-01,2.36E-01,2.83E-01,2.88E-01,2.83E-01,4.16E-01,3.18E-01,3.27E-01,2.58E-01,2.79E-01,3.46E-01,2.89E-01,3.14E-01,2.84E-01,3.05E-01,3.55E-01,3.45E-01,3.56E-01,3.42E-01,4.27E-01,3.03E-01,3.70E-01,3.30E-01,2.22E-01,4.08E-01,3.32E-01,3.58E-01,3.66E-01,2.93E-01
011_S_0016,1.34E-01,1.02E-01,1.97E-01,1.92E-01,2.23E-01,2.09E-01,2.49E-01,1.90E-01,1.85E-01,1.62E-01,1.64E-01,2.62E-01,2.10E-01,1.78E-01,2.06E-01,1.85E-01,2.13E-01,1.74E-01,2.08E-01,2.13E-01,2.61E-01,2.71E-01,2.39E-01,2.96E-01,2.68E-01,2.52E-01,2.65E-01,2.37E-01,2.74E-01,2.29E-01,2.50E-01,2.31E-01,2.17E-01,2.07E-01,2.33E-01,2.04E-01,2.27E-01,2.08E-01,1.96E-01,2.57E-01,1.51E-01,2.15E-01,2.77E-01,2.16E-01,2.38E-01,2.02E-01,2.85E-01,2.48E-01,1.38E-01,2.61E-01,4.13E-01,3.61E-01,2.36E-01,2.54E-01,2.63E-01,3.12E-01,2.65E-01,2.44E-01,2.34E-01,2.13E-01,2.14E-01,2.92E-01,2.65E-01,2.55E-01,2.80E-01,2.69E-01,2.89E-01,2.36E-01,2.77E-01,2.99E-01,2.64E-01,2.39E-01,2.85E-01,2.35E-01,2.95E-01,2.58E-01,3.04E-01,2.80E-01,3.12E-01,3.87E-01,3.05E-01,2.76E-01,3.16E-01,3.22E-01,2.94E-01,2.84E-01,2.63E-01,2.32E-01,2.39E-01,2.91E-01,2.61E-01,3.50E-01,3.30E-01,3.33E-01,3.46E-01,2.99E-01,2.99E-01,5.10E-01,3.68E-01,2.88E-01,3.21E-01,3.41E-01,3.41E-01,3.25E-01,2.76E-01,3.27E-01,3.95E-01,3.55E-01,3.25E-01,2.51E-01,2.60E-01,3.07E-01,2.47E-01,2.48E-01,2.29E-01,2.34E-01,2.67E-01,2.14E-01,2.38E-01,1.97E-01,2.50E-01,2.47E-01,2.36E-01,3.10E-01,3.29E-01,3.17E-01,2.88E-01,3.11E-01,3.40E-01,3.00E-01,3.24E-01,3.03E-01,2.78E-01,2.82E-01,2.24E-01,2.83E-01,2.41E-01,1.85E-01,2.54E-01,2.48E-01,2.41E-01,2.17E-01,2.82E-01,1.76E-01,2.67E-01,2.24E-01,3.14E-01,3.05E-01,3.17E-01,2.29E-01,2.94E-01,3.61E-01,2.77E-01,2.29E-01,2.14E-01,3.32E-01,3.94E-01,4.55E-01,4.03E-01,3.37E-01,3.41E-01,3.10E-01,3.39E-01,4.02E-01,3.00E-01,3.10E-01,2.24E-01,3.19E-01,3.24E-01,3.54E-01,3.61E-01,3.35E-01,2.94E-01,3.75E-01,3.80E-01,3.09E-01,3.97E-01,2.87E-01,2.96E-01,2.78E-01,3.04E-01,2.94E-01,3.15E-01,3.25E-01,2.91E-01,3.12E-01,3.13E-01,3.22E-01,3.51E-01,3.71E-01,3.90E-01,2.90E-01,3.57E-01,3.37E-01,2.65E-01,5.42E-01,3.51E-01,3.47E-01,3.43E-01,2.96E-01
011_S_0023,1.50E-01,1.16E-01,2.15E-01,2.30E-01,2.46E-01,2.47E-01,2.67E-01,2.09E-01,2.05E-01,1.65E-01,1.78E-01,2.68E-01,2.39E-01,1.67E-01,2.27E-01,2.02E-01,1.95E-01,1.79E-01,2.12E-01,2.08E-01,3.03E-01,3.02E-01,2.52E-01,3.04E-01,2.59E-01,2.60E-01,2.95E-01,2.54E-01,3.38E-01,2.63E-01,2.73E-01,3.23E-01,2.72E-01,2.64E-01,2.45E-01,2.00E-01,2.29E-01,2.16E-01,2.40E-01,2.92E-01,1.53E-01,2.52E-01,2.97E-01,2.33E-01,3.13E-01,2.22E-01,2.50E-01,2.97E-01,1.61E-01,3.37E-01,4.88E-01,4.37E-01,3.03E-01,2.73E-01,3.24E-01,3.68E-01,2.94E-01,2.56E-01,2.95E-01,2.26E-01,2.85E-01,2.91E-01,2.88E-01,2.89E-01,3.05E-01,2.97E-01,3.29E-01,2.61E-01,2.85E-01,2.91E-01,2.95E-01,2.68E-01,3.09E-01,2.43E-01,2.88E-01,3.09E-01,3.02E-01,2.98E-01,3.22E-01,4.61E-01,3.26E-01,3.02E-01,3.60E-01,3.23E-01,3.37E-01,3.51E-01,3.07E-01,2.77E-01,3.31E-01,3.82E-01,3.31E-01,4.03E-01,3.47E-01,3.53E-01,3.55E-01,2.78E-01,2.53E-01,5.00E-01,3.98E-01,3.23E-01,3.74E-01,3.42E-01,3.43E-01,3.49E-01,3.48E-01,3.21E-01,4.25E-01,3.52E-01,3.43E-01,2.18E-01,2.83E-01,2.83E-01,2.68E-01,2.66E-01,2.76E-01,2.56E-01,2.69E-01,2.40E-01,2.72E-01,2.71E-01,2.48E-01,2.46E-01,2.75E-01,3.47E-01,3.82E-01,3.69E-01,3.20E-01,2.88E-01,3.95E-01,3.12E-01,3.74E-01,3.17E-01,3.04E-01,2.53E-01,2.59E-01,3.04E-01,3.31E-01,2.16E-01,2.62E-01,2.61E-01,2.43E-01,2.72E-01,3.11E-01,2.62E-01,2.66E-01,2.39E-01,4.25E-01,3.76E-01,3.27E-01,3.01E-01,2.78E-01,3.54E-01,3.30E-01,2.71E-01,2.33E-01,4.03E-01,4.62E-01,5.81E-01,4.92E-01,3.52E-01,4.52E-01,3.51E-01,3.59E-01,3.98E-01,3.65E-01,2.74E-01,2.75E-01,3.60E-01,3.59E-01,4.02E-01,3.78E-01,4.17E-01,3.54E-01,3.08E-01,3.78E-01,3.63E-01,4.39E-01,3.30E-01,3.23E-01,2.93E-01,3.10E-01,3.25E-01,3.74E-01,3.51E-01,3.60E-01,3.42E-01,3.25E-01,3.77E-01,3.01E-01,4.05E-01,4.57E-01,3.34E-01,3.95E-01,4.00E-01,2.39E-01,5.47E-01,3.57E-01,4.24E-01,3.73E-01,3.08E-01
011_S_4845,1.19E-01,9.28E-02,1.69E-01,2.00E-01,1.80E-01,1.97E-01,2.19E-01,1.59E-01,1.62E-01,1.42E-01,1.39E-01,2.47E-01,1.89E-01,1.44E-01,1.93E-01,1.72E-01,1.67E-01,1.82E-01,2.04E-01,1.87E-01,2.16E-01,2.81E-01,2.31E-01,2.86E-01,2.27E-01,2.47E-01,2.43E-01,2.07E-01,2.36E-01,2.06E-01,1.94E-01,1.96E-01,2.07E-01,1.70E-01,2.04E-01,1.64E-01,2.04E-01,2.07E-01,1.84E-01,2.50E-01,1.19E-01,2.27E-01,2.29E-01,1.76E-01,2.01E-01,1.96E-01,2.44E-01,2.23E-01,1.22E-01,2.55E-01,4.06E-01,3.51E-01,2.63E-01,2.19E-01,2.71E-01,2.67E-01,2.32E-01,1.62E-01,2.02E-01,1.64E-01,2.16E-01,2.74E-01,1.82E-01,2.11E-01,2.47E-01,2.22E-01,2.78E-01,1.99E-01,2.13E-01,2.60E-01,2.43E-01,2.22E-01,2.72E-01,2.01E-01,2.10E-01,2.66E-01,2.43E-01,2.54E-01,2.69E-01,4.08E-01,3.32E-01,2.89E-01,2.93E-01,2.65E-01,2.24E-01,2.69E-01,2.13E-01,2.94E-01,2.89E-01,3.13E-01,2.70E-01,3.27E-01,3.47E-01,2.43E-01,2.57E-01,2.24E-01,2.78E-01,3.54E-01,2.96E-01,2.18E-01,2.77E-01,2.75E-01,2.86E-01,2.65E-01,2.37E-01,2.55E-01,2.95E-01,2.86E-01,2.54E-01,2.31E-01,2.04E-01,2.63E-01,2.18E-01,2.12E-01,2.48E-01,2.20E-01,2.30E-01,2.02E-01,2.46E-01,2.06E-01,2.15E-01,2.32E-01,2.19E-01,2.75E-01,3.15E-01,2.58E-01,2.73E-01,2.79E-01,2.79E-01,2.43E-01,2.85E-01,2.60E-01,1.85E-01,2.10E-01,1.81E-01,2.30E-01,2.57E-01,1.76E-01,2.41E-01,2.74E-01,2.16E-01,2.36E-01,2.16E-01,2.24E-01,2.04E-01,1.79E-01,2.57E-01,2.54E-01,2.73E-01,2.28E-01,2.77E-01,2.80E-01,2.91E-01,2.12E-01,1.77E-01,2.84E-01,3.95E-01,4.98E-01,4.44E-01,3.47E-01,4.00E-01,2.80E-01,3.19E-01,2.97E-01,2.40E-01,2.28E-01,2.42E-01,2.81E-01,2.29E-01,2.78E-01,2.78E-01,3.16E-01,2.23E-01,2.76E-01,2.49E-01,2.63E-01,3.73E-01,2.52E-01,2.50E-01,2.32E-01,2.27E-01,2.53E-01,2.96E-01,2.63E-01,2.68E-01,2.56E-01,3.51E-01,3.13E-01,3.57E-01,3.35E-01,4.08E-01,3.07E-01,2.66E-01,2.36E-01,2.31E-01,3.94E-01,2.55E-01,3.40E-01,2.79E-01,2.41E-01
011_S_4906,1.43E-01,1.07E-01,2.06E-01,2.37E-01,2.51E-01,2.41E-01,2.75E-01,1.98E-01,2.05E-01,1.84E-01,1.75E-01,2.95E-01,2.28E-01,1.55E-01,2.22E-01,1.87E-01,1.85E-01,1.44E-01,1.96E-01,1.99E-01,2.57E-01,3.28E-01,2.66E-01,3.10E-01,2.60E-01,2.73E-01,3.14E-01,2.23E-01,2.70E-01,2.80E-01,2.66E-01,2.66E-01,2.40E-01,2.12E-01,2.54E-01,2.09E-01,1.99E-01,2.18E-01,1.82E-01,3.09E-01,1.37E-01,2.76E-01,2.66E-01,2.14E-01,3.00E-01,2.11E-01,2.50E-01,3.14E-01,1.55E-01,2.78E-01,3.97E-01,3.31E-01,2.40E-01,2.40E-01,2.77E-01,3.12E-01,2.93E-01,2.15E-01,2.68E-01,2.10E-01,2.53E-01,3.38E-01,2.79E-01,2.87E-01,3.01E-01,2.52E-01,3.05E-01,2.51E-01,2.99E-01,3.11E-01,3.31E-01,2.66E-01,2.92E-01,2.37E-01,3.01E-01,3.47E-01,3.26E-01,3.00E-01,3.33E-01,4.04E-01,3.52E-01,3.29E-01,3.52E-01,3.23E-01,3.42E-01,3.08E-01,2.65E-01,3.26E-01,3.14E-01,3.70E-01,3.63E-01,3.66E-01,3.89E-01,3.55E-01,3.42E-01,3.31E-01,3.64E-01,4.10E-01,3.33E-01,2.48E-01,3.62E-01,3.73E-01,3.89E-01,3.87E-01,3.44E-01,3.38E-01,4.19E-01,4.02E-01,3.39E-01,3.02E-01,2.69E-01,3.25E-01,2.67E-01,2.60E-01,3.07E-01,2.51E-01,2.81E-01,2.25E-01,2.71E-01,2.01E-01,2.37E-01,2.37E-01,2.45E-01,3.17E-01,3.62E-01,3.51E-01,3.34E-01,2.97E-01,3.55E-01,2.99E-01,2.94E-01,2.83E-01,2.70E-01,3.01E-01,2.25E-01,3.01E-01,3.74E-01,2.25E-01,2.83E-01,2.87E-01,2.50E-01,3.23E-01,2.44E-01,2.55E-01,2.33E-01,2.24E-01,3.66E-01,3.51E-01,3.04E-01,2.61E-01,3.10E-01,3.67E-01,3.41E-01,2.58E-01,2.36E-01,3.93E-01,3.41E-01,4.42E-01,3.72E-01,3.58E-01,3.66E-01,3.28E-01,3.28E-01,3.36E-01,3.12E-01,2.51E-01,2.93E-01,2.96E-01,3.05E-01,3.67E-01,3.43E-01,3.78E-01,3.10E-01,3.16E-01,3.35E-01,3.43E-01,4.20E-01,2.98E-01,3.94E-01,3.42E-01,3.17E-01,3.21E-01,3.60E-01,3.09E-01,3.40E-01,3.71E-01,3.43E-01,3.75E-01,4.04E-01,3.69E-01,4.34E-01,3.36E-01,3.89E-01,3.84E-01,2.84E-01,4.61E-01,3.20E-01,4.09E-01,3.23E-01,3.18E-01
011_S_4949,1.39E-01,1.07E-01,2.12E-01,2.28E-01,2.61E-01,2.60E-01,2.68E-01,1.97E-01,1.95E-01,1.77E-01,1.68E-01,2.79E-01,2.19E-01,2.00E-01,2.76E-01,2.18E-01,1.93E-01,1.82E-01,2.14E-01,2.05E-01,2.84E-01,3.23E-01,2.60E-01,3.09E-01,2.57E-01,2.64E-01,2.95E-01,2.46E-01,2.98E-01,2.81E-01,2.69E-01,2.27E-01,2.39E-01,2.21E-01,2.57E-01,1.84E-01,2.15E-01,2.08E-01,2.07E-01,3.15E-01,1.51E-01,2.37E-01,2.66E-01,1.98E-01,2.76E-01,2.14E-01,2.50E-01,3.48E-01,1.54E-01,2.71E-01,3.78E-01,3.69E-01,2.29E-01,2.39E-01,2.55E-01,3.12E-01,3.15E-01,2.30E-01,2.52E-01,2.14E-01,2.73E-01,3.64E-01,2.70E-01,2.53E-01,2.86E-01,2.69E-01,3.54E-01,2.66E-01,2.60E-01,3.04E-01,3.32E-01,2.76E-01,3.22E-01,2.24E-01,3.19E-01,2.71E-01,2.83E-01,2.77E-01,3.38E-01,3.83E-01,3.51E-01,3.25E-01,3.32E-01,3.67E-01,3.58E-01,3.31E-01,2.73E-01,3.06E-01,3.22E-01,3.42E-01,3.23E-01,3.46E-01,3.64E-01,3.15E-01,3.43E-01,3.21E-01,2.98E-01,4.11E-01,3.36E-01,2.40E-01,3.32E-01,3.24E-01,3.51E-01,3.40E-01,2.89E-01,3.02E-01,3.75E-01,3.37E-01,3.34E-01,2.71E-01,2.78E-01,2.85E-01,2.78E-01,2.76E-01,2.90E-01,2.71E-01,3.08E-01,2.59E-01,2.95E-01,2.36E-01,2.26E-01,2.48E-01,2.72E-01,3.34E-01,3.54E-01,3.12E-01,3.08E-01,3.09E-01,3.21E-01,2.77E-01,2.97E-01,3.22E-01,2.43E-01,3.19E-01,2.48E-01,2.93E-01,3.02E-01,2.43E-01,2.87E-01,2.73E-01,2.40E-01,2.80E-01,3.51E-01,2.27E-01,2.72E-01,2.75E-01,3.62E-01,3.36E-01,3.05E-01,3.01E-01,3.34E-01,3.39E-01,3.77E-01,2.40E-01,2.66E-01,3.65E-01,3.72E-01,4.48E-01,4.00E-01,4.04E-01,3.64E-01,2.59E-01,2.89E-01,2.50E-01,3.40E-01,2.91E-01,2.71E-01,3.53E-01,3.30E-01,3.47E-01,2.79E-01,3.35E-01,2.60E-01,3.34E-01,3.37E-01,3.07E-01,4.13E-01,3.33E-01,3.36E-01,2.98E-01,3.20E-01,3.35E-01,3.28E-01,3.08E-01,3.19E-01,3.14E-01,3.02E-01,3.65E-01,4.04E-01,3.57E-01,4.18E-01,3.26E-01,4.31E-01,3.50E-01,2.45E-01,4.10E-01,3.66E-01,3.97E-01,3.48E-01,3.18E-01
012_S_0637,1.51E-01,1.09E-01,2.21E-01,2.32E-01,2.66E-01,2.28E-01,2.86E-01,1.95E-01,2.01E-01,1.80E-01,1.59E-01,2.70E-01,2.20E-01,1.87E-01,2.37E-01,2.43E-01,2.19E-01,2.09E-01,2.33E-01,2.26E-01,2.74E-01,3.43E-01,2.59E-01,3.25E-01,2.77E-01,2.85E-01,2.54E-01,2.27E-01,3.25E-01,2.61E-01,2.67E-01,2.52E-01,2.35E-01,2.40E-01,2.71E-01,2.13E-01,2.56E-01,2.51E-01,2.14E-01,2.86E-01,1.39E-01,2.40E-01,2.81E-01,1.90E-01,2.49E-01,2.13E-01,2.84E-01,2.76E-01,1.42E-01,2.60E-01,3.80E-01,3.17E-01,2.11E-01,2.60E-01,2.47E-01,3.34E-01,3.01E-01,2.47E-01,2.79E-01,2.31E-01,2.42E-01,3.50E-01,2.41E-01,2.41E-01,2.95E-01,2.67E-01,3.55E-01,2.72E-01,2.34E-01,3.04E-01,3.08E-01,2.59E-01,3.17E-01,2.31E-01,2.84E-01,2.66E-01,2.89E-01,2.78E-01,3.00E-01,3.55E-01,3.27E-01,2.82E-01,2.99E-01,3.49E-01,3.17E-01,3.47E-01,2.65E-01,2.70E-01,3.07E-01,3.29E-01,2.90E-01,3.74E-01,3.54E-01,2.90E-01,3.49E-01,3.38E-01,3.36E-01,4.57E-01,3.74E-01,2.67E-01,3.22E-01,3.76E-01,3.69E-01,3.88E-01,3.25E-01,3.26E-01,4.25E-01,3.80E-01,3.34E-01,3.00E-01,2.80E-01,2.91E-01,3.03E-01,2.73E-01,2.60E-01,2.84E-01,2.91E-01,2.94E-01,3.03E-01,2.29E-01,2.61E-01,2.47E-01,2.76E-01,3.29E-01,3.81E-01,3.20E-01,3.16E-01,3.34E-01,3.66E-01,3.01E-01,3.70E-01,3.55E-01,3.04E-01,2.50E-01,2.56E-01,3.35E-01,3.06E-01,2.34E-01,2.97E-01,2.66E-01,2.49E-01,2.78E-01,2.61E-01,2.42E-01,2.45E-01,2.26E-01,3.14E-01,3.17E-01,3.25E-01,2.64E-01,3.31E-01,3.89E-01,2.98E-01,2.40E-01,2.29E-01,3.18E-01,3.45E-01,4.17E-01,3.61E-01,2.97E-01,2.87E-01,3.09E-01,3.02E-01,3.77E-01,3.60E-01,2.65E-01,2.43E-01,3.64E-01,3.10E-01,3.63E-01,3.57E-01,4.20E-01,3.06E-01,3.17E-01,3.23E-01,3.30E-01,4.09E-01,3.32E-01,3.05E-01,3.51E-01,3.29E-01,3.28E-01,3.55E-01,3.46E-01,3.29E-01,3.05E-01,3.09E-01,3.39E-01,3.27E-01,3.61E-01,3.64E-01,3.46E-01,3.99E-01,4.31E-01,2.80E-01,4.86E-01,3.11E-01,4.57E-01,3.75E-01,3.29E-01
012_S_0720,1.10E-01,8.69E-02,1.64E-01,1.77E-01,1.98E-01,1.94E-01,2.07E-01,1.56E-01,1.51E-01,1.31E-01,1.34E-01,2.57E-01,1.66E-01,1.51E-01,2.09E-01,2.04E-01,1.77E-01,1.65E-01,1.99E-01,1.82E-01,2.12E-01,2.38E-01,1.93E-01,2.31E-01,2.07E-01,2.11E-01,2.16E-01,1.94E-01,2.37E-01,2.14E-01,1.84E-01,1.93E-01,1.94E-01,1.97E-01,2.15E-01,1.88E-01,2.17E-01,2.20E-01,1.87E-01,2.09E-01,1.09E-01,1.77E-01,2.03E-01,1.52E-01,2.41E-01,2.00E-01,2.61E-01,2.18E-01,1.20E-01,2.32E-01,3.26E-01,3.33E-01,2.26E-01,1.89E-01,2.10E-01,2.59E-01,2.26E-01,2.07E-01,2.37E-01,1.85E-01,1.98E-01,2.50E-01,1.95E-01,2.01E-01,2.12E-01,2.27E-01,2.88E-01,2.21E-01,2.06E-01,2.21E-01,2.38E-01,2.31E-01,2.53E-01,1.85E-01,2.51E-01,2.39E-01,2.33E-01,2.25E-01,2.58E-01,4.02E-01,2.60E-01,2.19E-01,2.96E-01,2.48E-01,2.84E-01,2.39E-01,1.96E-01,2.19E-01,2.39E-01,2.97E-01,2.72E-01,2.85E-01,2.68E-01,2.56E-01,2.57E-01,2.38E-01,2.23E-01,2.76E-01,2.82E-01,1.81E-01,2.65E-01,2.78E-01,2.56E-01,2.67E-01,2.17E-01,2.36E-01,2.75E-01,2.74E-01,2.40E-01,1.61E-01,2.18E-01,2.40E-01,2.23E-01,1.91E-01,2.28E-01,2.47E-01,2.64E-01,2.87E-01,2.50E-01,2.12E-01,2.54E-01,2.40E-01,2.26E-01,2.19E-01,2.46E-01,2.32E-01,2.25E-01,2.32E-01,2.43E-01,2.12E-01,2.62E-01,2.32E-01,2.12E-01,2.24E-01,1.97E-01,2.39E-01,2.34E-01,1.96E-01,2.49E-01,2.64E-01,1.94E-01,2.08E-01,1.82E-01,1.74E-01,1.98E-01,1.92E-01,3.19E-01,2.44E-01,2.13E-01,2.53E-01,2.45E-01,2.73E-01,2.78E-01,1.82E-01,1.89E-01,2.95E-01,3.41E-01,3.73E-01,3.71E-01,2.65E-01,2.90E-01,2.66E-01,2.63E-01,2.27E-01,2.76E-01,2.39E-01,2.04E-01,2.23E-01,2.54E-01,2.94E-01,2.43E-01,2.68E-01,2.49E-01,2.90E-01,2.44E-01,2.50E-01,3.33E-01,2.46E-01,3.11E-01,2.67E-01,2.17E-01,2.39E-01,2.93E-01,2.30E-01,2.52E-01,2.88E-01,2.48E-01,2.82E-01,2.72E-01,2.84E-01,4.01E-01,2.71E-01,3.21E-01,2.81E-01,2.16E-01,2.74E-01,2.56E-01,3.13E-01,2.50E-01,2.14E-01
013_S_4616,1.55E-01,1.15E-01,2.17E-01,2.27E-01,2.42E-01,2.65E-01,2.67E-01,2.01E-01,2.11E-01,1.93E-01,1.77E-01,3.15E-01,2.44E-01,1.90E-01,2.39E-01,2.17E-01,2.12E-01,1.97E-01,2.22E-01,2.13E-01,2.87E-01,2.87E-01,2.42E-01,3.14E-01,2.37E-01,2.48E-01,2.67E-01,2.62E-01,3.29E-01,2.58E-01,2.40E-01,2.31E-01,2.48E-01,1.94E-01,2.62E-01,2.40E-01,2.48E-01,2.35E-01,2.40E-01,2.65E-01,1.47E-01,2.41E-01,3.30E-01,2.30E-01,2.88E-01,2.44E-01,2.75E-01,3.25E-01,1.52E-01,2.79E-01,4.19E-01,3.42E-01,2.64E-01,3.07E-01,2.83E-01,3.19E-01,2.65E-01,2.31E-01,2.78E-01,2.14E-01,2.70E-01,3.74E-01,2.96E-01,2.69E-01,3.07E-01,2.78E-01,3.49E-01,2.88E-01,3.02E-01,3.30E-01,3.54E-01,2.88E-01,3.20E-01,2.50E-01,3.10E-01,3.58E-01,3.41E-01,3.10E-01,3.26E-01,3.78E-01,3.42E-01,2.70E-01,3.56E-01,3.86E-01,3.45E-01,3.24E-01,2.83E-01,2.55E-01,3.33E-01,3.54E-01,3.54E-01,3.48E-01,3.34E-01,3.40E-01,3.74E-01,3.29E-01,3.39E-01,4.83E-01,3.45E-01,2.61E-01,3.59E-01,3.35E-01,3.48E-01,3.58E-01,3.19E-01,3.84E-01,4.15E-01,4.22E-01,3.67E-01,3.32E-01,3.00E-01,3.19E-01,2.88E-01,2.99E-01,3.30E-01,2.77E-01,2.90E-01,2.73E-01,2.90E-01,2.75E-01,2.60E-01,2.92E-01,3.02E-01,3.15E-01,3.37E-01,3.03E-01,2.91E-01,3.48E-01,3.26E-01,3.49E-01,3.58E-01,3.08E-01,2.91E-01,2.73E-01,2.22E-01,2.59E-01,2.82E-01,2.28E-01,2.73E-01,2.87E-01,3.22E-01,2.83E-01,3.63E-01,2.56E-01,2.71E-01,2.67E-01,3.85E-01,3.46E-01,3.36E-01,3.16E-01,3.33E-01,3.90E-01,3.10E-01,2.52E-01,2.10E-01,3.75E-01,3.60E-01,4.81E-01,3.96E-01,3.21E-01,3.71E-01,3.49E-01,3.47E-01,4.24E-01,3.18E-01,3.47E-01,2.99E-01,3.95E-01,3.20E-01,3.83E-01,4.11E-01,3.96E-01,3.67E-01,4.47E-01,3.34E-01,3.55E-01,4.31E-01,3.35E-01,3.96E-01,3.22E-01,3.35E-01,3.16E-01,3.67E-01,3.50E-01,3.33E-01,3.24E-01,2.72E-01,3.66E-01,3.23E-01,3.89E-01,4.32E-01,3.22E-01,3.66E-01,3.74E-01,2.98E-01,5.28E-01,3.79E-01,3.69E-01,3.09E-01,2.86E-01
014_S_0519,1.53E-01,1.17E-01,2.21E-01,2.37E-01,2.70E-01,2.57E-01,2.79E-01,2.06E-01,2.07E-01,1.86E-01,1.82E-01,2.66E-01,2.47E-01,1.84E-01,2.33E-01,1.97E-01,2.03E-01,2.11E-01,2.31E-01,2.20E-01,2.85E-01,3.02E-01,2.66E-01,3.20E-01,2.43E-01,2.76E-01,2.63E-01,2.49E-01,3.56E-01,2.69E-01,2.44E-01,2.63E-01,2.67E-01,2.32E-01,2.52E-01,2.13E-01,2.41E-01,2.54E-01,2.40E-01,3.06E-01,1.50E-01,2.59E-01,3.10E-01,2.33E-01,3.24E-01,2.57E-01,2.65E-01,3.60E-01,1.70E-01,3.40E-01,4.27E-01,3.82E-01,3.02E-01,3.31E-01,3.09E-01,3.55E-01,2.84E-01,2.74E-01,2.54E-01,2.25E-01,2.97E-01,3.66E-01,3.18E-01,2.72E-01,3.52E-01,3.03E-01,3.77E-01,3.02E-01,3.23E-01,3.35E-01,3.46E-01,2.86E-01,3.27E-01,2.55E-01,3.56E-01,3.13E-01,3.36E-01,3.14E-01,3.71E-01,4.20E-01,3.61E-01,3.00E-01,3.46E-01,4.11E-01,3.74E-01,3.27E-01,2.87E-01,3.49E-01,3.99E-01,4.67E-01,4.18E-01,3.75E-01,3.93E-01,3.32E-01,3.31E-01,3.56E-01,3.34E-01,5.12E-01,3.36E-01,2.70E-01,3.59E-01,3.37E-01,3.68E-01,3.66E-01,3.50E-01,3.57E-01,4.15E-01,3.86E-01,3.65E-01,2.95E-01,3.03E-01,3.23E-01,2.97E-01,3.25E-01,3.55E-01,2.59E-01,3.14E-01,2.76E-01,2.90E-01,2.95E-01,2.66E-01,3.41E-01,2.63E-01,3.21E-01,3.37E-01,3.08E-01,3.16E-01,3.12E-01,3.14E-01,3.16E-01,3.67E-01,2.85E-01,2.99E-01,2.47E-01,2.66E-01,2.82E-01,3.31E-01,2.27E-01,2.73E-01,2.59E-01,3.29E-01,2.81E-01,3.66E-01,2.77E-01,2.72E-01,2.48E-01,4.61E-01,3.49E-01,3.09E-01,4.32E-01,3.01E-01,3.86E-01,3.79E-01,2.67E-01,2.34E-01,4.25E-01,4.10E-01,4.91E-01,4.04E-01,4.42E-01,3.93E-01,3.81E-01,3.48E-01,4.34E-01,3.28E-01,3.14E-01,3.20E-01,3.80E-01,3.23E-01,4.11E-01,4.57E-01,4.54E-01,3.47E-01,3.62E-01,3.52E-01,3.18E-01,4.55E-01,3.33E-01,4.16E-01,3.27E-01,3.18E-01,3.55E-01,3.74E-01,3.11E-01,3.56E-01,3.22E-01,3.90E-01,4.19E-01,4.04E-01,3.88E-01,4.41E-01,3.56E-01,3.86E-01,3.89E-01,2.66E-01,5.33E-01,3.76E-01,4.11E-01,3.63E-01,2.92E-01
014_S_0520,1.56E-01,1.22E-01,2.21E-01,2.48E-01,2.94E-01,2.51E-01,2.75E-01,2.22E-01,2.13E-01,1.78E-01,1.87E-01,2.90E-01,2.45E-01,1.92E-01,2.54E-01,2.39E-01,2.24E-01,1.89E-01,2.39E-01,2.56E-01,3.14E-01,3.42E-01,2.93E-01,3.50E-01,2.80E-01,3.19E-01,2.85E-01,2.61E-01,3.38E-01,2.92E-01,3.12E-01,3.00E-01,2.63E-01,2.61E-01,2.66E-01,2.15E-01,2.56E-01,3.02E-01,2.27E-01,2.96E-01,1.69E-01,2.79E-01,3.24E-01,2.21E-01,2.92E-01,1.89E-01,2.68E-01,3.29E-01,1.51E-01,3.09E-01,4.31E-01,3.82E-01,2.52E-01,2.70E-01,3.02E-01,3.49E-01,3.28E-01,2.45E-01,2.79E-01,2.36E-01,2.32E-01,3.42E-01,2.81E-01,2.79E-01,2.96E-01,2.74E-01,3.64E-01,2.74E-01,2.57E-01,3.11E-01,3.32E-01,2.97E-01,3.55E-01,2.37E-01,2.97E-01,3.24E-01,3.43E-01,3.13E-01,3.35E-01,4.52E-01,3.57E-01,3.06E-01,4.00E-01,3.60E-01,4.14E-01,3.74E-01,2.85E-01,2.74E-01,3.22E-01,3.65E-01,2.72E-01,3.83E-01,3.62E-01,3.42E-01,3.67E-01,3.12E-01,3.47E-01,4.21E-01,3.70E-01,2.76E-01,3.92E-01,4.11E-01,3.41E-01,3.83E-01,3.57E-01,3.73E-01,4.40E-01,4.05E-01,3.44E-01,3.08E-01,2.89E-01,3.61E-01,3.16E-01,3.18E-01,3.21E-01,3.15E-01,3.39E-01,2.93E-01,3.14E-01,2.60E-01,2.95E-01,2.73E-01,2.98E-01,3.52E-01,3.65E-01,3.92E-01,3.58E-01,3.28E-01,3.75E-01,3.33E-01,3.74E-01,3.24E-01,3.07E-01,3.30E-01,2.59E-01,3.67E-01,3.27E-01,2.59E-01,3.47E-01,3.53E-01,2.99E-01,3.14E-01,3.06E-01,2.67E-01,2.83E-01,2.47E-01,3.74E-01,3.51E-01,3.00E-01,2.72E-01,2.96E-01,3.50E-01,2.78E-01,2.82E-01,2.43E-01,4.09E-01,3.78E-01,5.07E-01,4.26E-01,3.88E-01,4.22E-01,3.69E-01,3.61E-01,4.32E-01,3.23E-01,3.03E-01,3.18E-01,3.14E-01,3.11E-01,3.58E-01,3.84E-01,4.34E-01,3.46E-01,3.26E-01,3.61E-01,3.27E-01,4.07E-01,2.65E-01,3.70E-01,3.90E-01,3.58E-01,3.89E-01,3.55E-01,3.79E-01,3.68E-01,3.22E-01,3.70E-01,3.80E-01,3.58E-01,4.10E-01,5.00E-01,3.73E-01,3.45E-01,3.80E-01,2.93E-01,5.54E-01,3.90E-01,4.35E-01,3.81E-01,2.89E-01
016_S_1263,1.52E-01,1.09E-01,2.03E-01,2.16E-01,2.45E-01,2.37E-01,2.65E-01,1.85E-01,1.88E-01,1.66E-01,1.65E-01,2.80E-01,2.29E-01,1.73E-01,2.36E-01,2.18E-01,2.06E-01,2.11E-01,2.34E-01,2.21E-01,2.56E-01,2.73E-01,2.30E-01,2.69E-01,2.44E-01,2.50E-01,2.52E-01,2.28E-01,3.08E-01,2.52E-01,2.47E-01,2.66E-01,2.34E-01,2.36E-01,2.46E-01,2.03E-01,2.21E-01,2.32E-01,2.27E-01,2.61E-01,1.28E-01,2.25E-01,2.69E-01,2.25E-01,2.55E-01,1.99E-01,2.66E-01,2.73E-01,1.48E-01,2.85E-01,3.98E-01,3.79E-01,2.71E-01,2.62E-01,2.71E-01,2.98E-01,2.73E-01,2.21E-01,2.83E-01,2.13E-01,2.62E-01,3.50E-01,2.71E-01,2.94E-01,2.87E-01,2.49E-01,3.44E-01,2.41E-01,2.76E-01,2.93E-01,3.05E-01,2.64E-01,3.08E-01,2.16E-01,2.76E-01,2.88E-01,2.86E-01,2.83E-01,3.41E-01,3.87E-01,3.44E-01,2.98E-01,3.14E-01,3.26E-01,3.26E-01,3.29E-01,2.66E-01,3.19E-01,3.40E-01,3.70E-01,3.46E-01,3.35E-01,3.71E-01,3.18E-01,3.03E-01,2.71E-01,3.23E-01,3.38E-01,3.35E-01,2.39E-01,3.66E-01,3.29E-01,3.53E-01,3.58E-01,3.21E-01,3.40E-01,3.88E-01,3.31E-01,3.36E-01,2.79E-01,3.03E-01,3.26E-01,2.66E-01,2.52E-01,3.13E-01,2.98E-01,2.89E-01,2.99E-01,2.87E-01,2.92E-01,2.66E-01,2.73E-01,3.04E-01,3.15E-01,3.39E-01,2.97E-01,2.99E-01,3.35E-01,3.56E-01,3.31E-01,3.46E-01,3.40E-01,2.82E-01,2.93E-01,2.49E-01,3.34E-01,2.95E-01,1.95E-01,2.92E-01,2.48E-01,2.73E-01,2.59E-01,3.32E-01,2.10E-01,2.60E-01,2.47E-01,3.48E-01,3.51E-01,3.32E-01,3.09E-01,2.80E-01,2.89E-01,2.36E-01,2.43E-01,2.16E-01,3.43E-01,4.04E-01,4.61E-01,4.11E-01,3.51E-01,3.88E-01,3.43E-01,3.17E-01,3.68E-01,2.71E-01,2.88E-01,3.06E-01,3.67E-01,3.34E-01,3.21E-01,3.77E-01,4.07E-01,2.86E-01,3.22E-01,3.74E-01,3.31E-01,3.66E-01,2.61E-01,4.09E-01,3.14E-01,3.16E-01,3.57E-01,3.26E-01,3.43E-01,3.59E-01,3.24E-01,3.62E-01,3.39E-01,3.46E-01,3.91E-01,4.17E-01,3.32E-01,3.65E-01,3.85E-01,2.49E-01,4.22E-01,3.68E-01,3.67E-01,3.62E-01,2.92E-01
016_S_4583,1.43E-01,1.00E-01,2.07E-01,2.21E-01,2.31E-01,2.26E-01,2.60E-01,1.76E-01,1.88E-01,1.69E-01,1.45E-01,2.38E-01,1.80E-01,1.47E-01,1.87E-01,1.79E-01,1.84E-01,1.71E-01,1.81E-01,2.10E-01,2.46E-01,2.33E-01,2.06E-01,2.35E-01,2.05E-01,2.22E-01,2.17E-01,1.97E-01,2.67E-01,2.19E-01,2.37E-01,2.27E-01,2.40E-01,1.79E-01,2.11E-01,1.69E-01,2.04E-01,1.89E-01,1.72E-01,2.48E-01,1.23E-01,1.87E-01,2.45E-01,1.70E-01,2.22E-01,1.65E-01,2.22E-01,2.62E-01,1.35E-01,2.29E-01,3.14E-01,3.01E-01,2.41E-01,2.29E-01,2.22E-01,2.65E-01,2.31E-01,1.94E-01,2.16E-01,1.60E-01,2.10E-01,2.66E-01,2.24E-01,2.17E-01,2.23E-01,2.54E-01,2.87E-01,2.29E-01,1.97E-01,2.27E-01,2.53E-01,2.32E-01,2.67E-01,1.95E-01,2.72E-01,2.77E-01,2.62E-01,2.38E-01,2.58E-01,3.61E-01,2.69E-01,2.50E-01,2.58E-01,3.10E-01,3.30E-01,2.74E-01,2.20E-01,2.25E-01,2.79E-01,2.80E-01,2.32E-01,2.93E-01,3.48E-01,2.80E-01,2.85E-01,2.65E-01,3.06E-01,4.53E-01,2.92E-01,2.03E-01,3.12E-01,3.03E-01,3.18E-01,3.38E-01,2.66E-01,3.06E-01,3.43E-01,3.63E-01,3.00E-01,3.40E-01,2.03E-01,2.50E-01,2.10E-01,2.37E-01,2.33E-01,2.21E-01,2.35E-01,2.11E-01,2.22E-01,2.02E-01,2.18E-01,1.72E-01,2.08E-01,2.49E-01,2.63E-01,2.19E-01,2.42E-01,3.04E-01,2.82E-01,2.92E-01,2.57E-01,1.98E-01,2.23E-01,2.16E-01,1.75E-01,2.26E-01,2.05E-01,1.74E-01,2.66E-01,2.32E-01,2.19E-01,1.99E-01,2.22E-01,1.83E-01,1.88E-01,2.01E-01,2.74E-01,2.45E-01,2.38E-01,2.13E-01,2.27E-01,2.86E-01,3.03E-01,2.08E-01,1.95E-01,2.76E-01,3.02E-01,3.85E-01,3.72E-01,3.51E-01,3.45E-01,2.72E-01,2.97E-01,2.96E-01,2.39E-01,2.10E-01,2.42E-01,2.88E-01,2.25E-01,3.11E-01,3.03E-01,3.03E-01,2.38E-01,2.74E-01,2.39E-01,2.36E-01,3.81E-01,2.62E-01,2.92E-01,2.76E-01,2.42E-01,2.75E-01,2.56E-01,2.52E-01,2.79E-01,2.23E-01,3.14E-01,2.94E-01,2.83E-01,3.31E-01,3.31E-01,3.28E-01,3.17E-01,3.32E-01,2.86E-01,4.58E-01,3.15E-01,3.25E-01,2.41E-01,2.13E-01
016_S_4638,1.67E-01,1.24E-01,2.48E-01,2.73E-01,2.65E-01,2.75E-01,3.02E-01,2.10E-01,2.19E-01,1.84E-01,1.82E-01,3.34E-01,2.30E-01,2.17E-01,2.74E-01,2.53E-01,2.40E-01,2.44E-01,2.50E-01,2.66E-01,3.11E-01,3.39E-01,2.94E-01,3.27E-01,2.90E-01,2.81E-01,2.87E-01,2.89E-01,3.46E-01,2.97E-01,2.91E-01,2.63E-01,2.89E-01,2.57E-01,2.97E-01,1.97E-01,2.76E-01,2.41E-01,2.66E-01,3.03E-01,1.77E-01,2.68E-01,3.29E-01,2.23E-01,3.25E-01,2.59E-01,3.56E-01,3.32E-01,1.75E-01,3.35E-01,4.94E-01,3.95E-01,2.95E-01,2.91E-01,3.25E-01,3.63E-01,3.59E-01,2.76E-01,3.07E-01,2.20E-01,2.99E-01,4.08E-01,3.28E-01,3.24E-01,3.66E-01,3.28E-01,4.08E-01,3.19E-01,3.10E-01,3.50E-01,3.30E-01,3.00E-01,3.75E-01,2.65E-01,2.99E-01,3.19E-01,3.24E-01,3.21E-01,3.74E-01,4.61E-01,3.68E-01,3.38E-01,3.81E-01,4.12E-01,3.94E-01,3.78E-01,3.32E-01,2.97E-01,3.20E-01,4.16E-01,3.44E-01,4.17E-01,4.01E-01,3.98E-01,3.75E-01,3.28E-01,3.38E-01,5.65E-01,4.25E-01,3.39E-01,4.15E-01,4.29E-01,4.06E-01,3.82E-01,3.15E-01,4.02E-01,4.24E-01,4.08E-01,3.30E-01,3.08E-01,3.06E-01,3.40E-01,3.29E-01,3.03E-01,3.50E-01,2.92E-01,3.47E-01,3.26E-01,3.20E-01,3.08E-01,2.95E-01,2.60E-01,3.16E-01,3.43E-01,3.78E-01,3.73E-01,3.50E-01,3.83E-01,4.38E-01,3.61E-01,3.60E-01,3.28E-01,2.89E-01,2.88E-01,2.85E-01,3.98E-01,3.56E-01,2.28E-01,3.27E-01,3.24E-01,2.93E-01,3.22E-01,3.25E-01,2.92E-01,2.96E-01,2.81E-01,4.04E-01,3.42E-01,3.27E-01,3.14E-01,3.57E-01,4.30E-01,3.82E-01,2.94E-01,2.60E-01,4.33E-01,3.88E-01,5.73E-01,4.54E-01,4.25E-01,4.14E-01,3.86E-01,3.97E-01,4.38E-01,3.93E-01,3.41E-01,2.90E-01,4.05E-01,3.56E-01,4.42E-01,4.12E-01,3.91E-01,3.90E-01,4.29E-01,4.19E-01,3.12E-01,5.06E-01,3.77E-01,4.39E-01,3.54E-01,3.26E-01,3.23E-01,3.82E-01,3.89E-01,3.76E-01,3.54E-01,3.88E-01,4.36E-01,3.60E-01,4.11E-01,4.81E-01,3.53E-01,4.85E-01,3.98E-01,2.84E-01,5.85E-01,3.87E-01,4.35E-01,4.18E-01,3.22E-01
016_S_4688,1.38E-01,1.09E-01,2.09E-01,2.34E-01,2.42E-01,2.27E-01,2.57E-01,2.02E-01,2.10E-01,1.76E-01,1.67E-01,2.95E-01,2.26E-01,1.95E-01,2.43E-01,2.06E-01,1.98E-01,1.90E-01,2.33E-01,2.16E-01,2.90E-01,2.91E-01,2.31E-01,2.77E-01,2.35E-01,2.46E-01,2.68E-01,2.55E-01,3.36E-01,2.41E-01,2.39E-01,2.36E-01,2.51E-01,2.22E-01,2.49E-01,2.05E-01,2.44E-01,2.64E-01,2.03E-01,2.96E-01,1.49E-01,2.12E-01,2.79E-01,2.14E-01,2.77E-01,2.23E-01,2.85E-01,2.93E-01,1.50E-01,2.77E-01,3.50E-01,3.39E-01,2.51E-01,2.77E-01,2.54E-01,3.19E-01,2.84E-01,2.03E-01,2.48E-01,2.22E-01,2.43E-01,3.56E-01,2.99E-01,2.64E-01,2.98E-01,2.87E-01,3.75E-01,2.79E-01,2.81E-01,2.93E-01,2.72E-01,2.71E-01,3.35E-01,2.30E-01,2.69E-01,2.71E-01,3.14E-01,2.99E-01,3.22E-01,3.91E-01,2.79E-01,2.89E-01,2.96E-01,3.62E-01,3.87E-01,3.62E-01,2.93E-01,2.92E-01,3.34E-01,3.50E-01,3.33E-01,3.56E-01,3.75E-01,3.15E-01,3.63E-01,3.18E-01,3.32E-01,5.01E-01,3.73E-01,3.43E-01,3.54E-01,3.72E-01,3.19E-01,3.28E-01,3.10E-01,2.87E-01,3.79E-01,3.88E-01,3.23E-01,2.97E-01,2.70E-01,2.87E-01,2.98E-01,2.80E-01,3.10E-01,3.24E-01,3.10E-01,3.07E-01,3.10E-01,2.60E-01,2.85E-01,2.73E-01,2.92E-01,3.02E-01,3.15E-01,2.84E-01,2.89E-01,2.93E-01,3.17E-01,2.79E-01,3.54E-01,3.29E-01,2.35E-01,2.76E-01,2.27E-01,2.98E-01,3.14E-01,2.32E-01,3.22E-01,2.99E-01,2.53E-01,2.71E-01,2.54E-01,2.34E-01,2.72E-01,2.61E-01,3.54E-01,3.29E-01,2.82E-01,2.68E-01,3.24E-01,3.37E-01,3.22E-01,2.46E-01,2.29E-01,3.61E-01,3.22E-01,4.38E-01,3.76E-01,2.82E-01,3.75E-01,3.28E-01,3.22E-01,3.99E-01,2.85E-01,2.82E-01,2.47E-01,3.06E-01,3.09E-01,3.61E-01,3.56E-01,4.19E-01,2.79E-01,3.21E-01,3.70E-01,3.24E-01,3.94E-01,2.95E-01,3.55E-01,3.39E-01,2.95E-01,3.26E-01,3.52E-01,3.43E-01,3.67E-01,3.52E-01,3.22E-01,3.51E-01,3.05E-01,3.44E-01,4.09E-01,3.18E-01,4.00E-01,3.61E-01,2.83E-01,5.17E-01,3.34E-01,4.14E-01,3.54E-01,2.54E-01
016_S_4887,1.55E-01,1.19E-01,2.20E-01,2.63E-01,2.81E-01,2.61E-01,2.86E-01,2.18E-01,2.23E-01,1.93E-01,1.89E-01,2.99E-01,2.69E-01,2.05E-01,2.67E-01,2.28E-01,2.28E-01,2.14E-01,2.70E-01,2.43E-01,3.19E-01,3.32E-01,2.77E-01,3.54E-01,2.55E-01,3.04E-01,3.00E-01,2.83E-01,3.44E-01,2.81E-01,2.79E-01,2.89E-01,2.70E-01,2.87E-01,2.81E-01,2.14E-01,2.45E-01,2.44E-01,2.15E-01,3.34E-01,1.42E-01,2.33E-01,3.11E-01,2.45E-01,3.25E-01,2.41E-01,2.81E-01,3.00E-01,1.54E-01,3.18E-01,4.64E-01,3.65E-01,2.81E-01,3.08E-01,2.99E-01,3.75E-01,2.99E-01,3.04E-01,2.99E-01,2.33E-01,2.67E-01,3.48E-01,2.89E-01,2.65E-01,3.21E-01,2.81E-01,3.82E-01,3.18E-01,2.86E-01,3.46E-01,3.21E-01,2.87E-01,3.57E-01,2.54E-01,3.28E-01,3.07E-01,3.31E-01,3.29E-01,3.90E-01,4.57E-01,3.41E-01,3.30E-01,3.45E-01,3.91E-01,4.06E-01,3.46E-01,3.11E-01,3.00E-01,3.43E-01,4.11E-01,3.49E-01,4.10E-01,3.81E-01,3.46E-01,3.77E-01,3.41E-01,3.24E-01,4.26E-01,3.51E-01,3.04E-01,3.58E-01,3.72E-01,3.89E-01,3.79E-01,3.09E-01,3.50E-01,4.13E-01,3.98E-01,3.70E-01,2.86E-01,3.34E-01,3.58E-01,3.31E-01,3.02E-01,3.55E-01,3.24E-01,3.18E-01,3.19E-01,3.11E-01,2.93E-01,3.19E-01,3.42E-01,2.69E-01,3.29E-01,3.55E-01,2.98E-01,3.02E-01,3.48E-01,3.87E-01,2.86E-01,3.67E-01,3.18E-01,2.93E-01,3.17E-01,2.75E-01,3.48E-01,3.26E-01,2.64E-01,3.61E-01,3.31E-01,2.61E-01,3.18E-01,2.97E-01,2.63E-01,2.83E-01,2.58E-01,4.03E-01,3.69E-01,3.72E-01,3.33E-01,3.48E-01,3.59E-01,3.29E-01,2.89E-01,2.47E-01,4.13E-01,3.55E-01,5.58E-01,4.20E-01,2.87E-01,4.21E-01,3.53E-01,3.86E-01,3.92E-01,3.83E-01,2.95E-01,2.51E-01,3.66E-01,3.45E-01,3.86E-01,3.71E-01,4.25E-01,3.38E-01,3.22E-01,3.79E-01,3.48E-01,4.05E-01,3.15E-01,3.83E-01,3.32E-01,3.52E-01,4.44E-01,3.93E-01,3.68E-01,3.50E-01,3.77E-01,3.38E-01,3.69E-01,3.36E-01,3.99E-01,4.74E-01,3.72E-01,4.24E-01,4.06E-01,2.55E-01,4.93E-01,3.79E-01,4.73E-01,4.26E-01,3.39E-01
016_S_4951,1.58E-01,1.21E-01,2.40E-01,2.56E-01,3.03E-01,2.67E-01,2.71E-01,2.10E-01,2.09E-01,1.81E-01,1.83E-01,3.07E-01,2.47E-01,2.13E-01,2.66E-01,2.54E-01,2.26E-01,2.30E-01,2.37E-01,2.43E-01,3.24E-01,3.28E-01,2.69E-01,3.41E-01,2.78E-01,2.89E-01,2.54E-01,2.80E-01,3.04E-01,2.77E-01,3.14E-01,2.88E-01,2.53E-01,2.62E-01,2.85E-01,2.36E-01,2.52E-01,2.53E-01,2.61E-01,2.92E-01,1.66E-01,2.50E-01,2.95E-01,2.06E-01,2.65E-01,2.66E-01,2.76E-01,3.05E-01,1.58E-01,2.89E-01,3.94E-01,3.64E-01,2.60E-01,3.09E-01,2.83E-01,3.55E-01,3.20E-01,2.74E-01,3.07E-01,2.27E-01,2.74E-01,3.40E-01,2.79E-01,2.77E-01,3.06E-01,2.88E-01,3.87E-01,2.87E-01,3.04E-01,2.89E-01,3.15E-01,2.63E-01,3.05E-01,2.46E-01,3.49E-01,3.17E-01,3.29E-01,3.00E-01,3.04E-01,4.11E-01,3.15E-01,3.14E-01,3.41E-01,4.22E-01,3.97E-01,3.78E-01,2.99E-01,3.13E-01,3.10E-01,3.18E-01,3.57E-01,4.01E-01,3.91E-01,3.41E-01,3.72E-01,3.36E-01,3.06E-01,4.70E-01,3.45E-01,2.65E-01,3.50E-01,4.19E-01,3.79E-01,4.01E-01,3.83E-01,3.42E-01,4.13E-01,3.75E-01,3.40E-01,2.55E-01,2.80E-01,3.51E-01,3.16E-01,3.05E-01,2.86E-01,3.46E-01,3.07E-01,3.25E-01,2.95E-01,2.80E-01,2.93E-01,2.62E-01,2.86E-01,3.49E-01,3.74E-01,3.75E-01,3.29E-01,3.23E-01,3.89E-01,3.51E-01,3.65E-01,3.18E-01,3.32E-01,3.01E-01,2.52E-01,3.40E-01,3.08E-01,2.45E-01,3.07E-01,3.04E-01,2.80E-01,2.72E-01,3.39E-01,2.61E-01,2.99E-01,2.59E-01,3.30E-01,3.30E-01,3.22E-01,2.98E-01,3.36E-01,3.80E-01,3.87E-01,2.73E-01,2.32E-01,3.49E-01,3.59E-01,4.60E-01,3.86E-01,3.58E-01,3.80E-01,3.76E-01,3.26E-01,4.08E-01,3.28E-01,3.02E-01,2.74E-01,3.66E-01,3.62E-01,3.95E-01,3.95E-01,4.13E-01,3.51E-01,3.17E-01,3.40E-01,3.70E-01,4.21E-01,3.36E-01,3.86E-01,3.18E-01,3.01E-01,3.16E-01,3.81E-01,3.52E-01,3.50E-01,3.44E-01,3.43E-01,3.82E-01,3.43E-01,4.55E-01,4.58E-01,3.40E-01,4.14E-01,4.43E-01,2.86E-01,5.15E-01,4.41E-01,4.83E-01,4.02E-01,3.09E-01
016_S_4952,1.37E-01,1.05E-01,1.97E-01,2.20E-01,2.25E-01,2.53E-01,2.41E-01,1.91E-01,1.89E-01,1.64E-01,1.69E-01,2.91E-01,2.13E-01,1.76E-01,2.18E-01,1.98E-01,1.67E-01,1.83E-01,2.06E-01,1.96E-01,2.78E-01,3.05E-01,2.52E-01,3.19E-01,2.24E-01,2.75E-01,2.44E-01,2.51E-01,2.76E-01,2.54E-01,2.61E-01,2.82E-01,2.67E-01,2.40E-01,2.44E-01,1.79E-01,2.19E-01,1.83E-01,2.47E-01,3.04E-01,1.55E-01,2.42E-01,3.00E-01,1.95E-01,2.78E-01,2.01E-01,2.48E-01,3.07E-01,1.50E-01,2.76E-01,3.63E-01,3.30E-01,2.31E-01,2.72E-01,2.53E-01,3.18E-01,2.67E-01,2.32E-01,2.87E-01,2.37E-01,2.53E-01,3.46E-01,2.72E-01,2.76E-01,3.30E-01,2.67E-01,3.26E-01,2.56E-01,2.67E-01,2.84E-01,3.20E-01,2.77E-01,3.20E-01,2.34E-01,3.03E-01,3.02E-01,2.90E-01,2.98E-01,3.21E-01,3.89E-01,2.97E-01,3.10E-01,2.88E-01,3.77E-01,3.35E-01,3.21E-01,2.71E-01,2.89E-01,2.82E-01,3.06E-01,2.86E-01,3.25E-01,3.28E-01,3.63E-01,3.56E-01,3.44E-01,2.63E-01,4.64E-01,3.57E-01,2.37E-01,3.37E-01,3.39E-01,3.38E-01,3.26E-01,3.01E-01,3.50E-01,3.81E-01,3.36E-01,3.07E-01,2.37E-01,2.53E-01,3.17E-01,2.59E-01,2.61E-01,2.81E-01,2.90E-01,2.57E-01,2.29E-01,2.38E-01,2.18E-01,1.95E-01,1.88E-01,2.08E-01,3.04E-01,3.51E-01,3.12E-01,2.98E-01,3.04E-01,3.41E-01,2.89E-01,3.14E-01,3.24E-01,2.67E-01,2.61E-01,2.39E-01,2.77E-01,2.89E-01,2.39E-01,2.64E-01,2.26E-01,2.61E-01,2.80E-01,3.05E-01,2.57E-01,2.57E-01,2.72E-01,3.42E-01,3.40E-01,3.03E-01,2.57E-01,3.26E-01,3.70E-01,3.38E-01,2.81E-01,2.39E-01,3.56E-01,3.41E-01,4.76E-01,3.88E-01,3.35E-01,3.51E-01,3.59E-01,3.24E-01,3.83E-01,3.49E-01,2.77E-01,3.04E-01,3.73E-01,3.45E-01,3.61E-01,4.03E-01,3.83E-01,3.45E-01,2.98E-01,3.81E-01,3.73E-01,4.01E-01,3.01E-01,3.18E-01,3.01E-01,2.94E-01,3.19E-01,3.44E-01,3.15E-01,3.52E-01,3.14E-01,3.06E-01,3.60E-01,3.58E-01,3.95E-01,3.80E-01,2.96E-01,3.46E-01,3.69E-01,2.50E-01,4.98E-01,3.37E-01,4.20E-01,3.64E-01,3.35E-01
016_S_5057,1.51E-01,1.13E-01,2.23E-01,2.52E-01,2.76E-01,2.62E-01,2.69E-01,1.97E-01,2.11E-01,1.70E-01,1.67E-01,3.02E-01,2.42E-01,1.79E-01,2.11E-01,2.24E-01,2.09E-01,1.97E-01,2.55E-01,2.23E-01,2.66E-01,3.11E-01,2.48E-01,2.87E-01,2.50E-01,2.74E-01,2.75E-01,2.51E-01,2.80E-01,2.78E-01,2.73E-01,2.64E-01,2.70E-01,2.65E-01,2.65E-01,1.99E-01,2.61E-01,2.43E-01,2.27E-01,3.34E-01,1.36E-01,2.22E-01,2.55E-01,2.22E-01,2.82E-01,2.18E-01,3.29E-01,2.88E-01,1.55E-01,2.99E-01,4.36E-01,3.60E-01,2.62E-01,2.86E-01,2.94E-01,3.49E-01,2.98E-01,2.46E-01,3.11E-01,2.51E-01,2.71E-01,3.53E-01,2.83E-01,2.70E-01,3.30E-01,3.10E-01,3.79E-01,3.02E-01,3.38E-01,2.94E-01,3.16E-01,2.85E-01,3.45E-01,2.44E-01,2.98E-01,3.28E-01,3.20E-01,3.10E-01,3.57E-01,4.41E-01,3.32E-01,3.35E-01,3.32E-01,3.95E-01,3.52E-01,3.33E-01,2.71E-01,3.07E-01,3.49E-01,3.72E-01,3.56E-01,4.14E-01,3.90E-01,3.38E-01,3.42E-01,3.02E-01,3.33E-01,5.00E-01,3.32E-01,2.36E-01,3.38E-01,3.77E-01,3.78E-01,3.71E-01,3.24E-01,3.25E-01,4.06E-01,3.94E-01,3.39E-01,2.85E-01,2.94E-01,3.18E-01,2.94E-01,2.82E-01,3.40E-01,2.91E-01,2.93E-01,2.73E-01,2.71E-01,2.73E-01,2.51E-01,2.97E-01,2.49E-01,3.13E-01,3.48E-01,2.93E-01,3.07E-01,3.14E-01,3.25E-01,3.13E-01,3.25E-01,3.45E-01,2.82E-01,3.07E-01,2.42E-01,3.14E-01,3.14E-01,2.23E-01,3.07E-01,2.58E-01,2.83E-01,3.04E-01,3.09E-01,2.38E-01,2.95E-01,2.84E-01,3.56E-01,3.45E-01,3.05E-01,3.18E-01,3.17E-01,3.80E-01,3.65E-01,2.79E-01,2.46E-01,3.67E-01,3.22E-01,5.03E-01,3.95E-01,3.53E-01,3.86E-01,3.24E-01,3.72E-01,3.35E-01,3.29E-01,3.13E-01,2.97E-01,3.88E-01,3.34E-01,3.79E-01,4.07E-01,4.27E-01,3.64E-01,3.67E-01,3.73E-01,3.76E-01,4.04E-01,3.25E-01,3.41E-01,3.93E-01,3.17E-01,3.44E-01,3.79E-01,3.97E-01,3.87E-01,3.50E-01,4.13E-01,3.79E-01,3.98E-01,3.79E-01,4.15E-01,3.93E-01,4.80E-01,4.40E-01,2.89E-01,5.27E-01,4.02E-01,3.78E-01,3.33E-01,3.18E-01
016_S_5251,1.26E-01,9.67E-02,1.82E-01,1.91E-01,2.37E-01,2.02E-01,2.26E-01,1.70E-01,1.73E-01,1.43E-01,1.50E-01,2.45E-01,1.95E-01,1.56E-01,2.03E-01,1.97E-01,1.76E-01,1.65E-01,2.00E-01,1.88E-01,2.52E-01,2.72E-01,2.24E-01,2.30E-01,2.36E-01,2.17E-01,2.02E-01,2.05E-01,2.77E-01,2.47E-01,2.51E-01,2.17E-01,2.00E-01,1.89E-01,2.01E-01,1.76E-01,2.04E-01,1.94E-01,2.09E-01,2.19E-01,1.38E-01,1.96E-01,2.43E-01,1.76E-01,2.44E-01,2.05E-01,2.40E-01,2.74E-01,1.35E-01,2.51E-01,3.94E-01,3.28E-01,2.36E-01,2.67E-01,2.42E-01,3.18E-01,2.51E-01,2.01E-01,2.37E-01,1.94E-01,2.24E-01,3.10E-01,2.33E-01,2.18E-01,2.38E-01,2.43E-01,3.40E-01,2.11E-01,2.47E-01,2.50E-01,2.20E-01,2.33E-01,2.81E-01,2.04E-01,2.75E-01,2.57E-01,2.62E-01,2.55E-01,2.81E-01,3.73E-01,2.36E-01,2.93E-01,3.33E-01,3.19E-01,3.11E-01,3.23E-01,2.61E-01,2.48E-01,2.93E-01,3.02E-01,3.05E-01,3.32E-01,3.12E-01,3.28E-01,3.03E-01,2.77E-01,2.74E-01,3.80E-01,3.49E-01,2.41E-01,3.09E-01,2.76E-01,2.73E-01,2.87E-01,3.20E-01,2.66E-01,3.23E-01,3.17E-01,2.87E-01,2.35E-01,2.52E-01,2.24E-01,2.31E-01,2.37E-01,2.72E-01,2.45E-01,2.71E-01,2.60E-01,2.66E-01,2.08E-01,2.49E-01,2.10E-01,2.51E-01,2.92E-01,3.07E-01,2.82E-01,2.66E-01,3.02E-01,3.13E-01,2.70E-01,3.02E-01,2.83E-01,2.86E-01,2.28E-01,2.34E-01,2.75E-01,2.32E-01,2.00E-01,2.90E-01,2.87E-01,2.24E-01,2.16E-01,2.68E-01,2.56E-01,2.27E-01,2.20E-01,3.05E-01,2.60E-01,2.31E-01,2.48E-01,2.55E-01,3.48E-01,3.00E-01,2.44E-01,2.18E-01,3.25E-01,3.62E-01,4.79E-01,3.83E-01,2.88E-01,3.25E-01,3.01E-01,3.20E-01,3.18E-01,2.87E-01,2.41E-01,2.39E-01,3.41E-01,2.91E-01,3.17E-01,3.54E-01,3.58E-01,2.57E-01,2.72E-01,3.04E-01,3.11E-01,3.68E-01,2.75E-01,2.86E-01,3.16E-01,2.60E-01,3.12E-01,2.79E-01,3.09E-01,3.06E-01,2.70E-01,3.14E-01,3.16E-01,3.35E-01,3.40E-01,4.02E-01,2.82E-01,3.59E-01,3.71E-01,2.26E-01,4.03E-01,3.11E-01,3.60E-01,3.32E-01,2.63E-01
018_S_0043,1.54E-01,1.15E-01,2.21E-01,2.38E-01,2.64E-01,2.46E-01,2.74E-01,2.05E-01,2.06E-01,1.76E-01,1.93E-01,3.13E-01,2.35E-01,1.82E-01,2.37E-01,2.30E-01,2.18E-01,1.95E-01,2.43E-01,2.37E-01,2.99E-01,3.25E-01,2.45E-01,3.15E-01,2.57E-01,2.62E-01,2.46E-01,2.42E-01,3.50E-01,2.90E-01,2.80E-01,2.53E-01,2.60E-01,2.40E-01,2.47E-01,2.10E-01,2.47E-01,2.75E-01,2.08E-01,2.36E-01,1.66E-01,2.59E-01,3.05E-01,2.26E-01,2.90E-01,2.45E-01,2.90E-01,3.31E-01,1.55E-01,3.03E-01,4.63E-01,3.69E-01,3.09E-01,2.69E-01,3.10E-01,3.59E-01,3.27E-01,2.76E-01,2.74E-01,2.14E-01,2.45E-01,3.98E-01,2.94E-01,3.11E-01,2.96E-01,2.97E-01,3.60E-01,2.64E-01,2.51E-01,3.42E-01,3.10E-01,2.84E-01,3.56E-01,2.38E-01,3.35E-01,2.87E-01,3.49E-01,3.10E-01,3.72E-01,3.91E-01,3.67E-01,3.03E-01,3.98E-01,3.40E-01,3.39E-01,3.76E-01,3.17E-01,2.86E-01,3.34E-01,3.57E-01,3.16E-01,4.04E-01,3.85E-01,3.58E-01,3.45E-01,3.24E-01,3.35E-01,5.02E-01,3.95E-01,3.21E-01,3.95E-01,4.11E-01,3.77E-01,4.08E-01,3.44E-01,3.63E-01,4.21E-01,3.70E-01,3.79E-01,2.78E-01,3.26E-01,3.09E-01,2.66E-01,2.50E-01,3.23E-01,2.44E-01,3.15E-01,2.04E-01,2.89E-01,2.29E-01,2.76E-01,2.42E-01,2.57E-01,3.46E-01,4.28E-01,3.20E-01,3.25E-01,3.53E-01,3.27E-01,3.00E-01,4.12E-01,3.16E-01,2.75E-01,2.82E-01,2.30E-01,2.67E-01,2.84E-01,2.17E-01,3.37E-01,2.99E-01,1.99E-01,2.63E-01,2.96E-01,2.48E-01,2.71E-01,2.63E-01,3.40E-01,3.13E-01,3.32E-01,2.66E-01,3.01E-01,4.05E-01,3.29E-01,2.48E-01,2.77E-01,3.72E-01,3.89E-01,5.25E-01,3.95E-01,3.21E-01,4.13E-01,3.78E-01,3.96E-01,4.01E-01,3.56E-01,3.00E-01,2.65E-01,3.82E-01,3.62E-01,3.75E-01,3.70E-01,3.98E-01,3.23E-01,2.94E-01,3.47E-01,3.37E-01,4.26E-01,3.05E-01,3.68E-01,3.49E-01,3.42E-01,4.04E-01,3.46E-01,3.42E-01,3.02E-01,3.17E-01,3.67E-01,4.07E-01,3.56E-01,4.26E-01,4.98E-01,3.85E-01,4.10E-01,4.15E-01,2.58E-01,5.51E-01,3.77E-01,4.51E-01,4.57E-01,4.01E-01
018_S_0055,1.62E-01,1.29E-01,2.32E-01,2.76E-01,3.18E-01,2.88E-01,3.01E-01,2.23E-01,2.31E-01,2.15E-01,1.98E-01,3.04E-01,2.45E-01,2.03E-01,2.42E-01,2.49E-01,2.46E-01,2.13E-01,2.63E-01,2.54E-01,3.33E-01,3.82E-01,2.94E-01,3.71E-01,2.82E-01,3.15E-01,2.62E-01,2.47E-01,3.32E-01,3.21E-01,2.77E-01,3.10E-01,2.87E-01,2.81E-01,2.76E-01,2.02E-01,3.01E-01,3.17E-01,2.42E-01,3.57E-01,1.70E-01,2.75E-01,3.29E-01,2.40E-01,3.03E-01,2.39E-01,3.25E-01,3.34E-01,1.67E-01,3.34E-01,3.85E-01,3.61E-01,2.80E-01,3.26E-01,2.80E-01,3.53E-01,3.37E-01,2.78E-01,3.47E-01,2.86E-01,2.73E-01,3.90E-01,2.92E-01,2.85E-01,2.89E-01,2.63E-01,4.32E-01,2.93E-01,2.68E-01,3.75E-01,3.24E-01,2.89E-01,3.55E-01,2.38E-01,3.22E-01,3.16E-01,3.44E-01,3.08E-01,3.76E-01,4.00E-01,3.48E-01,3.22E-01,3.25E-01,4.23E-01,4.06E-01,4.10E-01,3.30E-01,3.01E-01,3.53E-01,3.99E-01,3.43E-01,3.95E-01,4.59E-01,4.43E-01,4.33E-01,3.24E-01,4.08E-01,5.12E-01,4.29E-01,3.61E-01,4.15E-01,4.48E-01,3.79E-01,3.87E-01,3.88E-01,4.03E-01,4.54E-01,4.20E-01,3.84E-01,3.52E-01,3.09E-01,3.74E-01,3.17E-01,3.05E-01,3.30E-01,3.20E-01,3.53E-01,3.46E-01,3.40E-01,2.56E-01,3.09E-01,2.32E-01,3.04E-01,3.73E-01,4.23E-01,3.60E-01,3.28E-01,3.65E-01,4.21E-01,3.69E-01,4.25E-01,3.51E-01,3.02E-01,3.26E-01,3.20E-01,3.56E-01,3.61E-01,2.42E-01,3.46E-01,3.63E-01,2.78E-01,2.98E-01,3.39E-01,2.94E-01,3.02E-01,3.17E-01,3.75E-01,3.58E-01,3.20E-01,2.72E-01,3.52E-01,3.91E-01,3.62E-01,2.80E-01,2.55E-01,4.80E-01,3.64E-01,4.48E-01,3.82E-01,3.72E-01,4.07E-01,3.96E-01,3.75E-01,4.54E-01,3.76E-01,3.54E-01,2.87E-01,4.12E-01,3.58E-01,3.60E-01,4.46E-01,5.03E-01,4.05E-01,3.88E-01,3.71E-01,3.91E-01,4.43E-01,3.46E-01,3.81E-01,3.67E-01,3.70E-01,3.86E-01,3.29E-01,4.25E-01,3.49E-01,3.23E-01,3.79E-01,4.14E-01,3.38E-01,4.75E-01,4.76E-01,3.71E-01,4.62E-01,3.88E-01,2.95E-01,6.15E-01,4.24E-01,4.87E-01,3.70E-01,3.08E-01
018_S_0286,1.61E-01,1.24E-01,2.36E-01,2.49E-01,2.85E-01,2.79E-01,2.87E-01,2.03E-01,2.23E-01,1.86E-01,1.99E-01,3.11E-01,2.43E-01,2.46E-01,3.17E-01,2.93E-01,2.40E-01,2.26E-01,2.67E-01,2.49E-01,2.71E-01,3.51E-01,2.87E-01,3.61E-01,2.71E-01,3.23E-01,2.95E-01,2.88E-01,2.95E-01,2.81E-01,2.93E-01,2.89E-01,2.71E-01,2.68E-01,3.04E-01,2.27E-01,2.51E-01,2.61E-01,2.73E-01,3.69E-01,1.53E-01,2.75E-01,3.12E-01,2.50E-01,2.99E-01,2.75E-01,3.16E-01,3.22E-01,1.65E-01,2.97E-01,4.54E-01,4.28E-01,3.25E-01,2.33E-01,3.31E-01,3.30E-01,3.13E-01,2.49E-01,3.03E-01,2.36E-01,3.10E-01,3.88E-01,2.83E-01,2.96E-01,3.07E-01,3.08E-01,3.28E-01,2.81E-01,3.07E-01,3.08E-01,3.31E-01,3.05E-01,3.66E-01,2.64E-01,2.98E-01,3.04E-01,3.32E-01,2.98E-01,3.56E-01,4.41E-01,3.91E-01,3.49E-01,4.10E-01,2.97E-01,2.76E-01,3.23E-01,2.68E-01,3.98E-01,3.64E-01,3.72E-01,4.29E-01,4.00E-01,3.92E-01,3.27E-01,3.69E-01,3.30E-01,3.64E-01,5.29E-01,3.51E-01,2.73E-01,3.97E-01,3.92E-01,3.94E-01,3.99E-01,4.05E-01,3.76E-01,4.09E-01,4.12E-01,3.66E-01,3.16E-01,3.22E-01,3.45E-01,3.83E-01,3.49E-01,3.99E-01,3.60E-01,3.75E-01,3.70E-01,3.65E-01,3.52E-01,3.73E-01,4.53E-01,3.53E-01,4.03E-01,4.17E-01,4.04E-01,3.59E-01,4.16E-01,4.45E-01,3.84E-01,3.68E-01,3.47E-01,3.17E-01,2.87E-01,3.05E-01,3.23E-01,3.73E-01,2.77E-01,3.82E-01,4.09E-01,3.33E-01,3.17E-01,3.42E-01,2.67E-01,2.60E-01,2.46E-01,3.90E-01,3.66E-01,3.35E-01,3.46E-01,3.50E-01,4.14E-01,3.92E-01,2.95E-01,2.65E-01,3.70E-01,4.10E-01,5.62E-01,4.60E-01,4.62E-01,5.01E-01,3.94E-01,4.06E-01,3.58E-01,3.28E-01,3.66E-01,3.46E-01,4.41E-01,3.45E-01,4.21E-01,3.43E-01,4.71E-01,3.43E-01,3.91E-01,3.88E-01,4.34E-01,5.26E-01,3.61E-01,4.02E-01,4.39E-01,3.33E-01,3.55E-01,4.00E-01,3.88E-01,3.76E-01,3.47E-01,3.80E-01,3.99E-01,4.43E-01,5.07E-01,5.57E-01,4.42E-01,4.17E-01,4.01E-01,3.05E-01,5.20E-01,3.65E-01,4.89E-01,3.58E-01,3.16E-01
018_S_4733,1.63E-01,1.16E-01,2.06E-01,2.37E-01,2.60E-01,2.41E-01,3.02E-01,2.29E-01,2.18E-01,1.91E-01,1.84E-01,3.06E-01,2.42E-01,1.72E-01,2.17E-01,2.32E-01,2.25E-01,2.05E-01,2.39E-01,2.36E-01,2.80E-01,3.15E-01,2.55E-01,3.11E-01,2.66E-01,2.62E-01,2.63E-01,2.30E-01,2.87E-01,2.70E-01,2.71E-01,2.75E-01,2.62E-01,2.39E-01,2.60E-01,1.81E-01,2.41E-01,2.68E-01,2.35E-01,3.09E-01,1.50E-01,2.79E-01,2.81E-01,2.25E-01,3.12E-01,2.29E-01,3.09E-01,3.60E-01,1.58E-01,3.08E-01,4.65E-01,3.56E-01,2.44E-01,2.49E-01,2.83E-01,3.43E-01,2.86E-01,2.41E-01,2.63E-01,2.21E-01,3.09E-01,3.86E-01,2.74E-01,2.62E-01,2.82E-01,3.00E-01,3.38E-01,2.39E-01,2.92E-01,3.18E-01,3.30E-01,2.80E-01,3.18E-01,2.56E-01,2.84E-01,3.62E-01,3.12E-01,2.94E-01,3.50E-01,4.42E-01,3.42E-01,3.50E-01,3.47E-01,3.86E-01,4.08E-01,3.16E-01,2.86E-01,3.10E-01,2.97E-01,3.71E-01,3.32E-01,3.88E-01,3.86E-01,3.35E-01,3.33E-01,3.30E-01,3.35E-01,4.39E-01,3.54E-01,3.00E-01,3.56E-01,3.58E-01,3.54E-01,3.66E-01,3.47E-01,3.34E-01,4.49E-01,3.95E-01,3.63E-01,2.89E-01,2.88E-01,2.80E-01,2.72E-01,2.97E-01,3.15E-01,2.46E-01,3.15E-01,2.41E-01,2.79E-01,2.39E-01,2.87E-01,2.76E-01,2.76E-01,3.40E-01,3.82E-01,3.48E-01,3.42E-01,3.13E-01,3.49E-01,3.43E-01,3.63E-01,3.11E-01,2.74E-01,2.89E-01,2.83E-01,3.14E-01,3.43E-01,2.37E-01,3.66E-01,3.49E-01,2.67E-01,3.29E-01,2.94E-01,2.83E-01,2.74E-01,2.37E-01,3.60E-01,3.22E-01,3.16E-01,3.22E-01,3.33E-01,3.88E-01,3.22E-01,2.79E-01,2.27E-01,3.88E-01,3.82E-01,5.21E-01,4.01E-01,3.52E-01,3.29E-01,3.36E-01,3.60E-01,3.62E-01,2.98E-01,3.07E-01,2.76E-01,3.58E-01,3.36E-01,3.97E-01,3.75E-01,4.05E-01,3.10E-01,3.74E-01,3.43E-01,3.61E-01,4.31E-01,3.49E-01,3.75E-01,3.52E-01,3.20E-01,3.43E-01,3.51E-01,3.73E-01,3.30E-01,2.82E-01,3.78E-01,3.89E-01,4.08E-01,3.94E-01,4.32E-01,3.24E-01,3.79E-01,4.16E-01,2.70E-01,5.00E-01,3.68E-01,4.74E-01,4.34E-01,3.40E-01
019_S_5012,1.40E-01,1.09E-01,2.02E-01,2.40E-01,2.57E-01,2.36E-01,2.50E-01,1.86E-01,2.04E-01,1.76E-01,1.60E-01,2.69E-01,2.06E-01,1.58E-01,2.26E-01,2.16E-01,1.80E-01,1.82E-01,2.07E-01,2.08E-01,2.69E-01,2.80E-01,2.33E-01,2.87E-01,2.63E-01,2.53E-01,2.36E-01,2.34E-01,3.13E-01,2.58E-01,2.53E-01,2.22E-01,2.21E-01,2.13E-01,2.38E-01,1.98E-01,2.34E-01,2.43E-01,2.31E-01,2.18E-01,1.42E-01,2.21E-01,2.79E-01,1.86E-01,2.58E-01,2.05E-01,2.70E-01,2.64E-01,1.41E-01,2.71E-01,4.41E-01,4.10E-01,2.67E-01,2.62E-01,2.96E-01,3.22E-01,2.71E-01,2.45E-01,2.67E-01,2.16E-01,2.35E-01,3.23E-01,2.56E-01,2.55E-01,2.92E-01,2.76E-01,3.47E-01,2.66E-01,2.48E-01,3.15E-01,2.92E-01,2.50E-01,3.17E-01,2.44E-01,2.96E-01,2.60E-01,2.99E-01,2.82E-01,3.08E-01,4.32E-01,3.19E-01,2.94E-01,3.53E-01,3.45E-01,3.22E-01,3.02E-01,2.33E-01,2.45E-01,2.50E-01,3.15E-01,3.17E-01,3.47E-01,3.71E-01,3.48E-01,3.66E-01,3.17E-01,3.34E-01,4.79E-01,3.23E-01,2.37E-01,3.59E-01,2.93E-01,3.39E-01,3.48E-01,2.99E-01,3.15E-01,3.70E-01,4.04E-01,3.12E-01,2.93E-01,2.51E-01,3.67E-01,2.58E-01,2.74E-01,2.47E-01,2.16E-01,2.91E-01,2.59E-01,2.77E-01,2.12E-01,2.84E-01,1.97E-01,2.73E-01,3.15E-01,3.43E-01,3.21E-01,3.11E-01,3.13E-01,3.21E-01,3.18E-01,3.53E-01,3.04E-01,2.71E-01,2.95E-01,2.33E-01,3.06E-01,2.85E-01,2.31E-01,3.76E-01,3.47E-01,2.73E-01,2.80E-01,2.58E-01,2.22E-01,2.73E-01,2.43E-01,3.37E-01,2.98E-01,2.91E-01,2.38E-01,3.11E-01,2.92E-01,3.22E-01,2.55E-01,2.07E-01,3.36E-01,3.79E-01,5.52E-01,4.36E-01,3.52E-01,3.91E-01,3.42E-01,3.88E-01,3.83E-01,2.78E-01,2.77E-01,2.52E-01,3.48E-01,3.01E-01,3.66E-01,3.81E-01,3.73E-01,2.81E-01,3.47E-01,3.23E-01,2.99E-01,4.39E-01,2.87E-01,3.49E-01,2.99E-01,3.02E-01,3.11E-01,3.44E-01,3.13E-01,3.37E-01,2.93E-01,3.69E-01,3.72E-01,3.23E-01,3.74E-01,4.28E-01,3.41E-01,4.30E-01,3.74E-01,2.92E-01,5.39E-01,3.77E-01,4.16E-01,3.34E-01,2.57E-01
019_S_5019,1.32E-01,9.78E-02,1.99E-01,2.15E-01,2.41E-01,2.00E-01,2.38E-01,1.64E-01,1.74E-01,1.58E-01,1.52E-01,2.48E-01,1.93E-01,1.59E-01,2.04E-01,1.87E-01,1.69E-01,2.02E-01,2.24E-01,1.91E-01,2.19E-01,2.49E-01,2.23E-01,2.54E-01,2.42E-01,2.43E-01,2.37E-01,2.18E-01,2.47E-01,2.23E-01,2.54E-01,1.85E-01,1.96E-01,1.90E-01,1.98E-01,1.97E-01,1.89E-01,1.96E-01,2.13E-01,2.24E-01,1.20E-01,1.85E-01,2.14E-01,1.87E-01,2.37E-01,1.91E-01,2.39E-01,2.09E-01,1.26E-01,2.32E-01,3.91E-01,3.48E-01,2.32E-01,2.13E-01,2.54E-01,2.69E-01,2.55E-01,2.04E-01,2.19E-01,1.86E-01,2.02E-01,2.67E-01,2.14E-01,2.52E-01,2.34E-01,2.34E-01,2.71E-01,2.05E-01,2.04E-01,2.10E-01,2.46E-01,2.51E-01,2.97E-01,1.95E-01,2.70E-01,2.37E-01,2.82E-01,2.74E-01,3.33E-01,3.71E-01,2.65E-01,2.97E-01,3.03E-01,2.63E-01,2.72E-01,2.76E-01,2.49E-01,2.69E-01,2.39E-01,2.72E-01,2.95E-01,2.97E-01,2.87E-01,2.74E-01,2.70E-01,2.79E-01,2.92E-01,4.26E-01,3.37E-01,2.60E-01,2.92E-01,3.19E-01,3.09E-01,3.10E-01,3.19E-01,2.81E-01,3.34E-01,3.28E-01,3.11E-01,2.52E-01,2.61E-01,2.96E-01,2.01E-01,1.74E-01,2.70E-01,2.30E-01,1.96E-01,2.39E-01,2.14E-01,2.00E-01,2.10E-01,2.27E-01,2.19E-01,2.25E-01,2.52E-01,2.21E-01,2.38E-01,2.20E-01,2.02E-01,2.24E-01,2.53E-01,2.59E-01,2.33E-01,3.04E-01,1.96E-01,2.79E-01,2.23E-01,1.60E-01,2.60E-01,2.28E-01,1.75E-01,2.20E-01,2.17E-01,1.83E-01,1.67E-01,1.68E-01,2.70E-01,2.89E-01,2.62E-01,2.14E-01,2.60E-01,2.32E-01,2.27E-01,1.88E-01,1.44E-01,2.86E-01,3.50E-01,4.40E-01,3.45E-01,3.08E-01,3.68E-01,2.54E-01,2.84E-01,2.70E-01,2.54E-01,2.31E-01,2.05E-01,2.50E-01,2.14E-01,2.87E-01,2.39E-01,2.71E-01,2.21E-01,2.36E-01,2.43E-01,2.40E-01,2.68E-01,2.36E-01,2.59E-01,2.10E-01,2.84E-01,3.30E-01,2.97E-01,2.77E-01,2.27E-01,3.07E-01,2.41E-01,2.98E-01,2.93E-01,2.67E-01,3.99E-01,2.20E-01,2.65E-01,3.23E-01,2.29E-01,4.24E-01,2.18E-01,3.29E-01,3.11E-01,2.54E-01
020_S_0097,1.65E-01,1.26E-01,2.31E-01,2.50E-01,2.81E-01,2.54E-01,2.98E-01,2.09E-01,2.28E-01,2.10E-01,1.92E-01,3.33E-01,2.66E-01,1.91E-01,2.49E-01,2.27E-01,2.45E-01,1.96E-01,2.64E-01,2.52E-01,3.49E-01,3.65E-01,3.11E-01,3.76E-01,3.22E-01,3.19E-01,3.52E-01,2.76E-01,3.62E-01,3.01E-01,2.86E-01,2.67E-01,2.83E-01,2.37E-01,2.88E-01,2.35E-01,2.81E-01,3.08E-01,2.43E-01,3.63E-01,1.69E-01,2.66E-01,3.48E-01,2.49E-01,3.49E-01,2.49E-01,3.46E-01,3.76E-01,1.82E-01,3.28E-01,4.93E-01,4.35E-01,2.96E-01,3.28E-01,3.38E-01,4.00E-01,3.13E-01,2.58E-01,3.08E-01,2.51E-01,2.98E-01,3.83E-01,3.53E-01,3.53E-01,3.85E-01,3.21E-01,4.13E-01,2.81E-01,3.47E-01,3.50E-01,3.21E-01,3.10E-01,3.33E-01,2.52E-01,3.16E-01,3.08E-01,3.41E-01,3.19E-01,3.30E-01,4.96E-01,3.64E-01,3.35E-01,4.18E-01,4.34E-01,4.60E-01,3.88E-01,2.74E-01,2.92E-01,3.40E-01,3.96E-01,3.43E-01,4.30E-01,4.18E-01,4.01E-01,4.18E-01,3.36E-01,3.82E-01,4.89E-01,4.09E-01,2.65E-01,4.04E-01,3.87E-01,3.87E-01,4.07E-01,3.25E-01,3.68E-01,4.24E-01,4.02E-01,3.83E-01,3.56E-01,2.83E-01,3.40E-01,3.11E-01,2.98E-01,3.73E-01,2.74E-01,3.09E-01,2.74E-01,3.12E-01,2.71E-01,3.20E-01,3.53E-01,3.31E-01,3.82E-01,4.54E-01,3.40E-01,3.64E-01,3.82E-01,4.06E-01,3.77E-01,3.86E-01,3.65E-01,2.86E-01,3.23E-01,2.73E-01,3.27E-01,3.77E-01,2.66E-01,3.55E-01,3.47E-01,2.91E-01,3.20E-01,3.48E-01,3.14E-01,2.93E-01,2.87E-01,4.73E-01,3.76E-01,3.62E-01,3.16E-01,3.49E-01,4.33E-01,3.83E-01,3.09E-01,2.51E-01,4.35E-01,4.50E-01,6.11E-01,4.35E-01,3.88E-01,5.03E-01,4.12E-01,3.78E-01,4.03E-01,4.27E-01,2.96E-01,2.95E-01,4.11E-01,4.20E-01,4.04E-01,4.58E-01,4.50E-01,3.74E-01,3.54E-01,4.22E-01,3.80E-01,4.72E-01,3.73E-01,4.75E-01,3.30E-01,3.32E-01,3.59E-01,3.80E-01,3.80E-01,3.39E-01,3.39E-01,3.71E-01,3.82E-01,3.67E-01,4.86E-01,4.97E-01,3.62E-01,4.72E-01,4.04E-01,3.11E-01,5.45E-01,4.36E-01,4.67E-01,3.73E-01,3.18E-01
020_S_0213,1.54E-01,1.16E-01,2.24E-01,2.37E-01,2.81E-01,2.70E-01,3.02E-01,2.15E-01,2.12E-01,1.97E-01,1.84E-01,3.06E-01,2.28E-01,1.76E-01,2.11E-01,1.96E-01,1.95E-01,1.86E-01,2.38E-01,2.17E-01,2.87E-01,3.35E-01,2.80E-01,3.27E-01,2.53E-01,3.03E-01,2.97E-01,2.45E-01,3.19E-01,2.73E-01,2.72E-01,2.38E-01,2.31E-01,2.19E-01,2.66E-01,1.97E-01,2.40E-01,2.10E-01,1.88E-01,3.00E-01,1.57E-01,2.38E-01,2.94E-01,2.19E-01,2.57E-01,2.45E-01,2.71E-01,2.40E-01,1.42E-01,2.38E-01,4.46E-01,3.90E-01,2.50E-01,2.55E-01,2.75E-01,3.04E-01,2.82E-01,2.27E-01,2.78E-01,2.00E-01,2.36E-01,3.56E-01,2.40E-01,2.75E-01,2.87E-01,2.59E-01,3.81E-01,2.71E-01,2.38E-01,2.87E-01,2.87E-01,2.71E-01,3.37E-01,2.22E-01,2.86E-01,2.18E-01,3.14E-01,2.95E-01,3.54E-01,4.55E-01,3.55E-01,2.81E-01,3.44E-01,3.41E-01,3.21E-01,3.44E-01,2.60E-01,2.60E-01,2.30E-01,2.72E-01,3.24E-01,3.48E-01,3.05E-01,3.27E-01,3.21E-01,3.11E-01,3.64E-01,4.83E-01,3.48E-01,2.67E-01,4.24E-01,3.93E-01,4.14E-01,3.93E-01,3.28E-01,3.53E-01,4.83E-01,4.07E-01,3.51E-01,3.75E-01,3.07E-01,3.44E-01,2.99E-01,2.84E-01,2.96E-01,2.65E-01,2.78E-01,2.51E-01,2.78E-01,2.29E-01,2.75E-01,2.38E-01,2.65E-01,3.48E-01,3.78E-01,3.19E-01,3.34E-01,3.57E-01,3.57E-01,3.31E-01,3.77E-01,3.22E-01,2.99E-01,3.11E-01,2.40E-01,2.87E-01,3.22E-01,2.26E-01,3.11E-01,2.84E-01,2.46E-01,2.95E-01,3.18E-01,2.55E-01,2.68E-01,2.61E-01,3.26E-01,3.31E-01,3.29E-01,2.75E-01,3.18E-01,3.66E-01,2.83E-01,2.39E-01,2.18E-01,3.33E-01,3.89E-01,5.46E-01,4.08E-01,3.17E-01,3.87E-01,3.60E-01,3.59E-01,4.12E-01,2.94E-01,2.89E-01,2.84E-01,3.69E-01,3.51E-01,3.57E-01,3.98E-01,4.11E-01,3.09E-01,3.39E-01,3.61E-01,3.26E-01,4.04E-01,2.82E-01,3.05E-01,2.89E-01,3.33E-01,3.36E-01,3.29E-01,3.23E-01,2.86E-01,3.47E-01,3.84E-01,3.62E-01,3.20E-01,4.00E-01,4.52E-01,3.25E-01,3.94E-01,3.66E-01,2.67E-01,5.35E-01,3.52E-01,4.32E-01,3.53E-01,3.21E-01
021_S_0159,1.32E-01,1.00E-01,1.90E-01,2.08E-01,2.24E-01,2.11E-01,2.32E-01,1.64E-01,1.77E-01,1.62E-01,1.53E-01,2.54E-01,2.01E-01,1.57E-01,2.09E-01,2.00E-01,1.76E-01,1.99E-01,1.88E-01,1.82E-01,2.33E-01,2.69E-01,2.17E-01,2.77E-01,2.16E-01,2.23E-01,2.23E-01,2.10E-01,2.80E-01,2.40E-01,2.23E-01,2.09E-01,2.11E-01,2.15E-01,2.23E-01,2.09E-01,2.10E-01,1.87E-01,1.98E-01,2.45E-01,1.33E-01,2.02E-01,2.53E-01,1.81E-01,2.70E-01,2.21E-01,2.62E-01,2.74E-01,1.32E-01,2.40E-01,3.42E-01,3.25E-01,2.55E-01,2.65E-01,2.43E-01,2.86E-01,2.59E-01,2.03E-01,2.29E-01,1.84E-01,2.34E-01,3.34E-01,2.26E-01,2.30E-01,2.44E-01,2.47E-01,3.44E-01,2.31E-01,2.41E-01,3.11E-01,2.99E-01,2.40E-01,2.60E-01,2.05E-01,2.63E-01,2.85E-01,2.68E-01,2.62E-01,2.92E-01,3.76E-01,2.95E-01,2.51E-01,2.89E-01,3.20E-01,2.67E-01,2.97E-01,2.65E-01,2.78E-01,3.04E-01,3.05E-01,3.07E-01,3.31E-01,3.57E-01,3.11E-01,2.84E-01,2.97E-01,3.10E-01,4.07E-01,3.08E-01,2.65E-01,3.09E-01,2.93E-01,3.04E-01,3.21E-01,2.69E-01,2.73E-01,3.07E-01,3.38E-01,2.89E-01,2.83E-01,2.38E-01,2.71E-01,2.48E-01,2.69E-01,2.95E-01,2.73E-01,2.91E-01,3.19E-01,2.91E-01,3.18E-01,2.63E-01,3.15E-01,3.16E-01,2.94E-01,3.19E-01,2.70E-01,2.60E-01,2.74E-01,2.87E-01,2.54E-01,3.04E-01,2.43E-01,2.31E-01,2.97E-01,2.29E-01,3.23E-01,2.50E-01,1.81E-01,3.54E-01,2.71E-01,2.55E-01,2.35E-01,2.74E-01,2.30E-01,2.30E-01,2.12E-01,3.40E-01,2.72E-01,2.59E-01,3.46E-01,3.25E-01,3.18E-01,3.10E-01,2.26E-01,2.01E-01,3.16E-01,3.35E-01,4.05E-01,3.83E-01,2.94E-01,3.49E-01,3.35E-01,3.08E-01,3.35E-01,3.18E-01,2.45E-01,2.52E-01,2.82E-01,2.91E-01,3.18E-01,3.40E-01,3.62E-01,2.79E-01,3.24E-01,3.53E-01,2.86E-01,3.68E-01,2.97E-01,3.44E-01,2.92E-01,2.85E-01,3.23E-01,3.09E-01,2.81E-01,3.53E-01,3.08E-01,3.43E-01,3.31E-01,3.53E-01,3.52E-01,3.84E-01,3.30E-01,3.46E-01,2.95E-01,2.62E-01,4.36E-01,3.20E-01,4.03E-01,2.60E-01,2.30E-01
021_S_0984,1.69E-01,1.27E-01,2.24E-01,2.54E-01,2.70E-01,2.70E-01,2.88E-01,2.05E-01,2.26E-01,2.05E-01,2.02E-01,3.24E-01,2.58E-01,2.09E-01,2.67E-01,2.45E-01,2.37E-01,2.08E-01,2.67E-01,2.53E-01,3.16E-01,3.32E-01,2.80E-01,3.21E-01,2.98E-01,2.84E-01,3.02E-01,2.95E-01,3.71E-01,2.71E-01,2.79E-01,3.06E-01,2.76E-01,2.55E-01,2.91E-01,2.15E-01,2.61E-01,2.70E-01,2.47E-01,3.09E-01,1.57E-01,2.54E-01,3.09E-01,2.63E-01,3.57E-01,2.51E-01,3.39E-01,3.67E-01,1.67E-01,3.41E-01,4.47E-01,3.73E-01,2.79E-01,3.05E-01,2.88E-01,3.78E-01,3.10E-01,2.81E-01,3.47E-01,2.47E-01,2.70E-01,3.75E-01,2.95E-01,3.26E-01,3.31E-01,3.10E-01,4.19E-01,2.93E-01,3.18E-01,3.20E-01,3.33E-01,3.13E-01,3.76E-01,2.65E-01,3.51E-01,3.07E-01,3.48E-01,3.36E-01,3.83E-01,4.80E-01,3.44E-01,3.82E-01,3.26E-01,4.18E-01,4.11E-01,3.47E-01,3.28E-01,2.88E-01,3.03E-01,3.53E-01,3.72E-01,3.98E-01,4.06E-01,3.49E-01,4.12E-01,3.86E-01,3.63E-01,4.98E-01,3.94E-01,2.62E-01,4.22E-01,3.91E-01,3.74E-01,4.05E-01,3.52E-01,3.61E-01,4.48E-01,4.39E-01,4.18E-01,3.00E-01,3.50E-01,3.65E-01,3.47E-01,3.04E-01,3.62E-01,3.44E-01,3.17E-01,3.92E-01,3.59E-01,3.16E-01,3.23E-01,4.00E-01,3.37E-01,3.31E-01,3.49E-01,3.31E-01,3.21E-01,3.41E-01,3.49E-01,3.25E-01,4.00E-01,3.37E-01,3.42E-01,3.56E-01,2.70E-01,3.46E-01,3.80E-01,2.64E-01,3.44E-01,2.94E-01,2.93E-01,3.26E-01,3.34E-01,2.89E-01,2.92E-01,2.89E-01,4.32E-01,3.73E-01,3.22E-01,3.55E-01,3.54E-01,4.00E-01,4.07E-01,2.91E-01,2.57E-01,4.24E-01,3.92E-01,5.41E-01,4.31E-01,3.26E-01,4.43E-01,3.95E-01,3.96E-01,3.94E-01,3.92E-01,3.82E-01,3.30E-01,3.67E-01,3.90E-01,4.16E-01,4.34E-01,4.66E-01,3.97E-01,4.02E-01,4.51E-01,4.02E-01,4.60E-01,3.32E-01,4.42E-01,4.00E-01,3.67E-01,3.99E-01,4.71E-01,3.73E-01,4.33E-01,3.89E-01,3.97E-01,3.76E-01,3.61E-01,4.52E-01,4.39E-01,3.70E-01,4.56E-01,3.92E-01,2.98E-01,5.49E-01,4.06E-01,4.68E-01,3.72E-01,3.04E-01
021_S_1109,1.16E-01,8.41E-02,1.67E-01,1.80E-01,2.13E-01,2.26E-01,2.29E-01,1.57E-01,1.53E-01,1.62E-01,1.53E-01,2.50E-01,1.77E-01,1.20E-01,1.42E-01,1.34E-01,1.50E-01,1.20E-01,1.73E-01,1.53E-01,2.10E-01,2.31E-01,1.81E-01,2.23E-01,1.90E-01,2.01E-01,1.90E-01,1.64E-01,2.43E-01,2.21E-01,2.53E-01,2.18E-01,2.03E-01,1.70E-01,1.67E-01,1.47E-01,1.69E-01,1.59E-01,1.42E-01,1.92E-01,1.14E-01,1.80E-01,2.35E-01,1.68E-01,2.00E-01,1.63E-01,1.94E-01,1.84E-01,1.13E-01,2.16E-01,3.35E-01,3.06E-01,2.26E-01,1.96E-01,2.35E-01,2.56E-01,2.70E-01,1.89E-01,2.12E-01,1.70E-01,1.77E-01,2.11E-01,2.18E-01,2.08E-01,2.03E-01,2.14E-01,2.92E-01,2.07E-01,1.92E-01,2.04E-01,2.06E-01,2.24E-01,2.54E-01,1.83E-01,2.40E-01,2.39E-01,2.72E-01,2.43E-01,2.63E-01,3.45E-01,2.26E-01,2.17E-01,2.73E-01,2.45E-01,2.56E-01,2.81E-01,2.24E-01,1.96E-01,2.09E-01,2.39E-01,2.14E-01,2.89E-01,3.10E-01,2.65E-01,2.60E-01,2.77E-01,3.01E-01,3.35E-01,2.69E-01,2.55E-01,3.13E-01,3.07E-01,3.29E-01,3.18E-01,2.89E-01,2.99E-01,3.37E-01,2.99E-01,3.02E-01,2.96E-01,2.25E-01,2.65E-01,1.85E-01,1.88E-01,2.31E-01,1.74E-01,2.20E-01,1.65E-01,2.16E-01,1.60E-01,1.89E-01,1.70E-01,1.90E-01,2.39E-01,2.84E-01,2.25E-01,2.36E-01,2.54E-01,2.36E-01,2.57E-01,2.54E-01,2.64E-01,2.89E-01,2.27E-01,2.13E-01,2.50E-01,2.13E-01,1.62E-01,2.33E-01,2.53E-01,1.89E-01,1.95E-01,2.50E-01,1.64E-01,1.82E-01,1.82E-01,2.73E-01,2.86E-01,2.44E-01,2.21E-01,2.03E-01,2.47E-01,2.33E-01,1.75E-01,1.77E-01,2.90E-01,3.15E-01,3.78E-01,3.60E-01,2.43E-01,3.23E-01,2.30E-01,2.54E-01,2.26E-01,2.36E-01,1.87E-01,1.89E-01,2.89E-01,2.25E-01,2.66E-01,2.51E-01,3.13E-01,2.28E-01,2.21E-01,2.58E-01,2.48E-01,3.05E-01,2.51E-01,2.53E-01,2.09E-01,2.67E-01,2.86E-01,2.60E-01,2.65E-01,2.55E-01,2.48E-01,2.75E-01,2.81E-01,2.53E-01,3.06E-01,3.48E-01,2.35E-01,2.71E-01,3.33E-01,2.69E-01,3.12E-01,2.50E-01,3.21E-01,2.97E-01,2.37E-01
021_S_4718,1.39E-01,1.10E-01,1.99E-01,2.41E-01,2.72E-01,2.37E-01,2.43E-01,1.91E-01,1.96E-01,1.57E-01,1.68E-01,2.68E-01,2.31E-01,1.86E-01,2.45E-01,2.27E-01,2.15E-01,2.30E-01,2.61E-01,2.24E-01,2.62E-01,3.00E-01,2.45E-01,3.14E-01,2.79E-01,2.68E-01,2.33E-01,2.28E-01,2.89E-01,2.84E-01,2.86E-01,2.40E-01,2.42E-01,2.09E-01,2.53E-01,2.20E-01,2.46E-01,2.45E-01,2.21E-01,2.67E-01,1.40E-01,2.36E-01,2.66E-01,2.19E-01,2.85E-01,2.51E-01,2.95E-01,2.75E-01,1.43E-01,2.89E-01,4.19E-01,4.30E-01,2.77E-01,2.33E-01,2.88E-01,2.96E-01,3.27E-01,2.21E-01,2.44E-01,2.05E-01,2.07E-01,3.09E-01,2.25E-01,2.34E-01,2.35E-01,2.71E-01,3.31E-01,2.46E-01,2.38E-01,3.16E-01,3.48E-01,2.72E-01,3.33E-01,2.42E-01,2.99E-01,2.80E-01,3.10E-01,2.91E-01,3.51E-01,4.83E-01,3.99E-01,3.14E-01,3.37E-01,3.24E-01,2.88E-01,2.95E-01,3.02E-01,3.26E-01,3.56E-01,3.37E-01,3.20E-01,3.33E-01,4.10E-01,3.31E-01,3.18E-01,3.15E-01,3.13E-01,4.38E-01,3.51E-01,3.17E-01,3.07E-01,3.66E-01,3.44E-01,3.44E-01,3.03E-01,3.27E-01,3.31E-01,3.62E-01,2.88E-01,2.84E-01,2.63E-01,3.39E-01,2.37E-01,2.37E-01,2.80E-01,2.64E-01,2.77E-01,2.65E-01,2.69E-01,2.09E-01,2.89E-01,2.57E-01,3.03E-01,2.81E-01,3.54E-01,2.84E-01,2.69E-01,2.69E-01,2.73E-01,2.72E-01,3.06E-01,3.41E-01,2.90E-01,3.07E-01,2.24E-01,3.45E-01,2.86E-01,1.94E-01,3.01E-01,3.33E-01,2.21E-01,2.63E-01,2.29E-01,2.05E-01,1.83E-01,1.87E-01,3.13E-01,3.02E-01,2.77E-01,2.20E-01,2.73E-01,3.15E-01,2.86E-01,2.06E-01,1.82E-01,3.51E-01,3.70E-01,5.30E-01,4.43E-01,4.23E-01,4.45E-01,3.17E-01,3.62E-01,2.97E-01,2.96E-01,2.61E-01,2.02E-01,2.84E-01,2.81E-01,3.40E-01,3.03E-01,3.31E-01,2.64E-01,3.21E-01,2.78E-01,2.62E-01,4.24E-01,3.25E-01,2.78E-01,2.70E-01,2.91E-01,2.76E-01,3.31E-01,3.13E-01,2.65E-01,3.16E-01,3.86E-01,3.76E-01,3.87E-01,3.04E-01,4.51E-01,3.23E-01,3.25E-01,3.65E-01,2.69E-01,4.34E-01,2.68E-01,3.79E-01,3.46E-01,2.52E-01
021_S_4924,1.59E-01,1.25E-01,2.34E-01,2.56E-01,2.91E-01,2.59E-01,2.88E-01,2.17E-01,2.18E-01,1.79E-01,1.89E-01,3.39E-01,2.41E-01,2.00E-01,2.80E-01,2.56E-01,2.40E-01,2.26E-01,2.55E-01,2.54E-01,2.86E-01,3.59E-01,2.78E-01,3.56E-01,2.68E-01,2.97E-01,3.11E-01,2.72E-01,3.23E-01,2.97E-01,2.80E-01,2.74E-01,2.82E-01,2.51E-01,3.26E-01,2.53E-01,2.82E-01,2.84E-01,2.56E-01,3.34E-01,1.48E-01,2.83E-01,3.05E-01,2.30E-01,3.01E-01,2.33E-01,3.38E-01,3.10E-01,1.61E-01,3.39E-01,5.13E-01,4.24E-01,3.11E-01,2.88E-01,3.19E-01,3.35E-01,3.15E-01,2.32E-01,3.31E-01,2.61E-01,2.69E-01,3.95E-01,2.93E-01,3.21E-01,3.12E-01,3.18E-01,3.73E-01,3.05E-01,3.39E-01,3.26E-01,3.50E-01,3.07E-01,3.52E-01,2.50E-01,3.10E-01,2.98E-01,3.45E-01,3.40E-01,3.52E-01,5.01E-01,4.07E-01,3.11E-01,3.95E-01,3.94E-01,3.12E-01,3.54E-01,3.30E-01,3.15E-01,3.62E-01,4.39E-01,3.60E-01,3.89E-01,4.39E-01,2.96E-01,3.41E-01,3.32E-01,3.31E-01,5.36E-01,4.36E-01,3.05E-01,3.56E-01,3.78E-01,3.61E-01,3.49E-01,3.08E-01,3.23E-01,4.11E-01,4.07E-01,3.17E-01,2.94E-01,2.41E-01,2.96E-01,2.79E-01,2.80E-01,2.76E-01,2.87E-01,3.28E-01,3.10E-01,3.30E-01,2.68E-01,2.93E-01,2.78E-01,3.08E-01,3.32E-01,3.79E-01,2.84E-01,3.06E-01,3.38E-01,3.27E-01,3.34E-01,3.74E-01,3.09E-01,2.41E-01,2.96E-01,2.47E-01,3.26E-01,2.66E-01,2.53E-01,3.41E-01,3.52E-01,2.67E-01,2.51E-01,3.42E-01,2.70E-01,2.63E-01,2.30E-01,3.41E-01,3.26E-01,3.27E-01,2.86E-01,3.10E-01,3.49E-01,3.30E-01,3.15E-01,2.60E-01,4.32E-01,4.40E-01,6.45E-01,4.99E-01,3.74E-01,4.71E-01,4.03E-01,4.23E-01,4.38E-01,2.95E-01,2.97E-01,3.09E-01,3.99E-01,3.83E-01,3.93E-01,4.08E-01,4.42E-01,2.83E-01,3.46E-01,4.36E-01,3.87E-01,4.89E-01,3.35E-01,3.93E-01,3.88E-01,2.97E-01,3.26E-01,3.68E-01,3.34E-01,3.47E-01,3.11E-01,4.04E-01,4.06E-01,3.64E-01,4.23E-01,4.76E-01,3.73E-01,4.60E-01,3.83E-01,2.84E-01,5.52E-01,4.32E-01,4.58E-01,3.18E-01,2.70E-01
022_S_0014,1.30E-01,1.04E-01,1.91E-01,2.10E-01,2.38E-01,2.28E-01,2.43E-01,1.85E-01,1.85E-01,1.65E-01,1.62E-01,2.75E-01,2.04E-01,1.78E-01,2.36E-01,2.37E-01,2.05E-01,2.13E-01,2.15E-01,2.31E-01,2.61E-01,2.84E-01,2.17E-01,2.59E-01,2.20E-01,2.15E-01,2.33E-01,2.36E-01,2.88E-01,2.39E-01,2.50E-01,2.66E-01,2.42E-01,2.35E-01,2.62E-01,2.14E-01,2.22E-01,2.39E-01,2.18E-01,2.49E-01,1.29E-01,2.13E-01,2.83E-01,2.05E-01,2.57E-01,2.14E-01,2.69E-01,2.95E-01,1.39E-01,2.41E-01,3.62E-01,3.13E-01,2.56E-01,2.40E-01,2.52E-01,3.00E-01,2.51E-01,2.48E-01,2.73E-01,2.05E-01,2.07E-01,3.20E-01,2.38E-01,2.50E-01,2.69E-01,2.47E-01,3.14E-01,2.51E-01,2.18E-01,2.68E-01,2.90E-01,2.55E-01,3.04E-01,2.03E-01,2.82E-01,2.62E-01,2.76E-01,2.71E-01,3.08E-01,3.73E-01,3.06E-01,2.67E-01,3.07E-01,3.34E-01,3.31E-01,2.91E-01,2.36E-01,2.96E-01,2.69E-01,2.87E-01,2.75E-01,3.27E-01,3.29E-01,2.78E-01,3.15E-01,2.75E-01,3.10E-01,4.26E-01,2.77E-01,2.24E-01,3.41E-01,3.25E-01,3.37E-01,3.74E-01,3.07E-01,3.13E-01,3.48E-01,3.08E-01,2.76E-01,2.39E-01,2.53E-01,2.99E-01,2.50E-01,2.30E-01,2.93E-01,2.92E-01,2.47E-01,2.86E-01,2.75E-01,2.69E-01,2.64E-01,2.74E-01,2.48E-01,2.87E-01,3.02E-01,2.95E-01,2.65E-01,2.85E-01,3.01E-01,3.04E-01,2.88E-01,2.68E-01,2.72E-01,2.44E-01,2.11E-01,2.84E-01,2.30E-01,2.20E-01,3.09E-01,2.64E-01,2.29E-01,2.19E-01,2.85E-01,2.11E-01,2.49E-01,2.21E-01,3.06E-01,2.87E-01,2.73E-01,2.73E-01,2.79E-01,2.95E-01,3.25E-01,2.27E-01,2.07E-01,3.15E-01,3.10E-01,4.30E-01,3.44E-01,3.25E-01,3.55E-01,2.96E-01,3.05E-01,3.40E-01,2.70E-01,2.87E-01,2.23E-01,3.09E-01,3.01E-01,3.23E-01,3.68E-01,3.30E-01,3.04E-01,3.27E-01,3.08E-01,2.83E-01,3.63E-01,3.08E-01,2.99E-01,3.04E-01,2.97E-01,3.47E-01,3.35E-01,3.08E-01,3.28E-01,3.41E-01,2.94E-01,3.22E-01,3.64E-01,3.24E-01,3.61E-01,2.91E-01,3.41E-01,3.14E-01,2.45E-01,4.52E-01,3.38E-01,3.55E-01,2.90E-01,2.61E-01
022_S_0066,1.25E-01,9.43E-02,1.68E-01,1.91E-01,2.18E-01,1.99E-01,2.27E-01,1.66E-01,1.80E-01,1.59E-01,1.58E-01,2.68E-01,2.06E-01,1.43E-01,1.85E-01,1.84E-01,1.61E-01,1.83E-01,2.13E-01,2.01E-01,2.25E-01,2.37E-01,1.98E-01,2.58E-01,2.08E-01,2.12E-01,2.13E-01,2.09E-01,2.87E-01,2.20E-01,2.27E-01,2.17E-01,2.03E-01,1.88E-01,1.92E-01,1.61E-01,1.85E-01,1.89E-01,1.89E-01,1.93E-01,1.19E-01,1.90E-01,2.56E-01,1.97E-01,2.47E-01,1.90E-01,2.50E-01,2.57E-01,1.27E-01,2.31E-01,3.00E-01,2.82E-01,2.13E-01,2.24E-01,2.26E-01,2.75E-01,2.44E-01,2.00E-01,2.33E-01,1.95E-01,2.34E-01,2.49E-01,2.28E-01,2.37E-01,2.33E-01,2.43E-01,3.06E-01,2.22E-01,2.15E-01,2.83E-01,2.41E-01,2.38E-01,2.69E-01,2.08E-01,2.86E-01,2.74E-01,2.61E-01,2.71E-01,2.95E-01,3.29E-01,2.76E-01,2.92E-01,2.68E-01,2.75E-01,2.65E-01,2.83E-01,2.57E-01,2.48E-01,2.62E-01,2.89E-01,2.98E-01,3.07E-01,3.20E-01,2.68E-01,2.93E-01,2.88E-01,2.52E-01,4.53E-01,2.74E-01,2.23E-01,3.25E-01,3.09E-01,2.87E-01,2.94E-01,2.80E-01,2.65E-01,3.38E-01,3.25E-01,3.04E-01,2.32E-01,2.47E-01,2.78E-01,2.40E-01,2.40E-01,2.64E-01,2.27E-01,2.49E-01,2.35E-01,2.29E-01,2.05E-01,2.16E-01,2.33E-01,2.44E-01,2.53E-01,2.50E-01,2.19E-01,2.29E-01,2.48E-01,2.69E-01,2.58E-01,2.95E-01,2.57E-01,2.59E-01,2.49E-01,2.14E-01,2.42E-01,2.97E-01,2.03E-01,2.86E-01,2.43E-01,2.26E-01,2.39E-01,2.48E-01,1.89E-01,2.45E-01,2.30E-01,3.29E-01,2.81E-01,2.95E-01,2.52E-01,2.70E-01,2.94E-01,2.93E-01,2.45E-01,2.10E-01,3.08E-01,3.08E-01,3.91E-01,3.22E-01,3.04E-01,3.04E-01,2.68E-01,2.98E-01,2.71E-01,2.54E-01,2.65E-01,2.29E-01,3.01E-01,2.71E-01,3.11E-01,3.13E-01,3.36E-01,2.75E-01,2.67E-01,2.83E-01,2.68E-01,3.78E-01,2.89E-01,3.34E-01,2.63E-01,2.68E-01,3.10E-01,3.19E-01,3.50E-01,2.78E-01,3.05E-01,2.82E-01,3.12E-01,3.18E-01,3.20E-01,3.33E-01,3.06E-01,3.73E-01,3.27E-01,2.31E-01,3.94E-01,3.08E-01,3.22E-01,3.36E-01,2.93E-01
022_S_0096,1.59E-01,1.18E-01,2.33E-01,2.39E-01,2.65E-01,2.55E-01,2.80E-01,1.94E-01,2.18E-01,1.95E-01,1.80E-01,2.97E-01,2.32E-01,1.77E-01,2.15E-01,2.01E-01,2.15E-01,2.03E-01,2.22E-01,2.25E-01,3.04E-01,2.98E-01,2.37E-01,2.92E-01,2.39E-01,2.50E-01,2.51E-01,2.60E-01,3.12E-01,2.95E-01,2.55E-01,2.68E-01,2.39E-01,2.63E-01,2.55E-01,2.12E-01,2.62E-01,2.61E-01,2.23E-01,2.83E-01,1.46E-01,2.17E-01,3.11E-01,2.30E-01,2.99E-01,2.31E-01,2.95E-01,3.46E-01,1.64E-01,2.82E-01,4.35E-01,3.82E-01,2.66E-01,2.79E-01,2.81E-01,3.52E-01,3.14E-01,2.68E-01,2.72E-01,2.22E-01,2.98E-01,3.87E-01,3.00E-01,2.81E-01,3.23E-01,2.69E-01,3.70E-01,2.78E-01,3.31E-01,3.38E-01,3.26E-01,2.61E-01,3.39E-01,2.36E-01,3.26E-01,3.35E-01,3.08E-01,3.05E-01,3.53E-01,4.56E-01,3.45E-01,2.62E-01,3.48E-01,3.61E-01,3.72E-01,3.56E-01,2.80E-01,3.02E-01,3.18E-01,3.64E-01,3.74E-01,3.82E-01,3.89E-01,3.47E-01,4.10E-01,3.14E-01,3.74E-01,4.78E-01,3.35E-01,2.88E-01,3.68E-01,3.90E-01,3.83E-01,4.09E-01,3.72E-01,3.74E-01,3.86E-01,3.92E-01,3.60E-01,3.46E-01,2.92E-01,3.17E-01,2.65E-01,2.47E-01,3.55E-01,2.65E-01,3.18E-01,2.61E-01,3.22E-01,2.56E-01,3.07E-01,3.39E-01,2.92E-01,2.89E-01,3.18E-01,2.53E-01,2.72E-01,2.94E-01,2.67E-01,2.75E-01,3.47E-01,2.94E-01,3.18E-01,2.75E-01,2.40E-01,3.03E-01,2.76E-01,2.30E-01,3.35E-01,2.94E-01,2.72E-01,2.41E-01,2.74E-01,2.68E-01,2.90E-01,2.69E-01,4.09E-01,3.88E-01,3.25E-01,3.58E-01,3.07E-01,3.94E-01,3.83E-01,2.92E-01,2.49E-01,3.48E-01,3.78E-01,5.39E-01,4.35E-01,3.77E-01,4.09E-01,3.75E-01,3.74E-01,4.06E-01,3.37E-01,2.70E-01,3.34E-01,3.42E-01,3.89E-01,3.87E-01,3.84E-01,4.06E-01,3.29E-01,3.22E-01,4.17E-01,3.67E-01,4.36E-01,3.26E-01,3.87E-01,3.98E-01,3.24E-01,3.62E-01,3.92E-01,3.31E-01,3.95E-01,3.51E-01,3.66E-01,3.61E-01,3.86E-01,4.27E-01,4.62E-01,3.21E-01,4.62E-01,3.84E-01,3.04E-01,5.46E-01,3.73E-01,4.17E-01,3.17E-01,2.81E-01
022_S_0130,1.70E-01,1.34E-01,2.55E-01,2.84E-01,2.98E-01,3.07E-01,3.27E-01,2.08E-01,2.47E-01,2.06E-01,2.12E-01,3.30E-01,2.89E-01,2.03E-01,2.56E-01,2.39E-01,2.48E-01,2.07E-01,2.71E-01,2.79E-01,3.15E-01,3.63E-01,3.07E-01,3.93E-01,3.19E-01,3.42E-01,2.77E-01,2.77E-01,3.54E-01,2.97E-01,2.93E-01,3.13E-01,3.05E-01,2.80E-01,2.87E-01,2.47E-01,2.75E-01,2.61E-01,2.71E-01,3.44E-01,1.70E-01,3.04E-01,3.70E-01,2.76E-01,3.40E-01,2.45E-01,3.32E-01,3.71E-01,2.05E-01,3.58E-01,4.99E-01,4.29E-01,3.18E-01,3.29E-01,3.28E-01,4.19E-01,3.31E-01,3.06E-01,3.28E-01,2.46E-01,3.36E-01,4.15E-01,3.61E-01,3.48E-01,3.68E-01,3.45E-01,4.10E-01,2.88E-01,3.70E-01,3.74E-01,3.26E-01,3.15E-01,3.67E-01,2.61E-01,3.33E-01,3.67E-01,3.47E-01,3.43E-01,4.09E-01,4.68E-01,3.73E-01,3.81E-01,4.24E-01,4.68E-01,4.26E-01,3.82E-01,2.73E-01,3.39E-01,3.25E-01,4.11E-01,4.12E-01,5.03E-01,4.21E-01,4.64E-01,4.07E-01,3.53E-01,4.14E-01,5.35E-01,3.94E-01,2.95E-01,4.01E-01,3.97E-01,4.10E-01,4.42E-01,3.81E-01,3.54E-01,4.49E-01,4.32E-01,3.84E-01,3.52E-01,3.52E-01,3.30E-01,3.35E-01,3.28E-01,3.51E-01,3.08E-01,3.50E-01,2.95E-01,3.25E-01,2.46E-01,2.88E-01,3.05E-01,3.23E-01,3.91E-01,3.94E-01,3.82E-01,3.88E-01,3.97E-01,4.36E-01,3.73E-01,3.80E-01,3.73E-01,3.59E-01,3.30E-01,3.09E-01,3.69E-01,3.74E-01,2.92E-01,3.71E-01,3.44E-01,3.09E-01,3.62E-01,3.47E-01,3.66E-01,3.28E-01,3.73E-01,4.50E-01,4.27E-01,4.09E-01,3.56E-01,3.83E-01,4.33E-01,4.28E-01,3.31E-01,3.18E-01,4.36E-01,4.33E-01,6.09E-01,4.45E-01,4.47E-01,4.84E-01,4.21E-01,4.58E-01,4.38E-01,3.68E-01,3.61E-01,3.60E-01,4.28E-01,4.03E-01,4.37E-01,4.69E-01,5.18E-01,3.54E-01,4.00E-01,4.34E-01,4.07E-01,5.15E-01,4.12E-01,4.34E-01,3.97E-01,3.64E-01,3.87E-01,4.23E-01,3.87E-01,4.08E-01,3.93E-01,3.80E-01,4.46E-01,4.40E-01,5.00E-01,5.70E-01,3.36E-01,4.99E-01,4.20E-01,3.36E-01,6.31E-01,4.70E-01,4.79E-01,4.80E-01,3.98E-01
022_S_0219,1.37E-01,1.04E-01,1.98E-01,2.18E-01,2.17E-01,2.14E-01,2.45E-01,1.77E-01,1.78E-01,1.45E-01,1.45E-01,2.54E-01,1.88E-01,1.54E-01,2.10E-01,1.97E-01,1.89E-01,1.86E-01,2.17E-01,1.97E-01,2.35E-01,2.41E-01,2.11E-01,2.29E-01,2.03E-01,2.22E-01,2.20E-01,2.07E-01,3.00E-01,2.49E-01,2.54E-01,2.17E-01,2.12E-01,2.02E-01,2.16E-01,1.85E-01,2.22E-01,2.45E-01,1.87E-01,2.25E-01,1.22E-01,1.98E-01,2.53E-01,1.78E-01,2.25E-01,1.97E-01,2.30E-01,2.41E-01,1.32E-01,2.59E-01,4.22E-01,3.82E-01,2.65E-01,2.17E-01,2.73E-01,3.10E-01,2.79E-01,2.13E-01,2.38E-01,1.96E-01,1.86E-01,2.64E-01,2.27E-01,2.13E-01,2.36E-01,2.43E-01,3.08E-01,2.22E-01,2.53E-01,2.63E-01,2.78E-01,2.36E-01,2.84E-01,2.05E-01,2.64E-01,2.55E-01,2.57E-01,2.42E-01,2.89E-01,4.28E-01,3.07E-01,2.67E-01,3.58E-01,3.12E-01,2.92E-01,2.70E-01,2.93E-01,2.79E-01,2.80E-01,2.84E-01,2.43E-01,3.86E-01,3.54E-01,3.24E-01,3.05E-01,2.51E-01,2.78E-01,3.85E-01,2.90E-01,2.49E-01,3.14E-01,3.06E-01,3.18E-01,3.27E-01,2.86E-01,3.00E-01,3.30E-01,3.09E-01,2.78E-01,2.17E-01,2.23E-01,3.25E-01,2.04E-01,2.26E-01,2.48E-01,1.98E-01,2.47E-01,2.43E-01,2.83E-01,2.23E-01,2.51E-01,2.51E-01,2.50E-01,2.36E-01,2.74E-01,2.52E-01,2.42E-01,2.69E-01,2.62E-01,2.50E-01,2.82E-01,2.72E-01,2.57E-01,2.61E-01,2.41E-01,3.00E-01,2.71E-01,1.65E-01,2.98E-01,3.04E-01,1.92E-01,2.13E-01,2.41E-01,2.18E-01,2.05E-01,1.97E-01,2.51E-01,2.55E-01,2.40E-01,2.46E-01,2.32E-01,2.96E-01,3.06E-01,2.09E-01,2.18E-01,3.37E-01,3.90E-01,5.06E-01,4.25E-01,3.23E-01,3.96E-01,3.16E-01,3.39E-01,2.39E-01,2.66E-01,2.31E-01,2.15E-01,2.63E-01,2.61E-01,2.91E-01,3.13E-01,3.34E-01,2.82E-01,2.55E-01,3.00E-01,2.79E-01,3.78E-01,2.57E-01,2.96E-01,2.83E-01,2.70E-01,2.76E-01,2.88E-01,2.92E-01,2.62E-01,2.66E-01,3.31E-01,3.23E-01,3.47E-01,3.13E-01,4.35E-01,2.86E-01,2.92E-01,2.88E-01,1.99E-01,3.93E-01,2.89E-01,3.30E-01,2.54E-01,1.94E-01
022_S_0543,1.18E-01,8.84E-02,1.67E-01,1.80E-01,1.97E-01,2.14E-01,2.15E-01,1.52E-01,1.63E-01,1.45E-01,1.37E-01,2.35E-01,1.76E-01,1.46E-01,1.71E-01,1.69E-01,1.55E-01,1.61E-01,1.67E-01,1.77E-01,2.16E-01,2.49E-01,2.06E-01,2.41E-01,2.28E-01,2.22E-01,2.17E-01,2.11E-01,2.59E-01,2.32E-01,2.04E-01,2.06E-01,1.88E-01,1.74E-01,2.16E-01,1.68E-01,1.96E-01,1.80E-01,1.69E-01,2.45E-01,1.17E-01,1.78E-01,2.26E-01,1.62E-01,2.09E-01,1.80E-01,2.51E-01,2.12E-01,1.17E-01,2.17E-01,3.47E-01,2.84E-01,2.23E-01,2.20E-01,2.42E-01,2.68E-01,2.31E-01,2.05E-01,2.09E-01,1.77E-01,1.87E-01,2.57E-01,1.96E-01,2.16E-01,2.31E-01,2.24E-01,2.80E-01,1.95E-01,2.38E-01,2.36E-01,2.56E-01,2.16E-01,2.36E-01,1.82E-01,2.31E-01,2.09E-01,2.60E-01,2.35E-01,2.47E-01,3.71E-01,2.59E-01,2.55E-01,3.12E-01,2.60E-01,2.63E-01,2.80E-01,2.22E-01,2.23E-01,2.11E-01,2.37E-01,2.45E-01,2.75E-01,2.53E-01,2.55E-01,2.73E-01,2.59E-01,2.69E-01,3.77E-01,3.26E-01,2.08E-01,3.08E-01,2.59E-01,2.70E-01,2.88E-01,2.36E-01,2.62E-01,2.88E-01,2.94E-01,2.54E-01,2.42E-01,2.34E-01,2.46E-01,2.05E-01,2.04E-01,2.43E-01,2.23E-01,1.89E-01,2.03E-01,1.99E-01,1.85E-01,2.02E-01,2.16E-01,2.03E-01,2.52E-01,2.91E-01,2.40E-01,2.24E-01,2.41E-01,2.41E-01,2.16E-01,3.06E-01,2.20E-01,2.21E-01,2.30E-01,1.61E-01,2.30E-01,2.15E-01,1.52E-01,2.24E-01,2.20E-01,1.67E-01,2.18E-01,1.64E-01,1.51E-01,1.82E-01,1.67E-01,2.18E-01,2.31E-01,2.42E-01,2.19E-01,2.42E-01,2.55E-01,2.07E-01,1.71E-01,1.60E-01,2.48E-01,3.12E-01,3.68E-01,3.57E-01,2.54E-01,3.23E-01,2.64E-01,2.76E-01,2.82E-01,2.68E-01,2.04E-01,1.98E-01,2.21E-01,2.27E-01,2.40E-01,2.60E-01,3.18E-01,2.45E-01,2.39E-01,2.76E-01,2.43E-01,2.75E-01,2.26E-01,2.25E-01,2.09E-01,2.49E-01,2.85E-01,2.11E-01,2.55E-01,2.05E-01,2.12E-01,2.76E-01,2.75E-01,2.80E-01,2.98E-01,3.27E-01,2.35E-01,2.87E-01,2.77E-01,2.16E-01,4.01E-01,2.70E-01,3.30E-01,2.80E-01,2.51E-01
023_S_0031,1.30E-01,1.05E-01,2.10E-01,2.38E-01,2.27E-01,2.41E-01,2.58E-01,1.89E-01,2.06E-01,1.87E-01,1.75E-01,2.91E-01,2.27E-01,1.62E-01,2.19E-01,2.11E-01,1.99E-01,1.81E-01,2.23E-01,2.10E-01,2.67E-01,2.68E-01,2.31E-01,2.87E-01,2.52E-01,2.46E-01,2.26E-01,2.35E-01,2.98E-01,2.41E-01,2.24E-01,2.61E-01,2.47E-01,2.43E-01,2.26E-01,2.13E-01,2.33E-01,2.22E-01,2.19E-01,2.72E-01,2.13E-01,1.94E-01,2.81E-01,2.11E-01,3.01E-01,2.26E-01,2.84E-01,2.55E-01,1.48E-01,2.61E-01,4.03E-01,3.74E-01,2.49E-01,2.36E-01,2.55E-01,3.32E-01,2.76E-01,2.48E-01,2.52E-01,1.96E-01,2.61E-01,3.18E-01,2.51E-01,2.46E-01,3.31E-01,2.68E-01,3.23E-01,2.37E-01,2.58E-01,3.26E-01,2.76E-01,2.73E-01,3.03E-01,2.26E-01,2.93E-01,2.79E-01,2.97E-01,2.99E-01,3.20E-01,4.17E-01,2.95E-01,2.60E-01,3.07E-01,3.52E-01,3.35E-01,3.00E-01,2.47E-01,2.42E-01,2.67E-01,3.41E-01,3.52E-01,3.66E-01,3.89E-01,3.28E-01,3.32E-01,2.81E-01,3.79E-01,4.33E-01,3.32E-01,2.66E-01,3.04E-01,3.05E-01,3.16E-01,3.20E-01,3.12E-01,3.23E-01,3.69E-01,3.63E-01,3.28E-01,3.40E-01,2.97E-01,2.79E-01,2.74E-01,2.72E-01,2.68E-01,2.79E-01,2.80E-01,2.82E-01,2.68E-01,2.33E-01,2.84E-01,2.37E-01,2.74E-01,2.79E-01,3.16E-01,2.74E-01,2.54E-01,3.23E-01,3.20E-01,3.05E-01,3.02E-01,2.77E-01,2.45E-01,2.69E-01,2.37E-01,2.84E-01,2.50E-01,2.18E-01,2.80E-01,2.83E-01,2.44E-01,2.44E-01,2.78E-01,2.65E-01,2.70E-01,2.65E-01,3.54E-01,3.17E-01,2.93E-01,2.43E-01,3.12E-01,3.27E-01,3.04E-01,2.53E-01,2.26E-01,3.89E-01,3.47E-01,4.83E-01,3.90E-01,3.35E-01,3.46E-01,3.18E-01,3.15E-01,3.25E-01,3.10E-01,2.80E-01,2.62E-01,3.62E-01,3.17E-01,3.48E-01,3.71E-01,3.42E-01,2.59E-01,3.24E-01,3.45E-01,3.57E-01,3.70E-01,2.93E-01,3.70E-01,3.39E-01,2.95E-01,3.05E-01,3.58E-01,3.14E-01,3.53E-01,3.74E-01,2.88E-01,3.53E-01,3.40E-01,3.64E-01,3.99E-01,3.20E-01,3.83E-01,3.25E-01,3.03E-01,4.39E-01,3.66E-01,4.08E-01,3.32E-01,2.85E-01
023_S_0061,1.51E-01,1.12E-01,2.04E-01,2.13E-01,2.64E-01,2.50E-01,3.06E-01,2.17E-01,2.16E-01,1.95E-01,1.81E-01,2.81E-01,2.39E-01,1.76E-01,2.49E-01,1.97E-01,2.04E-01,1.65E-01,2.24E-01,2.19E-01,2.81E-01,2.80E-01,2.61E-01,3.18E-01,2.60E-01,2.72E-01,2.17E-01,2.52E-01,3.38E-01,2.63E-01,2.78E-01,2.62E-01,2.47E-01,2.31E-01,2.51E-01,2.22E-01,2.62E-01,2.55E-01,2.40E-01,2.55E-01,1.44E-01,2.50E-01,3.04E-01,2.21E-01,2.66E-01,2.15E-01,2.70E-01,2.97E-01,1.49E-01,2.86E-01,3.94E-01,3.38E-01,2.56E-01,2.56E-01,2.54E-01,3.21E-01,2.86E-01,2.28E-01,2.75E-01,2.29E-01,2.09E-01,3.38E-01,2.83E-01,2.62E-01,2.99E-01,2.77E-01,3.19E-01,2.46E-01,3.08E-01,2.93E-01,3.15E-01,2.65E-01,3.20E-01,2.32E-01,3.10E-01,2.95E-01,3.09E-01,2.90E-01,3.49E-01,4.11E-01,3.40E-01,2.96E-01,3.36E-01,3.31E-01,3.44E-01,3.22E-01,2.63E-01,2.63E-01,3.17E-01,3.58E-01,3.18E-01,3.48E-01,3.41E-01,3.18E-01,3.01E-01,3.30E-01,3.87E-01,4.60E-01,3.19E-01,2.55E-01,4.32E-01,3.82E-01,3.72E-01,3.61E-01,3.52E-01,3.39E-01,4.40E-01,4.06E-01,3.54E-01,3.20E-01,2.76E-01,2.93E-01,2.66E-01,2.56E-01,3.11E-01,2.58E-01,3.20E-01,2.45E-01,3.23E-01,1.86E-01,2.77E-01,2.45E-01,2.70E-01,3.16E-01,3.29E-01,3.43E-01,3.12E-01,3.40E-01,3.51E-01,3.41E-01,3.57E-01,3.08E-01,3.33E-01,3.07E-01,2.69E-01,3.34E-01,3.02E-01,2.56E-01,2.85E-01,3.15E-01,2.11E-01,2.65E-01,3.29E-01,2.34E-01,2.66E-01,2.43E-01,3.56E-01,3.26E-01,3.06E-01,2.32E-01,2.69E-01,3.01E-01,3.30E-01,2.65E-01,1.96E-01,3.61E-01,3.38E-01,4.76E-01,4.10E-01,3.77E-01,3.51E-01,3.43E-01,3.36E-01,3.74E-01,3.52E-01,2.88E-01,2.41E-01,3.66E-01,2.94E-01,3.47E-01,3.40E-01,4.08E-01,2.93E-01,2.90E-01,2.96E-01,3.07E-01,4.24E-01,3.02E-01,3.59E-01,3.26E-01,2.93E-01,3.30E-01,3.38E-01,2.68E-01,3.22E-01,3.31E-01,2.91E-01,3.47E-01,2.99E-01,3.81E-01,4.29E-01,3.14E-01,3.35E-01,3.46E-01,2.97E-01,5.60E-01,3.84E-01,4.03E-01,3.30E-01,2.64E-01
023_S_0926,1.45E-01,1.14E-01,2.19E-01,2.34E-01,2.68E-01,2.82E-01,2.90E-01,2.05E-01,2.05E-01,1.79E-01,1.70E-01,2.97E-01,2.20E-01,1.73E-01,2.20E-01,2.03E-01,1.95E-01,1.75E-01,2.22E-01,2.17E-01,3.20E-01,2.97E-01,2.37E-01,3.01E-01,2.43E-01,2.43E-01,2.44E-01,2.45E-01,3.13E-01,2.95E-01,2.85E-01,2.85E-01,2.39E-01,2.33E-01,2.37E-01,2.06E-01,2.37E-01,2.26E-01,2.38E-01,2.56E-01,1.45E-01,2.40E-01,3.05E-01,1.96E-01,3.17E-01,2.32E-01,2.41E-01,3.31E-01,1.60E-01,3.01E-01,4.03E-01,3.69E-01,2.75E-01,2.44E-01,2.62E-01,3.38E-01,3.09E-01,2.33E-01,2.72E-01,2.30E-01,2.76E-01,3.86E-01,2.71E-01,2.58E-01,3.07E-01,2.78E-01,3.36E-01,2.31E-01,2.76E-01,3.18E-01,3.24E-01,2.60E-01,2.89E-01,2.21E-01,2.67E-01,2.99E-01,3.02E-01,2.75E-01,3.00E-01,4.16E-01,3.31E-01,2.98E-01,3.27E-01,3.77E-01,3.80E-01,3.38E-01,2.98E-01,2.92E-01,2.94E-01,3.69E-01,3.43E-01,3.48E-01,3.74E-01,3.47E-01,3.50E-01,2.95E-01,3.43E-01,4.62E-01,3.47E-01,3.14E-01,3.78E-01,3.92E-01,3.74E-01,3.80E-01,3.65E-01,3.67E-01,4.02E-01,3.93E-01,3.31E-01,3.01E-01,3.08E-01,3.11E-01,3.08E-01,3.01E-01,2.82E-01,2.63E-01,3.05E-01,2.70E-01,2.66E-01,2.69E-01,2.41E-01,2.74E-01,2.34E-01,3.36E-01,3.49E-01,3.01E-01,2.99E-01,3.02E-01,3.38E-01,3.10E-01,3.44E-01,3.43E-01,3.31E-01,2.50E-01,2.63E-01,2.87E-01,3.14E-01,2.07E-01,3.01E-01,2.88E-01,2.94E-01,2.66E-01,3.07E-01,2.46E-01,2.67E-01,2.68E-01,4.19E-01,3.11E-01,3.02E-01,2.94E-01,3.04E-01,4.01E-01,3.81E-01,2.73E-01,2.56E-01,3.88E-01,3.70E-01,5.27E-01,4.05E-01,3.55E-01,3.88E-01,3.55E-01,3.56E-01,3.64E-01,3.06E-01,2.78E-01,2.61E-01,3.55E-01,3.35E-01,3.65E-01,3.90E-01,3.99E-01,3.20E-01,2.84E-01,4.11E-01,3.43E-01,4.44E-01,3.38E-01,3.91E-01,3.28E-01,3.00E-01,3.46E-01,3.59E-01,3.58E-01,3.56E-01,3.45E-01,3.52E-01,3.68E-01,3.97E-01,3.84E-01,4.27E-01,3.75E-01,3.91E-01,4.28E-01,2.87E-01,5.03E-01,3.39E-01,4.03E-01,3.70E-01,2.43E-01
023_S_1190,1.45E-01,1.13E-01,2.10E-01,2.37E-01,2.60E-01,2.62E-01,2.76E-01,1.96E-01,2.16E-01,1.85E-01,1.72E-01,2.86E-01,2.30E-01,1.63E-01,2.05E-01,2.10E-01,2.01E-01,1.95E-01,2.16E-01,2.08E-01,2.91E-01,3.10E-01,2.62E-01,3.10E-01,2.38E-01,2.68E-01,2.64E-01,2.33E-01,3.60E-01,2.62E-01,2.93E-01,2.67E-01,2.59E-01,2.39E-01,2.22E-01,2.07E-01,2.55E-01,2.43E-01,2.08E-01,2.32E-01,1.51E-01,2.47E-01,2.82E-01,2.21E-01,2.98E-01,2.10E-01,2.42E-01,3.12E-01,1.60E-01,3.02E-01,4.40E-01,4.07E-01,2.58E-01,2.87E-01,2.97E-01,3.22E-01,3.29E-01,2.54E-01,3.07E-01,2.43E-01,2.35E-01,3.58E-01,2.60E-01,2.63E-01,2.79E-01,2.94E-01,3.97E-01,2.98E-01,2.89E-01,3.16E-01,2.93E-01,2.78E-01,3.12E-01,2.47E-01,3.03E-01,2.91E-01,3.07E-01,3.21E-01,3.17E-01,4.67E-01,3.23E-01,3.28E-01,3.14E-01,3.82E-01,3.67E-01,3.46E-01,2.70E-01,2.50E-01,3.00E-01,3.55E-01,2.64E-01,3.21E-01,3.55E-01,3.40E-01,3.59E-01,3.30E-01,3.26E-01,4.89E-01,3.19E-01,2.66E-01,3.70E-01,3.49E-01,3.57E-01,3.40E-01,3.05E-01,3.55E-01,3.96E-01,3.67E-01,3.25E-01,3.20E-01,2.70E-01,3.27E-01,2.67E-01,2.77E-01,2.62E-01,2.49E-01,2.89E-01,2.36E-01,2.59E-01,2.09E-01,2.38E-01,2.38E-01,2.63E-01,3.01E-01,3.33E-01,2.91E-01,2.75E-01,2.79E-01,3.29E-01,3.05E-01,4.22E-01,2.89E-01,3.23E-01,3.26E-01,2.86E-01,3.56E-01,3.32E-01,2.38E-01,3.25E-01,2.69E-01,2.73E-01,2.51E-01,2.96E-01,2.26E-01,2.41E-01,2.45E-01,3.60E-01,3.33E-01,3.10E-01,2.52E-01,2.75E-01,3.74E-01,3.32E-01,2.47E-01,2.69E-01,3.48E-01,4.00E-01,5.16E-01,4.31E-01,3.25E-01,4.15E-01,3.53E-01,3.75E-01,4.13E-01,3.37E-01,2.81E-01,2.65E-01,3.24E-01,3.37E-01,3.73E-01,3.76E-01,4.22E-01,3.26E-01,2.84E-01,3.69E-01,3.39E-01,4.28E-01,2.79E-01,3.34E-01,2.91E-01,3.30E-01,3.41E-01,3.70E-01,3.09E-01,3.67E-01,3.42E-01,3.70E-01,3.58E-01,3.27E-01,3.59E-01,3.97E-01,3.13E-01,3.77E-01,3.62E-01,2.73E-01,5.35E-01,3.32E-01,4.43E-01,3.43E-01,2.66E-01
023_S_5120,1.60E-01,1.21E-01,2.26E-01,2.42E-01,2.63E-01,2.59E-01,2.95E-01,1.98E-01,2.09E-01,2.09E-01,1.95E-01,3.35E-01,2.27E-01,2.04E-01,2.80E-01,2.21E-01,2.24E-01,2.07E-01,2.51E-01,2.28E-01,2.89E-01,3.13E-01,2.57E-01,3.25E-01,2.83E-01,3.00E-01,2.82E-01,2.73E-01,3.53E-01,2.97E-01,2.87E-01,2.72E-01,2.64E-01,2.81E-01,2.68E-01,2.44E-01,2.82E-01,3.11E-01,2.35E-01,2.99E-01,1.66E-01,2.60E-01,3.17E-01,2.37E-01,2.99E-01,2.21E-01,2.67E-01,3.28E-01,1.59E-01,3.33E-01,4.32E-01,3.79E-01,3.23E-01,3.01E-01,3.28E-01,3.66E-01,3.18E-01,2.49E-01,3.12E-01,2.60E-01,2.67E-01,3.88E-01,2.90E-01,3.04E-01,2.84E-01,3.01E-01,3.69E-01,2.74E-01,2.96E-01,3.30E-01,2.94E-01,2.96E-01,3.52E-01,2.53E-01,3.10E-01,3.38E-01,3.57E-01,3.20E-01,3.58E-01,4.43E-01,4.42E-01,3.75E-01,3.82E-01,3.76E-01,3.77E-01,3.47E-01,3.04E-01,3.45E-01,3.19E-01,3.95E-01,3.56E-01,4.05E-01,4.13E-01,3.79E-01,3.67E-01,3.33E-01,3.53E-01,5.55E-01,3.61E-01,2.66E-01,3.87E-01,3.92E-01,3.79E-01,3.72E-01,3.57E-01,3.25E-01,4.16E-01,4.08E-01,3.80E-01,3.27E-01,2.93E-01,3.27E-01,3.35E-01,3.08E-01,2.77E-01,2.89E-01,3.36E-01,2.78E-01,2.92E-01,2.83E-01,2.74E-01,2.00E-01,2.80E-01,3.16E-01,3.02E-01,3.16E-01,3.27E-01,3.26E-01,3.46E-01,3.62E-01,4.18E-01,3.57E-01,2.99E-01,3.99E-01,2.84E-01,3.42E-01,3.78E-01,2.75E-01,3.64E-01,3.37E-01,3.08E-01,3.40E-01,2.90E-01,3.01E-01,3.02E-01,2.85E-01,4.05E-01,3.67E-01,3.26E-01,3.17E-01,3.53E-01,3.45E-01,3.74E-01,3.17E-01,2.73E-01,4.23E-01,4.13E-01,5.17E-01,4.57E-01,4.33E-01,4.69E-01,3.67E-01,4.00E-01,4.42E-01,3.33E-01,3.57E-01,3.53E-01,4.01E-01,3.58E-01,3.90E-01,3.90E-01,4.06E-01,3.01E-01,3.62E-01,3.62E-01,3.23E-01,4.41E-01,3.41E-01,3.69E-01,2.99E-01,3.41E-01,3.69E-01,3.45E-01,3.12E-01,3.29E-01,3.12E-01,3.99E-01,4.02E-01,4.54E-01,4.06E-01,4.59E-01,3.58E-01,4.27E-01,3.56E-01,3.04E-01,5.45E-01,4.21E-01,4.10E-01,3.83E-01,3.09E-01
023_S_5241,1.37E-01,1.03E-01,1.98E-01,2.08E-01,2.41E-01,2.30E-01,2.38E-01,1.70E-01,1.97E-01,1.83E-01,1.64E-01,2.75E-01,2.19E-01,1.53E-01,1.88E-01,1.72E-01,1.92E-01,1.65E-01,2.08E-01,2.13E-01,2.71E-01,2.85E-01,2.55E-01,2.72E-01,2.31E-01,2.65E-01,2.56E-01,2.28E-01,3.23E-01,2.48E-01,2.50E-01,2.23E-01,2.11E-01,1.94E-01,2.46E-01,1.97E-01,2.07E-01,2.38E-01,1.86E-01,2.95E-01,1.37E-01,2.20E-01,2.47E-01,2.31E-01,2.64E-01,1.89E-01,2.46E-01,2.52E-01,1.49E-01,3.07E-01,3.18E-01,3.20E-01,2.43E-01,2.56E-01,2.51E-01,2.73E-01,2.44E-01,2.07E-01,2.75E-01,2.05E-01,2.21E-01,2.96E-01,2.52E-01,2.43E-01,2.68E-01,2.59E-01,3.48E-01,2.36E-01,2.32E-01,3.13E-01,2.66E-01,2.68E-01,3.30E-01,2.27E-01,2.53E-01,2.75E-01,2.90E-01,2.81E-01,3.54E-01,3.19E-01,3.03E-01,3.01E-01,2.62E-01,3.33E-01,2.86E-01,3.35E-01,2.04E-01,2.83E-01,2.96E-01,3.26E-01,3.21E-01,3.10E-01,3.82E-01,3.92E-01,3.17E-01,2.88E-01,3.29E-01,4.55E-01,2.91E-01,2.43E-01,3.14E-01,2.99E-01,2.89E-01,2.85E-01,2.49E-01,2.93E-01,2.90E-01,3.15E-01,2.86E-01,2.80E-01,2.45E-01,2.94E-01,2.21E-01,2.23E-01,2.83E-01,2.00E-01,2.80E-01,1.93E-01,2.41E-01,1.88E-01,2.58E-01,1.86E-01,2.18E-01,2.68E-01,2.69E-01,2.41E-01,2.72E-01,2.61E-01,2.69E-01,2.59E-01,2.60E-01,2.37E-01,2.56E-01,2.59E-01,2.32E-01,2.65E-01,2.71E-01,2.20E-01,3.03E-01,2.98E-01,2.09E-01,2.35E-01,2.52E-01,2.41E-01,2.31E-01,2.52E-01,3.08E-01,3.10E-01,3.20E-01,2.51E-01,2.32E-01,3.21E-01,2.94E-01,2.62E-01,2.25E-01,3.65E-01,3.22E-01,3.88E-01,3.74E-01,4.27E-01,3.67E-01,2.79E-01,2.83E-01,3.00E-01,2.47E-01,2.76E-01,2.30E-01,3.31E-01,3.15E-01,3.11E-01,2.97E-01,3.09E-01,2.50E-01,2.94E-01,3.25E-01,3.15E-01,4.27E-01,3.19E-01,3.33E-01,3.13E-01,2.86E-01,2.88E-01,2.95E-01,2.60E-01,2.79E-01,2.99E-01,3.45E-01,3.44E-01,3.76E-01,3.18E-01,3.73E-01,3.31E-01,3.84E-01,2.45E-01,2.80E-01,3.93E-01,3.34E-01,3.78E-01,3.57E-01,2.76E-01
024_S_1063,1.25E-01,9.94E-02,1.94E-01,2.22E-01,2.06E-01,2.24E-01,2.36E-01,1.70E-01,1.86E-01,1.42E-01,1.41E-01,2.41E-01,2.24E-01,1.68E-01,2.15E-01,2.03E-01,1.97E-01,1.85E-01,1.94E-01,2.11E-01,2.48E-01,2.53E-01,2.29E-01,2.46E-01,2.16E-01,2.51E-01,2.26E-01,2.18E-01,2.43E-01,2.23E-01,2.28E-01,2.07E-01,2.07E-01,1.83E-01,2.36E-01,1.88E-01,2.25E-01,2.08E-01,1.94E-01,2.74E-01,1.30E-01,2.07E-01,2.31E-01,2.01E-01,2.60E-01,2.10E-01,2.30E-01,2.45E-01,1.30E-01,2.50E-01,4.00E-01,3.62E-01,2.61E-01,2.33E-01,2.74E-01,3.05E-01,2.58E-01,1.85E-01,2.32E-01,1.79E-01,2.30E-01,3.10E-01,2.22E-01,2.55E-01,2.67E-01,2.58E-01,2.90E-01,2.40E-01,2.54E-01,2.73E-01,2.67E-01,2.29E-01,2.72E-01,2.16E-01,2.41E-01,2.79E-01,2.90E-01,2.71E-01,2.89E-01,4.18E-01,2.81E-01,2.51E-01,3.64E-01,3.19E-01,3.08E-01,2.77E-01,2.54E-01,2.31E-01,2.82E-01,2.99E-01,3.14E-01,3.29E-01,3.28E-01,3.15E-01,3.27E-01,2.75E-01,2.98E-01,3.98E-01,3.11E-01,2.54E-01,3.06E-01,2.89E-01,3.55E-01,3.42E-01,2.71E-01,2.86E-01,3.28E-01,3.32E-01,2.77E-01,2.46E-01,2.32E-01,2.52E-01,3.09E-01,3.14E-01,2.36E-01,2.42E-01,2.44E-01,2.04E-01,2.24E-01,2.10E-01,2.17E-01,1.99E-01,1.92E-01,3.07E-01,3.17E-01,3.22E-01,3.03E-01,3.12E-01,3.46E-01,3.18E-01,2.82E-01,2.75E-01,2.36E-01,2.76E-01,2.22E-01,2.78E-01,3.12E-01,2.17E-01,2.88E-01,2.36E-01,2.38E-01,2.75E-01,2.86E-01,1.92E-01,2.48E-01,2.38E-01,3.14E-01,3.23E-01,2.91E-01,2.32E-01,2.71E-01,2.95E-01,2.57E-01,2.07E-01,2.06E-01,3.20E-01,3.42E-01,4.93E-01,3.84E-01,3.02E-01,4.08E-01,3.28E-01,3.31E-01,3.08E-01,2.48E-01,2.35E-01,2.80E-01,3.16E-01,2.62E-01,3.30E-01,3.08E-01,3.06E-01,2.54E-01,2.73E-01,2.94E-01,3.04E-01,3.63E-01,2.50E-01,3.09E-01,3.37E-01,2.60E-01,2.75E-01,3.06E-01,2.76E-01,2.93E-01,2.99E-01,2.87E-01,3.13E-01,2.94E-01,3.18E-01,4.94E-01,2.56E-01,3.33E-01,2.98E-01,2.41E-01,4.44E-01,3.16E-01,3.42E-01,3.44E-01,3.23E-01
024_S_1171,1.56E-01,1.22E-01,2.34E-01,2.72E-01,2.70E-01,2.59E-01,2.84E-01,2.13E-01,2.21E-01,1.89E-01,1.92E-01,2.91E-01,2.38E-01,1.98E-01,2.30E-01,2.35E-01,2.26E-01,2.00E-01,3.20E-01,2.35E-01,3.04E-01,3.29E-01,2.66E-01,3.44E-01,2.74E-01,2.80E-01,2.82E-01,2.37E-01,3.41E-01,2.95E-01,2.88E-01,2.77E-01,3.05E-01,2.63E-01,2.55E-01,2.10E-01,2.39E-01,2.74E-01,2.51E-01,2.86E-01,1.52E-01,2.68E-01,3.13E-01,2.32E-01,2.88E-01,2.43E-01,3.57E-01,2.72E-01,1.52E-01,3.10E-01,4.34E-01,4.05E-01,2.90E-01,3.03E-01,3.02E-01,3.22E-01,3.05E-01,2.37E-01,3.20E-01,2.44E-01,2.89E-01,3.68E-01,2.59E-01,2.79E-01,3.02E-01,3.00E-01,3.97E-01,2.69E-01,2.55E-01,3.42E-01,3.34E-01,2.81E-01,3.59E-01,2.83E-01,3.29E-01,3.13E-01,3.06E-01,3.19E-01,3.67E-01,4.60E-01,3.73E-01,3.50E-01,3.69E-01,4.03E-01,3.77E-01,3.35E-01,2.95E-01,3.44E-01,3.43E-01,4.17E-01,3.51E-01,3.38E-01,3.77E-01,3.94E-01,3.72E-01,3.23E-01,3.82E-01,4.83E-01,3.42E-01,2.64E-01,3.77E-01,4.10E-01,3.92E-01,3.68E-01,3.26E-01,3.87E-01,4.32E-01,4.18E-01,3.73E-01,3.43E-01,2.94E-01,3.38E-01,3.16E-01,2.69E-01,2.81E-01,3.16E-01,3.10E-01,2.84E-01,3.12E-01,2.83E-01,2.97E-01,3.76E-01,3.03E-01,3.15E-01,3.39E-01,3.39E-01,3.15E-01,3.23E-01,3.84E-01,3.16E-01,3.67E-01,3.20E-01,3.29E-01,3.33E-01,2.52E-01,3.06E-01,3.31E-01,2.59E-01,3.28E-01,3.24E-01,2.58E-01,2.87E-01,2.67E-01,2.80E-01,2.96E-01,2.56E-01,3.76E-01,3.22E-01,2.93E-01,3.74E-01,3.35E-01,3.46E-01,3.49E-01,2.90E-01,2.64E-01,3.74E-01,4.22E-01,5.76E-01,4.68E-01,3.30E-01,4.47E-01,3.98E-01,3.84E-01,4.02E-01,3.07E-01,3.24E-01,3.53E-01,3.43E-01,3.47E-01,3.94E-01,4.42E-01,4.18E-01,3.53E-01,4.13E-01,3.64E-01,3.29E-01,4.01E-01,2.88E-01,4.48E-01,4.08E-01,3.46E-01,3.51E-01,4.15E-01,3.71E-01,3.88E-01,3.51E-01,3.80E-01,3.55E-01,4.08E-01,4.41E-01,5.17E-01,3.63E-01,4.52E-01,4.20E-01,3.11E-01,5.41E-01,4.36E-01,4.47E-01,3.50E-01,2.79E-01
024_S_4905,1.27E-01,9.93E-02,1.86E-01,2.08E-01,2.37E-01,2.17E-01,2.36E-01,1.65E-01,1.90E-01,1.74E-01,1.62E-01,2.57E-01,2.04E-01,1.57E-01,2.15E-01,2.02E-01,1.81E-01,1.99E-01,1.93E-01,1.91E-01,2.28E-01,2.87E-01,2.06E-01,2.68E-01,2.36E-01,2.11E-01,2.07E-01,2.13E-01,2.91E-01,2.48E-01,2.35E-01,2.47E-01,2.45E-01,2.32E-01,2.31E-01,1.88E-01,2.21E-01,2.30E-01,2.10E-01,2.48E-01,1.25E-01,2.16E-01,2.44E-01,1.88E-01,2.34E-01,2.13E-01,2.65E-01,2.30E-01,1.31E-01,2.50E-01,3.62E-01,3.05E-01,2.24E-01,2.18E-01,2.39E-01,3.15E-01,2.82E-01,1.97E-01,2.46E-01,1.97E-01,2.03E-01,2.74E-01,2.38E-01,2.11E-01,2.36E-01,2.45E-01,3.26E-01,2.41E-01,2.27E-01,2.85E-01,2.56E-01,2.36E-01,3.04E-01,2.13E-01,2.67E-01,2.30E-01,2.74E-01,2.81E-01,3.22E-01,3.65E-01,2.93E-01,2.69E-01,3.67E-01,3.04E-01,2.61E-01,2.82E-01,2.74E-01,2.65E-01,2.98E-01,2.97E-01,2.88E-01,3.19E-01,3.19E-01,2.74E-01,2.81E-01,2.70E-01,3.21E-01,3.72E-01,3.24E-01,2.37E-01,3.21E-01,3.54E-01,3.11E-01,3.39E-01,3.29E-01,2.86E-01,3.47E-01,3.49E-01,3.13E-01,2.95E-01,2.82E-01,2.91E-01,2.63E-01,2.72E-01,2.89E-01,2.63E-01,2.78E-01,2.35E-01,2.59E-01,2.12E-01,2.55E-01,2.57E-01,2.34E-01,2.99E-01,3.35E-01,2.81E-01,2.71E-01,3.06E-01,3.45E-01,3.13E-01,3.66E-01,2.76E-01,2.60E-01,2.54E-01,2.40E-01,2.77E-01,2.84E-01,2.08E-01,2.58E-01,2.88E-01,2.44E-01,2.63E-01,3.08E-01,2.17E-01,2.27E-01,2.13E-01,2.94E-01,3.06E-01,2.68E-01,2.59E-01,3.09E-01,3.12E-01,2.67E-01,2.44E-01,2.22E-01,3.30E-01,3.28E-01,4.80E-01,3.27E-01,3.18E-01,3.43E-01,3.19E-01,3.13E-01,3.34E-01,2.85E-01,2.63E-01,2.31E-01,3.04E-01,3.29E-01,3.29E-01,3.25E-01,3.87E-01,3.27E-01,3.07E-01,2.96E-01,2.51E-01,3.88E-01,2.83E-01,3.65E-01,2.38E-01,2.91E-01,3.15E-01,3.23E-01,3.16E-01,3.05E-01,3.55E-01,3.05E-01,3.16E-01,3.52E-01,3.46E-01,4.58E-01,2.92E-01,3.32E-01,4.05E-01,2.66E-01,4.57E-01,3.41E-01,3.84E-01,3.40E-01,2.65E-01
024_S_5054,1.54E-01,1.16E-01,2.20E-01,2.44E-01,2.57E-01,2.40E-01,2.78E-01,2.14E-01,2.22E-01,1.81E-01,1.78E-01,3.04E-01,2.42E-01,1.99E-01,2.60E-01,2.49E-01,2.59E-01,2.12E-01,2.54E-01,2.69E-01,3.06E-01,3.12E-01,2.59E-01,3.08E-01,2.60E-01,2.79E-01,3.11E-01,2.97E-01,3.30E-01,2.75E-01,2.81E-01,2.80E-01,2.73E-01,2.77E-01,2.92E-01,2.28E-01,2.72E-01,2.96E-01,2.32E-01,3.19E-01,1.49E-01,2.45E-01,3.39E-01,2.06E-01,2.92E-01,2.22E-01,3.09E-01,3.51E-01,1.57E-01,2.94E-01,4.80E-01,4.28E-01,2.86E-01,2.76E-01,3.03E-01,3.52E-01,3.06E-01,2.52E-01,3.06E-01,2.43E-01,2.85E-01,3.73E-01,2.88E-01,3.07E-01,3.19E-01,3.23E-01,3.81E-01,3.12E-01,3.15E-01,3.38E-01,2.74E-01,2.77E-01,3.35E-01,2.64E-01,3.43E-01,3.66E-01,3.37E-01,3.25E-01,3.54E-01,4.44E-01,2.92E-01,3.06E-01,3.84E-01,3.71E-01,3.90E-01,3.77E-01,3.05E-01,2.57E-01,3.59E-01,3.54E-01,4.03E-01,3.98E-01,3.99E-01,3.51E-01,3.90E-01,3.55E-01,3.40E-01,4.97E-01,3.46E-01,2.91E-01,3.55E-01,3.64E-01,4.00E-01,3.71E-01,3.32E-01,3.61E-01,4.40E-01,3.98E-01,3.68E-01,3.15E-01,3.11E-01,3.33E-01,3.04E-01,2.93E-01,3.05E-01,2.91E-01,2.96E-01,2.73E-01,2.87E-01,2.71E-01,2.97E-01,2.84E-01,2.87E-01,3.38E-01,3.79E-01,3.30E-01,3.61E-01,3.49E-01,3.72E-01,3.26E-01,3.69E-01,3.03E-01,3.06E-01,3.13E-01,2.84E-01,3.64E-01,3.38E-01,2.52E-01,3.39E-01,3.62E-01,3.20E-01,3.50E-01,3.17E-01,2.70E-01,2.90E-01,2.67E-01,3.59E-01,3.54E-01,3.42E-01,3.26E-01,3.79E-01,3.66E-01,3.49E-01,2.60E-01,2.42E-01,3.74E-01,4.27E-01,5.47E-01,4.48E-01,2.98E-01,4.28E-01,3.81E-01,3.87E-01,3.55E-01,3.36E-01,3.09E-01,3.18E-01,3.60E-01,3.41E-01,4.00E-01,3.95E-01,4.34E-01,3.86E-01,3.55E-01,4.20E-01,3.56E-01,4.26E-01,2.82E-01,3.52E-01,3.21E-01,3.17E-01,3.65E-01,4.20E-01,3.78E-01,4.30E-01,3.97E-01,3.68E-01,3.69E-01,3.38E-01,4.09E-01,5.45E-01,3.44E-01,3.67E-01,3.48E-01,2.91E-01,5.17E-01,3.74E-01,4.64E-01,4.09E-01,3.62E-01
027_S_0118,1.29E-01,9.88E-02,1.92E-01,2.15E-01,2.26E-01,2.17E-01,2.34E-01,1.67E-01,1.61E-01,1.46E-01,1.52E-01,2.97E-01,1.87E-01,1.42E-01,1.85E-01,1.71E-01,1.89E-01,1.52E-01,2.12E-01,1.90E-01,2.27E-01,2.57E-01,2.16E-01,2.52E-01,2.14E-01,2.41E-01,2.58E-01,1.82E-01,2.25E-01,2.32E-01,2.33E-01,2.32E-01,2.43E-01,1.93E-01,2.07E-01,1.75E-01,2.13E-01,2.24E-01,1.67E-01,2.16E-01,1.22E-01,2.13E-01,2.29E-01,1.90E-01,2.32E-01,1.76E-01,2.25E-01,2.71E-01,1.34E-01,2.47E-01,3.50E-01,3.38E-01,2.40E-01,2.35E-01,2.61E-01,2.84E-01,2.92E-01,2.23E-01,2.54E-01,1.93E-01,2.44E-01,3.27E-01,2.29E-01,2.64E-01,2.44E-01,2.58E-01,3.02E-01,2.35E-01,2.41E-01,3.35E-01,2.75E-01,2.57E-01,3.00E-01,2.20E-01,2.73E-01,2.50E-01,2.87E-01,2.73E-01,3.11E-01,3.72E-01,2.93E-01,2.54E-01,2.79E-01,2.94E-01,2.80E-01,2.98E-01,2.34E-01,2.79E-01,2.60E-01,2.93E-01,2.72E-01,3.12E-01,3.40E-01,2.96E-01,2.95E-01,3.20E-01,2.38E-01,3.54E-01,2.93E-01,2.56E-01,3.32E-01,3.51E-01,3.21E-01,3.16E-01,3.06E-01,2.86E-01,3.38E-01,3.13E-01,2.90E-01,2.18E-01,2.42E-01,3.00E-01,2.32E-01,2.37E-01,2.04E-01,2.27E-01,2.92E-01,2.27E-01,2.62E-01,2.05E-01,2.50E-01,2.26E-01,2.49E-01,2.93E-01,3.09E-01,2.77E-01,2.81E-01,2.89E-01,2.95E-01,2.88E-01,2.51E-01,2.22E-01,2.36E-01,2.52E-01,2.44E-01,2.82E-01,2.95E-01,2.06E-01,3.13E-01,3.45E-01,2.32E-01,2.31E-01,2.41E-01,1.92E-01,2.47E-01,2.40E-01,3.03E-01,2.61E-01,2.65E-01,2.18E-01,2.59E-01,3.24E-01,2.96E-01,2.26E-01,2.28E-01,3.14E-01,3.98E-01,4.41E-01,3.73E-01,3.56E-01,3.73E-01,2.90E-01,3.34E-01,2.54E-01,3.08E-01,2.45E-01,2.69E-01,3.05E-01,3.17E-01,3.32E-01,3.06E-01,3.34E-01,2.91E-01,3.14E-01,3.35E-01,2.86E-01,4.37E-01,3.01E-01,3.58E-01,3.21E-01,3.05E-01,2.79E-01,3.26E-01,2.92E-01,2.81E-01,2.90E-01,3.16E-01,3.25E-01,3.23E-01,3.43E-01,3.59E-01,3.02E-01,3.68E-01,3.44E-01,2.35E-01,3.86E-01,3.34E-01,3.74E-01,3.13E-01,2.92E-01
027_S_0120,1.38E-01,1.11E-01,2.02E-01,2.30E-01,2.49E-01,2.44E-01,2.50E-01,1.94E-01,1.98E-01,1.76E-01,1.78E-01,2.95E-01,2.19E-01,1.76E-01,2.53E-01,2.50E-01,2.14E-01,1.69E-01,2.12E-01,2.23E-01,2.93E-01,2.87E-01,2.49E-01,3.03E-01,2.82E-01,2.70E-01,2.70E-01,2.47E-01,3.31E-01,2.59E-01,2.53E-01,2.51E-01,2.40E-01,2.19E-01,2.48E-01,2.27E-01,2.37E-01,2.39E-01,2.12E-01,2.86E-01,1.51E-01,2.25E-01,2.89E-01,2.12E-01,3.03E-01,2.00E-01,3.04E-01,3.03E-01,1.51E-01,2.89E-01,4.32E-01,3.54E-01,2.43E-01,2.71E-01,2.65E-01,3.53E-01,2.96E-01,2.33E-01,2.83E-01,2.18E-01,2.67E-01,3.61E-01,2.87E-01,2.63E-01,3.06E-01,2.81E-01,3.52E-01,2.65E-01,2.93E-01,3.30E-01,3.04E-01,2.82E-01,3.02E-01,2.33E-01,3.22E-01,2.94E-01,2.97E-01,2.75E-01,3.52E-01,4.03E-01,3.07E-01,3.14E-01,3.17E-01,3.98E-01,3.59E-01,3.26E-01,2.61E-01,2.93E-01,2.87E-01,3.29E-01,3.43E-01,3.66E-01,3.38E-01,3.68E-01,3.91E-01,3.16E-01,3.09E-01,4.96E-01,3.67E-01,2.52E-01,3.28E-01,3.84E-01,3.48E-01,3.63E-01,3.25E-01,3.43E-01,4.02E-01,3.51E-01,3.31E-01,2.69E-01,2.97E-01,3.20E-01,2.64E-01,2.64E-01,3.17E-01,2.48E-01,2.91E-01,2.41E-01,2.75E-01,2.17E-01,2.51E-01,2.53E-01,2.47E-01,3.09E-01,3.33E-01,2.87E-01,2.89E-01,3.36E-01,3.62E-01,3.07E-01,3.17E-01,2.85E-01,3.39E-01,3.05E-01,2.21E-01,2.92E-01,3.01E-01,2.25E-01,3.15E-01,3.00E-01,2.81E-01,2.94E-01,3.37E-01,2.84E-01,2.73E-01,2.55E-01,3.95E-01,3.42E-01,2.94E-01,3.08E-01,3.13E-01,3.44E-01,3.12E-01,2.94E-01,2.46E-01,3.79E-01,3.57E-01,5.03E-01,4.02E-01,3.50E-01,3.62E-01,3.24E-01,3.42E-01,3.76E-01,3.11E-01,2.95E-01,2.80E-01,4.01E-01,3.31E-01,3.75E-01,3.90E-01,3.73E-01,2.78E-01,3.62E-01,3.43E-01,3.49E-01,4.00E-01,3.01E-01,3.76E-01,3.09E-01,3.38E-01,3.67E-01,3.76E-01,3.09E-01,3.23E-01,3.23E-01,3.27E-01,3.46E-01,3.46E-01,3.70E-01,4.03E-01,3.34E-01,3.91E-01,3.34E-01,2.41E-01,5.00E-01,3.62E-01,3.94E-01,3.50E-01,2.83E-01
027_S_0850,1.37E-01,1.07E-01,2.04E-01,2.42E-01,2.43E-01,2.26E-01,2.53E-01,1.67E-01,1.97E-01,1.63E-01,1.62E-01,2.81E-01,2.25E-01,1.62E-01,1.94E-01,2.05E-01,2.05E-01,1.89E-01,2.68E-01,2.15E-01,2.81E-01,3.10E-01,2.56E-01,2.89E-01,2.20E-01,2.61E-01,2.31E-01,2.16E-01,3.05E-01,2.54E-01,2.60E-01,2.39E-01,2.21E-01,2.17E-01,2.27E-01,1.69E-01,2.21E-01,2.30E-01,1.77E-01,2.51E-01,1.45E-01,2.47E-01,2.90E-01,2.17E-01,3.19E-01,2.40E-01,2.34E-01,3.07E-01,1.45E-01,3.11E-01,4.67E-01,3.59E-01,2.46E-01,2.54E-01,3.10E-01,3.24E-01,2.70E-01,2.19E-01,2.43E-01,1.96E-01,2.78E-01,3.04E-01,2.82E-01,2.76E-01,2.75E-01,2.98E-01,3.76E-01,2.73E-01,2.70E-01,3.04E-01,2.99E-01,2.48E-01,3.33E-01,2.15E-01,3.01E-01,3.27E-01,2.71E-01,2.69E-01,3.59E-01,4.12E-01,3.47E-01,2.97E-01,3.64E-01,3.22E-01,3.45E-01,3.61E-01,3.14E-01,2.81E-01,3.24E-01,4.40E-01,3.88E-01,3.58E-01,3.80E-01,2.71E-01,3.18E-01,2.97E-01,3.03E-01,3.78E-01,3.37E-01,2.49E-01,3.52E-01,3.66E-01,3.29E-01,3.55E-01,3.02E-01,3.09E-01,3.59E-01,3.34E-01,3.08E-01,2.93E-01,2.46E-01,2.80E-01,2.58E-01,2.54E-01,2.88E-01,2.46E-01,2.50E-01,2.37E-01,2.37E-01,2.24E-01,2.23E-01,2.38E-01,2.25E-01,2.95E-01,3.27E-01,3.38E-01,2.82E-01,2.63E-01,2.97E-01,2.61E-01,2.94E-01,2.89E-01,2.26E-01,2.75E-01,2.22E-01,2.71E-01,2.76E-01,1.98E-01,3.00E-01,2.91E-01,2.36E-01,2.37E-01,3.12E-01,2.27E-01,2.34E-01,2.12E-01,3.56E-01,3.04E-01,2.98E-01,3.28E-01,2.62E-01,3.75E-01,3.50E-01,2.44E-01,2.57E-01,3.88E-01,4.29E-01,4.85E-01,4.26E-01,2.99E-01,3.54E-01,2.86E-01,3.13E-01,2.57E-01,2.40E-01,2.49E-01,2.66E-01,3.20E-01,3.25E-01,3.54E-01,2.95E-01,3.69E-01,2.41E-01,2.88E-01,3.46E-01,2.94E-01,3.84E-01,2.88E-01,4.03E-01,3.21E-01,3.04E-01,3.13E-01,3.59E-01,3.07E-01,3.63E-01,3.21E-01,3.32E-01,3.37E-01,3.37E-01,3.66E-01,4.33E-01,3.46E-01,3.77E-01,3.58E-01,2.58E-01,3.65E-01,3.07E-01,4.24E-01,3.44E-01,2.72E-01
027_S_4962,1.40E-01,1.09E-01,2.14E-01,2.39E-01,2.68E-01,2.39E-01,2.57E-01,1.86E-01,1.89E-01,1.59E-01,1.57E-01,2.85E-01,2.27E-01,1.83E-01,2.37E-01,2.11E-01,1.88E-01,1.95E-01,2.28E-01,2.19E-01,2.73E-01,2.97E-01,2.41E-01,3.02E-01,2.41E-01,2.76E-01,2.66E-01,2.43E-01,2.98E-01,2.64E-01,2.52E-01,2.70E-01,2.53E-01,2.48E-01,2.39E-01,2.06E-01,2.27E-01,2.39E-01,2.26E-01,2.71E-01,1.39E-01,2.08E-01,2.85E-01,2.02E-01,2.54E-01,2.32E-01,2.78E-01,2.74E-01,1.43E-01,2.40E-01,3.85E-01,3.37E-01,2.69E-01,2.54E-01,2.76E-01,3.16E-01,2.64E-01,2.57E-01,2.66E-01,2.21E-01,2.59E-01,3.45E-01,2.69E-01,2.58E-01,2.90E-01,2.72E-01,3.23E-01,2.91E-01,3.11E-01,3.11E-01,2.98E-01,2.51E-01,3.53E-01,2.39E-01,3.13E-01,2.74E-01,2.83E-01,2.86E-01,3.36E-01,4.13E-01,3.52E-01,3.10E-01,3.02E-01,3.08E-01,3.14E-01,3.02E-01,2.52E-01,2.60E-01,3.13E-01,3.23E-01,3.00E-01,3.35E-01,3.40E-01,2.93E-01,3.35E-01,3.17E-01,3.22E-01,3.69E-01,3.25E-01,2.65E-01,3.43E-01,3.64E-01,3.44E-01,3.44E-01,3.21E-01,3.44E-01,3.89E-01,3.72E-01,3.48E-01,2.90E-01,2.75E-01,2.97E-01,2.98E-01,2.64E-01,3.04E-01,2.90E-01,3.04E-01,2.93E-01,3.11E-01,2.63E-01,2.88E-01,2.68E-01,2.67E-01,3.23E-01,3.48E-01,2.79E-01,3.01E-01,3.56E-01,3.67E-01,3.39E-01,3.73E-01,2.76E-01,2.67E-01,2.50E-01,2.29E-01,2.70E-01,2.77E-01,2.38E-01,3.49E-01,2.91E-01,2.70E-01,2.64E-01,2.69E-01,2.45E-01,2.40E-01,2.61E-01,3.07E-01,3.13E-01,2.91E-01,2.92E-01,3.04E-01,3.21E-01,2.75E-01,2.44E-01,2.01E-01,3.12E-01,3.62E-01,4.64E-01,4.05E-01,2.86E-01,3.84E-01,3.26E-01,3.14E-01,3.56E-01,3.16E-01,2.82E-01,2.78E-01,3.81E-01,2.73E-01,3.21E-01,3.40E-01,4.16E-01,3.07E-01,3.24E-01,3.29E-01,3.22E-01,3.97E-01,2.90E-01,3.38E-01,2.90E-01,2.88E-01,3.30E-01,3.02E-01,3.19E-01,2.75E-01,3.45E-01,3.32E-01,3.32E-01,3.11E-01,3.64E-01,3.54E-01,3.52E-01,3.92E-01,3.61E-01,2.75E-01,4.34E-01,3.16E-01,4.28E-01,3.51E-01,2.75E-01
027_S_4964,1.46E-01,1.12E-01,2.23E-01,2.44E-01,2.54E-01,2.32E-01,2.59E-01,1.91E-01,2.01E-01,1.75E-01,1.71E-01,3.03E-01,2.26E-01,1.76E-01,2.12E-01,1.88E-01,2.13E-01,1.91E-01,2.12E-01,2.21E-01,2.62E-01,2.94E-01,2.37E-01,2.71E-01,2.80E-01,2.58E-01,2.73E-01,2.33E-01,2.87E-01,2.81E-01,2.79E-01,2.61E-01,2.24E-01,2.64E-01,2.50E-01,2.27E-01,2.60E-01,2.06E-01,2.09E-01,2.42E-01,1.29E-01,2.12E-01,2.55E-01,2.26E-01,2.86E-01,2.44E-01,3.10E-01,2.81E-01,1.40E-01,3.02E-01,4.19E-01,3.56E-01,2.75E-01,2.56E-01,2.86E-01,3.39E-01,3.21E-01,2.52E-01,2.53E-01,2.11E-01,2.49E-01,3.12E-01,2.50E-01,2.95E-01,2.56E-01,2.53E-01,3.06E-01,2.57E-01,2.45E-01,2.93E-01,2.75E-01,2.64E-01,3.37E-01,2.15E-01,2.79E-01,2.62E-01,3.06E-01,2.90E-01,3.54E-01,4.11E-01,3.45E-01,3.45E-01,3.73E-01,3.30E-01,3.22E-01,2.84E-01,2.60E-01,3.02E-01,3.50E-01,3.58E-01,3.33E-01,4.20E-01,4.67E-01,3.26E-01,3.30E-01,3.77E-01,3.23E-01,3.97E-01,3.69E-01,2.82E-01,3.37E-01,3.66E-01,3.76E-01,3.72E-01,3.00E-01,3.23E-01,3.75E-01,3.66E-01,3.60E-01,2.80E-01,2.90E-01,2.79E-01,2.53E-01,2.79E-01,3.13E-01,2.70E-01,3.02E-01,2.39E-01,2.92E-01,2.47E-01,2.96E-01,2.62E-01,2.35E-01,2.88E-01,3.09E-01,2.87E-01,3.00E-01,2.78E-01,3.28E-01,3.04E-01,3.39E-01,3.27E-01,2.36E-01,3.23E-01,2.70E-01,3.08E-01,3.00E-01,2.16E-01,3.08E-01,3.24E-01,2.41E-01,2.59E-01,2.80E-01,2.62E-01,2.35E-01,2.45E-01,3.54E-01,3.22E-01,3.30E-01,2.63E-01,2.94E-01,3.52E-01,3.17E-01,2.48E-01,2.12E-01,3.63E-01,3.41E-01,5.03E-01,4.05E-01,3.36E-01,4.21E-01,3.40E-01,3.67E-01,3.44E-01,3.49E-01,2.52E-01,2.40E-01,3.34E-01,3.33E-01,3.57E-01,3.42E-01,3.47E-01,3.74E-01,3.00E-01,3.34E-01,3.08E-01,4.67E-01,3.12E-01,3.73E-01,2.96E-01,3.05E-01,3.25E-01,3.39E-01,3.50E-01,3.03E-01,3.50E-01,4.11E-01,4.29E-01,3.39E-01,3.84E-01,4.90E-01,3.64E-01,3.80E-01,3.51E-01,2.88E-01,4.39E-01,3.27E-01,4.73E-01,4.24E-01,3.36E-01
029_S_0836,1.52E-01,1.19E-01,2.17E-01,2.38E-01,3.01E-01,2.60E-01,2.82E-01,2.08E-01,2.15E-01,1.86E-01,1.90E-01,3.10E-01,2.52E-01,1.73E-01,2.25E-01,2.14E-01,2.22E-01,2.00E-01,2.60E-01,2.43E-01,3.16E-01,3.42E-01,2.58E-01,3.20E-01,2.79E-01,2.96E-01,3.37E-01,2.66E-01,3.25E-01,2.86E-01,2.83E-01,2.64E-01,2.46E-01,2.63E-01,2.57E-01,2.12E-01,2.81E-01,2.62E-01,2.40E-01,3.23E-01,1.53E-01,2.62E-01,2.96E-01,2.33E-01,3.23E-01,2.36E-01,2.93E-01,3.27E-01,1.75E-01,3.12E-01,4.42E-01,3.87E-01,2.61E-01,3.07E-01,2.92E-01,3.88E-01,2.86E-01,2.83E-01,2.82E-01,2.38E-01,2.49E-01,3.97E-01,2.71E-01,2.99E-01,3.20E-01,2.94E-01,3.55E-01,3.03E-01,3.00E-01,3.36E-01,3.36E-01,2.89E-01,3.36E-01,2.53E-01,3.26E-01,3.42E-01,3.04E-01,3.02E-01,3.51E-01,4.51E-01,3.69E-01,2.93E-01,3.67E-01,3.89E-01,3.88E-01,3.51E-01,2.54E-01,2.86E-01,3.61E-01,3.77E-01,3.33E-01,3.93E-01,3.48E-01,3.64E-01,3.58E-01,3.16E-01,3.62E-01,4.83E-01,3.91E-01,2.63E-01,3.63E-01,3.63E-01,3.68E-01,3.69E-01,3.28E-01,3.76E-01,4.45E-01,4.06E-01,3.79E-01,3.12E-01,3.00E-01,3.06E-01,3.42E-01,3.52E-01,2.94E-01,3.21E-01,2.56E-01,2.84E-01,2.78E-01,2.31E-01,2.69E-01,2.52E-01,2.81E-01,3.58E-01,3.98E-01,3.39E-01,3.54E-01,3.44E-01,3.65E-01,3.00E-01,3.60E-01,3.14E-01,3.61E-01,3.42E-01,2.82E-01,4.04E-01,3.55E-01,2.57E-01,3.46E-01,3.03E-01,2.90E-01,3.21E-01,2.67E-01,2.46E-01,2.80E-01,2.72E-01,3.71E-01,3.65E-01,3.38E-01,3.04E-01,3.26E-01,3.95E-01,3.41E-01,2.83E-01,2.26E-01,4.19E-01,3.98E-01,5.00E-01,4.43E-01,3.81E-01,3.96E-01,3.67E-01,3.56E-01,4.05E-01,3.75E-01,2.93E-01,3.19E-01,3.75E-01,3.68E-01,3.83E-01,3.66E-01,4.31E-01,3.59E-01,3.58E-01,3.57E-01,3.56E-01,4.11E-01,3.92E-01,4.62E-01,3.13E-01,3.22E-01,3.42E-01,3.70E-01,3.66E-01,3.17E-01,3.44E-01,3.20E-01,3.72E-01,3.50E-01,4.32E-01,4.35E-01,3.30E-01,3.46E-01,4.01E-01,3.09E-01,5.26E-01,3.88E-01,4.63E-01,4.81E-01,4.10E-01
029_S_0843,1.62E-01,1.23E-01,2.31E-01,2.50E-01,2.81E-01,2.57E-01,2.82E-01,2.06E-01,2.14E-01,1.93E-01,1.91E-01,3.27E-01,2.66E-01,2.03E-01,2.54E-01,2.17E-01,2.19E-01,2.07E-01,2.67E-01,2.33E-01,2.87E-01,3.43E-01,2.96E-01,3.29E-01,2.67E-01,3.07E-01,3.25E-01,2.72E-01,3.20E-01,2.90E-01,2.91E-01,2.89E-01,2.69E-01,2.54E-01,2.56E-01,2.14E-01,2.55E-01,2.58E-01,2.51E-01,3.12E-01,1.69E-01,2.72E-01,3.05E-01,2.29E-01,3.53E-01,2.99E-01,2.60E-01,3.08E-01,1.54E-01,2.98E-01,4.75E-01,4.23E-01,3.05E-01,3.14E-01,3.19E-01,3.69E-01,3.15E-01,2.78E-01,3.19E-01,2.69E-01,2.91E-01,3.44E-01,2.97E-01,3.33E-01,3.58E-01,2.90E-01,3.78E-01,3.07E-01,3.19E-01,3.23E-01,3.07E-01,3.12E-01,3.73E-01,2.53E-01,3.29E-01,3.14E-01,3.45E-01,3.05E-01,3.77E-01,4.84E-01,3.46E-01,2.78E-01,3.64E-01,4.10E-01,3.43E-01,3.21E-01,3.13E-01,2.76E-01,2.96E-01,3.68E-01,4.16E-01,4.33E-01,4.57E-01,3.38E-01,3.38E-01,3.25E-01,3.60E-01,5.00E-01,3.90E-01,3.13E-01,3.52E-01,4.18E-01,3.59E-01,3.88E-01,3.58E-01,3.44E-01,3.93E-01,3.71E-01,3.58E-01,3.04E-01,3.52E-01,3.63E-01,3.12E-01,3.19E-01,3.57E-01,2.95E-01,2.89E-01,2.72E-01,2.76E-01,2.44E-01,2.85E-01,3.51E-01,2.83E-01,3.62E-01,3.95E-01,3.67E-01,3.23E-01,3.33E-01,3.91E-01,3.75E-01,3.97E-01,3.27E-01,3.36E-01,2.91E-01,2.66E-01,3.21E-01,3.44E-01,2.39E-01,3.57E-01,2.80E-01,3.03E-01,3.05E-01,3.39E-01,2.66E-01,2.73E-01,2.91E-01,3.79E-01,3.62E-01,3.30E-01,3.50E-01,3.21E-01,3.37E-01,3.62E-01,2.86E-01,2.30E-01,3.62E-01,4.04E-01,5.06E-01,4.66E-01,3.83E-01,4.21E-01,3.87E-01,3.95E-01,4.15E-01,3.55E-01,3.07E-01,3.13E-01,3.37E-01,3.45E-01,3.79E-01,4.07E-01,4.60E-01,3.51E-01,3.60E-01,3.63E-01,3.83E-01,4.13E-01,3.28E-01,4.04E-01,3.70E-01,3.58E-01,3.92E-01,4.06E-01,3.72E-01,4.23E-01,4.12E-01,4.02E-01,3.75E-01,3.50E-01,4.01E-01,4.70E-01,3.98E-01,3.91E-01,3.90E-01,3.15E-01,5.33E-01,3.60E-01,4.53E-01,4.34E-01,3.44E-01
029_S_0866,1.23E-01,9.84E-02,1.86E-01,2.04E-01,2.12E-01,2.10E-01,2.17E-01,1.52E-01,1.78E-01,1.49E-01,1.47E-01,2.48E-01,2.11E-01,1.83E-01,2.18E-01,1.86E-01,1.86E-01,1.62E-01,2.15E-01,2.03E-01,2.47E-01,2.58E-01,2.16E-01,2.51E-01,2.36E-01,2.31E-01,2.47E-01,2.46E-01,2.48E-01,2.09E-01,2.04E-01,1.98E-01,1.86E-01,1.95E-01,2.56E-01,1.93E-01,2.05E-01,2.08E-01,1.89E-01,2.99E-01,1.24E-01,1.90E-01,2.41E-01,1.76E-01,2.35E-01,1.95E-01,2.51E-01,2.31E-01,1.25E-01,2.44E-01,4.14E-01,3.28E-01,2.42E-01,2.49E-01,2.37E-01,3.04E-01,2.25E-01,2.08E-01,2.33E-01,1.83E-01,2.15E-01,2.91E-01,2.43E-01,2.06E-01,2.90E-01,2.29E-01,3.03E-01,2.43E-01,2.49E-01,2.55E-01,2.55E-01,2.32E-01,2.69E-01,1.96E-01,2.41E-01,2.66E-01,2.52E-01,2.42E-01,2.75E-01,3.61E-01,2.50E-01,2.47E-01,3.06E-01,2.87E-01,2.88E-01,2.97E-01,2.36E-01,2.21E-01,2.66E-01,2.84E-01,2.79E-01,3.44E-01,3.20E-01,3.24E-01,3.03E-01,2.40E-01,2.70E-01,4.03E-01,3.16E-01,2.19E-01,2.52E-01,2.93E-01,2.97E-01,3.19E-01,2.73E-01,2.64E-01,3.04E-01,3.02E-01,2.58E-01,2.27E-01,2.34E-01,2.31E-01,2.84E-01,2.74E-01,2.89E-01,2.74E-01,2.44E-01,2.69E-01,2.43E-01,1.75E-01,2.10E-01,2.61E-01,2.40E-01,2.52E-01,2.98E-01,2.26E-01,2.32E-01,2.50E-01,2.64E-01,2.72E-01,3.03E-01,2.44E-01,2.46E-01,2.25E-01,1.99E-01,2.49E-01,2.78E-01,1.93E-01,2.38E-01,2.02E-01,2.40E-01,2.83E-01,3.10E-01,2.08E-01,2.14E-01,1.98E-01,2.75E-01,2.80E-01,2.57E-01,2.69E-01,3.11E-01,3.05E-01,2.86E-01,2.06E-01,2.04E-01,2.94E-01,3.30E-01,4.30E-01,3.58E-01,2.49E-01,3.35E-01,3.04E-01,3.16E-01,3.16E-01,2.52E-01,2.42E-01,2.60E-01,3.04E-01,3.10E-01,2.69E-01,3.30E-01,3.36E-01,2.30E-01,2.75E-01,2.83E-01,3.12E-01,3.23E-01,2.87E-01,3.06E-01,2.78E-01,2.49E-01,3.03E-01,2.87E-01,2.86E-01,2.70E-01,2.78E-01,2.98E-01,2.91E-01,2.65E-01,3.52E-01,3.34E-01,2.94E-01,3.74E-01,2.88E-01,2.34E-01,4.14E-01,3.31E-01,3.71E-01,3.06E-01,2.52E-01
029_S_4585,1.59E-01,1.27E-01,2.35E-01,2.48E-01,2.63E-01,2.56E-01,2.99E-01,2.26E-01,2.29E-01,1.91E-01,1.86E-01,3.05E-01,2.70E-01,1.89E-01,2.41E-01,2.26E-01,2.44E-01,2.10E-01,2.74E-01,2.59E-01,3.27E-01,3.52E-01,2.70E-01,3.44E-01,3.03E-01,2.86E-01,2.74E-01,2.89E-01,3.75E-01,3.00E-01,2.84E-01,2.75E-01,2.73E-01,2.52E-01,2.97E-01,2.37E-01,2.51E-01,2.66E-01,2.39E-01,3.39E-01,1.77E-01,2.59E-01,3.42E-01,2.46E-01,3.25E-01,2.72E-01,3.28E-01,3.24E-01,1.70E-01,3.22E-01,4.88E-01,3.85E-01,2.61E-01,3.19E-01,3.23E-01,3.71E-01,3.36E-01,2.35E-01,3.23E-01,2.31E-01,2.30E-01,3.69E-01,3.32E-01,2.96E-01,3.53E-01,2.86E-01,3.79E-01,2.62E-01,3.16E-01,3.19E-01,3.39E-01,2.77E-01,3.39E-01,2.41E-01,3.02E-01,3.54E-01,3.44E-01,3.37E-01,3.57E-01,4.05E-01,3.64E-01,3.50E-01,3.59E-01,4.40E-01,4.16E-01,3.45E-01,3.07E-01,3.62E-01,3.91E-01,4.33E-01,3.59E-01,4.31E-01,4.31E-01,3.48E-01,3.78E-01,3.21E-01,3.35E-01,5.43E-01,3.97E-01,2.93E-01,3.90E-01,3.92E-01,3.55E-01,3.63E-01,3.31E-01,3.56E-01,4.44E-01,4.03E-01,4.03E-01,2.79E-01,2.97E-01,3.07E-01,2.73E-01,3.10E-01,3.55E-01,3.04E-01,3.36E-01,3.21E-01,2.99E-01,2.88E-01,2.97E-01,3.17E-01,2.90E-01,3.54E-01,3.70E-01,3.16E-01,3.27E-01,4.02E-01,3.88E-01,4.07E-01,3.75E-01,3.57E-01,2.81E-01,2.97E-01,2.75E-01,3.19E-01,3.13E-01,2.51E-01,3.29E-01,3.18E-01,2.86E-01,2.69E-01,3.26E-01,2.63E-01,3.04E-01,3.05E-01,4.22E-01,3.50E-01,3.63E-01,3.44E-01,3.32E-01,3.97E-01,3.62E-01,2.75E-01,2.48E-01,4.37E-01,3.83E-01,5.83E-01,4.15E-01,3.66E-01,4.15E-01,3.62E-01,4.02E-01,4.40E-01,2.98E-01,2.75E-01,3.54E-01,3.86E-01,3.44E-01,3.87E-01,3.88E-01,3.99E-01,3.35E-01,3.30E-01,3.68E-01,3.65E-01,4.36E-01,3.48E-01,4.35E-01,3.43E-01,3.12E-01,3.58E-01,3.92E-01,4.12E-01,3.72E-01,3.59E-01,3.70E-01,4.15E-01,4.16E-01,4.16E-01,4.90E-01,3.77E-01,4.25E-01,3.78E-01,2.89E-01,5.39E-01,3.74E-01,4.64E-01,4.12E-01,3.71E-01
031_S_0321,1.44E-01,1.07E-01,1.99E-01,2.15E-01,2.50E-01,2.64E-01,2.73E-01,1.90E-01,1.94E-01,1.94E-01,1.72E-01,3.00E-01,2.26E-01,1.55E-01,1.97E-01,1.87E-01,1.87E-01,1.80E-01,2.31E-01,2.11E-01,2.85E-01,2.80E-01,2.51E-01,2.70E-01,2.23E-01,2.39E-01,2.20E-01,2.10E-01,3.30E-01,2.55E-01,2.60E-01,2.41E-01,2.35E-01,2.20E-01,2.31E-01,2.09E-01,2.27E-01,2.42E-01,2.02E-01,2.52E-01,1.53E-01,2.16E-01,2.75E-01,2.10E-01,2.88E-01,2.14E-01,2.57E-01,3.08E-01,1.56E-01,2.71E-01,3.97E-01,3.27E-01,2.56E-01,2.59E-01,2.72E-01,3.36E-01,2.63E-01,2.32E-01,2.74E-01,2.19E-01,2.38E-01,3.29E-01,2.75E-01,2.28E-01,2.70E-01,2.60E-01,3.34E-01,2.79E-01,2.91E-01,3.21E-01,3.09E-01,2.84E-01,3.37E-01,2.22E-01,2.90E-01,2.65E-01,3.16E-01,2.84E-01,3.32E-01,3.86E-01,3.47E-01,3.40E-01,3.21E-01,3.75E-01,3.56E-01,2.95E-01,2.28E-01,2.86E-01,3.04E-01,3.07E-01,3.09E-01,3.80E-01,3.70E-01,3.86E-01,3.45E-01,3.01E-01,2.89E-01,4.71E-01,3.23E-01,2.47E-01,3.90E-01,3.67E-01,3.15E-01,3.20E-01,3.02E-01,3.21E-01,3.88E-01,3.71E-01,3.43E-01,2.67E-01,2.63E-01,3.00E-01,2.46E-01,2.68E-01,2.71E-01,2.23E-01,2.89E-01,1.92E-01,2.54E-01,1.94E-01,2.34E-01,2.00E-01,2.34E-01,3.10E-01,3.34E-01,2.99E-01,3.08E-01,3.04E-01,3.15E-01,2.91E-01,3.73E-01,3.38E-01,2.96E-01,2.72E-01,2.71E-01,2.91E-01,3.42E-01,2.20E-01,2.79E-01,2.71E-01,2.17E-01,2.68E-01,3.12E-01,3.04E-01,2.57E-01,2.65E-01,3.32E-01,3.41E-01,2.65E-01,2.72E-01,2.69E-01,3.12E-01,3.12E-01,2.64E-01,2.55E-01,3.53E-01,3.98E-01,4.97E-01,3.80E-01,3.32E-01,3.92E-01,3.39E-01,3.42E-01,3.19E-01,3.37E-01,2.67E-01,2.68E-01,3.67E-01,3.39E-01,3.55E-01,3.97E-01,3.82E-01,3.23E-01,3.16E-01,3.73E-01,3.45E-01,4.54E-01,2.94E-01,3.30E-01,3.40E-01,2.98E-01,2.96E-01,3.32E-01,3.20E-01,3.45E-01,3.48E-01,3.12E-01,3.65E-01,3.05E-01,3.95E-01,4.41E-01,3.21E-01,4.45E-01,3.84E-01,2.72E-01,4.92E-01,3.47E-01,4.32E-01,3.69E-01,3.30E-01
031_S_0618,1.38E-01,1.13E-01,2.17E-01,2.32E-01,2.71E-01,2.57E-01,2.68E-01,2.09E-01,2.23E-01,2.08E-01,1.82E-01,3.02E-01,2.12E-01,1.67E-01,1.96E-01,1.92E-01,2.01E-01,1.60E-01,2.04E-01,2.16E-01,3.07E-01,3.14E-01,2.65E-01,3.30E-01,2.47E-01,2.73E-01,2.86E-01,2.35E-01,3.29E-01,2.50E-01,2.63E-01,2.42E-01,2.30E-01,2.38E-01,2.34E-01,1.96E-01,2.50E-01,2.12E-01,1.82E-01,2.50E-01,1.78E-01,2.55E-01,3.21E-01,2.27E-01,2.80E-01,1.81E-01,2.24E-01,2.79E-01,1.64E-01,3.30E-01,4.00E-01,3.63E-01,2.55E-01,2.86E-01,2.73E-01,3.33E-01,2.97E-01,2.66E-01,2.97E-01,2.37E-01,2.52E-01,3.18E-01,3.25E-01,3.10E-01,3.19E-01,3.01E-01,3.29E-01,2.92E-01,3.22E-01,2.94E-01,2.55E-01,2.94E-01,3.13E-01,2.50E-01,3.25E-01,3.07E-01,3.28E-01,2.99E-01,3.58E-01,4.03E-01,3.01E-01,2.87E-01,3.04E-01,3.38E-01,3.54E-01,3.25E-01,2.93E-01,2.78E-01,2.97E-01,3.47E-01,2.67E-01,3.61E-01,3.94E-01,3.57E-01,3.82E-01,3.09E-01,3.54E-01,4.98E-01,3.43E-01,3.47E-01,3.49E-01,3.56E-01,3.40E-01,3.42E-01,3.28E-01,3.31E-01,4.15E-01,3.99E-01,3.52E-01,2.98E-01,2.96E-01,3.11E-01,2.79E-01,2.58E-01,2.63E-01,2.66E-01,3.17E-01,2.40E-01,2.99E-01,1.96E-01,2.46E-01,2.27E-01,2.92E-01,2.75E-01,3.34E-01,3.09E-01,3.22E-01,2.97E-01,3.28E-01,2.92E-01,3.39E-01,3.06E-01,3.39E-01,3.13E-01,2.61E-01,2.83E-01,3.16E-01,2.34E-01,2.77E-01,3.03E-01,2.48E-01,2.66E-01,2.82E-01,2.59E-01,2.68E-01,2.48E-01,3.63E-01,3.40E-01,2.95E-01,2.59E-01,2.76E-01,3.82E-01,3.46E-01,2.72E-01,2.37E-01,3.56E-01,3.64E-01,5.00E-01,4.45E-01,3.55E-01,3.71E-01,3.49E-01,3.56E-01,4.05E-01,3.14E-01,3.13E-01,2.63E-01,3.21E-01,3.59E-01,3.39E-01,3.39E-01,3.30E-01,2.91E-01,3.74E-01,3.40E-01,3.67E-01,4.40E-01,3.39E-01,3.38E-01,2.85E-01,3.43E-01,3.37E-01,3.20E-01,3.00E-01,2.97E-01,3.11E-01,2.99E-01,3.30E-01,3.32E-01,3.46E-01,3.95E-01,2.96E-01,4.20E-01,3.18E-01,3.00E-01,5.44E-01,3.79E-01,3.95E-01,3.84E-01,3.07E-01
032_S_0095,1.42E-01,1.06E-01,2.12E-01,2.24E-01,2.47E-01,2.41E-01,2.39E-01,1.78E-01,1.96E-01,1.70E-01,1.60E-01,2.62E-01,2.08E-01,1.63E-01,2.16E-01,2.23E-01,2.08E-01,1.86E-01,2.00E-01,2.22E-01,2.72E-01,3.11E-01,2.42E-01,3.18E-01,2.58E-01,2.54E-01,2.37E-01,2.30E-01,3.00E-01,2.56E-01,2.60E-01,2.56E-01,2.50E-01,2.44E-01,2.18E-01,1.74E-01,2.23E-01,2.46E-01,1.95E-01,2.26E-01,1.53E-01,2.70E-01,2.95E-01,1.96E-01,2.58E-01,2.02E-01,2.87E-01,2.80E-01,1.39E-01,2.75E-01,4.23E-01,3.27E-01,2.34E-01,2.40E-01,2.75E-01,3.17E-01,2.79E-01,2.44E-01,2.72E-01,2.20E-01,2.32E-01,3.30E-01,2.62E-01,2.53E-01,2.74E-01,2.69E-01,3.15E-01,2.51E-01,2.52E-01,2.86E-01,3.17E-01,2.43E-01,3.07E-01,2.34E-01,3.12E-01,2.74E-01,2.99E-01,2.81E-01,3.01E-01,3.87E-01,2.83E-01,3.11E-01,3.26E-01,3.23E-01,3.42E-01,3.04E-01,2.38E-01,2.78E-01,2.68E-01,3.05E-01,3.24E-01,3.60E-01,3.58E-01,3.16E-01,3.34E-01,3.05E-01,3.12E-01,4.80E-01,3.59E-01,2.65E-01,3.42E-01,3.40E-01,3.49E-01,3.67E-01,3.10E-01,3.19E-01,3.62E-01,3.57E-01,3.12E-01,2.96E-01,2.51E-01,3.00E-01,2.69E-01,2.81E-01,2.62E-01,2.55E-01,2.68E-01,2.32E-01,2.63E-01,2.03E-01,2.44E-01,2.33E-01,2.61E-01,3.02E-01,3.36E-01,2.78E-01,2.65E-01,3.37E-01,3.04E-01,2.94E-01,3.45E-01,2.83E-01,3.12E-01,2.74E-01,2.38E-01,3.14E-01,2.89E-01,2.31E-01,3.38E-01,3.39E-01,2.32E-01,2.72E-01,2.74E-01,2.44E-01,2.68E-01,2.40E-01,2.93E-01,2.84E-01,2.45E-01,2.62E-01,3.04E-01,3.08E-01,3.01E-01,2.43E-01,2.61E-01,3.31E-01,3.30E-01,4.92E-01,3.85E-01,3.58E-01,3.80E-01,2.94E-01,3.21E-01,3.53E-01,3.02E-01,3.01E-01,2.44E-01,3.21E-01,3.16E-01,3.42E-01,3.25E-01,3.72E-01,2.76E-01,3.14E-01,3.45E-01,2.94E-01,3.88E-01,2.68E-01,3.34E-01,3.29E-01,3.07E-01,3.36E-01,3.29E-01,3.15E-01,3.17E-01,3.06E-01,3.35E-01,3.27E-01,3.31E-01,3.67E-01,4.09E-01,2.94E-01,4.06E-01,3.25E-01,2.78E-01,5.14E-01,3.77E-01,3.99E-01,3.57E-01,3.18E-01
032_S_0479,1.37E-01,1.11E-01,2.03E-01,2.24E-01,2.70E-01,2.57E-01,2.64E-01,1.95E-01,2.05E-01,1.85E-01,1.79E-01,2.73E-01,2.13E-01,2.01E-01,2.47E-01,2.12E-01,1.92E-01,1.51E-01,1.85E-01,1.95E-01,2.87E-01,2.70E-01,2.30E-01,2.70E-01,2.31E-01,2.26E-01,2.41E-01,2.40E-01,3.26E-01,2.47E-01,2.75E-01,2.49E-01,2.37E-01,2.46E-01,2.65E-01,2.18E-01,2.54E-01,2.22E-01,2.03E-01,2.56E-01,1.60E-01,2.14E-01,2.82E-01,2.25E-01,3.07E-01,1.68E-01,3.12E-01,3.66E-01,1.54E-01,2.84E-01,4.44E-01,3.83E-01,2.96E-01,2.73E-01,3.06E-01,3.50E-01,2.72E-01,2.77E-01,2.88E-01,2.40E-01,2.50E-01,3.59E-01,2.80E-01,2.75E-01,2.90E-01,2.82E-01,3.35E-01,2.62E-01,3.26E-01,3.02E-01,2.94E-01,2.77E-01,3.44E-01,2.45E-01,3.03E-01,3.69E-01,2.92E-01,2.89E-01,3.39E-01,3.95E-01,2.89E-01,2.87E-01,4.11E-01,3.35E-01,4.00E-01,3.49E-01,2.80E-01,2.80E-01,2.84E-01,3.25E-01,3.55E-01,3.91E-01,3.31E-01,3.41E-01,3.50E-01,3.36E-01,3.82E-01,4.78E-01,3.62E-01,2.93E-01,3.29E-01,3.50E-01,3.24E-01,3.70E-01,2.88E-01,3.28E-01,3.78E-01,3.62E-01,3.44E-01,3.41E-01,2.75E-01,2.94E-01,2.87E-01,2.83E-01,2.56E-01,2.67E-01,2.68E-01,2.59E-01,2.67E-01,1.81E-01,2.51E-01,1.95E-01,2.65E-01,3.17E-01,3.06E-01,3.00E-01,2.81E-01,3.10E-01,3.34E-01,3.25E-01,3.06E-01,3.02E-01,3.00E-01,2.11E-01,2.23E-01,2.66E-01,3.24E-01,2.21E-01,3.10E-01,2.71E-01,2.35E-01,2.69E-01,3.14E-01,2.65E-01,2.63E-01,2.76E-01,3.86E-01,3.15E-01,2.97E-01,2.54E-01,2.93E-01,3.50E-01,3.12E-01,2.58E-01,2.83E-01,3.76E-01,3.75E-01,4.91E-01,4.20E-01,3.07E-01,4.29E-01,3.16E-01,3.38E-01,2.89E-01,4.13E-01,2.75E-01,2.77E-01,3.67E-01,3.17E-01,3.54E-01,3.16E-01,3.69E-01,3.78E-01,3.65E-01,3.18E-01,3.34E-01,4.12E-01,2.88E-01,3.67E-01,3.45E-01,3.19E-01,3.77E-01,3.56E-01,3.09E-01,3.76E-01,3.23E-01,3.20E-01,3.36E-01,3.10E-01,3.60E-01,4.90E-01,3.16E-01,4.45E-01,3.73E-01,3.03E-01,4.37E-01,3.47E-01,4.28E-01,3.30E-01,2.60E-01
032_S_0677,1.47E-01,1.15E-01,2.26E-01,2.35E-01,2.49E-01,2.61E-01,2.81E-01,1.94E-01,2.09E-01,1.88E-01,1.73E-01,2.86E-01,2.46E-01,1.75E-01,2.34E-01,1.98E-01,2.37E-01,1.78E-01,2.39E-01,2.29E-01,2.89E-01,3.46E-01,2.48E-01,3.23E-01,3.18E-01,2.74E-01,2.53E-01,2.63E-01,3.38E-01,2.68E-01,2.90E-01,2.88E-01,2.57E-01,2.65E-01,2.59E-01,2.09E-01,2.59E-01,2.39E-01,2.21E-01,2.85E-01,1.53E-01,2.79E-01,3.00E-01,2.29E-01,2.89E-01,2.24E-01,2.98E-01,2.85E-01,1.59E-01,3.36E-01,3.87E-01,3.80E-01,2.41E-01,2.82E-01,2.67E-01,3.58E-01,3.16E-01,2.93E-01,3.06E-01,2.18E-01,2.67E-01,3.41E-01,2.81E-01,2.93E-01,3.03E-01,2.89E-01,3.81E-01,3.04E-01,2.87E-01,3.59E-01,3.22E-01,2.59E-01,3.39E-01,2.34E-01,3.16E-01,3.29E-01,3.05E-01,2.98E-01,3.40E-01,4.05E-01,3.49E-01,3.11E-01,3.40E-01,4.15E-01,3.95E-01,3.52E-01,2.70E-01,2.67E-01,3.26E-01,3.55E-01,3.30E-01,3.52E-01,4.06E-01,3.75E-01,3.50E-01,3.20E-01,3.35E-01,5.36E-01,3.89E-01,2.87E-01,3.73E-01,4.14E-01,3.82E-01,3.88E-01,3.41E-01,3.60E-01,4.14E-01,3.70E-01,3.31E-01,3.06E-01,2.67E-01,3.51E-01,2.53E-01,2.52E-01,2.75E-01,2.36E-01,3.16E-01,2.54E-01,2.96E-01,2.29E-01,2.67E-01,2.54E-01,2.51E-01,3.29E-01,3.73E-01,3.06E-01,2.99E-01,3.22E-01,3.66E-01,3.24E-01,4.03E-01,3.66E-01,2.91E-01,2.52E-01,2.48E-01,2.99E-01,2.89E-01,2.30E-01,3.09E-01,2.99E-01,2.39E-01,2.62E-01,3.10E-01,2.37E-01,2.35E-01,2.67E-01,3.87E-01,3.25E-01,3.38E-01,2.75E-01,2.96E-01,3.75E-01,2.80E-01,2.60E-01,2.64E-01,4.10E-01,3.61E-01,4.96E-01,3.84E-01,3.73E-01,3.50E-01,3.68E-01,3.59E-01,4.10E-01,3.58E-01,2.93E-01,2.63E-01,4.05E-01,3.39E-01,3.82E-01,3.73E-01,4.54E-01,3.02E-01,3.70E-01,3.67E-01,3.60E-01,4.49E-01,2.92E-01,3.41E-01,3.33E-01,3.10E-01,3.46E-01,3.42E-01,3.76E-01,3.13E-01,3.11E-01,3.46E-01,3.74E-01,3.02E-01,4.02E-01,4.23E-01,3.16E-01,4.18E-01,4.14E-01,2.59E-01,5.51E-01,3.45E-01,4.53E-01,4.07E-01,3.09E-01
032_S_1037,1.70E-01,1.22E-01,2.30E-01,2.54E-01,2.51E-01,2.49E-01,3.01E-01,2.15E-01,2.06E-01,2.03E-01,1.97E-01,3.34E-01,2.33E-01,1.86E-01,2.26E-01,2.00E-01,2.09E-01,2.00E-01,2.25E-01,2.10E-01,3.14E-01,3.30E-01,2.68E-01,3.39E-01,2.77E-01,2.89E-01,2.51E-01,2.57E-01,3.31E-01,2.86E-01,3.01E-01,2.59E-01,2.49E-01,2.12E-01,2.29E-01,2.29E-01,2.26E-01,2.34E-01,2.49E-01,2.58E-01,1.64E-01,2.64E-01,3.12E-01,2.40E-01,2.95E-01,1.99E-01,2.49E-01,3.13E-01,1.53E-01,3.07E-01,4.16E-01,3.50E-01,2.54E-01,2.72E-01,2.75E-01,3.32E-01,3.06E-01,2.59E-01,2.49E-01,2.17E-01,2.51E-01,3.43E-01,2.76E-01,3.05E-01,2.65E-01,3.07E-01,3.78E-01,2.88E-01,2.70E-01,3.10E-01,3.40E-01,3.16E-01,3.62E-01,2.66E-01,3.52E-01,3.13E-01,3.29E-01,3.22E-01,3.78E-01,4.04E-01,3.92E-01,3.53E-01,3.49E-01,3.83E-01,3.84E-01,3.63E-01,2.71E-01,3.03E-01,2.94E-01,3.78E-01,3.15E-01,3.97E-01,4.21E-01,3.33E-01,3.42E-01,3.35E-01,3.23E-01,4.51E-01,3.78E-01,2.80E-01,4.47E-01,3.75E-01,4.19E-01,4.09E-01,3.86E-01,3.91E-01,4.55E-01,3.94E-01,3.96E-01,3.07E-01,3.16E-01,3.91E-01,3.12E-01,2.92E-01,2.80E-01,3.23E-01,2.84E-01,3.01E-01,2.84E-01,2.54E-01,2.57E-01,2.66E-01,2.70E-01,3.10E-01,3.42E-01,3.25E-01,3.44E-01,3.16E-01,3.51E-01,2.97E-01,3.81E-01,3.22E-01,3.22E-01,3.05E-01,2.72E-01,3.13E-01,2.90E-01,2.28E-01,3.28E-01,3.08E-01,2.84E-01,2.65E-01,2.44E-01,2.87E-01,2.63E-01,2.66E-01,3.19E-01,3.32E-01,3.19E-01,2.91E-01,3.26E-01,3.23E-01,3.29E-01,2.68E-01,2.50E-01,3.81E-01,3.56E-01,4.61E-01,3.88E-01,3.52E-01,3.77E-01,3.45E-01,3.53E-01,3.83E-01,3.46E-01,2.87E-01,2.41E-01,3.76E-01,2.91E-01,3.65E-01,3.93E-01,4.32E-01,3.30E-01,3.43E-01,3.54E-01,2.77E-01,4.04E-01,3.22E-01,3.15E-01,2.74E-01,3.83E-01,3.86E-01,3.48E-01,3.23E-01,3.13E-01,3.05E-01,3.49E-01,3.73E-01,3.69E-01,4.38E-01,3.91E-01,3.04E-01,3.73E-01,3.99E-01,2.76E-01,4.93E-01,3.52E-01,4.21E-01,3.99E-01,3.33E-01
032_S_1169,1.44E-01,1.03E-01,1.96E-01,2.29E-01,2.51E-01,2.34E-01,2.74E-01,1.85E-01,1.89E-01,1.80E-01,1.61E-01,2.76E-01,2.22E-01,1.54E-01,2.08E-01,2.12E-01,2.02E-01,1.75E-01,2.35E-01,2.13E-01,2.78E-01,2.94E-01,2.51E-01,2.75E-01,2.51E-01,2.61E-01,2.68E-01,2.34E-01,2.09E-01,2.55E-01,3.08E-01,2.86E-01,2.65E-01,2.16E-01,2.53E-01,1.85E-01,2.27E-01,2.47E-01,1.97E-01,2.64E-01,1.37E-01,2.01E-01,2.61E-01,2.07E-01,2.68E-01,1.85E-01,2.80E-01,2.97E-01,1.42E-01,2.87E-01,3.87E-01,3.51E-01,2.25E-01,2.29E-01,2.49E-01,2.74E-01,2.83E-01,2.43E-01,2.54E-01,2.11E-01,2.16E-01,3.69E-01,2.57E-01,2.37E-01,2.69E-01,2.52E-01,3.03E-01,2.79E-01,2.58E-01,2.98E-01,2.85E-01,2.72E-01,2.80E-01,2.18E-01,3.04E-01,2.44E-01,3.02E-01,2.92E-01,3.41E-01,4.21E-01,3.38E-01,2.46E-01,2.93E-01,3.47E-01,3.48E-01,3.26E-01,2.71E-01,2.56E-01,2.88E-01,3.20E-01,3.17E-01,3.40E-01,3.31E-01,2.97E-01,3.64E-01,3.52E-01,3.57E-01,3.64E-01,3.33E-01,2.88E-01,3.16E-01,3.07E-01,3.42E-01,3.44E-01,2.93E-01,3.48E-01,3.56E-01,3.27E-01,3.09E-01,3.92E-01,2.75E-01,3.54E-01,2.49E-01,2.73E-01,2.26E-01,2.34E-01,2.44E-01,2.04E-01,2.33E-01,1.86E-01,2.49E-01,1.69E-01,2.62E-01,2.75E-01,3.19E-01,2.83E-01,2.88E-01,2.69E-01,2.90E-01,2.82E-01,2.49E-01,3.16E-01,3.40E-01,3.12E-01,2.52E-01,3.94E-01,2.68E-01,2.11E-01,3.11E-01,3.34E-01,2.36E-01,2.58E-01,2.56E-01,2.06E-01,2.56E-01,2.23E-01,3.50E-01,3.24E-01,2.83E-01,2.29E-01,2.69E-01,3.62E-01,3.36E-01,2.32E-01,2.27E-01,3.49E-01,3.73E-01,3.92E-01,4.24E-01,3.42E-01,3.13E-01,2.66E-01,2.84E-01,2.65E-01,3.23E-01,2.36E-01,2.72E-01,3.53E-01,3.48E-01,3.24E-01,3.84E-01,3.52E-01,3.07E-01,2.94E-01,3.55E-01,2.94E-01,3.85E-01,2.96E-01,3.57E-01,3.29E-01,3.29E-01,3.10E-01,3.28E-01,3.59E-01,2.90E-01,3.30E-01,3.18E-01,3.54E-01,3.04E-01,3.84E-01,3.65E-01,3.25E-01,3.87E-01,3.71E-01,3.03E-01,3.97E-01,3.55E-01,3.99E-01,3.43E-01,2.88E-01
033_S_0923,1.43E-01,1.14E-01,2.14E-01,2.13E-01,2.53E-01,2.37E-01,2.72E-01,1.99E-01,2.09E-01,1.88E-01,1.77E-01,3.14E-01,2.23E-01,1.65E-01,2.50E-01,2.22E-01,2.08E-01,1.80E-01,2.23E-01,2.19E-01,2.78E-01,3.14E-01,2.42E-01,2.89E-01,2.39E-01,2.61E-01,2.46E-01,2.58E-01,3.51E-01,2.67E-01,2.50E-01,2.23E-01,2.53E-01,2.13E-01,2.67E-01,1.97E-01,2.29E-01,2.36E-01,2.11E-01,3.01E-01,1.51E-01,2.37E-01,2.75E-01,2.07E-01,2.79E-01,2.20E-01,3.36E-01,3.21E-01,1.55E-01,2.88E-01,4.83E-01,3.83E-01,2.71E-01,2.76E-01,3.03E-01,3.57E-01,2.79E-01,2.25E-01,2.78E-01,2.14E-01,2.43E-01,3.76E-01,2.50E-01,2.71E-01,2.65E-01,2.87E-01,3.68E-01,2.06E-01,2.63E-01,2.70E-01,2.69E-01,2.68E-01,3.11E-01,2.24E-01,2.88E-01,2.45E-01,3.10E-01,3.02E-01,3.26E-01,3.99E-01,2.83E-01,2.75E-01,3.50E-01,3.71E-01,3.30E-01,3.45E-01,2.57E-01,2.69E-01,3.39E-01,3.32E-01,3.34E-01,3.75E-01,3.87E-01,3.04E-01,3.75E-01,3.05E-01,3.50E-01,5.53E-01,3.47E-01,2.33E-01,3.59E-01,3.24E-01,3.41E-01,3.56E-01,3.12E-01,3.40E-01,4.34E-01,4.18E-01,3.68E-01,3.06E-01,3.07E-01,3.05E-01,2.70E-01,2.87E-01,2.70E-01,2.53E-01,2.40E-01,2.42E-01,2.56E-01,2.17E-01,2.25E-01,2.46E-01,2.34E-01,3.38E-01,3.61E-01,2.90E-01,2.87E-01,3.42E-01,2.91E-01,2.70E-01,3.68E-01,2.98E-01,2.91E-01,2.70E-01,2.42E-01,2.96E-01,2.56E-01,2.17E-01,2.79E-01,2.25E-01,3.22E-01,2.34E-01,2.28E-01,2.54E-01,2.98E-01,2.87E-01,3.82E-01,3.34E-01,3.24E-01,2.89E-01,2.93E-01,3.27E-01,3.07E-01,2.59E-01,2.40E-01,3.55E-01,4.02E-01,5.43E-01,4.15E-01,2.83E-01,3.91E-01,3.52E-01,3.62E-01,3.98E-01,3.53E-01,2.82E-01,2.64E-01,3.84E-01,3.46E-01,3.93E-01,3.84E-01,4.16E-01,2.81E-01,3.67E-01,3.62E-01,3.34E-01,3.89E-01,2.89E-01,3.55E-01,2.95E-01,3.35E-01,3.68E-01,3.78E-01,2.79E-01,3.23E-01,3.06E-01,3.03E-01,3.62E-01,3.17E-01,3.82E-01,4.43E-01,3.02E-01,4.15E-01,3.31E-01,3.18E-01,5.77E-01,3.85E-01,4.22E-01,2.90E-01,2.20E-01
033_S_1016,1.43E-01,1.10E-01,2.15E-01,2.30E-01,2.46E-01,2.38E-01,2.48E-01,1.75E-01,2.06E-01,1.79E-01,1.65E-01,2.88E-01,2.13E-01,1.64E-01,2.22E-01,2.22E-01,2.17E-01,1.74E-01,2.10E-01,2.22E-01,2.73E-01,2.66E-01,2.16E-01,2.94E-01,2.48E-01,2.69E-01,2.93E-01,2.45E-01,2.96E-01,2.40E-01,2.53E-01,2.18E-01,2.38E-01,2.40E-01,2.50E-01,2.07E-01,2.37E-01,2.41E-01,1.94E-01,2.58E-01,1.37E-01,2.22E-01,3.01E-01,2.00E-01,2.75E-01,1.92E-01,2.66E-01,2.83E-01,1.40E-01,2.71E-01,4.48E-01,3.79E-01,2.54E-01,2.58E-01,2.79E-01,3.38E-01,2.77E-01,2.23E-01,3.05E-01,2.39E-01,2.56E-01,3.43E-01,2.83E-01,2.77E-01,2.98E-01,2.82E-01,3.66E-01,2.62E-01,2.83E-01,3.07E-01,3.47E-01,2.62E-01,3.13E-01,2.36E-01,2.77E-01,2.97E-01,2.99E-01,2.78E-01,3.19E-01,4.43E-01,3.25E-01,3.17E-01,3.69E-01,3.75E-01,3.62E-01,3.12E-01,3.03E-01,2.77E-01,2.89E-01,3.10E-01,3.25E-01,3.60E-01,3.69E-01,3.20E-01,3.45E-01,3.02E-01,3.64E-01,4.51E-01,3.38E-01,2.73E-01,3.12E-01,3.01E-01,3.39E-01,3.67E-01,2.91E-01,3.35E-01,3.42E-01,3.62E-01,2.90E-01,3.58E-01,2.51E-01,3.26E-01,3.02E-01,2.89E-01,2.78E-01,2.58E-01,2.53E-01,2.62E-01,2.78E-01,1.87E-01,2.36E-01,2.31E-01,2.77E-01,2.74E-01,2.98E-01,2.80E-01,2.72E-01,2.77E-01,3.34E-01,2.71E-01,3.26E-01,2.93E-01,2.84E-01,2.65E-01,2.29E-01,3.12E-01,2.99E-01,2.20E-01,2.97E-01,2.90E-01,2.47E-01,2.86E-01,2.55E-01,2.44E-01,2.84E-01,2.41E-01,3.46E-01,2.97E-01,2.60E-01,2.64E-01,3.09E-01,3.88E-01,3.49E-01,2.51E-01,2.42E-01,3.33E-01,3.69E-01,5.01E-01,4.05E-01,2.93E-01,4.01E-01,3.60E-01,3.49E-01,3.68E-01,3.21E-01,2.75E-01,2.96E-01,3.28E-01,3.67E-01,3.60E-01,3.67E-01,3.97E-01,3.17E-01,3.12E-01,4.06E-01,3.47E-01,3.90E-01,3.33E-01,3.46E-01,2.72E-01,2.92E-01,3.28E-01,3.23E-01,3.23E-01,3.38E-01,2.81E-01,3.39E-01,3.43E-01,3.52E-01,3.90E-01,4.58E-01,2.89E-01,3.86E-01,3.46E-01,3.02E-01,5.06E-01,3.86E-01,4.01E-01,4.11E-01,3.46E-01
033_S_1098,1.33E-01,9.85E-02,1.75E-01,1.99E-01,2.16E-01,2.17E-01,2.46E-01,1.69E-01,1.83E-01,1.63E-01,1.61E-01,2.58E-01,2.12E-01,1.66E-01,2.15E-01,2.12E-01,1.89E-01,1.70E-01,2.16E-01,1.99E-01,2.75E-01,3.09E-01,2.40E-01,3.19E-01,2.30E-01,2.41E-01,2.49E-01,2.22E-01,2.59E-01,2.18E-01,2.10E-01,2.54E-01,2.37E-01,2.19E-01,2.64E-01,2.00E-01,2.16E-01,2.03E-01,2.03E-01,3.27E-01,1.36E-01,2.28E-01,2.94E-01,1.89E-01,2.47E-01,1.97E-01,2.75E-01,2.77E-01,1.40E-01,2.80E-01,3.96E-01,3.67E-01,2.44E-01,2.37E-01,2.58E-01,3.06E-01,2.14E-01,2.29E-01,2.49E-01,1.87E-01,1.99E-01,3.14E-01,2.81E-01,2.58E-01,2.73E-01,2.69E-01,3.04E-01,2.32E-01,2.68E-01,3.01E-01,2.56E-01,2.59E-01,3.19E-01,2.21E-01,2.72E-01,2.74E-01,2.89E-01,2.67E-01,2.88E-01,3.77E-01,3.18E-01,2.74E-01,2.78E-01,3.12E-01,3.03E-01,2.98E-01,2.29E-01,2.35E-01,2.79E-01,2.89E-01,2.35E-01,3.30E-01,3.47E-01,2.75E-01,3.38E-01,2.69E-01,2.73E-01,4.27E-01,3.55E-01,2.25E-01,3.16E-01,2.94E-01,2.81E-01,3.35E-01,2.90E-01,2.54E-01,3.35E-01,3.37E-01,3.10E-01,2.56E-01,2.49E-01,2.29E-01,2.78E-01,2.67E-01,2.79E-01,2.54E-01,2.28E-01,2.36E-01,2.35E-01,1.92E-01,2.39E-01,2.12E-01,2.16E-01,3.00E-01,3.41E-01,2.46E-01,2.75E-01,2.74E-01,3.02E-01,2.35E-01,3.05E-01,2.69E-01,2.72E-01,2.35E-01,2.32E-01,3.05E-01,3.06E-01,2.03E-01,2.48E-01,2.63E-01,2.52E-01,3.00E-01,2.31E-01,2.00E-01,2.40E-01,2.26E-01,3.25E-01,2.97E-01,2.68E-01,2.29E-01,3.18E-01,3.06E-01,3.00E-01,2.21E-01,1.96E-01,3.17E-01,3.45E-01,4.41E-01,3.75E-01,2.70E-01,3.26E-01,2.94E-01,3.24E-01,2.97E-01,3.06E-01,2.80E-01,2.66E-01,2.87E-01,3.12E-01,3.46E-01,3.22E-01,3.52E-01,2.96E-01,3.26E-01,3.26E-01,2.67E-01,3.65E-01,2.50E-01,2.95E-01,2.61E-01,2.82E-01,2.67E-01,3.14E-01,2.96E-01,2.94E-01,2.96E-01,2.98E-01,3.43E-01,2.80E-01,3.45E-01,3.50E-01,2.69E-01,3.42E-01,3.25E-01,2.48E-01,4.25E-01,3.20E-01,4.06E-01,3.32E-01,2.87E-01
033_S_1281,1.32E-01,1.00E-01,1.85E-01,2.03E-01,2.22E-01,2.25E-01,2.24E-01,1.70E-01,1.80E-01,1.55E-01,1.60E-01,2.63E-01,2.21E-01,1.54E-01,2.11E-01,1.89E-01,1.91E-01,1.57E-01,2.05E-01,2.04E-01,2.58E-01,2.56E-01,2.18E-01,2.54E-01,2.46E-01,2.39E-01,2.35E-01,2.15E-01,2.43E-01,2.26E-01,2.38E-01,2.32E-01,2.31E-01,2.11E-01,2.02E-01,1.72E-01,2.21E-01,2.20E-01,2.09E-01,2.28E-01,1.30E-01,1.95E-01,2.50E-01,2.23E-01,2.54E-01,1.98E-01,2.59E-01,2.88E-01,1.43E-01,2.38E-01,4.34E-01,3.43E-01,2.36E-01,2.30E-01,2.77E-01,3.28E-01,2.63E-01,2.34E-01,2.69E-01,2.13E-01,2.65E-01,3.16E-01,2.56E-01,2.65E-01,2.49E-01,2.51E-01,3.00E-01,2.81E-01,2.59E-01,3.08E-01,3.02E-01,2.69E-01,3.26E-01,2.19E-01,3.12E-01,3.09E-01,2.84E-01,2.77E-01,3.29E-01,4.11E-01,3.64E-01,3.08E-01,3.33E-01,2.94E-01,3.09E-01,2.80E-01,2.73E-01,3.09E-01,2.97E-01,3.10E-01,3.16E-01,3.61E-01,3.41E-01,3.15E-01,2.93E-01,2.98E-01,3.13E-01,3.41E-01,3.23E-01,2.77E-01,3.03E-01,2.96E-01,2.91E-01,3.23E-01,2.80E-01,3.15E-01,2.93E-01,3.16E-01,2.69E-01,2.72E-01,2.65E-01,2.89E-01,2.57E-01,2.58E-01,2.89E-01,2.72E-01,2.84E-01,2.57E-01,2.80E-01,2.13E-01,2.65E-01,2.48E-01,2.87E-01,2.62E-01,2.81E-01,2.75E-01,2.57E-01,2.72E-01,3.05E-01,2.57E-01,2.62E-01,3.04E-01,2.76E-01,2.72E-01,2.38E-01,2.95E-01,2.84E-01,2.11E-01,2.90E-01,3.00E-01,2.45E-01,2.70E-01,2.49E-01,2.40E-01,2.18E-01,2.29E-01,3.08E-01,3.20E-01,3.00E-01,2.98E-01,2.75E-01,2.83E-01,3.00E-01,2.32E-01,2.08E-01,3.07E-01,3.31E-01,4.82E-01,4.25E-01,3.50E-01,3.73E-01,3.05E-01,3.03E-01,2.70E-01,2.82E-01,2.48E-01,2.86E-01,3.17E-01,2.67E-01,2.94E-01,2.94E-01,3.20E-01,3.01E-01,2.86E-01,3.18E-01,3.10E-01,3.91E-01,2.99E-01,3.50E-01,3.45E-01,2.94E-01,3.28E-01,2.79E-01,3.04E-01,3.47E-01,2.99E-01,3.37E-01,3.24E-01,3.71E-01,3.15E-01,3.87E-01,3.14E-01,3.19E-01,2.95E-01,2.51E-01,3.62E-01,2.87E-01,3.33E-01,3.24E-01,2.62E-01
035_S_0341,1.67E-01,1.23E-01,2.55E-01,2.75E-01,2.99E-01,2.74E-01,2.99E-01,2.21E-01,2.30E-01,1.88E-01,1.85E-01,3.55E-01,2.41E-01,1.87E-01,2.42E-01,2.40E-01,2.30E-01,2.01E-01,3.02E-01,2.58E-01,2.81E-01,3.19E-01,2.48E-01,3.22E-01,2.71E-01,2.88E-01,2.72E-01,2.47E-01,3.08E-01,2.88E-01,2.91E-01,2.74E-01,2.55E-01,2.33E-01,2.63E-01,2.22E-01,2.49E-01,2.50E-01,2.28E-01,3.11E-01,1.45E-01,2.47E-01,3.20E-01,2.26E-01,2.81E-01,2.67E-01,2.67E-01,3.03E-01,1.55E-01,2.89E-01,4.08E-01,3.76E-01,2.73E-01,2.67E-01,2.76E-01,3.19E-01,3.13E-01,2.60E-01,2.81E-01,2.28E-01,2.39E-01,3.33E-01,2.82E-01,2.63E-01,2.80E-01,2.88E-01,3.84E-01,2.66E-01,2.82E-01,3.41E-01,2.85E-01,3.06E-01,3.47E-01,2.50E-01,3.15E-01,3.15E-01,3.29E-01,3.16E-01,3.59E-01,4.26E-01,3.64E-01,3.42E-01,3.88E-01,3.75E-01,3.19E-01,3.43E-01,3.16E-01,3.13E-01,3.18E-01,3.45E-01,3.58E-01,3.54E-01,4.08E-01,3.83E-01,3.63E-01,4.01E-01,3.89E-01,4.13E-01,3.96E-01,2.95E-01,3.98E-01,3.94E-01,4.14E-01,3.97E-01,3.48E-01,3.97E-01,4.52E-01,4.11E-01,3.65E-01,3.12E-01,3.03E-01,3.81E-01,3.69E-01,3.00E-01,3.54E-01,3.39E-01,3.18E-01,3.52E-01,3.12E-01,2.62E-01,3.11E-01,3.17E-01,2.86E-01,3.46E-01,3.97E-01,2.97E-01,3.07E-01,3.43E-01,3.17E-01,3.30E-01,3.65E-01,3.51E-01,3.16E-01,3.28E-01,2.78E-01,3.73E-01,3.14E-01,2.60E-01,3.66E-01,3.72E-01,2.86E-01,2.76E-01,2.80E-01,2.43E-01,2.64E-01,2.79E-01,3.64E-01,3.69E-01,3.74E-01,3.08E-01,3.22E-01,3.64E-01,3.38E-01,2.50E-01,2.23E-01,3.79E-01,4.03E-01,4.63E-01,4.23E-01,4.35E-01,3.80E-01,3.51E-01,3.51E-01,3.10E-01,3.77E-01,3.03E-01,2.65E-01,3.54E-01,3.36E-01,3.32E-01,3.22E-01,4.01E-01,3.31E-01,3.30E-01,3.44E-01,2.90E-01,4.04E-01,2.92E-01,3.58E-01,2.90E-01,3.32E-01,3.81E-01,3.67E-01,3.32E-01,3.17E-01,3.50E-01,3.84E-01,3.72E-01,3.80E-01,3.80E-01,4.84E-01,3.37E-01,4.16E-01,4.00E-01,2.76E-01,4.51E-01,3.29E-01,4.01E-01,3.51E-01,3.13E-01
035_S_0555,1.67E-01,1.24E-01,2.19E-01,2.34E-01,2.70E-01,2.54E-01,3.00E-01,2.15E-01,2.15E-01,1.97E-01,1.95E-01,3.13E-01,2.30E-01,1.85E-01,2.35E-01,2.61E-01,2.60E-01,2.05E-01,2.71E-01,2.69E-01,2.96E-01,3.28E-01,2.56E-01,3.18E-01,2.74E-01,3.00E-01,2.73E-01,2.48E-01,3.60E-01,2.94E-01,2.76E-01,2.94E-01,2.65E-01,2.52E-01,2.62E-01,2.32E-01,2.48E-01,2.56E-01,2.28E-01,2.94E-01,1.50E-01,2.51E-01,2.81E-01,2.14E-01,2.75E-01,2.28E-01,3.10E-01,3.31E-01,1.62E-01,3.19E-01,4.92E-01,4.48E-01,3.02E-01,3.13E-01,3.21E-01,3.94E-01,3.16E-01,3.06E-01,3.07E-01,2.58E-01,2.37E-01,3.81E-01,2.74E-01,3.20E-01,3.19E-01,3.18E-01,4.13E-01,3.45E-01,3.24E-01,3.32E-01,3.41E-01,3.09E-01,3.48E-01,2.71E-01,3.50E-01,3.30E-01,3.39E-01,3.20E-01,3.75E-01,4.77E-01,3.91E-01,3.20E-01,4.47E-01,4.37E-01,3.99E-01,3.52E-01,3.20E-01,3.04E-01,3.30E-01,3.55E-01,3.36E-01,4.54E-01,4.22E-01,3.84E-01,3.82E-01,3.39E-01,3.88E-01,5.74E-01,3.94E-01,2.90E-01,4.11E-01,3.78E-01,3.84E-01,3.88E-01,3.44E-01,3.65E-01,4.64E-01,4.23E-01,3.94E-01,3.68E-01,3.50E-01,4.67E-01,2.87E-01,2.84E-01,3.59E-01,2.68E-01,3.63E-01,2.96E-01,3.43E-01,2.28E-01,3.39E-01,3.22E-01,2.88E-01,3.34E-01,3.79E-01,3.10E-01,3.37E-01,3.37E-01,3.65E-01,3.00E-01,3.96E-01,3.46E-01,3.35E-01,3.63E-01,2.98E-01,3.47E-01,3.56E-01,2.49E-01,3.63E-01,3.82E-01,2.29E-01,2.98E-01,2.98E-01,2.35E-01,2.53E-01,2.36E-01,3.57E-01,3.61E-01,3.36E-01,3.28E-01,3.25E-01,3.14E-01,2.83E-01,2.49E-01,2.25E-01,3.79E-01,4.79E-01,5.31E-01,4.39E-01,2.78E-01,4.31E-01,3.61E-01,3.64E-01,3.78E-01,4.03E-01,2.94E-01,2.80E-01,3.86E-01,3.21E-01,3.70E-01,4.16E-01,4.70E-01,3.06E-01,3.34E-01,3.54E-01,3.66E-01,4.24E-01,2.89E-01,3.81E-01,3.30E-01,3.69E-01,3.68E-01,3.57E-01,3.70E-01,3.33E-01,3.63E-01,3.84E-01,3.88E-01,3.68E-01,4.28E-01,5.01E-01,3.58E-01,3.65E-01,4.08E-01,3.39E-01,5.99E-01,3.66E-01,4.59E-01,4.50E-01,3.33E-01
036_S_0577,1.41E-01,1.04E-01,2.13E-01,2.36E-01,2.51E-01,2.48E-01,2.55E-01,1.98E-01,1.86E-01,1.82E-01,1.65E-01,2.94E-01,2.06E-01,1.60E-01,2.00E-01,2.06E-01,2.05E-01,2.03E-01,2.30E-01,2.16E-01,2.64E-01,2.65E-01,2.35E-01,2.61E-01,2.44E-01,2.49E-01,2.56E-01,2.24E-01,2.82E-01,2.61E-01,2.68E-01,2.30E-01,2.03E-01,1.99E-01,2.51E-01,1.85E-01,2.34E-01,2.50E-01,2.15E-01,2.38E-01,1.27E-01,2.18E-01,2.50E-01,1.98E-01,2.32E-01,2.07E-01,2.66E-01,3.16E-01,1.44E-01,2.71E-01,3.93E-01,3.40E-01,2.59E-01,2.09E-01,2.65E-01,3.01E-01,2.89E-01,2.39E-01,2.89E-01,2.19E-01,2.32E-01,3.31E-01,2.80E-01,2.42E-01,2.48E-01,2.60E-01,3.11E-01,2.41E-01,2.50E-01,3.01E-01,3.01E-01,2.65E-01,3.08E-01,2.30E-01,3.16E-01,2.55E-01,3.13E-01,2.73E-01,3.16E-01,4.12E-01,3.67E-01,3.18E-01,3.14E-01,2.94E-01,3.19E-01,3.12E-01,2.42E-01,3.05E-01,2.90E-01,3.45E-01,2.80E-01,3.19E-01,3.66E-01,3.14E-01,2.97E-01,2.98E-01,3.02E-01,3.36E-01,3.38E-01,2.57E-01,3.29E-01,3.27E-01,3.39E-01,3.31E-01,3.08E-01,3.30E-01,3.69E-01,3.09E-01,3.26E-01,2.78E-01,2.69E-01,2.88E-01,2.53E-01,2.14E-01,2.39E-01,2.26E-01,2.50E-01,2.19E-01,2.26E-01,2.32E-01,2.59E-01,2.28E-01,2.25E-01,2.52E-01,2.74E-01,2.46E-01,2.52E-01,2.55E-01,2.62E-01,2.35E-01,2.86E-01,2.93E-01,2.88E-01,2.34E-01,2.51E-01,3.06E-01,2.68E-01,2.21E-01,3.04E-01,3.02E-01,2.18E-01,2.45E-01,2.34E-01,1.71E-01,2.01E-01,1.67E-01,2.71E-01,2.59E-01,2.71E-01,2.25E-01,2.63E-01,2.98E-01,2.40E-01,2.07E-01,2.02E-01,3.60E-01,3.83E-01,4.55E-01,3.91E-01,3.28E-01,3.61E-01,2.44E-01,2.60E-01,2.33E-01,3.45E-01,2.64E-01,2.03E-01,2.93E-01,2.86E-01,2.95E-01,2.68E-01,3.41E-01,3.17E-01,3.04E-01,2.93E-01,2.82E-01,3.71E-01,2.96E-01,2.71E-01,1.98E-01,2.97E-01,3.16E-01,2.76E-01,2.84E-01,2.41E-01,2.99E-01,3.33E-01,3.37E-01,3.61E-01,3.20E-01,3.89E-01,2.80E-01,3.06E-01,3.75E-01,2.17E-01,3.04E-01,2.84E-01,3.48E-01,2.99E-01,2.77E-01
037_S_0467,1.58E-01,1.24E-01,2.34E-01,2.48E-01,2.85E-01,2.71E-01,2.96E-01,2.29E-01,2.28E-01,1.85E-01,1.91E-01,3.07E-01,2.30E-01,1.92E-01,2.74E-01,2.27E-01,2.15E-01,2.07E-01,2.20E-01,2.19E-01,2.97E-01,3.33E-01,2.66E-01,3.34E-01,2.68E-01,2.76E-01,2.77E-01,2.56E-01,3.33E-01,2.58E-01,2.91E-01,3.02E-01,2.44E-01,2.89E-01,2.70E-01,2.46E-01,2.73E-01,2.42E-01,2.64E-01,2.69E-01,1.70E-01,2.62E-01,3.29E-01,2.25E-01,3.17E-01,2.44E-01,3.25E-01,3.52E-01,1.57E-01,3.12E-01,4.52E-01,3.92E-01,2.81E-01,2.60E-01,3.04E-01,4.02E-01,3.13E-01,2.91E-01,3.08E-01,2.62E-01,3.12E-01,3.93E-01,2.94E-01,2.91E-01,3.31E-01,3.18E-01,3.86E-01,3.05E-01,2.72E-01,3.56E-01,3.59E-01,2.87E-01,3.35E-01,2.65E-01,3.70E-01,3.32E-01,3.18E-01,3.17E-01,3.73E-01,4.20E-01,4.38E-01,3.26E-01,4.55E-01,3.46E-01,3.65E-01,3.59E-01,2.97E-01,3.37E-01,3.83E-01,4.17E-01,3.88E-01,4.17E-01,4.81E-01,3.41E-01,3.89E-01,3.24E-01,3.49E-01,4.51E-01,3.52E-01,3.06E-01,3.72E-01,3.85E-01,3.53E-01,4.04E-01,3.79E-01,3.64E-01,4.76E-01,4.12E-01,3.72E-01,3.36E-01,3.06E-01,3.46E-01,2.91E-01,2.86E-01,3.11E-01,3.38E-01,3.31E-01,2.93E-01,3.03E-01,3.06E-01,2.72E-01,2.75E-01,2.84E-01,3.15E-01,3.33E-01,3.21E-01,3.11E-01,3.42E-01,3.45E-01,3.40E-01,3.85E-01,2.75E-01,3.37E-01,2.94E-01,2.82E-01,3.40E-01,3.01E-01,2.33E-01,3.18E-01,2.61E-01,3.12E-01,2.45E-01,2.91E-01,2.75E-01,3.16E-01,2.96E-01,4.08E-01,3.35E-01,2.88E-01,3.38E-01,3.29E-01,3.85E-01,3.73E-01,2.78E-01,3.24E-01,4.15E-01,3.65E-01,4.96E-01,4.00E-01,4.15E-01,3.97E-01,3.78E-01,3.55E-01,4.08E-01,3.85E-01,3.35E-01,3.26E-01,3.82E-01,3.75E-01,4.03E-01,3.96E-01,3.99E-01,3.16E-01,3.79E-01,4.20E-01,3.61E-01,4.49E-01,3.92E-01,4.92E-01,3.24E-01,3.57E-01,3.78E-01,3.81E-01,3.37E-01,3.67E-01,3.59E-01,3.57E-01,3.96E-01,4.08E-01,3.89E-01,4.82E-01,3.59E-01,4.46E-01,4.47E-01,3.06E-01,5.16E-01,3.78E-01,3.99E-01,3.39E-01,3.41E-01
041_S_1002,1.67E-01,1.25E-01,2.43E-01,2.60E-01,2.83E-01,2.72E-01,3.03E-01,2.13E-01,2.24E-01,2.05E-01,1.99E-01,3.18E-01,2.65E-01,1.89E-01,2.51E-01,2.45E-01,2.05E-01,2.20E-01,2.58E-01,1.96E-01,3.28E-01,3.10E-01,2.65E-01,3.22E-01,2.65E-01,2.84E-01,3.24E-01,2.83E-01,3.62E-01,2.70E-01,2.94E-01,2.67E-01,2.44E-01,2.44E-01,2.73E-01,2.43E-01,2.73E-01,2.40E-01,2.40E-01,2.85E-01,1.73E-01,2.43E-01,3.22E-01,2.37E-01,3.76E-01,2.44E-01,2.63E-01,4.31E-01,1.74E-01,3.37E-01,4.97E-01,4.05E-01,2.70E-01,3.09E-01,3.17E-01,4.17E-01,3.01E-01,2.95E-01,3.27E-01,2.65E-01,2.80E-01,4.64E-01,3.27E-01,3.14E-01,3.20E-01,2.99E-01,4.38E-01,3.41E-01,3.62E-01,3.68E-01,3.41E-01,2.96E-01,3.40E-01,2.69E-01,4.39E-01,3.15E-01,3.55E-01,3.38E-01,3.72E-01,4.69E-01,3.80E-01,3.45E-01,4.20E-01,4.46E-01,4.19E-01,3.79E-01,4.13E-01,3.51E-01,3.57E-01,4.69E-01,3.94E-01,4.49E-01,4.76E-01,3.75E-01,4.18E-01,4.03E-01,3.52E-01,5.20E-01,3.94E-01,3.50E-01,3.99E-01,3.85E-01,3.88E-01,3.93E-01,3.49E-01,3.73E-01,4.83E-01,4.07E-01,3.99E-01,2.60E-01,3.50E-01,3.79E-01,3.29E-01,3.12E-01,4.10E-01,2.98E-01,2.89E-01,2.59E-01,2.96E-01,2.47E-01,3.30E-01,3.34E-01,2.95E-01,3.82E-01,3.64E-01,3.60E-01,3.56E-01,3.54E-01,4.06E-01,3.66E-01,4.02E-01,3.08E-01,3.67E-01,3.26E-01,2.84E-01,3.72E-01,3.93E-01,2.64E-01,3.67E-01,3.51E-01,2.99E-01,3.42E-01,3.93E-01,3.00E-01,3.23E-01,3.26E-01,4.07E-01,4.02E-01,3.57E-01,3.53E-01,3.44E-01,3.99E-01,3.88E-01,3.15E-01,3.02E-01,4.59E-01,4.27E-01,5.66E-01,4.61E-01,4.16E-01,3.93E-01,3.69E-01,3.75E-01,4.23E-01,4.26E-01,3.14E-01,3.19E-01,4.20E-01,3.98E-01,4.17E-01,4.82E-01,4.71E-01,3.51E-01,4.06E-01,4.88E-01,4.08E-01,4.79E-01,3.82E-01,4.53E-01,3.78E-01,3.83E-01,4.48E-01,4.24E-01,3.82E-01,4.06E-01,3.36E-01,3.73E-01,4.03E-01,4.10E-01,4.38E-01,5.31E-01,3.06E-01,4.88E-01,4.64E-01,2.26E-01,5.65E-01,4.15E-01,4.81E-01,4.06E-01,3.36E-01
053_S_1044,1.58E-01,1.16E-01,2.23E-01,2.29E-01,2.55E-01,2.48E-01,2.72E-01,2.05E-01,2.03E-01,1.87E-01,1.78E-01,2.87E-01,2.18E-01,1.90E-01,2.45E-01,2.13E-01,2.34E-01,1.95E-01,2.31E-01,2.32E-01,2.70E-01,3.18E-01,2.71E-01,2.90E-01,2.46E-01,2.51E-01,2.53E-01,2.54E-01,3.23E-01,2.86E-01,3.02E-01,2.52E-01,2.41E-01,2.35E-01,2.47E-01,2.23E-01,2.17E-01,2.13E-01,2.44E-01,2.57E-01,1.44E-01,2.52E-01,2.59E-01,2.27E-01,2.73E-01,2.31E-01,2.50E-01,2.58E-01,1.37E-01,2.72E-01,4.26E-01,3.78E-01,2.76E-01,2.90E-01,2.93E-01,3.24E-01,3.26E-01,2.70E-01,2.59E-01,2.30E-01,2.54E-01,3.23E-01,2.17E-01,2.48E-01,2.82E-01,2.74E-01,3.56E-01,2.64E-01,2.21E-01,3.08E-01,2.83E-01,2.81E-01,3.14E-01,2.41E-01,2.95E-01,2.12E-01,3.36E-01,3.12E-01,3.63E-01,4.31E-01,3.56E-01,3.59E-01,3.31E-01,2.96E-01,3.12E-01,3.49E-01,2.81E-01,2.84E-01,3.29E-01,3.08E-01,3.39E-01,3.49E-01,3.71E-01,3.00E-01,2.90E-01,3.24E-01,3.14E-01,4.24E-01,3.61E-01,3.01E-01,3.72E-01,3.60E-01,3.67E-01,3.60E-01,3.28E-01,3.66E-01,4.30E-01,3.71E-01,3.69E-01,2.63E-01,3.12E-01,3.85E-01,2.95E-01,2.78E-01,2.91E-01,3.25E-01,2.88E-01,2.88E-01,2.68E-01,2.59E-01,2.30E-01,2.23E-01,2.48E-01,3.27E-01,3.42E-01,3.32E-01,3.10E-01,3.25E-01,3.55E-01,3.15E-01,3.34E-01,3.21E-01,2.98E-01,2.94E-01,2.46E-01,3.32E-01,2.84E-01,2.47E-01,3.01E-01,2.85E-01,2.77E-01,2.64E-01,2.74E-01,2.39E-01,2.63E-01,2.44E-01,3.08E-01,3.42E-01,3.25E-01,2.55E-01,3.20E-01,3.82E-01,2.91E-01,2.66E-01,2.26E-01,3.49E-01,3.69E-01,5.34E-01,4.31E-01,4.24E-01,4.11E-01,3.42E-01,3.71E-01,3.84E-01,3.23E-01,2.59E-01,2.77E-01,3.27E-01,3.00E-01,3.76E-01,3.18E-01,3.88E-01,3.17E-01,3.32E-01,3.13E-01,3.05E-01,4.31E-01,3.28E-01,2.59E-01,3.11E-01,3.33E-01,3.52E-01,3.84E-01,3.59E-01,2.94E-01,3.78E-01,3.79E-01,3.84E-01,3.85E-01,3.61E-01,4.24E-01,3.03E-01,3.51E-01,4.00E-01,2.62E-01,4.73E-01,3.06E-01,4.45E-01,4.29E-01,3.22E-01
053_S_5070,1.60E-01,1.16E-01,2.20E-01,2.40E-01,2.50E-01,2.23E-01,2.73E-01,1.93E-01,2.03E-01,1.90E-01,1.75E-01,2.84E-01,2.32E-01,1.94E-01,2.62E-01,2.50E-01,2.07E-01,2.18E-01,2.59E-01,2.38E-01,2.61E-01,3.03E-01,2.55E-01,2.90E-01,2.31E-01,2.63E-01,2.79E-01,2.43E-01,3.32E-01,2.81E-01,2.74E-01,2.43E-01,2.61E-01,2.18E-01,2.59E-01,2.18E-01,2.03E-01,2.56E-01,2.22E-01,2.72E-01,1.55E-01,2.39E-01,2.65E-01,1.96E-01,2.79E-01,2.42E-01,2.83E-01,2.44E-01,1.28E-01,2.62E-01,4.02E-01,3.75E-01,2.94E-01,2.69E-01,2.93E-01,3.22E-01,3.11E-01,2.32E-01,2.42E-01,1.89E-01,2.51E-01,2.70E-01,2.37E-01,2.49E-01,2.48E-01,2.70E-01,3.46E-01,2.58E-01,2.42E-01,2.54E-01,2.17E-01,2.65E-01,3.12E-01,2.33E-01,3.00E-01,2.28E-01,3.05E-01,2.77E-01,3.43E-01,3.65E-01,2.72E-01,2.81E-01,3.62E-01,2.94E-01,2.99E-01,3.26E-01,2.97E-01,2.11E-01,2.24E-01,3.18E-01,3.23E-01,3.20E-01,3.16E-01,3.32E-01,3.26E-01,3.16E-01,3.37E-01,5.05E-01,3.49E-01,2.76E-01,3.87E-01,3.55E-01,3.92E-01,4.05E-01,3.42E-01,3.45E-01,4.26E-01,4.09E-01,3.94E-01,2.97E-01,3.17E-01,3.48E-01,2.72E-01,2.55E-01,3.48E-01,2.68E-01,2.96E-01,2.91E-01,3.05E-01,2.76E-01,2.90E-01,3.12E-01,3.05E-01,3.05E-01,3.32E-01,2.86E-01,3.00E-01,3.28E-01,3.02E-01,3.11E-01,3.77E-01,2.94E-01,2.98E-01,3.00E-01,2.28E-01,3.11E-01,3.03E-01,2.26E-01,3.32E-01,3.14E-01,2.54E-01,2.90E-01,3.18E-01,2.59E-01,2.42E-01,2.37E-01,3.55E-01,3.44E-01,3.29E-01,3.22E-01,3.41E-01,3.44E-01,2.79E-01,2.35E-01,2.49E-01,3.52E-01,4.00E-01,4.48E-01,4.04E-01,3.34E-01,4.07E-01,3.61E-01,3.34E-01,3.95E-01,3.24E-01,2.75E-01,2.86E-01,3.36E-01,3.31E-01,3.66E-01,3.64E-01,4.05E-01,3.04E-01,3.21E-01,3.45E-01,2.92E-01,3.73E-01,2.68E-01,3.32E-01,2.41E-01,3.08E-01,3.37E-01,3.74E-01,3.21E-01,2.76E-01,3.71E-01,3.67E-01,3.69E-01,3.43E-01,3.82E-01,4.78E-01,2.94E-01,3.57E-01,3.83E-01,3.07E-01,5.48E-01,3.22E-01,4.61E-01,3.99E-01,3.14E-01
053_S_5208,1.77E-01,1.27E-01,2.23E-01,2.71E-01,2.74E-01,2.69E-01,3.23E-01,2.23E-01,2.32E-01,2.15E-01,2.19E-01,3.63E-01,2.78E-01,1.96E-01,2.52E-01,2.21E-01,2.60E-01,2.45E-01,2.93E-01,2.46E-01,3.28E-01,3.39E-01,3.10E-01,3.57E-01,2.74E-01,3.00E-01,2.74E-01,2.74E-01,3.72E-01,2.86E-01,3.10E-01,3.22E-01,2.81E-01,2.92E-01,2.60E-01,2.45E-01,2.75E-01,2.74E-01,2.50E-01,2.24E-01,1.89E-01,2.93E-01,3.20E-01,2.75E-01,2.98E-01,2.40E-01,2.67E-01,3.15E-01,1.73E-01,3.28E-01,4.66E-01,4.60E-01,2.66E-01,3.00E-01,3.75E-01,4.15E-01,3.35E-01,3.02E-01,3.32E-01,2.75E-01,2.85E-01,3.25E-01,3.21E-01,3.63E-01,3.55E-01,3.02E-01,3.80E-01,3.35E-01,2.97E-01,3.01E-01,3.17E-01,3.20E-01,3.80E-01,2.56E-01,3.87E-01,3.20E-01,4.16E-01,3.52E-01,4.31E-01,4.96E-01,3.39E-01,3.70E-01,4.03E-01,3.95E-01,3.84E-01,3.80E-01,3.09E-01,3.05E-01,2.69E-01,3.89E-01,3.24E-01,4.55E-01,4.49E-01,3.38E-01,3.31E-01,3.53E-01,3.60E-01,4.97E-01,4.04E-01,2.99E-01,3.45E-01,4.12E-01,3.50E-01,3.67E-01,3.72E-01,3.51E-01,4.43E-01,3.96E-01,4.31E-01,3.05E-01,3.31E-01,3.45E-01,2.83E-01,3.20E-01,2.83E-01,2.75E-01,3.73E-01,2.87E-01,3.74E-01,2.73E-01,3.69E-01,2.81E-01,3.26E-01,3.57E-01,3.82E-01,3.80E-01,3.60E-01,3.65E-01,4.09E-01,3.60E-01,3.42E-01,3.70E-01,3.16E-01,3.14E-01,2.77E-01,3.16E-01,3.38E-01,2.55E-01,3.74E-01,3.77E-01,2.93E-01,2.83E-01,2.91E-01,2.38E-01,2.66E-01,2.49E-01,4.15E-01,3.42E-01,3.66E-01,2.62E-01,2.87E-01,4.36E-01,3.11E-01,2.63E-01,2.41E-01,4.29E-01,4.47E-01,5.83E-01,4.85E-01,3.49E-01,4.62E-01,3.41E-01,3.70E-01,3.27E-01,3.60E-01,3.26E-01,2.75E-01,3.86E-01,4.42E-01,4.27E-01,3.06E-01,3.63E-01,3.57E-01,3.10E-01,3.94E-01,3.42E-01,4.79E-01,3.59E-01,3.35E-01,3.30E-01,3.93E-01,4.25E-01,3.71E-01,3.42E-01,3.57E-01,3.36E-01,4.06E-01,4.09E-01,3.96E-01,3.75E-01,4.70E-01,3.07E-01,4.03E-01,4.66E-01,2.88E-01,4.55E-01,3.47E-01,4.61E-01,4.15E-01,3.27E-01
057_S_0474,1.40E-01,1.08E-01,2.14E-01,2.38E-01,2.51E-01,2.65E-01,2.63E-01,1.77E-01,1.88E-01,1.79E-01,1.62E-01,2.95E-01,2.11E-01,1.69E-01,2.27E-01,2.15E-01,2.20E-01,1.99E-01,2.16E-01,2.35E-01,2.61E-01,3.14E-01,2.42E-01,3.04E-01,2.75E-01,2.72E-01,2.87E-01,2.49E-01,2.82E-01,2.95E-01,2.44E-01,2.47E-01,2.66E-01,2.27E-01,2.59E-01,2.32E-01,2.38E-01,2.65E-01,2.31E-01,2.85E-01,1.36E-01,2.26E-01,2.85E-01,2.00E-01,2.58E-01,2.13E-01,2.82E-01,3.07E-01,1.46E-01,2.78E-01,3.97E-01,3.53E-01,2.44E-01,2.63E-01,2.65E-01,3.26E-01,2.54E-01,2.21E-01,2.80E-01,2.09E-01,2.57E-01,3.56E-01,2.65E-01,2.54E-01,2.96E-01,2.62E-01,3.33E-01,2.35E-01,2.72E-01,3.25E-01,3.14E-01,2.77E-01,3.13E-01,2.33E-01,2.56E-01,3.09E-01,3.03E-01,2.82E-01,2.98E-01,4.20E-01,3.38E-01,2.89E-01,3.20E-01,3.23E-01,3.04E-01,3.08E-01,2.73E-01,2.83E-01,3.04E-01,3.18E-01,2.96E-01,3.79E-01,3.70E-01,3.15E-01,3.33E-01,2.90E-01,3.21E-01,3.45E-01,3.65E-01,2.54E-01,3.55E-01,3.26E-01,3.49E-01,3.62E-01,2.75E-01,3.22E-01,3.69E-01,3.51E-01,3.19E-01,2.97E-01,2.70E-01,2.99E-01,2.91E-01,2.73E-01,2.96E-01,2.70E-01,2.59E-01,2.72E-01,2.67E-01,2.55E-01,2.36E-01,2.67E-01,2.65E-01,3.08E-01,3.51E-01,3.07E-01,2.97E-01,3.00E-01,3.44E-01,3.02E-01,3.20E-01,3.24E-01,2.87E-01,2.55E-01,2.54E-01,3.00E-01,3.06E-01,2.34E-01,2.42E-01,2.40E-01,2.78E-01,2.82E-01,2.64E-01,2.21E-01,2.30E-01,2.32E-01,3.38E-01,3.20E-01,2.29E-01,2.82E-01,2.87E-01,3.58E-01,3.29E-01,2.53E-01,2.33E-01,3.50E-01,3.74E-01,4.44E-01,3.64E-01,3.13E-01,3.55E-01,3.08E-01,2.89E-01,3.39E-01,3.33E-01,2.87E-01,2.77E-01,2.99E-01,3.38E-01,3.24E-01,3.09E-01,3.93E-01,3.00E-01,3.24E-01,3.50E-01,2.83E-01,4.05E-01,3.20E-01,3.16E-01,2.66E-01,2.81E-01,2.77E-01,3.57E-01,3.02E-01,3.01E-01,3.49E-01,2.95E-01,3.50E-01,3.49E-01,3.54E-01,3.54E-01,3.18E-01,4.71E-01,3.72E-01,2.79E-01,4.27E-01,3.08E-01,4.08E-01,3.25E-01,2.90E-01
057_S_0779,1.51E-01,1.19E-01,2.30E-01,2.46E-01,2.76E-01,2.38E-01,2.80E-01,2.06E-01,2.10E-01,1.97E-01,1.99E-01,3.13E-01,2.38E-01,1.92E-01,2.54E-01,2.37E-01,2.44E-01,2.07E-01,2.46E-01,2.42E-01,2.94E-01,3.10E-01,2.32E-01,3.23E-01,2.88E-01,2.55E-01,2.51E-01,2.54E-01,3.54E-01,2.95E-01,3.19E-01,2.52E-01,2.62E-01,2.59E-01,2.60E-01,2.44E-01,2.69E-01,2.69E-01,2.35E-01,2.82E-01,1.63E-01,2.56E-01,3.22E-01,2.41E-01,2.96E-01,2.29E-01,3.66E-01,3.43E-01,1.76E-01,2.92E-01,4.71E-01,3.99E-01,3.02E-01,3.09E-01,3.20E-01,3.83E-01,3.15E-01,2.79E-01,3.24E-01,2.42E-01,3.18E-01,3.80E-01,2.98E-01,3.36E-01,3.31E-01,3.17E-01,3.98E-01,2.89E-01,2.89E-01,3.43E-01,3.30E-01,3.03E-01,3.50E-01,2.66E-01,3.46E-01,3.29E-01,3.82E-01,3.40E-01,3.70E-01,4.52E-01,3.52E-01,3.22E-01,4.02E-01,3.65E-01,3.43E-01,3.72E-01,3.29E-01,3.32E-01,3.30E-01,3.34E-01,3.92E-01,4.27E-01,4.20E-01,3.69E-01,3.46E-01,3.32E-01,3.31E-01,4.98E-01,4.02E-01,3.38E-01,3.74E-01,4.12E-01,3.69E-01,3.82E-01,3.25E-01,3.67E-01,4.07E-01,3.77E-01,3.54E-01,2.96E-01,3.34E-01,4.01E-01,2.77E-01,3.08E-01,3.14E-01,3.02E-01,3.02E-01,3.33E-01,3.07E-01,2.84E-01,3.12E-01,3.41E-01,3.17E-01,3.34E-01,3.69E-01,3.20E-01,3.10E-01,3.85E-01,3.50E-01,3.55E-01,4.11E-01,3.50E-01,3.33E-01,2.70E-01,2.31E-01,3.24E-01,2.67E-01,2.28E-01,3.20E-01,3.39E-01,2.93E-01,2.51E-01,2.89E-01,2.88E-01,2.54E-01,2.51E-01,3.56E-01,3.41E-01,3.29E-01,2.95E-01,3.24E-01,4.22E-01,3.73E-01,2.85E-01,2.56E-01,3.77E-01,4.22E-01,5.88E-01,4.42E-01,3.41E-01,4.44E-01,4.20E-01,3.94E-01,4.26E-01,4.09E-01,2.90E-01,3.12E-01,3.70E-01,3.67E-01,4.26E-01,4.32E-01,4.29E-01,3.70E-01,3.86E-01,4.05E-01,3.58E-01,4.61E-01,3.48E-01,4.01E-01,3.53E-01,3.49E-01,3.69E-01,4.09E-01,3.75E-01,3.65E-01,3.83E-01,3.65E-01,3.66E-01,3.68E-01,4.18E-01,4.82E-01,3.36E-01,4.13E-01,4.25E-01,2.83E-01,5.19E-01,3.65E-01,4.30E-01,3.55E-01,3.14E-01
057_S_0818,1.37E-01,1.07E-01,1.95E-01,2.25E-01,2.73E-01,2.64E-01,2.63E-01,1.94E-01,1.98E-01,1.69E-01,1.71E-01,3.08E-01,2.18E-01,1.41E-01,1.81E-01,1.92E-01,2.12E-01,1.77E-01,2.23E-01,2.31E-01,2.78E-01,2.95E-01,2.56E-01,2.85E-01,2.52E-01,2.65E-01,2.49E-01,2.06E-01,3.39E-01,2.53E-01,2.63E-01,2.54E-01,2.53E-01,2.35E-01,2.19E-01,1.94E-01,2.43E-01,2.66E-01,1.93E-01,2.58E-01,1.51E-01,2.30E-01,2.63E-01,2.02E-01,2.84E-01,2.19E-01,2.52E-01,3.16E-01,1.47E-01,3.14E-01,3.91E-01,3.88E-01,2.19E-01,2.78E-01,2.58E-01,3.26E-01,2.92E-01,2.15E-01,2.70E-01,2.16E-01,2.47E-01,3.38E-01,2.67E-01,2.56E-01,2.90E-01,2.77E-01,3.87E-01,2.42E-01,2.82E-01,2.69E-01,2.76E-01,2.48E-01,2.72E-01,2.25E-01,2.34E-01,2.88E-01,2.69E-01,2.75E-01,2.90E-01,4.01E-01,2.44E-01,2.90E-01,3.34E-01,3.71E-01,3.72E-01,3.44E-01,2.65E-01,2.51E-01,2.86E-01,3.62E-01,3.32E-01,3.30E-01,3.38E-01,3.08E-01,3.65E-01,2.76E-01,3.08E-01,4.37E-01,3.37E-01,2.91E-01,3.45E-01,3.65E-01,3.19E-01,3.51E-01,3.18E-01,3.27E-01,3.84E-01,3.57E-01,2.99E-01,2.72E-01,2.55E-01,3.23E-01,2.41E-01,2.62E-01,2.76E-01,2.28E-01,2.62E-01,2.48E-01,2.77E-01,2.35E-01,2.62E-01,2.58E-01,2.83E-01,3.02E-01,3.17E-01,3.07E-01,3.06E-01,3.26E-01,3.32E-01,3.08E-01,3.47E-01,3.34E-01,2.65E-01,2.90E-01,2.45E-01,3.27E-01,3.16E-01,1.94E-01,3.11E-01,3.24E-01,2.32E-01,2.51E-01,2.91E-01,2.66E-01,2.72E-01,2.60E-01,3.85E-01,3.34E-01,2.84E-01,3.31E-01,2.43E-01,3.47E-01,3.43E-01,2.68E-01,2.49E-01,3.73E-01,3.82E-01,5.12E-01,4.02E-01,2.70E-01,3.62E-01,3.19E-01,3.26E-01,3.54E-01,2.87E-01,2.32E-01,2.65E-01,3.35E-01,3.12E-01,3.50E-01,3.72E-01,3.87E-01,2.71E-01,2.73E-01,3.53E-01,3.05E-01,3.97E-01,2.79E-01,3.64E-01,2.67E-01,2.80E-01,2.83E-01,3.30E-01,3.08E-01,3.57E-01,2.97E-01,2.83E-01,3.39E-01,2.91E-01,3.71E-01,4.73E-01,2.86E-01,4.00E-01,3.49E-01,2.63E-01,4.85E-01,3.64E-01,4.31E-01,3.46E-01,2.97E-01
057_S_1371,1.56E-01,1.12E-01,2.16E-01,2.45E-01,2.86E-01,2.75E-01,2.91E-01,2.11E-01,2.11E-01,2.10E-01,1.82E-01,3.02E-01,2.26E-01,1.69E-01,2.32E-01,2.18E-01,2.13E-01,2.04E-01,2.23E-01,2.15E-01,2.51E-01,3.17E-01,2.49E-01,2.61E-01,2.74E-01,2.82E-01,2.67E-01,2.31E-01,3.19E-01,2.77E-01,2.63E-01,2.31E-01,2.36E-01,2.00E-01,2.41E-01,1.85E-01,2.48E-01,2.60E-01,2.12E-01,2.63E-01,1.32E-01,2.21E-01,2.28E-01,2.21E-01,2.59E-01,2.03E-01,2.72E-01,2.15E-01,1.37E-01,2.88E-01,3.92E-01,3.50E-01,2.49E-01,2.27E-01,2.71E-01,2.92E-01,3.06E-01,2.41E-01,2.46E-01,2.19E-01,2.35E-01,2.67E-01,2.37E-01,2.64E-01,2.78E-01,2.71E-01,3.22E-01,2.63E-01,2.62E-01,2.82E-01,2.59E-01,2.88E-01,3.06E-01,2.27E-01,3.35E-01,2.16E-01,3.30E-01,3.11E-01,3.61E-01,3.90E-01,3.01E-01,3.00E-01,3.39E-01,3.35E-01,2.77E-01,2.95E-01,2.83E-01,2.49E-01,2.52E-01,2.81E-01,2.50E-01,3.37E-01,3.56E-01,3.16E-01,2.69E-01,3.39E-01,3.48E-01,3.97E-01,3.92E-01,3.16E-01,4.31E-01,4.32E-01,3.88E-01,3.83E-01,3.48E-01,3.61E-01,4.46E-01,3.98E-01,3.67E-01,3.08E-01,3.22E-01,3.20E-01,2.40E-01,2.25E-01,3.11E-01,2.64E-01,3.34E-01,2.60E-01,3.03E-01,2.54E-01,2.61E-01,2.52E-01,2.90E-01,3.13E-01,3.43E-01,2.95E-01,3.06E-01,3.05E-01,3.09E-01,2.60E-01,3.89E-01,3.51E-01,3.45E-01,2.76E-01,2.90E-01,3.13E-01,2.96E-01,2.37E-01,2.99E-01,3.42E-01,2.45E-01,2.77E-01,2.36E-01,2.47E-01,2.42E-01,2.63E-01,3.59E-01,3.43E-01,2.86E-01,2.43E-01,3.13E-01,3.39E-01,2.84E-01,2.38E-01,2.50E-01,3.84E-01,3.71E-01,4.76E-01,4.35E-01,3.51E-01,3.63E-01,3.43E-01,3.07E-01,3.77E-01,3.45E-01,3.10E-01,2.70E-01,3.28E-01,3.45E-01,3.66E-01,3.78E-01,4.27E-01,3.21E-01,3.82E-01,3.68E-01,3.18E-01,4.18E-01,2.68E-01,3.19E-01,2.71E-01,3.41E-01,3.44E-01,3.80E-01,3.40E-01,2.75E-01,3.49E-01,3.28E-01,3.88E-01,3.12E-01,3.79E-01,4.40E-01,2.97E-01,3.85E-01,4.27E-01,2.87E-01,5.25E-01,3.21E-01,4.94E-01,4.09E-01,3.25E-01
057_S_1373,1.09E-01,8.32E-02,1.54E-01,1.70E-01,1.83E-01,1.78E-01,1.82E-01,1.23E-01,1.47E-01,1.23E-01,1.26E-01,2.28E-01,1.74E-01,1.39E-01,1.98E-01,1.84E-01,1.53E-01,1.62E-01,1.99E-01,1.67E-01,1.76E-01,2.05E-01,1.68E-01,2.10E-01,1.86E-01,1.93E-01,2.32E-01,1.94E-01,1.90E-01,2.02E-01,1.80E-01,1.72E-01,1.72E-01,1.80E-01,1.89E-01,1.94E-01,1.82E-01,1.71E-01,2.02E-01,2.20E-01,9.92E-02,1.74E-01,2.07E-01,1.69E-01,1.98E-01,1.92E-01,2.04E-01,2.09E-01,1.13E-01,2.00E-01,3.59E-01,3.53E-01,2.26E-01,1.58E-01,2.32E-01,2.32E-01,2.10E-01,1.93E-01,1.85E-01,1.48E-01,2.34E-01,2.21E-01,1.78E-01,1.78E-01,2.18E-01,1.97E-01,2.28E-01,1.99E-01,1.95E-01,2.07E-01,2.16E-01,2.02E-01,2.61E-01,1.78E-01,2.17E-01,2.40E-01,2.38E-01,2.23E-01,2.73E-01,3.83E-01,2.70E-01,2.30E-01,2.85E-01,1.91E-01,1.84E-01,2.16E-01,1.90E-01,2.23E-01,2.37E-01,2.44E-01,3.00E-01,2.62E-01,2.77E-01,1.89E-01,2.34E-01,2.33E-01,2.27E-01,2.55E-01,2.63E-01,1.93E-01,2.41E-01,2.48E-01,2.32E-01,2.47E-01,2.14E-01,2.27E-01,1.89E-01,2.33E-01,2.14E-01,1.96E-01,1.97E-01,2.33E-01,2.70E-01,2.61E-01,2.30E-01,2.39E-01,2.24E-01,2.38E-01,2.05E-01,2.42E-01,2.06E-01,2.06E-01,2.22E-01,2.16E-01,2.47E-01,2.12E-01,2.07E-01,2.28E-01,2.73E-01,2.20E-01,2.11E-01,2.29E-01,1.72E-01,1.95E-01,1.99E-01,2.37E-01,2.51E-01,1.95E-01,2.26E-01,2.29E-01,2.33E-01,2.17E-01,2.25E-01,1.56E-01,1.51E-01,1.40E-01,2.29E-01,2.61E-01,2.27E-01,2.78E-01,2.58E-01,2.30E-01,2.35E-01,1.67E-01,1.56E-01,2.42E-01,3.57E-01,4.20E-01,3.49E-01,2.12E-01,3.59E-01,2.34E-01,2.73E-01,1.73E-01,2.57E-01,2.12E-01,2.04E-01,1.90E-01,2.05E-01,2.30E-01,1.90E-01,2.48E-01,2.29E-01,2.36E-01,2.42E-01,2.19E-01,2.96E-01,2.14E-01,2.52E-01,2.63E-01,2.17E-01,2.49E-01,2.77E-01,2.27E-01,2.53E-01,2.09E-01,2.66E-01,2.45E-01,2.31E-01,2.46E-01,3.63E-01,2.43E-01,2.60E-01,2.50E-01,1.92E-01,2.93E-01,1.96E-01,2.76E-01,2.44E-01,1.93E-01
057_S_1379,1.68E-01,1.23E-01,2.40E-01,2.71E-01,2.77E-01,2.72E-01,2.92E-01,1.97E-01,2.26E-01,1.73E-01,1.79E-01,3.31E-01,2.70E-01,1.87E-01,2.71E-01,2.66E-01,2.31E-01,2.33E-01,3.13E-01,2.56E-01,3.12E-01,3.24E-01,2.76E-01,3.18E-01,2.92E-01,2.78E-01,2.77E-01,2.47E-01,2.77E-01,2.91E-01,2.73E-01,3.09E-01,2.95E-01,2.45E-01,2.54E-01,2.49E-01,2.91E-01,3.02E-01,2.82E-01,2.61E-01,1.47E-01,2.63E-01,3.20E-01,2.50E-01,3.28E-01,2.50E-01,2.89E-01,3.53E-01,1.65E-01,3.30E-01,4.96E-01,3.85E-01,3.02E-01,2.55E-01,3.26E-01,3.64E-01,2.92E-01,2.83E-01,2.87E-01,2.53E-01,2.72E-01,3.87E-01,3.21E-01,2.90E-01,3.16E-01,3.10E-01,3.79E-01,2.95E-01,3.18E-01,3.43E-01,3.31E-01,3.09E-01,3.82E-01,2.52E-01,3.53E-01,3.39E-01,3.16E-01,3.20E-01,3.80E-01,4.68E-01,4.26E-01,3.56E-01,3.84E-01,3.77E-01,3.76E-01,3.56E-01,3.09E-01,3.19E-01,3.62E-01,3.88E-01,3.35E-01,4.02E-01,4.12E-01,3.96E-01,3.99E-01,3.39E-01,3.77E-01,3.04E-01,3.98E-01,2.91E-01,3.94E-01,3.62E-01,4.24E-01,4.57E-01,3.45E-01,4.07E-01,3.90E-01,3.89E-01,3.23E-01,2.98E-01,3.19E-01,3.62E-01,3.72E-01,3.87E-01,3.69E-01,3.52E-01,3.54E-01,3.53E-01,3.54E-01,3.32E-01,3.79E-01,4.32E-01,3.02E-01,3.30E-01,3.63E-01,3.75E-01,3.31E-01,3.60E-01,3.73E-01,3.99E-01,2.50E-01,3.05E-01,3.34E-01,2.95E-01,3.00E-01,3.48E-01,3.47E-01,2.22E-01,3.72E-01,3.33E-01,3.77E-01,2.78E-01,3.47E-01,2.38E-01,2.67E-01,2.51E-01,3.89E-01,3.59E-01,4.08E-01,3.67E-01,2.88E-01,3.25E-01,3.26E-01,2.72E-01,2.09E-01,4.23E-01,4.24E-01,5.40E-01,4.26E-01,3.11E-01,4.19E-01,3.20E-01,3.22E-01,2.10E-01,3.67E-01,3.09E-01,3.39E-01,4.08E-01,3.32E-01,3.52E-01,3.53E-01,3.90E-01,3.14E-01,3.78E-01,3.78E-01,3.41E-01,4.81E-01,2.76E-01,4.41E-01,3.95E-01,3.49E-01,4.24E-01,3.95E-01,3.35E-01,3.51E-01,2.99E-01,3.42E-01,3.52E-01,3.50E-01,4.03E-01,4.59E-01,4.31E-01,4.49E-01,4.36E-01,2.77E-01,3.49E-01,3.52E-01,3.91E-01,3.23E-01,2.74E-01
062_S_0535,1.52E-01,1.21E-01,2.38E-01,2.68E-01,2.89E-01,2.41E-01,2.82E-01,2.10E-01,2.11E-01,1.82E-01,1.84E-01,3.00E-01,2.30E-01,1.79E-01,2.39E-01,2.25E-01,2.26E-01,2.09E-01,2.53E-01,2.08E-01,2.70E-01,3.14E-01,2.54E-01,3.16E-01,2.70E-01,2.79E-01,2.80E-01,2.30E-01,2.93E-01,2.74E-01,2.94E-01,2.75E-01,2.78E-01,2.31E-01,2.91E-01,2.45E-01,2.77E-01,2.81E-01,2.10E-01,2.60E-01,1.41E-01,2.49E-01,2.74E-01,2.13E-01,2.73E-01,2.88E-01,3.40E-01,2.99E-01,1.54E-01,3.34E-01,4.21E-01,3.84E-01,2.74E-01,2.71E-01,2.83E-01,3.58E-01,2.90E-01,2.51E-01,2.85E-01,2.31E-01,2.30E-01,3.32E-01,2.62E-01,2.95E-01,2.80E-01,2.78E-01,3.36E-01,2.76E-01,2.48E-01,3.31E-01,3.13E-01,3.07E-01,3.54E-01,2.44E-01,2.81E-01,3.69E-01,3.43E-01,3.07E-01,3.47E-01,4.60E-01,3.60E-01,3.12E-01,4.10E-01,3.38E-01,3.52E-01,3.32E-01,2.71E-01,2.98E-01,4.04E-01,4.10E-01,3.97E-01,4.14E-01,4.32E-01,3.80E-01,3.57E-01,3.22E-01,3.21E-01,4.09E-01,3.66E-01,2.57E-01,3.77E-01,3.54E-01,3.88E-01,3.88E-01,3.24E-01,3.32E-01,3.95E-01,3.75E-01,3.37E-01,2.75E-01,2.86E-01,3.19E-01,3.05E-01,2.66E-01,2.71E-01,2.92E-01,3.27E-01,3.40E-01,3.57E-01,2.72E-01,3.31E-01,3.01E-01,3.41E-01,3.29E-01,3.54E-01,3.01E-01,3.18E-01,3.35E-01,3.49E-01,3.58E-01,3.29E-01,3.14E-01,3.16E-01,3.64E-01,2.64E-01,3.36E-01,3.37E-01,2.42E-01,3.23E-01,3.58E-01,2.70E-01,2.78E-01,3.33E-01,2.57E-01,2.50E-01,2.49E-01,3.39E-01,3.15E-01,3.42E-01,2.98E-01,3.18E-01,3.56E-01,3.91E-01,2.70E-01,2.24E-01,3.89E-01,4.00E-01,5.22E-01,4.22E-01,3.72E-01,3.99E-01,3.51E-01,3.54E-01,3.42E-01,3.31E-01,3.21E-01,3.18E-01,3.68E-01,3.11E-01,3.35E-01,3.77E-01,4.03E-01,3.39E-01,3.94E-01,3.80E-01,3.72E-01,4.46E-01,3.40E-01,5.30E-01,3.85E-01,3.36E-01,3.10E-01,3.27E-01,3.83E-01,3.26E-01,3.65E-01,3.42E-01,3.84E-01,3.26E-01,3.75E-01,4.70E-01,4.04E-01,3.77E-01,3.90E-01,2.79E-01,4.09E-01,3.32E-01,3.97E-01,3.71E-01,3.03E-01
062_S_0690,1.48E-01,1.14E-01,2.25E-01,2.50E-01,2.67E-01,2.43E-01,2.77E-01,1.98E-01,2.01E-01,1.72E-01,1.75E-01,3.19E-01,2.22E-01,1.69E-01,2.32E-01,2.08E-01,2.22E-01,2.16E-01,2.25E-01,2.18E-01,2.71E-01,3.21E-01,2.52E-01,3.20E-01,2.44E-01,2.74E-01,2.76E-01,2.35E-01,3.20E-01,2.85E-01,3.03E-01,2.69E-01,2.84E-01,2.57E-01,2.26E-01,1.97E-01,2.39E-01,2.17E-01,2.31E-01,2.61E-01,1.31E-01,2.36E-01,2.69E-01,2.14E-01,2.82E-01,1.85E-01,2.73E-01,3.28E-01,1.55E-01,2.91E-01,4.46E-01,3.81E-01,2.79E-01,2.48E-01,2.97E-01,3.28E-01,3.23E-01,2.58E-01,2.54E-01,2.03E-01,2.77E-01,3.33E-01,2.71E-01,2.88E-01,2.86E-01,2.84E-01,3.29E-01,2.95E-01,2.88E-01,3.22E-01,3.12E-01,2.88E-01,3.65E-01,2.50E-01,3.18E-01,3.42E-01,3.22E-01,3.20E-01,3.25E-01,4.70E-01,3.30E-01,2.76E-01,3.37E-01,3.68E-01,3.21E-01,3.13E-01,3.17E-01,2.86E-01,3.12E-01,3.50E-01,3.47E-01,3.63E-01,3.90E-01,3.65E-01,3.48E-01,3.37E-01,3.27E-01,4.17E-01,3.94E-01,2.76E-01,3.73E-01,4.00E-01,3.68E-01,3.92E-01,3.42E-01,3.20E-01,4.08E-01,3.74E-01,3.58E-01,2.74E-01,2.59E-01,3.08E-01,3.31E-01,2.95E-01,2.87E-01,3.24E-01,3.36E-01,3.05E-01,3.39E-01,2.59E-01,3.01E-01,2.91E-01,3.01E-01,3.23E-01,3.52E-01,3.07E-01,3.49E-01,3.40E-01,3.06E-01,3.07E-01,3.40E-01,3.37E-01,3.15E-01,2.87E-01,2.72E-01,3.45E-01,3.27E-01,2.67E-01,3.19E-01,3.68E-01,2.57E-01,3.10E-01,2.89E-01,2.30E-01,2.39E-01,2.52E-01,3.55E-01,3.31E-01,3.12E-01,2.69E-01,3.36E-01,3.91E-01,3.17E-01,2.53E-01,2.18E-01,4.07E-01,4.10E-01,5.00E-01,4.56E-01,3.39E-01,4.30E-01,3.20E-01,3.13E-01,3.25E-01,3.00E-01,2.91E-01,2.92E-01,3.40E-01,3.31E-01,3.67E-01,3.34E-01,3.51E-01,2.90E-01,3.55E-01,3.64E-01,3.43E-01,4.07E-01,3.04E-01,3.73E-01,3.29E-01,3.03E-01,3.37E-01,4.04E-01,3.65E-01,3.62E-01,3.87E-01,3.56E-01,3.75E-01,3.04E-01,3.52E-01,3.99E-01,3.37E-01,4.17E-01,4.05E-01,2.76E-01,4.14E-01,3.35E-01,4.23E-01,3.42E-01,2.78E-01
062_S_0768,1.66E-01,1.24E-01,2.34E-01,2.72E-01,2.83E-01,2.84E-01,2.87E-01,2.04E-01,2.19E-01,1.78E-01,1.82E-01,3.20E-01,2.25E-01,1.99E-01,2.52E-01,2.20E-01,2.40E-01,1.91E-01,2.24E-01,2.41E-01,2.71E-01,3.12E-01,2.62E-01,2.92E-01,2.86E-01,2.97E-01,3.28E-01,2.79E-01,3.09E-01,2.49E-01,2.72E-01,2.78E-01,2.81E-01,2.59E-01,3.00E-01,2.47E-01,2.73E-01,2.75E-01,2.34E-01,3.47E-01,1.51E-01,2.55E-01,2.74E-01,2.08E-01,2.75E-01,2.57E-01,3.62E-01,3.48E-01,1.61E-01,3.04E-01,4.77E-01,4.07E-01,2.89E-01,2.86E-01,3.07E-01,3.78E-01,2.97E-01,2.61E-01,3.30E-01,2.48E-01,2.84E-01,3.63E-01,2.98E-01,3.09E-01,3.20E-01,2.98E-01,3.75E-01,3.11E-01,3.21E-01,3.44E-01,3.36E-01,2.76E-01,3.28E-01,2.54E-01,3.31E-01,3.06E-01,3.04E-01,3.14E-01,3.34E-01,5.17E-01,3.32E-01,2.96E-01,4.19E-01,3.82E-01,3.38E-01,3.22E-01,3.02E-01,2.95E-01,3.38E-01,3.99E-01,3.64E-01,4.33E-01,4.47E-01,3.95E-01,3.33E-01,3.28E-01,3.51E-01,4.85E-01,3.70E-01,3.06E-01,3.93E-01,3.97E-01,3.68E-01,3.89E-01,3.71E-01,3.57E-01,4.02E-01,4.13E-01,3.32E-01,3.19E-01,2.96E-01,3.21E-01,3.18E-01,2.85E-01,2.97E-01,2.97E-01,2.95E-01,2.95E-01,3.13E-01,2.59E-01,2.75E-01,2.97E-01,2.95E-01,3.44E-01,3.88E-01,3.18E-01,3.34E-01,3.58E-01,3.72E-01,3.14E-01,3.86E-01,3.28E-01,3.19E-01,3.25E-01,2.75E-01,3.58E-01,3.43E-01,2.61E-01,3.18E-01,3.33E-01,3.02E-01,3.38E-01,2.98E-01,2.53E-01,2.77E-01,2.84E-01,4.10E-01,3.54E-01,3.33E-01,2.80E-01,3.92E-01,4.01E-01,3.84E-01,3.00E-01,2.56E-01,4.34E-01,4.32E-01,5.83E-01,5.03E-01,3.52E-01,4.19E-01,3.87E-01,3.91E-01,4.00E-01,3.25E-01,3.55E-01,3.12E-01,4.07E-01,3.63E-01,4.11E-01,3.82E-01,4.26E-01,3.51E-01,4.13E-01,4.22E-01,3.23E-01,4.69E-01,3.74E-01,4.33E-01,3.50E-01,3.54E-01,3.63E-01,4.36E-01,3.83E-01,4.06E-01,3.65E-01,4.21E-01,4.03E-01,4.02E-01,4.29E-01,5.11E-01,3.74E-01,4.78E-01,4.42E-01,2.85E-01,5.68E-01,3.93E-01,4.51E-01,4.00E-01,3.37E-01
067_S_0056,1.31E-01,1.02E-01,1.94E-01,1.97E-01,2.39E-01,2.42E-01,2.51E-01,1.98E-01,1.98E-01,1.60E-01,1.61E-01,2.71E-01,2.41E-01,1.60E-01,2.14E-01,1.89E-01,1.71E-01,1.57E-01,2.05E-01,2.02E-01,2.56E-01,2.87E-01,2.33E-01,2.83E-01,2.35E-01,2.37E-01,2.26E-01,2.34E-01,3.08E-01,2.37E-01,2.59E-01,2.57E-01,2.55E-01,2.17E-01,2.03E-01,1.80E-01,1.97E-01,2.19E-01,1.91E-01,2.29E-01,1.46E-01,2.16E-01,2.54E-01,2.10E-01,2.61E-01,1.93E-01,2.24E-01,2.65E-01,1.46E-01,2.77E-01,3.86E-01,3.44E-01,2.28E-01,2.56E-01,2.40E-01,3.20E-01,2.98E-01,2.42E-01,2.26E-01,1.93E-01,2.26E-01,3.32E-01,2.73E-01,2.44E-01,2.92E-01,2.42E-01,3.33E-01,2.42E-01,2.32E-01,2.72E-01,2.90E-01,2.69E-01,2.95E-01,2.16E-01,2.96E-01,2.60E-01,2.87E-01,2.79E-01,3.18E-01,3.91E-01,2.59E-01,3.17E-01,2.72E-01,2.93E-01,3.09E-01,3.31E-01,2.42E-01,2.58E-01,2.90E-01,3.46E-01,2.72E-01,3.29E-01,3.29E-01,2.94E-01,3.22E-01,3.21E-01,3.09E-01,4.48E-01,3.42E-01,2.74E-01,3.45E-01,3.99E-01,3.36E-01,3.35E-01,3.08E-01,3.51E-01,3.84E-01,3.51E-01,2.84E-01,2.75E-01,2.78E-01,3.23E-01,2.58E-01,2.83E-01,2.90E-01,2.68E-01,2.33E-01,2.33E-01,2.39E-01,1.97E-01,2.52E-01,2.25E-01,2.55E-01,2.99E-01,3.07E-01,3.30E-01,2.75E-01,2.95E-01,3.53E-01,3.08E-01,3.31E-01,3.01E-01,2.80E-01,2.54E-01,2.19E-01,2.79E-01,2.84E-01,2.00E-01,3.06E-01,2.99E-01,2.49E-01,2.47E-01,3.13E-01,2.48E-01,2.29E-01,2.26E-01,3.35E-01,3.21E-01,2.82E-01,2.71E-01,2.60E-01,3.20E-01,3.22E-01,2.27E-01,2.03E-01,3.37E-01,3.25E-01,4.78E-01,3.75E-01,2.67E-01,3.62E-01,3.17E-01,3.20E-01,3.65E-01,3.02E-01,2.40E-01,2.35E-01,3.55E-01,2.78E-01,3.06E-01,2.92E-01,3.75E-01,2.67E-01,2.73E-01,3.17E-01,2.76E-01,3.40E-01,2.93E-01,3.75E-01,2.81E-01,3.03E-01,3.22E-01,3.08E-01,2.80E-01,3.14E-01,3.06E-01,3.32E-01,3.46E-01,3.20E-01,3.43E-01,3.99E-01,3.11E-01,3.40E-01,3.27E-01,2.45E-01,5.13E-01,3.11E-01,3.72E-01,3.05E-01,2.44E-01
067_S_0059,1.37E-01,1.04E-01,2.03E-01,2.13E-01,2.30E-01,2.15E-01,2.55E-01,1.90E-01,1.87E-01,1.71E-01,1.58E-01,2.38E-01,2.31E-01,1.59E-01,2.00E-01,2.09E-01,2.00E-01,1.79E-01,2.03E-01,2.10E-01,2.61E-01,2.77E-01,2.43E-01,2.75E-01,2.42E-01,2.46E-01,2.72E-01,2.20E-01,3.10E-01,2.33E-01,2.36E-01,2.36E-01,2.06E-01,1.96E-01,2.09E-01,1.65E-01,2.20E-01,2.09E-01,1.98E-01,2.49E-01,1.45E-01,2.20E-01,2.61E-01,2.12E-01,2.82E-01,2.19E-01,2.47E-01,2.83E-01,1.45E-01,2.92E-01,3.66E-01,3.51E-01,2.49E-01,2.57E-01,2.55E-01,2.97E-01,2.49E-01,2.08E-01,2.12E-01,1.80E-01,2.43E-01,3.28E-01,2.47E-01,2.81E-01,2.96E-01,2.48E-01,3.25E-01,2.35E-01,2.68E-01,2.97E-01,3.10E-01,2.37E-01,2.71E-01,2.14E-01,2.87E-01,2.95E-01,2.91E-01,2.80E-01,3.15E-01,4.03E-01,2.90E-01,3.19E-01,2.94E-01,3.09E-01,3.02E-01,3.12E-01,2.45E-01,2.79E-01,2.92E-01,3.54E-01,2.96E-01,3.38E-01,3.46E-01,2.90E-01,3.12E-01,3.03E-01,2.79E-01,4.28E-01,3.21E-01,2.43E-01,3.50E-01,3.57E-01,3.44E-01,3.46E-01,2.97E-01,2.68E-01,3.90E-01,3.50E-01,3.18E-01,2.47E-01,2.38E-01,2.94E-01,2.56E-01,2.74E-01,2.76E-01,2.36E-01,2.47E-01,2.33E-01,2.41E-01,2.11E-01,2.38E-01,2.66E-01,2.92E-01,2.93E-01,3.32E-01,3.06E-01,3.16E-01,3.06E-01,3.44E-01,3.09E-01,3.29E-01,2.53E-01,2.47E-01,2.95E-01,2.41E-01,3.00E-01,3.30E-01,1.87E-01,2.85E-01,2.53E-01,2.43E-01,2.71E-01,3.00E-01,2.33E-01,2.31E-01,2.27E-01,3.43E-01,3.27E-01,3.11E-01,2.59E-01,2.85E-01,3.19E-01,3.03E-01,2.35E-01,2.16E-01,3.68E-01,3.27E-01,4.74E-01,3.95E-01,3.19E-01,3.74E-01,3.08E-01,3.04E-01,3.54E-01,2.59E-01,2.30E-01,2.86E-01,3.47E-01,3.01E-01,3.08E-01,2.68E-01,3.65E-01,2.59E-01,2.97E-01,3.40E-01,3.58E-01,3.81E-01,3.08E-01,3.10E-01,2.99E-01,2.89E-01,3.03E-01,3.04E-01,2.94E-01,2.89E-01,2.97E-01,3.38E-01,3.31E-01,3.46E-01,3.52E-01,4.34E-01,3.18E-01,3.44E-01,3.40E-01,2.36E-01,4.70E-01,2.92E-01,4.24E-01,3.36E-01,2.91E-01
067_S_0257,1.27E-01,9.82E-02,1.83E-01,1.97E-01,2.31E-01,2.09E-01,2.29E-01,1.64E-01,1.87E-01,1.56E-01,1.50E-01,2.46E-01,1.81E-01,1.32E-01,1.78E-01,1.82E-01,1.72E-01,1.61E-01,2.05E-01,2.08E-01,2.34E-01,2.56E-01,2.27E-01,2.42E-01,2.22E-01,2.36E-01,2.15E-01,2.02E-01,2.71E-01,2.32E-01,2.14E-01,2.10E-01,1.88E-01,2.14E-01,2.08E-01,1.61E-01,1.95E-01,2.38E-01,1.83E-01,2.34E-01,1.21E-01,1.81E-01,2.27E-01,1.69E-01,2.22E-01,1.58E-01,2.44E-01,2.72E-01,1.28E-01,2.20E-01,3.68E-01,2.94E-01,1.87E-01,2.36E-01,2.28E-01,2.77E-01,2.38E-01,2.09E-01,2.16E-01,1.77E-01,2.05E-01,3.05E-01,2.16E-01,2.15E-01,2.60E-01,2.43E-01,2.98E-01,2.43E-01,2.00E-01,2.79E-01,2.79E-01,2.26E-01,2.86E-01,2.00E-01,2.79E-01,2.46E-01,2.66E-01,2.53E-01,2.60E-01,3.48E-01,2.70E-01,2.39E-01,2.88E-01,3.06E-01,3.12E-01,2.86E-01,2.45E-01,2.42E-01,2.69E-01,2.80E-01,2.36E-01,3.13E-01,3.30E-01,3.09E-01,3.21E-01,2.92E-01,2.89E-01,4.10E-01,2.95E-01,1.96E-01,3.00E-01,2.99E-01,3.02E-01,3.21E-01,2.66E-01,2.76E-01,3.29E-01,3.34E-01,2.79E-01,2.80E-01,2.33E-01,2.78E-01,2.31E-01,2.51E-01,2.31E-01,2.51E-01,2.62E-01,2.21E-01,2.31E-01,1.93E-01,2.05E-01,1.97E-01,2.14E-01,2.67E-01,2.77E-01,2.43E-01,2.49E-01,2.43E-01,2.81E-01,2.56E-01,2.91E-01,2.49E-01,2.59E-01,2.28E-01,2.17E-01,2.86E-01,2.64E-01,2.19E-01,2.82E-01,2.34E-01,2.31E-01,2.34E-01,2.61E-01,2.24E-01,2.21E-01,2.12E-01,3.00E-01,2.59E-01,2.43E-01,2.32E-01,2.53E-01,3.08E-01,2.81E-01,2.13E-01,2.49E-01,3.14E-01,3.07E-01,4.17E-01,3.14E-01,2.78E-01,3.02E-01,2.75E-01,2.70E-01,3.22E-01,2.84E-01,2.58E-01,2.44E-01,2.66E-01,3.02E-01,3.14E-01,2.97E-01,3.43E-01,2.61E-01,2.80E-01,2.85E-01,2.65E-01,3.20E-01,2.60E-01,3.30E-01,2.49E-01,2.85E-01,2.90E-01,3.05E-01,2.92E-01,2.59E-01,2.75E-01,2.85E-01,3.11E-01,3.09E-01,3.05E-01,3.56E-01,2.47E-01,3.69E-01,3.01E-01,2.77E-01,4.45E-01,3.10E-01,3.96E-01,3.37E-01,2.56E-01
067_S_4728,1.27E-01,9.88E-02,1.78E-01,2.06E-01,2.03E-01,2.00E-01,2.16E-01,1.67E-01,1.80E-01,1.45E-01,1.52E-01,2.58E-01,2.01E-01,1.58E-01,2.28E-01,2.36E-01,2.02E-01,2.22E-01,2.24E-01,2.19E-01,2.48E-01,2.71E-01,2.18E-01,2.60E-01,2.36E-01,2.33E-01,2.29E-01,2.41E-01,2.51E-01,2.18E-01,2.17E-01,1.82E-01,1.98E-01,1.82E-01,2.56E-01,1.85E-01,2.11E-01,2.31E-01,2.04E-01,2.75E-01,1.24E-01,1.94E-01,2.65E-01,1.74E-01,2.82E-01,2.19E-01,2.74E-01,2.67E-01,1.30E-01,2.52E-01,3.70E-01,3.00E-01,2.45E-01,2.00E-01,2.60E-01,2.76E-01,2.52E-01,2.10E-01,2.26E-01,1.90E-01,2.16E-01,2.97E-01,2.85E-01,2.26E-01,2.66E-01,2.69E-01,2.77E-01,2.57E-01,2.80E-01,2.84E-01,2.68E-01,2.41E-01,2.74E-01,2.11E-01,2.68E-01,2.52E-01,2.69E-01,2.64E-01,2.63E-01,4.08E-01,3.25E-01,2.76E-01,3.11E-01,2.65E-01,2.84E-01,2.96E-01,2.71E-01,2.42E-01,2.71E-01,3.02E-01,2.90E-01,3.26E-01,3.32E-01,2.87E-01,3.30E-01,2.59E-01,2.93E-01,3.94E-01,3.48E-01,2.41E-01,3.17E-01,3.22E-01,3.03E-01,3.13E-01,2.95E-01,2.65E-01,2.95E-01,3.21E-01,2.47E-01,2.67E-01,2.18E-01,2.91E-01,2.43E-01,2.49E-01,2.84E-01,2.29E-01,2.61E-01,2.27E-01,2.52E-01,2.43E-01,2.34E-01,2.62E-01,2.33E-01,2.72E-01,2.90E-01,2.52E-01,2.60E-01,2.65E-01,2.73E-01,2.60E-01,2.57E-01,2.41E-01,2.40E-01,2.55E-01,2.29E-01,3.17E-01,2.56E-01,2.06E-01,2.84E-01,3.05E-01,2.33E-01,2.55E-01,2.27E-01,1.98E-01,1.94E-01,2.05E-01,3.38E-01,3.01E-01,2.28E-01,3.14E-01,2.97E-01,3.12E-01,2.61E-01,2.15E-01,1.92E-01,3.10E-01,3.37E-01,4.30E-01,3.83E-01,3.04E-01,3.47E-01,2.52E-01,2.93E-01,2.36E-01,2.95E-01,2.23E-01,2.30E-01,3.05E-01,3.15E-01,3.04E-01,2.42E-01,2.79E-01,2.62E-01,2.69E-01,3.16E-01,2.94E-01,3.44E-01,2.69E-01,3.24E-01,2.68E-01,2.53E-01,2.87E-01,3.45E-01,2.96E-01,2.74E-01,2.93E-01,3.27E-01,3.16E-01,3.28E-01,2.85E-01,3.45E-01,2.86E-01,3.76E-01,3.13E-01,2.62E-01,3.80E-01,2.37E-01,3.35E-01,3.35E-01,2.79E-01
067_S_5205,1.02E-01,8.77E-02,1.77E-01,1.77E-01,1.59E-01,1.94E-01,2.07E-01,1.55E-01,1.62E-01,1.52E-01,1.35E-01,2.32E-01,1.75E-01,1.44E-01,1.85E-01,1.68E-01,1.29E-01,1.35E-01,1.71E-01,1.60E-01,2.03E-01,2.51E-01,2.10E-01,2.16E-01,1.84E-01,2.09E-01,1.75E-01,1.82E-01,2.63E-01,1.85E-01,1.73E-01,1.59E-01,1.69E-01,1.45E-01,1.63E-01,1.45E-01,1.44E-01,1.46E-01,1.80E-01,2.26E-01,1.29E-01,1.97E-01,2.14E-01,1.66E-01,1.95E-01,1.87E-01,1.85E-01,2.11E-01,1.22E-01,2.39E-01,4.03E-01,3.36E-01,2.22E-01,2.20E-01,2.43E-01,2.90E-01,2.15E-01,1.57E-01,1.88E-01,1.49E-01,1.72E-01,2.68E-01,1.85E-01,1.78E-01,1.97E-01,2.13E-01,2.55E-01,1.98E-01,1.81E-01,2.56E-01,2.66E-01,2.07E-01,2.24E-01,1.91E-01,1.88E-01,1.80E-01,2.54E-01,2.43E-01,2.64E-01,3.86E-01,2.93E-01,3.23E-01,3.26E-01,2.68E-01,2.40E-01,2.51E-01,2.03E-01,2.86E-01,2.21E-01,2.39E-01,2.55E-01,3.42E-01,3.55E-01,2.64E-01,2.54E-01,1.95E-01,2.74E-01,3.78E-01,2.85E-01,2.11E-01,2.64E-01,2.50E-01,2.57E-01,2.25E-01,2.02E-01,2.16E-01,3.08E-01,3.14E-01,2.84E-01,2.36E-01,2.22E-01,2.35E-01,2.03E-01,1.96E-01,2.24E-01,2.25E-01,1.83E-01,2.26E-01,2.04E-01,2.11E-01,1.86E-01,1.94E-01,2.09E-01,2.33E-01,2.52E-01,2.37E-01,2.28E-01,2.20E-01,2.36E-01,2.14E-01,2.53E-01,2.31E-01,1.56E-01,1.81E-01,1.52E-01,1.69E-01,2.18E-01,1.59E-01,1.96E-01,1.81E-01,1.84E-01,2.25E-01,2.05E-01,1.86E-01,1.73E-01,1.51E-01,2.41E-01,2.35E-01,1.95E-01,2.30E-01,2.31E-01,2.21E-01,2.48E-01,1.92E-01,1.76E-01,2.74E-01,3.32E-01,4.35E-01,3.92E-01,3.44E-01,3.38E-01,2.68E-01,3.01E-01,2.68E-01,1.88E-01,1.82E-01,1.99E-01,2.15E-01,1.99E-01,2.73E-01,2.26E-01,2.65E-01,2.06E-01,1.99E-01,2.24E-01,1.92E-01,3.24E-01,2.61E-01,2.32E-01,2.08E-01,2.21E-01,2.19E-01,2.68E-01,2.20E-01,2.14E-01,2.83E-01,3.53E-01,3.14E-01,3.73E-01,2.39E-01,4.35E-01,2.42E-01,2.44E-01,2.58E-01,2.31E-01,3.80E-01,2.25E-01,3.21E-01,2.65E-01,2.25E-01
068_S_0127,1.52E-01,1.14E-01,2.15E-01,2.27E-01,2.45E-01,2.72E-01,2.91E-01,2.06E-01,2.14E-01,1.92E-01,1.91E-01,2.97E-01,2.56E-01,1.76E-01,2.32E-01,2.26E-01,2.32E-01,1.93E-01,2.57E-01,2.41E-01,2.87E-01,3.03E-01,2.49E-01,3.09E-01,2.46E-01,2.63E-01,2.97E-01,2.28E-01,3.28E-01,2.79E-01,2.67E-01,2.75E-01,2.50E-01,2.50E-01,2.56E-01,2.17E-01,2.42E-01,2.19E-01,1.97E-01,2.86E-01,1.60E-01,2.47E-01,2.84E-01,2.43E-01,2.89E-01,2.22E-01,2.87E-01,3.50E-01,1.66E-01,3.03E-01,4.61E-01,3.67E-01,2.65E-01,2.93E-01,2.81E-01,3.64E-01,2.75E-01,2.73E-01,2.62E-01,2.09E-01,2.71E-01,4.05E-01,2.82E-01,2.68E-01,2.93E-01,2.70E-01,3.66E-01,2.78E-01,2.95E-01,3.24E-01,2.93E-01,2.95E-01,3.14E-01,2.39E-01,3.35E-01,3.00E-01,3.31E-01,3.11E-01,3.61E-01,3.96E-01,3.18E-01,3.17E-01,3.18E-01,3.27E-01,3.45E-01,3.39E-01,2.83E-01,2.69E-01,3.16E-01,3.58E-01,3.37E-01,3.87E-01,3.76E-01,4.00E-01,3.59E-01,3.37E-01,3.23E-01,4.86E-01,3.55E-01,2.73E-01,3.62E-01,3.43E-01,3.50E-01,3.44E-01,3.28E-01,3.13E-01,4.25E-01,3.77E-01,3.43E-01,2.90E-01,3.00E-01,3.04E-01,2.95E-01,2.73E-01,2.92E-01,2.78E-01,3.20E-01,2.82E-01,3.20E-01,2.42E-01,2.88E-01,2.65E-01,3.27E-01,3.01E-01,3.12E-01,2.90E-01,3.27E-01,3.11E-01,2.95E-01,2.88E-01,3.89E-01,2.76E-01,2.93E-01,2.76E-01,2.68E-01,3.11E-01,3.09E-01,2.63E-01,2.81E-01,3.15E-01,2.44E-01,2.77E-01,2.82E-01,2.94E-01,2.89E-01,2.90E-01,3.29E-01,3.29E-01,3.43E-01,2.53E-01,3.13E-01,3.83E-01,3.63E-01,2.80E-01,2.53E-01,4.05E-01,4.00E-01,5.20E-01,4.26E-01,3.71E-01,3.43E-01,3.58E-01,3.76E-01,4.05E-01,3.41E-01,3.25E-01,2.47E-01,4.20E-01,3.31E-01,3.79E-01,4.03E-01,4.35E-01,3.24E-01,3.63E-01,3.83E-01,3.22E-01,4.36E-01,3.07E-01,3.49E-01,2.84E-01,3.44E-01,3.23E-01,3.58E-01,3.12E-01,2.91E-01,3.49E-01,3.38E-01,3.59E-01,2.90E-01,3.82E-01,4.02E-01,3.08E-01,4.14E-01,4.02E-01,2.64E-01,5.56E-01,3.45E-01,4.47E-01,3.18E-01,2.86E-01
068_S_0210,1.38E-01,1.08E-01,2.04E-01,2.24E-01,2.65E-01,2.52E-01,2.57E-01,1.93E-01,2.05E-01,1.76E-01,1.69E-01,2.68E-01,2.37E-01,1.66E-01,2.16E-01,1.89E-01,1.98E-01,1.65E-01,2.30E-01,2.08E-01,2.58E-01,2.90E-01,2.61E-01,2.79E-01,2.45E-01,2.77E-01,2.72E-01,2.29E-01,3.04E-01,2.52E-01,2.76E-01,2.55E-01,2.35E-01,2.43E-01,2.42E-01,1.99E-01,2.28E-01,2.32E-01,1.99E-01,2.56E-01,1.47E-01,2.29E-01,2.39E-01,2.22E-01,2.74E-01,2.04E-01,2.68E-01,2.90E-01,1.38E-01,2.77E-01,4.06E-01,3.59E-01,2.40E-01,2.36E-01,2.67E-01,3.08E-01,2.69E-01,2.29E-01,2.48E-01,2.12E-01,2.48E-01,3.15E-01,2.67E-01,2.43E-01,2.88E-01,2.49E-01,3.28E-01,2.71E-01,2.63E-01,2.54E-01,2.44E-01,2.46E-01,3.07E-01,2.18E-01,3.01E-01,2.97E-01,3.08E-01,2.81E-01,3.03E-01,4.15E-01,2.99E-01,2.82E-01,3.47E-01,3.06E-01,3.27E-01,3.42E-01,2.63E-01,2.49E-01,2.74E-01,3.33E-01,2.87E-01,3.43E-01,3.26E-01,3.00E-01,3.11E-01,3.00E-01,3.07E-01,4.79E-01,3.10E-01,2.45E-01,3.31E-01,3.34E-01,3.37E-01,3.32E-01,3.00E-01,3.44E-01,3.96E-01,3.54E-01,3.24E-01,2.77E-01,2.81E-01,2.94E-01,2.97E-01,2.87E-01,2.74E-01,2.74E-01,2.60E-01,2.39E-01,2.63E-01,2.03E-01,2.32E-01,2.17E-01,2.48E-01,3.25E-01,3.61E-01,3.01E-01,3.34E-01,3.31E-01,3.56E-01,3.56E-01,3.44E-01,3.00E-01,3.14E-01,2.26E-01,2.13E-01,3.07E-01,3.23E-01,2.28E-01,2.83E-01,2.54E-01,2.78E-01,2.70E-01,2.92E-01,2.36E-01,2.48E-01,2.56E-01,3.73E-01,3.19E-01,3.00E-01,2.65E-01,2.76E-01,3.24E-01,3.01E-01,2.62E-01,2.07E-01,3.47E-01,3.86E-01,4.75E-01,4.04E-01,3.17E-01,3.74E-01,3.13E-01,3.23E-01,3.61E-01,3.44E-01,2.64E-01,3.05E-01,3.64E-01,3.05E-01,3.43E-01,3.47E-01,3.56E-01,2.85E-01,2.98E-01,3.34E-01,3.06E-01,3.72E-01,2.67E-01,3.41E-01,2.93E-01,3.16E-01,3.40E-01,3.23E-01,3.31E-01,3.32E-01,3.00E-01,3.28E-01,3.23E-01,3.24E-01,3.75E-01,4.29E-01,3.07E-01,3.09E-01,3.67E-01,2.79E-01,5.05E-01,3.48E-01,3.94E-01,3.69E-01,2.74E-01
068_S_4859,1.66E-01,1.36E-01,2.47E-01,2.84E-01,2.81E-01,2.82E-01,3.17E-01,2.33E-01,2.68E-01,2.36E-01,2.13E-01,3.82E-01,2.64E-01,2.30E-01,2.69E-01,2.86E-01,2.71E-01,2.95E-01,3.50E-01,3.28E-01,3.44E-01,3.92E-01,3.20E-01,3.52E-01,2.80E-01,3.26E-01,3.35E-01,3.03E-01,3.88E-01,3.06E-01,3.07E-01,3.31E-01,3.30E-01,2.78E-01,2.97E-01,2.55E-01,3.18E-01,3.51E-01,3.05E-01,2.86E-01,1.78E-01,2.97E-01,3.08E-01,2.61E-01,3.67E-01,3.07E-01,3.18E-01,3.37E-01,1.70E-01,3.54E-01,5.20E-01,4.11E-01,3.28E-01,3.16E-01,3.45E-01,4.38E-01,3.84E-01,2.95E-01,3.46E-01,2.95E-01,3.50E-01,3.79E-01,3.34E-01,3.20E-01,3.68E-01,3.70E-01,4.30E-01,3.47E-01,4.00E-01,3.75E-01,3.43E-01,3.63E-01,4.64E-01,2.90E-01,3.43E-01,3.69E-01,4.00E-01,3.52E-01,4.23E-01,4.68E-01,3.76E-01,3.71E-01,4.37E-01,3.61E-01,3.96E-01,4.17E-01,3.46E-01,3.49E-01,3.42E-01,4.64E-01,4.22E-01,4.83E-01,4.76E-01,3.68E-01,3.91E-01,3.40E-01,4.93E-01,5.79E-01,4.02E-01,3.07E-01,4.04E-01,4.56E-01,3.93E-01,4.20E-01,3.57E-01,3.65E-01,4.90E-01,5.29E-01,4.48E-01,4.07E-01,3.90E-01,3.66E-01,3.30E-01,3.22E-01,3.88E-01,3.28E-01,3.47E-01,3.57E-01,3.43E-01,3.42E-01,3.81E-01,4.40E-01,3.38E-01,3.70E-01,3.90E-01,3.90E-01,3.60E-01,3.77E-01,4.06E-01,3.87E-01,4.33E-01,3.67E-01,3.32E-01,3.69E-01,3.00E-01,3.93E-01,4.01E-01,2.62E-01,4.86E-01,3.85E-01,3.09E-01,3.23E-01,3.36E-01,3.27E-01,3.17E-01,2.93E-01,4.87E-01,3.88E-01,3.94E-01,4.52E-01,3.16E-01,4.11E-01,4.72E-01,3.08E-01,2.85E-01,4.73E-01,4.70E-01,5.54E-01,4.45E-01,4.02E-01,4.81E-01,3.89E-01,3.79E-01,4.23E-01,3.22E-01,3.17E-01,3.49E-01,3.78E-01,3.81E-01,4.35E-01,3.81E-01,4.90E-01,3.00E-01,3.37E-01,4.38E-01,3.99E-01,4.94E-01,3.89E-01,5.38E-01,3.93E-01,4.17E-01,5.43E-01,4.67E-01,4.00E-01,4.16E-01,4.29E-01,4.07E-01,4.38E-01,4.86E-01,4.75E-01,5.15E-01,4.28E-01,5.06E-01,3.88E-01,4.11E-01,6.25E-01,4.27E-01,5.45E-01,3.79E-01,3.44E-01
070_S_4719,1.38E-01,1.00E-01,2.04E-01,2.27E-01,2.47E-01,2.37E-01,2.36E-01,1.69E-01,1.84E-01,1.80E-01,1.55E-01,2.87E-01,2.09E-01,1.68E-01,2.13E-01,2.11E-01,1.96E-01,1.90E-01,2.24E-01,2.10E-01,2.26E-01,2.69E-01,2.19E-01,2.61E-01,2.58E-01,2.33E-01,2.66E-01,2.33E-01,2.15E-01,2.38E-01,2.52E-01,2.31E-01,2.13E-01,2.22E-01,2.43E-01,1.87E-01,2.11E-01,2.16E-01,1.86E-01,2.51E-01,1.18E-01,1.94E-01,2.44E-01,1.93E-01,2.35E-01,2.09E-01,2.78E-01,2.65E-01,1.30E-01,2.30E-01,3.76E-01,3.37E-01,2.42E-01,2.09E-01,2.59E-01,2.79E-01,2.55E-01,2.46E-01,2.42E-01,1.96E-01,2.29E-01,2.90E-01,2.66E-01,2.63E-01,2.83E-01,2.24E-01,2.69E-01,2.44E-01,2.51E-01,2.82E-01,3.01E-01,2.67E-01,3.18E-01,2.03E-01,3.01E-01,2.48E-01,2.96E-01,2.65E-01,3.01E-01,3.60E-01,3.00E-01,2.63E-01,3.28E-01,2.78E-01,2.62E-01,2.79E-01,2.63E-01,2.58E-01,2.92E-01,2.78E-01,3.14E-01,2.80E-01,3.11E-01,2.54E-01,2.86E-01,2.97E-01,3.16E-01,3.39E-01,3.44E-01,2.49E-01,3.29E-01,3.52E-01,3.41E-01,3.65E-01,2.98E-01,3.02E-01,3.90E-01,3.59E-01,3.31E-01,2.78E-01,2.82E-01,2.94E-01,2.38E-01,2.40E-01,2.60E-01,2.09E-01,2.88E-01,2.37E-01,2.70E-01,1.84E-01,2.82E-01,2.53E-01,2.70E-01,2.94E-01,3.20E-01,2.79E-01,2.81E-01,2.83E-01,3.21E-01,3.06E-01,2.90E-01,3.29E-01,3.09E-01,2.97E-01,2.37E-01,3.01E-01,3.07E-01,2.10E-01,3.15E-01,2.93E-01,2.29E-01,2.75E-01,2.91E-01,2.23E-01,2.24E-01,2.32E-01,2.61E-01,2.68E-01,2.75E-01,2.84E-01,2.94E-01,3.42E-01,3.01E-01,2.31E-01,2.04E-01,3.03E-01,3.63E-01,4.30E-01,3.79E-01,3.18E-01,3.82E-01,2.72E-01,2.97E-01,2.85E-01,2.95E-01,2.82E-01,2.49E-01,3.48E-01,3.02E-01,3.15E-01,2.97E-01,3.18E-01,3.06E-01,3.69E-01,3.41E-01,3.28E-01,3.52E-01,3.18E-01,3.26E-01,3.38E-01,3.07E-01,3.54E-01,3.09E-01,3.23E-01,2.99E-01,2.76E-01,3.26E-01,3.47E-01,3.71E-01,3.51E-01,4.32E-01,3.39E-01,3.43E-01,3.25E-01,2.68E-01,4.61E-01,3.10E-01,4.23E-01,3.71E-01,3.05E-01
070_S_4856,1.58E-01,1.22E-01,2.20E-01,2.53E-01,2.72E-01,2.76E-01,3.08E-01,2.19E-01,2.41E-01,2.06E-01,2.02E-01,3.49E-01,2.55E-01,1.94E-01,2.71E-01,2.82E-01,2.55E-01,2.36E-01,2.96E-01,2.87E-01,3.30E-01,3.35E-01,2.82E-01,3.07E-01,2.87E-01,2.78E-01,2.75E-01,2.68E-01,3.41E-01,2.70E-01,2.74E-01,3.09E-01,2.49E-01,2.81E-01,2.56E-01,2.21E-01,2.56E-01,2.98E-01,2.67E-01,2.85E-01,1.75E-01,2.62E-01,2.85E-01,2.21E-01,2.86E-01,2.49E-01,3.35E-01,3.22E-01,1.68E-01,3.06E-01,4.61E-01,3.91E-01,2.83E-01,2.70E-01,3.00E-01,3.70E-01,2.90E-01,3.08E-01,3.04E-01,2.47E-01,2.49E-01,3.80E-01,3.12E-01,2.45E-01,2.90E-01,2.95E-01,3.56E-01,3.03E-01,2.75E-01,3.25E-01,3.25E-01,3.02E-01,3.42E-01,2.57E-01,3.30E-01,3.34E-01,3.68E-01,3.29E-01,3.65E-01,4.09E-01,3.59E-01,3.30E-01,3.99E-01,3.75E-01,3.92E-01,3.67E-01,2.76E-01,3.04E-01,3.19E-01,3.85E-01,2.78E-01,4.13E-01,4.07E-01,3.55E-01,3.78E-01,3.31E-01,4.15E-01,5.31E-01,3.85E-01,2.81E-01,3.72E-01,3.91E-01,3.74E-01,4.17E-01,3.55E-01,3.38E-01,4.53E-01,4.32E-01,3.97E-01,3.69E-01,3.33E-01,3.81E-01,3.09E-01,3.00E-01,3.83E-01,3.26E-01,3.79E-01,3.36E-01,3.65E-01,3.43E-01,3.21E-01,3.91E-01,3.57E-01,3.66E-01,3.31E-01,3.43E-01,3.17E-01,3.53E-01,3.71E-01,3.04E-01,3.87E-01,3.23E-01,3.45E-01,3.04E-01,2.84E-01,3.28E-01,3.54E-01,3.01E-01,4.10E-01,3.67E-01,3.40E-01,2.92E-01,3.17E-01,2.71E-01,3.07E-01,3.34E-01,4.02E-01,3.64E-01,3.64E-01,3.46E-01,3.31E-01,3.61E-01,3.85E-01,2.85E-01,2.61E-01,3.97E-01,3.97E-01,5.33E-01,3.87E-01,3.08E-01,4.26E-01,3.59E-01,3.83E-01,4.21E-01,3.76E-01,3.33E-01,2.99E-01,3.64E-01,3.42E-01,3.97E-01,4.28E-01,4.08E-01,3.74E-01,3.16E-01,3.80E-01,3.73E-01,4.09E-01,2.77E-01,3.91E-01,3.12E-01,3.55E-01,4.43E-01,3.99E-01,3.60E-01,4.28E-01,3.80E-01,3.71E-01,3.98E-01,3.78E-01,3.99E-01,4.78E-01,3.45E-01,3.74E-01,4.33E-01,3.27E-01,5.87E-01,3.82E-01,4.85E-01,3.66E-01,3.04E-01
070_S_5040,1.25E-01,9.99E-02,1.83E-01,2.08E-01,2.36E-01,2.26E-01,2.25E-01,1.80E-01,1.81E-01,1.43E-01,1.43E-01,2.26E-01,1.83E-01,1.61E-01,2.05E-01,1.97E-01,1.91E-01,1.88E-01,2.04E-01,1.96E-01,2.50E-01,2.70E-01,2.36E-01,2.62E-01,2.01E-01,2.29E-01,2.20E-01,2.20E-01,2.52E-01,2.30E-01,2.71E-01,2.22E-01,1.88E-01,2.03E-01,2.32E-01,1.81E-01,2.12E-01,2.16E-01,1.92E-01,2.21E-01,1.44E-01,2.17E-01,2.88E-01,1.93E-01,2.57E-01,1.84E-01,2.23E-01,3.09E-01,1.44E-01,2.60E-01,3.46E-01,3.15E-01,2.47E-01,2.40E-01,2.57E-01,3.05E-01,2.56E-01,2.34E-01,2.67E-01,2.11E-01,2.16E-01,2.80E-01,2.56E-01,2.47E-01,2.69E-01,2.64E-01,2.85E-01,2.66E-01,2.55E-01,2.60E-01,2.46E-01,2.24E-01,2.74E-01,2.17E-01,3.09E-01,2.22E-01,2.75E-01,2.69E-01,2.91E-01,3.73E-01,3.06E-01,2.60E-01,3.14E-01,2.77E-01,3.01E-01,2.94E-01,2.44E-01,2.33E-01,2.82E-01,3.08E-01,2.77E-01,3.39E-01,3.20E-01,2.78E-01,3.00E-01,2.84E-01,2.83E-01,4.49E-01,2.83E-01,2.18E-01,2.84E-01,3.07E-01,3.28E-01,3.49E-01,2.95E-01,3.25E-01,3.68E-01,3.35E-01,2.86E-01,2.41E-01,2.55E-01,2.77E-01,2.40E-01,2.31E-01,2.23E-01,2.25E-01,2.31E-01,2.01E-01,2.50E-01,1.92E-01,1.97E-01,1.73E-01,1.96E-01,2.83E-01,2.85E-01,2.62E-01,2.73E-01,2.70E-01,2.87E-01,2.69E-01,2.59E-01,2.60E-01,3.08E-01,2.54E-01,2.16E-01,2.75E-01,2.81E-01,1.99E-01,2.49E-01,2.08E-01,2.30E-01,2.41E-01,2.29E-01,2.50E-01,2.56E-01,2.44E-01,3.29E-01,3.10E-01,2.76E-01,2.17E-01,2.62E-01,3.40E-01,2.91E-01,2.64E-01,2.30E-01,3.37E-01,3.31E-01,4.48E-01,3.65E-01,2.94E-01,3.89E-01,3.44E-01,3.48E-01,3.16E-01,2.70E-01,2.45E-01,2.49E-01,3.13E-01,2.92E-01,3.46E-01,3.29E-01,3.50E-01,2.82E-01,2.47E-01,3.45E-01,2.93E-01,3.26E-01,2.69E-01,3.07E-01,2.97E-01,2.87E-01,2.85E-01,3.27E-01,2.91E-01,3.23E-01,3.01E-01,3.17E-01,3.34E-01,2.84E-01,3.41E-01,4.09E-01,2.60E-01,3.80E-01,3.67E-01,2.44E-01,4.70E-01,3.35E-01,3.69E-01,3.21E-01,2.27E-01
073_S_0089,1.58E-01,1.20E-01,2.27E-01,2.40E-01,2.74E-01,2.75E-01,2.77E-01,2.07E-01,2.17E-01,1.86E-01,1.96E-01,3.07E-01,2.58E-01,2.09E-01,2.68E-01,2.58E-01,2.29E-01,2.28E-01,2.57E-01,2.63E-01,3.25E-01,3.58E-01,2.77E-01,3.52E-01,2.98E-01,2.99E-01,2.80E-01,2.80E-01,3.70E-01,2.81E-01,3.01E-01,2.75E-01,2.47E-01,2.44E-01,2.68E-01,2.42E-01,2.32E-01,2.46E-01,2.37E-01,2.86E-01,1.80E-01,2.65E-01,3.43E-01,2.30E-01,3.25E-01,2.38E-01,2.90E-01,3.43E-01,1.76E-01,3.26E-01,4.51E-01,3.87E-01,2.61E-01,3.15E-01,2.94E-01,3.71E-01,3.33E-01,2.64E-01,2.83E-01,2.31E-01,2.95E-01,3.94E-01,3.46E-01,3.49E-01,3.12E-01,3.14E-01,4.32E-01,2.78E-01,3.13E-01,3.55E-01,3.22E-01,3.02E-01,3.48E-01,2.67E-01,3.70E-01,3.28E-01,3.42E-01,3.12E-01,3.39E-01,4.38E-01,3.60E-01,3.28E-01,3.30E-01,3.89E-01,4.37E-01,4.05E-01,2.62E-01,2.87E-01,3.11E-01,3.86E-01,3.26E-01,4.27E-01,4.24E-01,3.59E-01,4.39E-01,3.62E-01,3.31E-01,5.33E-01,3.92E-01,2.91E-01,4.01E-01,3.98E-01,3.83E-01,3.71E-01,3.35E-01,3.31E-01,4.26E-01,3.93E-01,3.66E-01,2.91E-01,3.14E-01,3.26E-01,3.17E-01,3.14E-01,3.47E-01,3.08E-01,3.09E-01,3.36E-01,3.16E-01,2.98E-01,3.20E-01,3.04E-01,3.30E-01,3.49E-01,4.06E-01,3.41E-01,3.70E-01,3.43E-01,3.66E-01,3.28E-01,4.18E-01,3.20E-01,3.19E-01,3.62E-01,2.93E-01,4.00E-01,3.46E-01,2.26E-01,3.68E-01,3.88E-01,2.87E-01,2.95E-01,3.64E-01,3.15E-01,3.45E-01,3.21E-01,4.01E-01,4.00E-01,3.71E-01,3.57E-01,3.35E-01,3.90E-01,3.66E-01,3.12E-01,3.00E-01,4.04E-01,3.67E-01,5.70E-01,4.25E-01,4.05E-01,4.02E-01,4.11E-01,3.69E-01,4.79E-01,3.31E-01,2.87E-01,3.63E-01,4.12E-01,3.79E-01,3.81E-01,4.28E-01,4.47E-01,3.07E-01,3.06E-01,4.22E-01,3.36E-01,4.66E-01,3.96E-01,4.23E-01,3.43E-01,3.32E-01,3.24E-01,3.66E-01,3.51E-01,3.60E-01,3.72E-01,3.90E-01,3.87E-01,3.84E-01,4.67E-01,4.45E-01,3.66E-01,5.16E-01,4.19E-01,2.91E-01,5.86E-01,4.63E-01,4.66E-01,4.41E-01,3.49E-01
073_S_0311,1.28E-01,9.62E-02,1.89E-01,1.93E-01,2.17E-01,2.12E-01,2.46E-01,1.70E-01,1.73E-01,1.64E-01,1.50E-01,2.61E-01,1.78E-01,1.41E-01,1.80E-01,1.51E-01,1.65E-01,1.40E-01,1.76E-01,1.96E-01,2.34E-01,3.04E-01,2.37E-01,2.81E-01,2.22E-01,2.46E-01,1.99E-01,1.93E-01,3.19E-01,2.08E-01,2.29E-01,2.23E-01,2.16E-01,2.17E-01,1.90E-01,1.51E-01,2.00E-01,2.06E-01,1.69E-01,2.18E-01,1.33E-01,2.34E-01,2.70E-01,1.92E-01,2.21E-01,1.63E-01,2.42E-01,2.19E-01,1.31E-01,2.58E-01,3.86E-01,3.20E-01,2.07E-01,2.60E-01,2.48E-01,2.96E-01,2.49E-01,2.26E-01,2.43E-01,2.02E-01,2.55E-01,2.95E-01,2.35E-01,2.36E-01,2.60E-01,2.39E-01,3.52E-01,2.46E-01,2.44E-01,2.23E-01,2.63E-01,2.50E-01,2.82E-01,2.08E-01,2.78E-01,2.49E-01,2.74E-01,2.56E-01,2.80E-01,4.04E-01,2.84E-01,2.63E-01,3.14E-01,3.45E-01,2.93E-01,3.01E-01,2.39E-01,2.41E-01,2.51E-01,2.76E-01,3.02E-01,3.24E-01,3.43E-01,2.65E-01,3.07E-01,2.91E-01,3.02E-01,4.59E-01,3.19E-01,2.36E-01,3.24E-01,3.31E-01,2.93E-01,2.76E-01,2.77E-01,2.91E-01,3.41E-01,3.36E-01,3.04E-01,2.71E-01,2.52E-01,2.84E-01,2.14E-01,2.11E-01,2.38E-01,2.06E-01,2.05E-01,1.94E-01,2.42E-01,1.86E-01,2.15E-01,2.06E-01,2.36E-01,2.76E-01,2.79E-01,2.71E-01,2.58E-01,2.73E-01,2.96E-01,2.94E-01,3.17E-01,2.87E-01,2.49E-01,2.53E-01,1.88E-01,2.60E-01,2.48E-01,1.68E-01,2.75E-01,2.60E-01,1.80E-01,2.26E-01,2.64E-01,1.66E-01,2.31E-01,1.99E-01,2.83E-01,2.81E-01,2.80E-01,2.18E-01,2.00E-01,2.86E-01,2.45E-01,2.11E-01,2.23E-01,3.39E-01,3.28E-01,4.28E-01,3.57E-01,2.85E-01,3.16E-01,3.05E-01,2.94E-01,3.74E-01,2.77E-01,1.89E-01,2.52E-01,2.83E-01,2.63E-01,2.97E-01,3.67E-01,3.58E-01,2.46E-01,2.10E-01,2.91E-01,2.77E-01,3.71E-01,2.76E-01,3.00E-01,2.79E-01,2.86E-01,2.95E-01,2.76E-01,2.70E-01,2.86E-01,2.80E-01,3.01E-01,3.30E-01,2.71E-01,3.50E-01,3.75E-01,2.68E-01,3.68E-01,2.96E-01,2.33E-01,4.91E-01,3.28E-01,3.69E-01,2.87E-01,2.30E-01
073_S_0312,1.45E-01,1.11E-01,2.12E-01,2.36E-01,2.62E-01,2.46E-01,2.63E-01,1.88E-01,1.98E-01,1.85E-01,1.83E-01,2.87E-01,2.17E-01,1.63E-01,2.14E-01,1.92E-01,1.95E-01,1.69E-01,2.12E-01,2.19E-01,2.88E-01,2.74E-01,2.43E-01,2.77E-01,2.48E-01,2.84E-01,2.50E-01,2.40E-01,3.16E-01,2.73E-01,2.70E-01,2.50E-01,2.51E-01,2.20E-01,2.09E-01,2.10E-01,2.31E-01,2.43E-01,2.21E-01,3.02E-01,1.39E-01,1.99E-01,2.93E-01,2.23E-01,2.64E-01,2.27E-01,2.57E-01,3.08E-01,1.59E-01,3.02E-01,4.41E-01,3.58E-01,2.74E-01,2.75E-01,2.98E-01,3.61E-01,2.91E-01,2.21E-01,2.34E-01,2.10E-01,2.56E-01,3.75E-01,2.98E-01,2.51E-01,2.86E-01,2.79E-01,3.63E-01,2.34E-01,3.30E-01,3.23E-01,3.04E-01,2.93E-01,3.17E-01,2.31E-01,3.14E-01,2.97E-01,3.20E-01,3.03E-01,3.68E-01,4.00E-01,3.34E-01,2.85E-01,4.05E-01,4.09E-01,3.80E-01,3.11E-01,2.65E-01,2.85E-01,3.20E-01,3.51E-01,3.09E-01,3.83E-01,4.30E-01,4.01E-01,3.95E-01,3.62E-01,3.32E-01,4.87E-01,3.13E-01,2.70E-01,3.58E-01,3.66E-01,3.74E-01,3.65E-01,3.40E-01,3.24E-01,3.74E-01,3.52E-01,3.41E-01,2.95E-01,2.87E-01,3.00E-01,2.86E-01,3.26E-01,2.86E-01,2.49E-01,2.83E-01,2.34E-01,2.62E-01,2.33E-01,2.89E-01,2.70E-01,2.52E-01,2.83E-01,3.14E-01,2.77E-01,2.92E-01,3.30E-01,3.32E-01,3.13E-01,3.45E-01,2.83E-01,3.04E-01,2.84E-01,2.25E-01,2.85E-01,3.36E-01,2.26E-01,2.85E-01,2.76E-01,2.73E-01,2.85E-01,3.34E-01,2.46E-01,2.35E-01,2.29E-01,3.45E-01,3.32E-01,3.34E-01,2.62E-01,3.03E-01,3.06E-01,3.18E-01,2.54E-01,2.28E-01,3.75E-01,3.49E-01,5.29E-01,3.91E-01,3.50E-01,4.21E-01,3.54E-01,3.57E-01,3.47E-01,3.22E-01,2.83E-01,3.32E-01,3.83E-01,3.24E-01,3.69E-01,4.05E-01,4.50E-01,3.18E-01,3.38E-01,3.33E-01,3.96E-01,4.20E-01,3.14E-01,4.02E-01,3.92E-01,3.18E-01,3.33E-01,3.57E-01,3.24E-01,3.12E-01,3.73E-01,3.80E-01,3.67E-01,3.35E-01,3.84E-01,4.65E-01,3.30E-01,3.74E-01,3.99E-01,2.64E-01,4.84E-01,3.31E-01,3.65E-01,2.57E-01,2.51E-01
073_S_0386,1.43E-01,1.17E-01,2.28E-01,2.42E-01,2.56E-01,2.63E-01,2.91E-01,2.09E-01,2.25E-01,2.06E-01,1.79E-01,2.82E-01,2.44E-01,1.64E-01,2.15E-01,2.00E-01,1.87E-01,1.61E-01,2.26E-01,2.15E-01,3.03E-01,3.09E-01,2.75E-01,3.12E-01,2.52E-01,2.88E-01,3.00E-01,2.37E-01,3.17E-01,2.65E-01,2.94E-01,2.82E-01,2.36E-01,2.18E-01,2.47E-01,2.21E-01,2.46E-01,2.55E-01,1.99E-01,3.00E-01,1.47E-01,2.53E-01,2.96E-01,2.15E-01,3.06E-01,2.12E-01,2.85E-01,3.13E-01,1.56E-01,2.96E-01,4.43E-01,3.75E-01,2.83E-01,2.51E-01,3.07E-01,3.88E-01,2.92E-01,2.36E-01,2.84E-01,2.34E-01,2.58E-01,3.67E-01,2.96E-01,2.94E-01,3.11E-01,2.96E-01,3.33E-01,2.68E-01,2.73E-01,3.14E-01,3.48E-01,2.59E-01,3.06E-01,2.44E-01,3.12E-01,2.98E-01,2.96E-01,2.84E-01,3.26E-01,4.11E-01,3.75E-01,2.91E-01,4.28E-01,3.22E-01,3.63E-01,3.60E-01,2.74E-01,2.96E-01,3.04E-01,3.33E-01,2.96E-01,4.15E-01,3.92E-01,4.06E-01,3.92E-01,3.09E-01,3.72E-01,4.38E-01,3.73E-01,2.48E-01,3.70E-01,3.40E-01,3.75E-01,3.52E-01,3.24E-01,3.94E-01,4.23E-01,4.25E-01,3.41E-01,3.71E-01,3.02E-01,3.57E-01,2.91E-01,3.15E-01,3.29E-01,2.92E-01,2.90E-01,2.58E-01,3.05E-01,2.55E-01,2.75E-01,2.71E-01,2.68E-01,3.29E-01,3.29E-01,3.33E-01,3.46E-01,3.13E-01,3.21E-01,2.76E-01,3.73E-01,2.91E-01,3.60E-01,3.00E-01,2.39E-01,2.95E-01,3.15E-01,2.34E-01,3.09E-01,2.86E-01,2.79E-01,2.91E-01,3.09E-01,2.81E-01,2.80E-01,2.70E-01,3.53E-01,3.40E-01,3.13E-01,3.10E-01,2.83E-01,3.73E-01,3.69E-01,2.83E-01,2.62E-01,3.57E-01,4.16E-01,5.11E-01,3.84E-01,3.09E-01,4.01E-01,3.70E-01,3.51E-01,3.89E-01,2.77E-01,3.01E-01,2.99E-01,3.69E-01,3.39E-01,3.76E-01,3.84E-01,4.11E-01,2.85E-01,3.23E-01,3.26E-01,3.10E-01,4.09E-01,3.51E-01,3.52E-01,3.33E-01,3.43E-01,3.39E-01,3.62E-01,3.14E-01,3.44E-01,3.08E-01,3.24E-01,3.55E-01,3.47E-01,4.42E-01,4.98E-01,3.10E-01,4.45E-01,3.64E-01,3.02E-01,5.60E-01,4.05E-01,4.71E-01,3.45E-01,2.86E-01
073_S_0565,1.17E-01,9.83E-02,1.87E-01,2.04E-01,2.00E-01,2.20E-01,2.03E-01,1.55E-01,1.80E-01,1.47E-01,1.49E-01,2.63E-01,2.11E-01,1.65E-01,2.15E-01,2.02E-01,1.94E-01,1.95E-01,2.24E-01,2.01E-01,2.46E-01,2.64E-01,2.10E-01,2.70E-01,2.70E-01,2.37E-01,2.59E-01,2.18E-01,2.35E-01,2.25E-01,2.25E-01,2.55E-01,2.27E-01,1.98E-01,2.65E-01,2.34E-01,2.29E-01,2.47E-01,2.13E-01,2.64E-01,1.28E-01,2.07E-01,2.51E-01,2.12E-01,2.36E-01,2.42E-01,3.12E-01,2.75E-01,1.43E-01,2.61E-01,4.09E-01,3.45E-01,2.62E-01,2.31E-01,2.68E-01,2.87E-01,2.64E-01,2.19E-01,2.71E-01,1.98E-01,2.78E-01,2.78E-01,2.66E-01,2.58E-01,2.88E-01,2.33E-01,2.92E-01,2.50E-01,2.61E-01,2.55E-01,2.78E-01,2.35E-01,3.17E-01,2.04E-01,2.85E-01,2.93E-01,2.46E-01,2.47E-01,3.04E-01,4.05E-01,3.41E-01,2.59E-01,3.27E-01,3.04E-01,2.95E-01,2.86E-01,2.37E-01,2.61E-01,2.99E-01,3.56E-01,3.06E-01,3.56E-01,3.42E-01,3.21E-01,3.15E-01,2.89E-01,2.80E-01,3.49E-01,3.26E-01,2.19E-01,2.56E-01,3.32E-01,3.15E-01,3.11E-01,3.07E-01,2.80E-01,3.02E-01,3.00E-01,2.76E-01,2.18E-01,2.53E-01,2.66E-01,3.00E-01,2.73E-01,3.15E-01,2.65E-01,3.36E-01,2.91E-01,3.08E-01,3.17E-01,2.81E-01,3.05E-01,2.94E-01,2.89E-01,3.34E-01,2.70E-01,2.60E-01,3.15E-01,3.34E-01,3.23E-01,2.85E-01,2.69E-01,2.87E-01,2.58E-01,2.75E-01,3.09E-01,2.93E-01,2.39E-01,3.33E-01,3.05E-01,2.63E-01,2.71E-01,3.20E-01,2.20E-01,2.47E-01,2.40E-01,3.05E-01,3.28E-01,3.19E-01,3.43E-01,3.15E-01,3.23E-01,3.18E-01,2.60E-01,2.22E-01,3.73E-01,3.56E-01,4.81E-01,4.07E-01,3.15E-01,3.55E-01,2.98E-01,3.17E-01,2.85E-01,3.33E-01,3.35E-01,3.07E-01,3.32E-01,3.32E-01,2.99E-01,2.94E-01,3.27E-01,3.01E-01,3.78E-01,3.95E-01,3.42E-01,3.71E-01,2.94E-01,3.79E-01,3.26E-01,2.82E-01,3.23E-01,3.27E-01,3.72E-01,3.03E-01,2.83E-01,3.18E-01,3.22E-01,3.72E-01,3.12E-01,4.46E-01,3.33E-01,4.08E-01,3.93E-01,2.21E-01,3.58E-01,3.06E-01,3.42E-01,3.48E-01,3.05E-01
073_S_4739,1.65E-01,1.23E-01,2.31E-01,2.48E-01,2.62E-01,2.96E-01,2.91E-01,2.26E-01,2.25E-01,2.00E-01,1.98E-01,3.22E-01,2.78E-01,1.94E-01,2.54E-01,2.35E-01,2.25E-01,2.48E-01,2.83E-01,2.38E-01,3.12E-01,3.63E-01,2.99E-01,3.70E-01,2.72E-01,2.92E-01,2.55E-01,2.66E-01,3.65E-01,3.05E-01,2.97E-01,3.06E-01,2.95E-01,2.55E-01,2.61E-01,2.05E-01,2.45E-01,2.79E-01,2.67E-01,2.73E-01,1.72E-01,3.12E-01,3.09E-01,2.65E-01,3.32E-01,2.57E-01,2.71E-01,3.03E-01,1.76E-01,3.17E-01,4.75E-01,4.26E-01,2.73E-01,3.15E-01,3.25E-01,3.60E-01,3.39E-01,2.49E-01,2.56E-01,2.33E-01,3.04E-01,3.42E-01,3.00E-01,2.82E-01,2.98E-01,2.96E-01,3.98E-01,2.73E-01,2.85E-01,3.50E-01,3.46E-01,3.16E-01,3.70E-01,2.62E-01,3.38E-01,3.58E-01,3.48E-01,3.44E-01,4.18E-01,4.58E-01,3.78E-01,3.55E-01,3.85E-01,4.03E-01,3.88E-01,3.73E-01,3.25E-01,3.39E-01,3.49E-01,3.87E-01,3.56E-01,4.11E-01,4.26E-01,3.78E-01,3.69E-01,3.24E-01,3.30E-01,5.40E-01,3.58E-01,3.36E-01,4.06E-01,4.17E-01,4.06E-01,3.92E-01,3.14E-01,3.66E-01,4.55E-01,3.95E-01,3.53E-01,2.89E-01,3.06E-01,3.25E-01,3.17E-01,2.88E-01,3.65E-01,3.22E-01,3.46E-01,3.65E-01,3.60E-01,3.35E-01,3.36E-01,3.43E-01,3.41E-01,3.57E-01,3.85E-01,3.68E-01,3.28E-01,3.37E-01,3.96E-01,3.53E-01,3.86E-01,3.36E-01,2.71E-01,3.55E-01,2.46E-01,2.85E-01,3.16E-01,2.37E-01,3.77E-01,3.67E-01,3.01E-01,2.62E-01,3.21E-01,2.79E-01,2.83E-01,3.04E-01,3.76E-01,3.82E-01,3.86E-01,3.55E-01,3.20E-01,4.00E-01,3.81E-01,2.91E-01,3.04E-01,4.36E-01,4.19E-01,5.77E-01,4.18E-01,4.56E-01,4.60E-01,3.82E-01,4.19E-01,4.63E-01,2.97E-01,3.31E-01,3.32E-01,3.94E-01,3.59E-01,4.02E-01,4.02E-01,4.01E-01,2.97E-01,3.81E-01,3.59E-01,3.29E-01,4.80E-01,3.62E-01,4.45E-01,3.46E-01,3.64E-01,4.02E-01,3.45E-01,3.61E-01,3.50E-01,2.90E-01,3.85E-01,4.34E-01,4.17E-01,4.29E-01,4.96E-01,3.50E-01,4.29E-01,3.91E-01,2.44E-01,5.88E-01,4.14E-01,4.69E-01,4.49E-01,2.99E-01
073_S_4762,1.44E-01,1.07E-01,1.86E-01,2.00E-01,2.22E-01,2.28E-01,2.58E-01,1.85E-01,1.95E-01,1.54E-01,1.66E-01,2.60E-01,2.42E-01,2.07E-01,2.69E-01,2.62E-01,2.34E-01,2.20E-01,2.30E-01,2.31E-01,2.65E-01,3.21E-01,2.45E-01,3.20E-01,2.69E-01,2.72E-01,2.53E-01,2.49E-01,3.18E-01,2.51E-01,2.31E-01,2.65E-01,2.66E-01,2.22E-01,2.76E-01,2.26E-01,2.50E-01,2.49E-01,2.32E-01,2.82E-01,1.45E-01,2.35E-01,3.08E-01,2.05E-01,2.66E-01,2.29E-01,2.94E-01,3.18E-01,1.55E-01,2.70E-01,4.11E-01,3.53E-01,2.60E-01,2.63E-01,2.76E-01,3.27E-01,2.59E-01,2.22E-01,2.74E-01,2.12E-01,2.65E-01,3.17E-01,3.01E-01,2.70E-01,2.97E-01,2.68E-01,3.74E-01,2.47E-01,3.08E-01,2.91E-01,3.28E-01,2.91E-01,2.92E-01,2.27E-01,2.69E-01,3.07E-01,2.83E-01,2.76E-01,2.87E-01,4.09E-01,3.26E-01,3.01E-01,3.04E-01,3.59E-01,3.43E-01,3.41E-01,2.96E-01,2.92E-01,3.46E-01,3.12E-01,3.46E-01,3.52E-01,3.65E-01,3.04E-01,3.40E-01,2.98E-01,2.72E-01,4.60E-01,3.40E-01,2.81E-01,3.38E-01,3.40E-01,3.17E-01,3.20E-01,2.91E-01,3.14E-01,3.53E-01,3.31E-01,2.75E-01,2.30E-01,2.59E-01,3.01E-01,3.06E-01,2.97E-01,2.87E-01,2.89E-01,2.96E-01,2.79E-01,2.87E-01,2.63E-01,2.48E-01,3.09E-01,3.15E-01,3.00E-01,3.60E-01,2.79E-01,2.92E-01,2.87E-01,3.33E-01,3.00E-01,3.57E-01,3.13E-01,3.07E-01,2.73E-01,2.41E-01,3.20E-01,3.18E-01,2.43E-01,2.75E-01,2.46E-01,2.54E-01,2.98E-01,3.07E-01,2.51E-01,2.59E-01,2.20E-01,3.44E-01,3.27E-01,2.95E-01,2.76E-01,3.53E-01,3.76E-01,3.29E-01,2.68E-01,2.58E-01,3.63E-01,3.58E-01,5.00E-01,3.91E-01,3.31E-01,4.11E-01,3.22E-01,3.38E-01,3.60E-01,2.64E-01,3.01E-01,2.81E-01,3.08E-01,3.53E-01,3.47E-01,3.75E-01,3.89E-01,2.78E-01,3.58E-01,3.48E-01,3.74E-01,4.23E-01,2.89E-01,3.69E-01,3.43E-01,2.88E-01,3.10E-01,3.21E-01,3.59E-01,3.41E-01,2.65E-01,3.29E-01,3.50E-01,3.32E-01,4.30E-01,4.19E-01,3.46E-01,3.92E-01,3.72E-01,2.25E-01,5.00E-01,3.59E-01,3.96E-01,3.93E-01,3.13E-01
073_S_4795,1.80E-01,1.39E-01,2.68E-01,2.93E-01,3.06E-01,2.79E-01,3.21E-01,2.37E-01,2.57E-01,2.21E-01,2.11E-01,3.39E-01,2.79E-01,2.23E-01,2.92E-01,2.78E-01,2.67E-01,2.35E-01,3.09E-01,2.79E-01,3.65E-01,3.68E-01,3.20E-01,3.71E-01,3.38E-01,3.26E-01,3.08E-01,2.92E-01,3.94E-01,3.26E-01,3.31E-01,2.99E-01,3.05E-01,2.80E-01,2.96E-01,2.51E-01,2.82E-01,3.02E-01,2.49E-01,3.05E-01,2.01E-01,2.80E-01,3.56E-01,2.64E-01,3.41E-01,2.66E-01,3.34E-01,3.26E-01,1.95E-01,3.65E-01,5.01E-01,4.51E-01,2.75E-01,3.33E-01,3.25E-01,4.14E-01,3.39E-01,2.74E-01,3.52E-01,2.76E-01,2.82E-01,4.42E-01,3.33E-01,3.04E-01,3.30E-01,3.54E-01,4.13E-01,3.04E-01,3.17E-01,3.70E-01,4.19E-01,3.26E-01,4.04E-01,2.83E-01,3.55E-01,3.71E-01,3.96E-01,3.69E-01,4.38E-01,5.42E-01,3.99E-01,4.33E-01,3.58E-01,4.83E-01,4.78E-01,3.94E-01,3.57E-01,3.77E-01,3.96E-01,4.47E-01,3.90E-01,4.61E-01,4.58E-01,4.06E-01,5.16E-01,3.73E-01,4.17E-01,6.19E-01,4.32E-01,3.26E-01,3.92E-01,4.20E-01,4.19E-01,4.46E-01,3.80E-01,3.80E-01,5.07E-01,4.57E-01,3.92E-01,3.69E-01,3.49E-01,3.74E-01,3.35E-01,3.07E-01,3.65E-01,3.61E-01,3.90E-01,3.74E-01,4.13E-01,3.23E-01,3.57E-01,3.31E-01,3.96E-01,3.75E-01,3.90E-01,3.72E-01,3.65E-01,3.81E-01,4.23E-01,3.06E-01,4.15E-01,3.44E-01,3.49E-01,3.30E-01,3.07E-01,3.70E-01,3.80E-01,2.72E-01,4.33E-01,3.77E-01,3.18E-01,3.28E-01,3.95E-01,2.79E-01,3.55E-01,3.17E-01,4.50E-01,4.21E-01,4.37E-01,3.70E-01,3.84E-01,4.32E-01,3.95E-01,3.29E-01,2.94E-01,4.68E-01,4.46E-01,6.15E-01,5.11E-01,4.92E-01,4.35E-01,4.04E-01,3.85E-01,4.75E-01,3.42E-01,3.80E-01,3.55E-01,4.59E-01,4.23E-01,4.76E-01,5.30E-01,4.78E-01,3.72E-01,4.49E-01,4.64E-01,4.18E-01,5.16E-01,4.13E-01,4.31E-01,3.87E-01,3.81E-01,5.14E-01,4.40E-01,4.35E-01,4.04E-01,3.78E-01,4.63E-01,4.79E-01,5.00E-01,4.64E-01,5.03E-01,4.19E-01,5.08E-01,4.79E-01,3.30E-01,6.74E-01,4.55E-01,4.75E-01,4.24E-01,3.62E-01
073_S_4853,1.53E-01,1.14E-01,2.12E-01,2.27E-01,2.64E-01,2.33E-01,2.78E-01,1.94E-01,2.10E-01,2.01E-01,1.76E-01,2.81E-01,2.33E-01,1.83E-01,2.03E-01,2.03E-01,2.40E-01,1.98E-01,2.38E-01,2.42E-01,2.93E-01,3.45E-01,3.05E-01,3.35E-01,2.70E-01,2.97E-01,2.80E-01,2.36E-01,3.24E-01,2.95E-01,2.55E-01,2.41E-01,2.24E-01,2.15E-01,2.83E-01,2.02E-01,2.63E-01,2.66E-01,2.04E-01,2.61E-01,1.62E-01,2.82E-01,2.78E-01,2.30E-01,2.64E-01,2.17E-01,3.21E-01,3.20E-01,1.53E-01,2.99E-01,4.15E-01,3.47E-01,2.65E-01,2.86E-01,2.71E-01,3.32E-01,2.89E-01,2.58E-01,2.71E-01,2.20E-01,2.70E-01,3.75E-01,2.75E-01,3.03E-01,2.74E-01,2.97E-01,3.67E-01,2.64E-01,2.91E-01,3.47E-01,3.44E-01,2.68E-01,3.41E-01,2.39E-01,3.15E-01,3.36E-01,3.11E-01,3.04E-01,3.26E-01,3.83E-01,4.34E-01,3.27E-01,3.39E-01,3.72E-01,3.40E-01,3.71E-01,3.06E-01,3.01E-01,3.45E-01,3.77E-01,3.29E-01,3.61E-01,4.38E-01,3.74E-01,3.66E-01,3.12E-01,4.17E-01,4.75E-01,4.42E-01,2.86E-01,3.59E-01,3.97E-01,3.27E-01,3.84E-01,3.46E-01,3.09E-01,3.89E-01,4.17E-01,3.64E-01,4.18E-01,2.97E-01,2.92E-01,3.32E-01,3.06E-01,2.87E-01,2.82E-01,2.91E-01,2.59E-01,3.09E-01,2.37E-01,2.57E-01,2.10E-01,2.64E-01,3.15E-01,3.51E-01,3.17E-01,3.17E-01,2.83E-01,3.36E-01,2.91E-01,3.52E-01,3.65E-01,2.62E-01,2.58E-01,2.41E-01,2.70E-01,3.21E-01,2.43E-01,2.66E-01,2.65E-01,2.88E-01,2.74E-01,2.35E-01,2.40E-01,2.50E-01,2.31E-01,3.56E-01,3.32E-01,3.06E-01,2.39E-01,3.09E-01,3.99E-01,3.68E-01,2.61E-01,2.53E-01,4.02E-01,3.91E-01,4.57E-01,3.95E-01,3.55E-01,3.88E-01,3.52E-01,3.15E-01,3.50E-01,3.40E-01,2.93E-01,3.35E-01,3.28E-01,3.47E-01,3.87E-01,3.35E-01,3.90E-01,3.00E-01,3.34E-01,3.89E-01,3.12E-01,4.59E-01,3.39E-01,3.65E-01,3.50E-01,3.22E-01,2.91E-01,3.50E-01,3.68E-01,3.44E-01,3.50E-01,3.89E-01,3.97E-01,4.26E-01,3.82E-01,4.05E-01,3.47E-01,3.95E-01,3.75E-01,3.93E-01,4.90E-01,3.31E-01,4.99E-01,4.11E-01,2.99E-01
073_S_5016,1.49E-01,1.13E-01,2.09E-01,2.39E-01,2.70E-01,2.45E-01,2.64E-01,2.06E-01,2.01E-01,1.84E-01,1.76E-01,3.04E-01,2.28E-01,1.96E-01,2.58E-01,2.49E-01,2.16E-01,2.30E-01,2.53E-01,2.29E-01,2.90E-01,3.16E-01,2.60E-01,2.97E-01,2.69E-01,2.69E-01,2.62E-01,2.49E-01,3.19E-01,2.58E-01,2.69E-01,2.66E-01,2.67E-01,2.46E-01,2.71E-01,1.97E-01,2.40E-01,2.40E-01,2.55E-01,2.87E-01,1.49E-01,2.41E-01,2.82E-01,1.98E-01,2.78E-01,2.42E-01,3.07E-01,3.20E-01,1.58E-01,2.99E-01,3.88E-01,3.28E-01,2.46E-01,2.59E-01,2.65E-01,3.39E-01,2.66E-01,2.53E-01,3.05E-01,2.28E-01,2.80E-01,3.72E-01,2.79E-01,2.68E-01,3.12E-01,2.89E-01,3.80E-01,2.81E-01,3.02E-01,3.27E-01,3.42E-01,2.82E-01,3.40E-01,2.44E-01,3.10E-01,3.10E-01,3.25E-01,3.10E-01,3.83E-01,4.09E-01,3.51E-01,3.40E-01,3.55E-01,3.86E-01,3.87E-01,3.73E-01,2.50E-01,3.25E-01,3.48E-01,3.80E-01,3.48E-01,3.70E-01,4.02E-01,3.75E-01,3.86E-01,3.15E-01,3.39E-01,4.98E-01,3.43E-01,2.42E-01,3.62E-01,3.68E-01,3.46E-01,3.46E-01,3.12E-01,2.91E-01,4.15E-01,3.50E-01,3.39E-01,2.95E-01,2.74E-01,2.63E-01,2.87E-01,2.75E-01,2.94E-01,2.96E-01,2.84E-01,3.01E-01,2.94E-01,3.33E-01,2.61E-01,2.53E-01,2.78E-01,3.43E-01,3.79E-01,2.97E-01,2.87E-01,3.51E-01,3.47E-01,3.43E-01,3.36E-01,2.94E-01,2.35E-01,2.69E-01,2.55E-01,3.24E-01,2.78E-01,2.22E-01,2.81E-01,2.91E-01,2.53E-01,2.77E-01,3.30E-01,2.52E-01,2.63E-01,2.58E-01,3.85E-01,3.34E-01,3.04E-01,3.08E-01,3.20E-01,3.29E-01,3.65E-01,2.45E-01,2.42E-01,3.93E-01,3.41E-01,4.52E-01,3.90E-01,3.63E-01,3.56E-01,3.06E-01,3.15E-01,3.37E-01,3.56E-01,2.77E-01,3.00E-01,3.36E-01,3.44E-01,3.51E-01,3.50E-01,3.69E-01,3.15E-01,3.29E-01,3.54E-01,3.37E-01,4.05E-01,3.18E-01,4.25E-01,3.06E-01,3.01E-01,3.18E-01,3.39E-01,3.18E-01,3.44E-01,3.54E-01,3.59E-01,3.65E-01,3.76E-01,3.82E-01,4.26E-01,3.70E-01,3.86E-01,3.58E-01,2.81E-01,4.81E-01,3.61E-01,3.96E-01,3.88E-01,2.94E-01
073_S_5023,1.46E-01,1.15E-01,2.15E-01,2.40E-01,2.65E-01,2.75E-01,2.70E-01,2.27E-01,2.12E-01,1.92E-01,1.79E-01,2.95E-01,2.48E-01,1.80E-01,2.34E-01,2.39E-01,2.15E-01,2.11E-01,2.55E-01,2.22E-01,3.12E-01,3.00E-01,2.57E-01,2.87E-01,2.57E-01,2.77E-01,2.39E-01,2.36E-01,3.01E-01,2.64E-01,2.43E-01,2.75E-01,2.49E-01,2.23E-01,2.33E-01,1.97E-01,2.48E-01,2.23E-01,2.46E-01,2.66E-01,1.56E-01,2.30E-01,2.76E-01,2.41E-01,2.74E-01,2.15E-01,2.88E-01,3.44E-01,1.66E-01,2.87E-01,4.13E-01,3.43E-01,2.48E-01,2.43E-01,2.78E-01,3.28E-01,2.92E-01,2.44E-01,3.07E-01,2.66E-01,2.72E-01,3.46E-01,2.86E-01,2.47E-01,2.80E-01,2.83E-01,3.51E-01,2.48E-01,2.75E-01,3.18E-01,3.13E-01,2.63E-01,3.11E-01,2.41E-01,2.81E-01,3.20E-01,3.24E-01,3.14E-01,3.59E-01,3.86E-01,3.33E-01,3.40E-01,3.19E-01,3.61E-01,3.87E-01,3.41E-01,2.61E-01,2.89E-01,3.39E-01,3.35E-01,3.11E-01,3.53E-01,3.76E-01,4.01E-01,3.60E-01,2.95E-01,3.30E-01,4.77E-01,3.58E-01,3.30E-01,3.18E-01,3.50E-01,3.31E-01,3.29E-01,3.23E-01,3.56E-01,4.34E-01,3.79E-01,3.35E-01,2.74E-01,2.90E-01,2.85E-01,3.28E-01,3.24E-01,2.60E-01,2.87E-01,3.06E-01,3.00E-01,2.76E-01,2.57E-01,2.82E-01,2.37E-01,2.92E-01,3.17E-01,3.55E-01,3.33E-01,3.39E-01,3.30E-01,3.74E-01,3.45E-01,3.34E-01,3.30E-01,3.17E-01,3.04E-01,2.66E-01,3.07E-01,3.17E-01,2.80E-01,3.33E-01,2.88E-01,2.94E-01,2.77E-01,3.19E-01,2.68E-01,2.86E-01,2.63E-01,3.84E-01,3.29E-01,3.22E-01,2.56E-01,3.13E-01,3.76E-01,3.78E-01,2.73E-01,2.73E-01,4.10E-01,3.62E-01,4.89E-01,3.83E-01,3.67E-01,3.65E-01,2.97E-01,3.46E-01,3.82E-01,3.05E-01,3.41E-01,2.78E-01,3.65E-01,3.53E-01,3.75E-01,4.02E-01,3.90E-01,3.27E-01,3.79E-01,3.72E-01,3.28E-01,4.46E-01,3.78E-01,3.57E-01,3.30E-01,3.45E-01,3.77E-01,3.83E-01,3.45E-01,3.88E-01,3.45E-01,3.70E-01,4.02E-01,3.70E-01,3.85E-01,3.88E-01,3.51E-01,4.45E-01,3.78E-01,2.70E-01,5.37E-01,4.00E-01,4.09E-01,3.83E-01,2.94E-01
073_S_5090,1.47E-01,1.13E-01,2.22E-01,2.36E-01,2.46E-01,2.44E-01,2.61E-01,2.25E-01,2.05E-01,1.78E-01,1.85E-01,3.00E-01,2.32E-01,1.88E-01,2.43E-01,2.10E-01,1.90E-01,1.81E-01,2.43E-01,2.14E-01,2.82E-01,3.12E-01,2.58E-01,2.84E-01,2.68E-01,2.51E-01,2.25E-01,2.40E-01,2.95E-01,2.76E-01,2.83E-01,2.65E-01,2.71E-01,2.28E-01,2.57E-01,1.95E-01,1.95E-01,2.65E-01,2.13E-01,2.60E-01,1.63E-01,2.37E-01,2.66E-01,2.12E-01,2.69E-01,2.23E-01,2.64E-01,3.06E-01,1.39E-01,2.74E-01,4.52E-01,3.86E-01,2.65E-01,2.55E-01,2.95E-01,3.61E-01,3.08E-01,2.36E-01,2.54E-01,1.94E-01,2.60E-01,3.76E-01,2.42E-01,2.29E-01,2.55E-01,2.65E-01,3.54E-01,2.33E-01,2.34E-01,3.09E-01,2.97E-01,3.05E-01,3.47E-01,2.44E-01,3.20E-01,2.63E-01,3.33E-01,3.44E-01,3.85E-01,4.41E-01,3.78E-01,3.28E-01,3.72E-01,3.29E-01,3.59E-01,3.24E-01,3.16E-01,2.96E-01,3.03E-01,3.16E-01,3.31E-01,3.89E-01,3.55E-01,3.06E-01,3.41E-01,2.98E-01,3.25E-01,4.74E-01,3.96E-01,2.74E-01,3.66E-01,4.12E-01,3.86E-01,3.90E-01,3.36E-01,3.29E-01,4.55E-01,3.81E-01,3.62E-01,2.87E-01,3.04E-01,3.18E-01,2.60E-01,2.29E-01,2.60E-01,2.82E-01,2.33E-01,2.41E-01,2.21E-01,1.96E-01,2.40E-01,2.27E-01,2.55E-01,2.83E-01,3.01E-01,2.56E-01,2.94E-01,2.82E-01,2.93E-01,2.83E-01,3.19E-01,3.37E-01,2.57E-01,3.29E-01,2.04E-01,2.43E-01,2.94E-01,2.00E-01,3.04E-01,2.85E-01,2.09E-01,2.50E-01,2.71E-01,2.48E-01,2.59E-01,2.44E-01,3.28E-01,3.17E-01,3.25E-01,2.27E-01,2.74E-01,3.38E-01,2.85E-01,2.51E-01,2.37E-01,3.09E-01,3.89E-01,5.70E-01,4.72E-01,3.86E-01,4.30E-01,3.27E-01,3.31E-01,3.40E-01,2.72E-01,2.70E-01,2.11E-01,3.24E-01,3.47E-01,3.36E-01,3.58E-01,3.78E-01,2.82E-01,3.12E-01,3.55E-01,3.18E-01,4.05E-01,2.89E-01,3.00E-01,2.85E-01,3.26E-01,3.14E-01,3.47E-01,3.27E-01,3.06E-01,4.02E-01,3.93E-01,3.54E-01,3.86E-01,3.66E-01,4.61E-01,2.94E-01,3.76E-01,3.73E-01,2.90E-01,4.84E-01,3.40E-01,4.09E-01,3.64E-01,2.84E-01
082_S_5029,1.65E-01,1.31E-01,2.63E-01,2.82E-01,2.91E-01,2.89E-01,2.82E-01,2.12E-01,2.35E-01,2.18E-01,1.96E-01,3.62E-01,2.60E-01,2.27E-01,2.78E-01,2.57E-01,2.40E-01,2.52E-01,2.60E-01,2.51E-01,3.06E-01,3.66E-01,2.95E-01,3.49E-01,2.98E-01,3.19E-01,3.44E-01,3.07E-01,3.27E-01,3.11E-01,2.88E-01,2.84E-01,2.49E-01,2.58E-01,3.38E-01,2.60E-01,2.85E-01,2.30E-01,2.87E-01,3.89E-01,1.62E-01,2.82E-01,3.19E-01,2.48E-01,2.89E-01,2.68E-01,3.68E-01,3.20E-01,1.64E-01,3.07E-01,4.78E-01,4.44E-01,2.91E-01,3.05E-01,3.31E-01,3.80E-01,2.89E-01,2.55E-01,3.07E-01,2.40E-01,2.68E-01,3.96E-01,2.89E-01,2.98E-01,3.25E-01,2.99E-01,3.54E-01,2.87E-01,2.98E-01,3.23E-01,3.56E-01,3.24E-01,3.46E-01,2.53E-01,3.43E-01,3.45E-01,3.27E-01,3.22E-01,3.99E-01,5.31E-01,4.22E-01,3.77E-01,3.95E-01,3.87E-01,3.72E-01,3.54E-01,2.78E-01,3.37E-01,4.19E-01,3.88E-01,3.84E-01,4.07E-01,4.11E-01,3.52E-01,4.03E-01,4.05E-01,4.07E-01,4.26E-01,3.94E-01,2.56E-01,3.89E-01,3.76E-01,4.22E-01,3.75E-01,3.22E-01,3.18E-01,4.02E-01,4.18E-01,3.46E-01,3.59E-01,2.89E-01,2.75E-01,3.34E-01,2.88E-01,3.31E-01,3.28E-01,3.20E-01,3.26E-01,3.25E-01,3.26E-01,2.94E-01,3.12E-01,3.23E-01,3.46E-01,3.59E-01,3.33E-01,3.37E-01,3.56E-01,3.72E-01,2.97E-01,3.55E-01,3.11E-01,2.91E-01,3.15E-01,2.72E-01,3.59E-01,3.85E-01,2.93E-01,3.23E-01,3.61E-01,2.82E-01,3.54E-01,2.94E-01,2.59E-01,2.66E-01,2.52E-01,3.58E-01,3.26E-01,3.20E-01,2.95E-01,3.60E-01,3.64E-01,3.40E-01,2.70E-01,2.35E-01,3.44E-01,4.45E-01,6.10E-01,4.70E-01,4.02E-01,4.67E-01,3.87E-01,4.01E-01,3.47E-01,3.70E-01,3.30E-01,3.26E-01,3.70E-01,3.52E-01,3.74E-01,3.90E-01,4.07E-01,3.77E-01,3.91E-01,4.31E-01,4.08E-01,5.23E-01,3.61E-01,3.80E-01,3.70E-01,3.16E-01,3.51E-01,3.55E-01,3.83E-01,4.05E-01,3.47E-01,3.96E-01,3.89E-01,3.97E-01,3.92E-01,5.30E-01,3.77E-01,3.91E-01,3.89E-01,3.07E-01,4.56E-01,3.45E-01,5.09E-01,4.46E-01,3.48E-01
094_S_4089,1.43E-01,1.11E-01,2.30E-01,2.64E-01,2.61E-01,2.65E-01,2.32E-01,1.65E-01,1.96E-01,1.70E-01,1.63E-01,3.36E-01,2.09E-01,1.71E-01,2.36E-01,2.28E-01,2.09E-01,2.05E-01,2.19E-01,2.32E-01,2.47E-01,3.02E-01,2.29E-01,2.86E-01,2.35E-01,2.68E-01,2.82E-01,2.27E-01,2.60E-01,2.52E-01,2.36E-01,2.42E-01,2.96E-01,2.37E-01,2.35E-01,2.15E-01,2.34E-01,2.50E-01,2.40E-01,2.94E-01,1.24E-01,2.38E-01,2.46E-01,1.87E-01,2.54E-01,2.03E-01,2.47E-01,2.87E-01,1.46E-01,2.61E-01,3.94E-01,4.11E-01,2.67E-01,2.28E-01,2.86E-01,3.14E-01,2.61E-01,2.11E-01,2.55E-01,1.94E-01,2.46E-01,3.02E-01,2.54E-01,2.89E-01,3.23E-01,2.64E-01,2.98E-01,2.52E-01,2.75E-01,2.92E-01,2.65E-01,2.81E-01,3.35E-01,2.22E-01,2.83E-01,3.16E-01,2.89E-01,2.71E-01,3.21E-01,4.44E-01,3.28E-01,2.88E-01,3.32E-01,3.06E-01,2.73E-01,2.69E-01,2.78E-01,2.84E-01,3.39E-01,3.41E-01,2.98E-01,3.24E-01,4.02E-01,3.27E-01,3.06E-01,3.32E-01,3.26E-01,3.99E-01,3.30E-01,2.54E-01,3.15E-01,3.35E-01,3.41E-01,3.61E-01,3.25E-01,3.46E-01,3.39E-01,3.58E-01,3.00E-01,3.07E-01,2.56E-01,3.11E-01,2.71E-01,2.69E-01,2.75E-01,2.61E-01,2.94E-01,2.47E-01,2.70E-01,2.26E-01,2.96E-01,2.07E-01,2.46E-01,3.10E-01,3.52E-01,3.32E-01,3.00E-01,2.90E-01,3.51E-01,3.16E-01,3.36E-01,2.97E-01,2.42E-01,3.10E-01,2.42E-01,3.20E-01,3.33E-01,2.22E-01,3.49E-01,2.99E-01,2.52E-01,3.22E-01,3.03E-01,2.42E-01,2.25E-01,2.27E-01,3.30E-01,2.93E-01,2.98E-01,2.55E-01,3.18E-01,3.36E-01,3.51E-01,2.34E-01,2.41E-01,3.67E-01,4.04E-01,5.09E-01,4.52E-01,4.25E-01,4.08E-01,3.48E-01,3.71E-01,3.79E-01,3.30E-01,2.41E-01,2.55E-01,3.00E-01,2.84E-01,3.46E-01,3.53E-01,3.68E-01,3.04E-01,2.97E-01,3.34E-01,3.16E-01,4.10E-01,3.46E-01,4.08E-01,3.51E-01,3.10E-01,3.65E-01,2.98E-01,3.45E-01,3.07E-01,2.28E-01,3.64E-01,3.38E-01,3.57E-01,3.62E-01,3.59E-01,3.66E-01,3.74E-01,3.79E-01,2.72E-01,4.72E-01,3.46E-01,4.27E-01,3.47E-01,2.52E-01
094_S_4282,1.80E-01,1.34E-01,2.70E-01,3.05E-01,2.85E-01,2.92E-01,2.91E-01,2.12E-01,2.29E-01,2.07E-01,2.05E-01,3.24E-01,2.70E-01,2.21E-01,2.70E-01,2.34E-01,2.67E-01,2.48E-01,3.14E-01,2.67E-01,3.18E-01,3.36E-01,2.97E-01,3.49E-01,3.01E-01,3.24E-01,2.87E-01,2.91E-01,3.09E-01,3.09E-01,2.81E-01,2.73E-01,3.16E-01,2.86E-01,3.33E-01,2.50E-01,3.01E-01,2.92E-01,2.67E-01,3.49E-01,1.64E-01,2.62E-01,3.16E-01,2.50E-01,3.36E-01,2.76E-01,3.25E-01,3.39E-01,1.70E-01,3.63E-01,5.19E-01,4.18E-01,3.29E-01,2.54E-01,3.42E-01,3.93E-01,3.04E-01,2.87E-01,3.93E-01,2.75E-01,3.27E-01,4.12E-01,2.78E-01,2.93E-01,3.28E-01,3.37E-01,3.94E-01,3.35E-01,3.10E-01,3.60E-01,3.73E-01,3.15E-01,4.27E-01,2.76E-01,3.39E-01,3.62E-01,3.53E-01,3.25E-01,4.12E-01,5.11E-01,4.34E-01,3.52E-01,4.32E-01,3.81E-01,3.77E-01,3.54E-01,3.68E-01,4.22E-01,4.70E-01,4.97E-01,4.41E-01,4.42E-01,4.30E-01,3.60E-01,4.07E-01,3.34E-01,3.50E-01,4.35E-01,4.17E-01,3.24E-01,4.16E-01,3.72E-01,4.36E-01,4.38E-01,3.23E-01,4.04E-01,4.77E-01,4.22E-01,4.36E-01,3.02E-01,3.42E-01,4.00E-01,3.45E-01,3.37E-01,3.49E-01,3.53E-01,3.43E-01,3.53E-01,3.47E-01,3.80E-01,3.59E-01,3.36E-01,3.23E-01,3.83E-01,4.41E-01,3.60E-01,3.44E-01,4.12E-01,4.09E-01,4.29E-01,3.66E-01,3.66E-01,3.12E-01,3.68E-01,2.77E-01,3.57E-01,3.32E-01,2.67E-01,4.27E-01,3.43E-01,3.21E-01,3.04E-01,3.78E-01,2.54E-01,3.04E-01,2.90E-01,4.52E-01,3.56E-01,3.78E-01,3.85E-01,3.62E-01,3.57E-01,3.35E-01,2.59E-01,2.40E-01,4.95E-01,4.26E-01,6.39E-01,4.79E-01,3.44E-01,4.87E-01,3.87E-01,4.60E-01,3.66E-01,4.16E-01,3.66E-01,3.40E-01,4.20E-01,3.80E-01,4.37E-01,3.70E-01,4.20E-01,4.36E-01,4.59E-01,4.83E-01,4.05E-01,4.37E-01,2.76E-01,5.09E-01,3.85E-01,3.81E-01,4.89E-01,4.07E-01,3.77E-01,3.83E-01,3.30E-01,4.15E-01,4.31E-01,3.98E-01,4.23E-01,4.90E-01,3.83E-01,4.19E-01,4.04E-01,2.84E-01,5.40E-01,4.26E-01,4.35E-01,3.75E-01,2.99E-01
094_S_4737,1.30E-01,1.02E-01,2.02E-01,2.20E-01,2.20E-01,2.00E-01,2.30E-01,1.69E-01,1.82E-01,1.47E-01,1.53E-01,2.69E-01,1.97E-01,1.74E-01,2.30E-01,2.53E-01,2.28E-01,2.30E-01,2.60E-01,2.54E-01,2.36E-01,2.60E-01,2.07E-01,2.51E-01,2.24E-01,2.30E-01,2.49E-01,2.34E-01,2.74E-01,2.34E-01,2.42E-01,2.04E-01,2.45E-01,2.26E-01,2.34E-01,1.86E-01,2.25E-01,2.63E-01,2.23E-01,2.29E-01,1.28E-01,1.88E-01,2.53E-01,1.85E-01,2.31E-01,2.29E-01,2.78E-01,2.58E-01,1.41E-01,2.48E-01,4.66E-01,3.66E-01,2.80E-01,2.09E-01,3.04E-01,3.23E-01,2.70E-01,2.16E-01,2.74E-01,1.93E-01,2.48E-01,3.59E-01,2.44E-01,2.30E-01,2.57E-01,2.53E-01,3.09E-01,2.84E-01,2.63E-01,2.47E-01,2.75E-01,2.63E-01,3.45E-01,2.15E-01,2.81E-01,2.68E-01,2.50E-01,2.58E-01,3.13E-01,4.19E-01,3.29E-01,3.02E-01,3.40E-01,2.85E-01,2.56E-01,2.77E-01,2.29E-01,2.72E-01,2.90E-01,2.81E-01,2.92E-01,3.46E-01,3.43E-01,2.59E-01,2.93E-01,2.98E-01,2.75E-01,4.22E-01,2.84E-01,2.40E-01,3.00E-01,3.35E-01,3.19E-01,3.35E-01,3.29E-01,2.89E-01,3.16E-01,3.39E-01,3.05E-01,2.58E-01,2.60E-01,3.01E-01,2.64E-01,2.57E-01,3.09E-01,3.13E-01,2.86E-01,3.24E-01,2.93E-01,2.88E-01,2.86E-01,2.81E-01,3.28E-01,2.55E-01,2.87E-01,2.13E-01,2.39E-01,2.53E-01,2.56E-01,2.64E-01,3.12E-01,2.55E-01,2.29E-01,2.81E-01,2.47E-01,3.03E-01,2.73E-01,2.06E-01,3.78E-01,3.84E-01,2.60E-01,2.67E-01,2.71E-01,1.96E-01,2.16E-01,2.14E-01,2.56E-01,2.78E-01,2.66E-01,2.95E-01,2.93E-01,3.14E-01,2.78E-01,2.20E-01,2.01E-01,2.96E-01,4.08E-01,4.83E-01,4.26E-01,2.62E-01,3.82E-01,2.94E-01,3.30E-01,2.74E-01,2.67E-01,2.49E-01,2.76E-01,3.13E-01,2.94E-01,2.84E-01,2.74E-01,3.17E-01,2.60E-01,2.76E-01,2.91E-01,3.00E-01,3.56E-01,2.62E-01,3.02E-01,2.74E-01,2.75E-01,3.27E-01,3.19E-01,2.53E-01,2.93E-01,2.81E-01,3.33E-01,3.24E-01,3.23E-01,3.34E-01,4.17E-01,3.10E-01,3.57E-01,2.98E-01,2.46E-01,4.25E-01,2.91E-01,3.76E-01,2.64E-01,2.48E-01
098_S_0172,1.41E-01,1.09E-01,1.97E-01,2.11E-01,2.41E-01,2.67E-01,2.77E-01,1.81E-01,2.03E-01,1.78E-01,1.71E-01,2.85E-01,2.42E-01,2.04E-01,2.64E-01,2.55E-01,2.13E-01,2.31E-01,2.49E-01,2.38E-01,2.82E-01,3.02E-01,2.69E-01,3.09E-01,2.36E-01,2.59E-01,2.42E-01,2.52E-01,3.34E-01,2.50E-01,2.46E-01,2.79E-01,2.31E-01,2.12E-01,2.44E-01,1.95E-01,2.16E-01,2.31E-01,2.38E-01,2.46E-01,1.73E-01,2.54E-01,2.92E-01,2.14E-01,2.84E-01,2.23E-01,2.66E-01,2.80E-01,1.47E-01,2.98E-01,4.33E-01,3.57E-01,2.47E-01,2.78E-01,2.70E-01,3.36E-01,2.91E-01,2.35E-01,2.97E-01,2.17E-01,2.50E-01,3.22E-01,2.42E-01,2.73E-01,2.96E-01,2.87E-01,3.88E-01,2.51E-01,2.24E-01,3.03E-01,2.89E-01,2.60E-01,2.83E-01,2.30E-01,2.86E-01,2.73E-01,3.41E-01,3.15E-01,3.28E-01,4.43E-01,3.45E-01,3.58E-01,3.59E-01,3.78E-01,3.43E-01,3.56E-01,2.49E-01,3.34E-01,2.99E-01,3.29E-01,2.99E-01,3.65E-01,3.85E-01,2.88E-01,3.30E-01,2.97E-01,2.97E-01,5.12E-01,3.28E-01,2.64E-01,3.61E-01,3.27E-01,3.14E-01,3.28E-01,2.73E-01,3.19E-01,3.75E-01,3.43E-01,3.32E-01,2.65E-01,2.74E-01,2.89E-01,2.33E-01,2.62E-01,3.35E-01,2.53E-01,3.05E-01,2.86E-01,2.95E-01,2.52E-01,2.63E-01,2.98E-01,2.81E-01,3.39E-01,3.53E-01,3.51E-01,3.09E-01,3.12E-01,3.59E-01,3.22E-01,3.96E-01,3.13E-01,2.76E-01,2.32E-01,2.47E-01,2.78E-01,2.72E-01,2.04E-01,2.75E-01,2.82E-01,2.60E-01,2.39E-01,2.88E-01,2.24E-01,2.86E-01,2.46E-01,3.34E-01,3.58E-01,3.03E-01,2.67E-01,2.55E-01,3.84E-01,3.57E-01,2.50E-01,2.20E-01,3.92E-01,3.77E-01,5.21E-01,4.21E-01,3.23E-01,3.78E-01,3.51E-01,3.53E-01,4.00E-01,2.96E-01,3.07E-01,2.75E-01,3.61E-01,3.06E-01,3.59E-01,4.06E-01,4.06E-01,3.11E-01,3.16E-01,3.28E-01,2.95E-01,4.22E-01,3.40E-01,3.15E-01,2.94E-01,3.27E-01,3.09E-01,3.64E-01,3.29E-01,3.24E-01,3.63E-01,3.57E-01,3.66E-01,4.05E-01,3.92E-01,4.60E-01,3.32E-01,3.68E-01,3.44E-01,2.55E-01,5.70E-01,3.89E-01,4.02E-01,3.82E-01,2.58E-01
098_S_0896,1.57E-01,1.21E-01,2.37E-01,2.54E-01,2.97E-01,2.62E-01,2.78E-01,1.99E-01,2.08E-01,1.78E-01,1.79E-01,3.21E-01,2.37E-01,1.86E-01,2.15E-01,2.27E-01,2.18E-01,2.04E-01,2.62E-01,2.47E-01,3.22E-01,3.50E-01,2.98E-01,3.61E-01,2.93E-01,2.93E-01,3.04E-01,2.59E-01,2.74E-01,2.79E-01,2.87E-01,2.92E-01,3.03E-01,2.37E-01,2.40E-01,1.98E-01,2.75E-01,2.97E-01,2.26E-01,2.76E-01,1.55E-01,2.50E-01,3.07E-01,2.24E-01,2.87E-01,2.07E-01,3.23E-01,3.04E-01,1.61E-01,3.30E-01,5.05E-01,3.94E-01,2.90E-01,2.74E-01,3.24E-01,3.66E-01,2.72E-01,2.65E-01,3.32E-01,2.45E-01,2.72E-01,3.93E-01,2.95E-01,2.89E-01,2.86E-01,3.15E-01,3.90E-01,3.21E-01,2.74E-01,2.99E-01,3.25E-01,2.92E-01,3.49E-01,2.55E-01,3.72E-01,2.99E-01,3.45E-01,3.37E-01,3.39E-01,4.87E-01,3.74E-01,3.44E-01,3.65E-01,4.53E-01,3.85E-01,3.48E-01,2.71E-01,3.25E-01,3.46E-01,3.80E-01,3.76E-01,4.02E-01,4.14E-01,3.68E-01,3.91E-01,4.14E-01,3.52E-01,4.06E-01,3.51E-01,2.69E-01,3.71E-01,3.89E-01,3.34E-01,3.43E-01,3.47E-01,3.53E-01,4.33E-01,3.87E-01,3.69E-01,2.86E-01,2.84E-01,3.73E-01,2.64E-01,2.94E-01,3.53E-01,2.68E-01,3.22E-01,2.74E-01,3.20E-01,2.38E-01,3.17E-01,3.19E-01,2.80E-01,3.38E-01,3.70E-01,3.51E-01,3.41E-01,3.54E-01,3.87E-01,3.98E-01,3.55E-01,3.26E-01,2.91E-01,2.64E-01,2.77E-01,3.20E-01,3.19E-01,2.20E-01,3.00E-01,3.12E-01,2.54E-01,2.60E-01,3.75E-01,2.82E-01,2.86E-01,3.05E-01,4.08E-01,3.47E-01,3.49E-01,2.95E-01,3.29E-01,4.89E-01,4.05E-01,3.09E-01,2.49E-01,4.41E-01,3.77E-01,5.96E-01,4.60E-01,4.24E-01,4.59E-01,3.96E-01,3.77E-01,3.79E-01,3.68E-01,3.31E-01,2.76E-01,4.32E-01,3.63E-01,4.34E-01,3.89E-01,4.63E-01,3.87E-01,4.30E-01,3.60E-01,3.51E-01,4.88E-01,3.54E-01,3.93E-01,3.48E-01,3.50E-01,3.62E-01,4.08E-01,3.84E-01,3.70E-01,3.78E-01,3.43E-01,4.19E-01,3.78E-01,4.27E-01,4.76E-01,4.15E-01,4.97E-01,4.70E-01,2.82E-01,4.94E-01,3.84E-01,4.84E-01,3.77E-01,3.10E-01
098_S_4003,1.45E-01,1.08E-01,2.16E-01,2.25E-01,2.56E-01,2.33E-01,2.68E-01,1.89E-01,2.00E-01,1.79E-01,1.69E-01,2.73E-01,2.23E-01,1.84E-01,2.38E-01,2.33E-01,2.13E-01,2.20E-01,2.33E-01,2.19E-01,3.03E-01,3.09E-01,2.56E-01,3.10E-01,2.69E-01,2.95E-01,2.91E-01,2.65E-01,3.08E-01,2.61E-01,2.66E-01,2.25E-01,2.55E-01,2.39E-01,2.73E-01,2.03E-01,2.53E-01,2.61E-01,2.41E-01,2.96E-01,1.59E-01,2.15E-01,3.07E-01,2.09E-01,2.61E-01,2.09E-01,2.86E-01,2.69E-01,1.61E-01,2.78E-01,4.17E-01,3.50E-01,2.63E-01,2.83E-01,2.84E-01,3.21E-01,2.72E-01,2.25E-01,2.67E-01,2.18E-01,2.47E-01,3.49E-01,2.53E-01,2.54E-01,2.97E-01,2.83E-01,3.63E-01,2.65E-01,2.75E-01,3.04E-01,3.06E-01,2.57E-01,3.48E-01,2.38E-01,3.17E-01,2.65E-01,3.06E-01,2.98E-01,3.62E-01,4.24E-01,3.11E-01,3.11E-01,3.50E-01,4.10E-01,3.72E-01,3.30E-01,2.90E-01,2.82E-01,2.87E-01,3.08E-01,2.75E-01,3.34E-01,3.48E-01,3.25E-01,3.50E-01,3.20E-01,3.45E-01,4.40E-01,3.39E-01,2.36E-01,3.41E-01,3.50E-01,3.50E-01,3.91E-01,3.08E-01,3.17E-01,3.71E-01,3.69E-01,3.24E-01,2.95E-01,2.55E-01,2.82E-01,2.80E-01,2.59E-01,3.07E-01,3.17E-01,2.82E-01,3.06E-01,2.95E-01,2.40E-01,2.61E-01,2.52E-01,2.59E-01,2.94E-01,3.31E-01,2.82E-01,2.92E-01,3.30E-01,3.49E-01,3.04E-01,3.30E-01,2.99E-01,2.52E-01,2.55E-01,2.45E-01,3.15E-01,2.93E-01,2.27E-01,3.23E-01,3.03E-01,2.46E-01,3.18E-01,3.04E-01,2.18E-01,2.57E-01,2.52E-01,2.95E-01,3.20E-01,2.77E-01,2.75E-01,3.41E-01,3.34E-01,3.11E-01,2.43E-01,2.36E-01,3.58E-01,3.81E-01,4.71E-01,4.15E-01,2.94E-01,3.89E-01,3.49E-01,3.33E-01,3.79E-01,3.24E-01,2.99E-01,2.76E-01,3.92E-01,3.46E-01,3.54E-01,4.08E-01,3.99E-01,3.25E-01,3.45E-01,3.25E-01,3.24E-01,4.16E-01,3.21E-01,3.43E-01,2.86E-01,2.77E-01,3.12E-01,3.34E-01,3.20E-01,2.91E-01,3.21E-01,3.16E-01,3.35E-01,3.26E-01,3.71E-01,4.14E-01,3.36E-01,4.03E-01,3.53E-01,2.94E-01,5.06E-01,3.45E-01,3.82E-01,2.99E-01,2.86E-01
098_S_4018,1.51E-01,1.16E-01,2.09E-01,2.37E-01,2.59E-01,2.40E-01,2.72E-01,1.97E-01,2.09E-01,1.85E-01,1.89E-01,2.95E-01,2.27E-01,1.92E-01,2.71E-01,2.39E-01,2.14E-01,2.01E-01,2.95E-01,2.38E-01,3.12E-01,3.63E-01,2.64E-01,3.46E-01,2.77E-01,2.89E-01,2.88E-01,2.46E-01,3.35E-01,2.86E-01,2.71E-01,2.56E-01,2.58E-01,2.31E-01,2.73E-01,2.21E-01,2.48E-01,2.84E-01,2.36E-01,2.86E-01,1.52E-01,2.82E-01,3.09E-01,2.33E-01,2.75E-01,2.40E-01,3.03E-01,3.08E-01,1.52E-01,3.29E-01,4.51E-01,3.82E-01,2.57E-01,3.14E-01,2.94E-01,3.50E-01,3.28E-01,2.75E-01,3.02E-01,2.36E-01,2.69E-01,3.50E-01,2.77E-01,3.30E-01,2.85E-01,2.99E-01,3.69E-01,2.81E-01,2.84E-01,3.38E-01,3.48E-01,2.99E-01,3.54E-01,2.51E-01,3.19E-01,3.34E-01,3.29E-01,3.24E-01,3.46E-01,4.63E-01,3.99E-01,3.65E-01,3.57E-01,4.30E-01,3.93E-01,3.35E-01,3.04E-01,3.39E-01,3.43E-01,3.81E-01,3.40E-01,3.75E-01,3.86E-01,3.62E-01,3.66E-01,3.18E-01,3.03E-01,5.35E-01,4.18E-01,3.10E-01,3.95E-01,4.01E-01,3.64E-01,3.97E-01,3.16E-01,3.66E-01,3.97E-01,3.87E-01,3.41E-01,3.03E-01,2.86E-01,3.48E-01,2.67E-01,2.52E-01,2.83E-01,2.98E-01,3.16E-01,3.25E-01,3.12E-01,2.67E-01,2.55E-01,2.59E-01,2.72E-01,3.57E-01,3.62E-01,3.69E-01,3.16E-01,3.47E-01,3.92E-01,3.36E-01,3.79E-01,3.24E-01,2.94E-01,3.23E-01,2.51E-01,3.44E-01,3.27E-01,2.32E-01,3.36E-01,3.10E-01,2.58E-01,2.76E-01,3.28E-01,2.54E-01,2.65E-01,2.70E-01,3.61E-01,3.64E-01,3.22E-01,2.76E-01,3.04E-01,3.85E-01,3.39E-01,2.71E-01,2.11E-01,4.72E-01,3.91E-01,5.33E-01,4.42E-01,3.82E-01,3.90E-01,3.75E-01,3.53E-01,4.36E-01,2.90E-01,3.14E-01,2.43E-01,4.08E-01,3.55E-01,3.88E-01,4.64E-01,4.29E-01,3.14E-01,3.42E-01,4.17E-01,3.52E-01,4.71E-01,3.52E-01,4.23E-01,3.44E-01,3.31E-01,3.53E-01,3.60E-01,3.53E-01,3.59E-01,3.23E-01,4.32E-01,4.46E-01,3.90E-01,4.30E-01,4.49E-01,3.54E-01,4.29E-01,4.20E-01,2.76E-01,5.77E-01,4.12E-01,4.58E-01,3.79E-01,2.81E-01
098_S_4050,1.61E-01,1.19E-01,2.37E-01,2.40E-01,2.80E-01,2.52E-01,2.99E-01,2.17E-01,2.28E-01,1.82E-01,1.77E-01,3.18E-01,2.59E-01,1.98E-01,2.56E-01,2.57E-01,2.51E-01,2.37E-01,2.76E-01,2.70E-01,2.96E-01,3.05E-01,2.52E-01,3.26E-01,2.75E-01,2.61E-01,2.52E-01,2.53E-01,3.22E-01,2.82E-01,2.83E-01,2.65E-01,2.78E-01,2.40E-01,2.82E-01,2.42E-01,2.89E-01,2.56E-01,2.58E-01,2.79E-01,1.56E-01,2.49E-01,3.02E-01,2.21E-01,2.70E-01,2.42E-01,2.92E-01,2.94E-01,1.58E-01,3.05E-01,4.36E-01,3.85E-01,3.04E-01,3.14E-01,3.01E-01,3.61E-01,2.88E-01,2.50E-01,2.99E-01,2.50E-01,2.92E-01,3.62E-01,2.76E-01,2.53E-01,3.01E-01,2.93E-01,3.51E-01,2.38E-01,2.51E-01,3.08E-01,3.16E-01,2.82E-01,3.62E-01,2.42E-01,3.15E-01,3.09E-01,3.47E-01,3.45E-01,3.96E-01,4.62E-01,3.78E-01,3.58E-01,3.53E-01,4.24E-01,3.64E-01,3.26E-01,3.14E-01,3.00E-01,3.38E-01,3.69E-01,3.62E-01,4.08E-01,4.44E-01,3.39E-01,3.63E-01,3.57E-01,3.73E-01,5.85E-01,3.76E-01,3.00E-01,3.74E-01,3.88E-01,3.80E-01,3.81E-01,3.55E-01,3.41E-01,4.19E-01,3.96E-01,3.35E-01,3.18E-01,2.79E-01,3.10E-01,2.97E-01,3.13E-01,3.16E-01,3.06E-01,3.52E-01,2.71E-01,3.30E-01,2.76E-01,2.94E-01,2.74E-01,2.59E-01,3.29E-01,3.58E-01,3.22E-01,2.93E-01,3.71E-01,3.92E-01,3.46E-01,3.06E-01,3.50E-01,2.82E-01,3.17E-01,2.80E-01,3.61E-01,2.93E-01,2.74E-01,3.26E-01,2.91E-01,3.39E-01,2.74E-01,3.08E-01,2.70E-01,2.54E-01,2.68E-01,3.45E-01,3.81E-01,3.69E-01,3.11E-01,3.43E-01,3.64E-01,3.48E-01,2.71E-01,2.13E-01,3.43E-01,4.07E-01,5.33E-01,4.67E-01,3.93E-01,4.70E-01,3.61E-01,3.95E-01,3.60E-01,3.88E-01,3.15E-01,2.93E-01,3.94E-01,3.45E-01,3.67E-01,3.98E-01,3.69E-01,3.21E-01,3.70E-01,3.56E-01,3.54E-01,4.61E-01,3.46E-01,3.37E-01,2.70E-01,3.25E-01,3.78E-01,3.45E-01,3.53E-01,3.07E-01,3.18E-01,3.68E-01,3.80E-01,3.71E-01,3.82E-01,4.29E-01,3.27E-01,4.47E-01,4.39E-01,2.99E-01,5.23E-01,3.39E-01,3.94E-01,3.95E-01,3.36E-01
098_S_4201,1.30E-01,1.02E-01,1.99E-01,2.16E-01,2.43E-01,2.09E-01,2.54E-01,1.75E-01,1.82E-01,1.51E-01,1.54E-01,2.73E-01,2.05E-01,1.78E-01,2.50E-01,2.17E-01,1.89E-01,2.17E-01,2.18E-01,1.97E-01,2.26E-01,2.97E-01,2.31E-01,2.86E-01,2.23E-01,2.38E-01,2.41E-01,2.35E-01,2.62E-01,2.50E-01,2.22E-01,2.53E-01,2.32E-01,2.18E-01,2.28E-01,1.79E-01,2.31E-01,2.24E-01,2.22E-01,2.50E-01,1.30E-01,2.28E-01,2.41E-01,1.93E-01,2.44E-01,2.20E-01,2.44E-01,2.50E-01,1.33E-01,2.42E-01,3.91E-01,3.51E-01,2.54E-01,2.28E-01,2.52E-01,2.87E-01,2.63E-01,2.05E-01,2.11E-01,1.86E-01,2.42E-01,3.12E-01,2.22E-01,2.78E-01,2.59E-01,2.49E-01,2.85E-01,2.43E-01,2.34E-01,2.61E-01,2.80E-01,2.49E-01,3.03E-01,2.11E-01,2.78E-01,2.74E-01,2.87E-01,2.71E-01,3.06E-01,3.78E-01,3.48E-01,3.24E-01,2.95E-01,2.84E-01,2.62E-01,2.73E-01,2.94E-01,3.11E-01,3.13E-01,2.89E-01,3.20E-01,3.28E-01,3.40E-01,2.91E-01,3.28E-01,2.79E-01,2.78E-01,3.81E-01,3.39E-01,2.62E-01,2.78E-01,3.18E-01,2.81E-01,2.88E-01,2.61E-01,2.66E-01,3.05E-01,2.88E-01,2.74E-01,2.29E-01,2.24E-01,2.71E-01,2.68E-01,2.53E-01,2.78E-01,3.06E-01,2.85E-01,3.12E-01,2.84E-01,2.86E-01,2.18E-01,2.94E-01,2.47E-01,2.78E-01,2.93E-01,2.86E-01,2.48E-01,2.77E-01,3.26E-01,2.62E-01,2.64E-01,2.71E-01,2.11E-01,2.02E-01,2.18E-01,2.35E-01,2.59E-01,2.43E-01,2.37E-01,2.40E-01,2.20E-01,2.61E-01,2.36E-01,2.02E-01,2.05E-01,1.90E-01,2.69E-01,2.85E-01,2.97E-01,2.47E-01,3.21E-01,2.94E-01,2.62E-01,2.12E-01,1.80E-01,3.12E-01,3.60E-01,4.50E-01,4.09E-01,3.02E-01,3.38E-01,2.78E-01,3.27E-01,2.72E-01,2.80E-01,2.43E-01,2.03E-01,2.68E-01,2.87E-01,2.71E-01,2.55E-01,2.76E-01,2.68E-01,2.98E-01,3.04E-01,2.45E-01,3.52E-01,2.67E-01,2.87E-01,2.28E-01,2.47E-01,2.72E-01,3.05E-01,2.89E-01,2.54E-01,3.23E-01,3.61E-01,3.14E-01,3.62E-01,2.82E-01,3.72E-01,2.56E-01,3.43E-01,3.40E-01,2.38E-01,3.93E-01,2.55E-01,3.75E-01,2.85E-01,2.56E-01
098_S_4215,1.66E-01,1.23E-01,2.24E-01,2.50E-01,2.93E-01,2.54E-01,3.14E-01,2.37E-01,2.26E-01,2.20E-01,1.81E-01,3.68E-01,2.46E-01,1.80E-01,2.41E-01,2.21E-01,2.38E-01,2.14E-01,2.63E-01,2.40E-01,3.03E-01,3.36E-01,2.94E-01,3.15E-01,2.95E-01,2.81E-01,2.85E-01,2.43E-01,3.38E-01,2.87E-01,2.80E-01,2.96E-01,3.19E-01,2.72E-01,2.49E-01,2.22E-01,2.72E-01,2.88E-01,2.11E-01,2.52E-01,1.54E-01,2.54E-01,3.08E-01,2.26E-01,3.07E-01,2.70E-01,3.16E-01,3.54E-01,1.69E-01,3.09E-01,4.37E-01,3.46E-01,2.51E-01,2.46E-01,2.90E-01,3.49E-01,2.91E-01,2.55E-01,2.79E-01,2.27E-01,2.45E-01,3.52E-01,2.76E-01,3.01E-01,2.86E-01,3.02E-01,3.52E-01,2.92E-01,2.55E-01,3.27E-01,3.35E-01,3.33E-01,4.18E-01,2.39E-01,3.43E-01,3.08E-01,3.06E-01,3.15E-01,3.63E-01,4.25E-01,3.73E-01,2.97E-01,3.39E-01,3.69E-01,3.47E-01,3.51E-01,3.01E-01,2.89E-01,3.47E-01,4.09E-01,3.73E-01,3.71E-01,4.10E-01,3.48E-01,3.59E-01,3.38E-01,4.32E-01,5.34E-01,3.89E-01,2.48E-01,4.12E-01,4.08E-01,4.18E-01,4.33E-01,3.68E-01,3.75E-01,4.94E-01,4.31E-01,3.77E-01,4.45E-01,3.16E-01,3.87E-01,2.60E-01,2.61E-01,3.38E-01,2.89E-01,3.01E-01,2.89E-01,3.33E-01,3.06E-01,3.11E-01,2.77E-01,3.11E-01,3.29E-01,3.84E-01,3.01E-01,3.01E-01,3.40E-01,2.98E-01,3.42E-01,3.55E-01,3.29E-01,3.25E-01,3.56E-01,2.53E-01,3.52E-01,3.17E-01,2.43E-01,3.34E-01,3.03E-01,2.61E-01,2.51E-01,3.15E-01,2.47E-01,2.75E-01,2.70E-01,4.01E-01,3.40E-01,3.63E-01,3.08E-01,3.09E-01,3.68E-01,3.72E-01,2.65E-01,2.49E-01,3.71E-01,3.52E-01,4.74E-01,4.27E-01,3.70E-01,4.04E-01,3.40E-01,3.06E-01,3.82E-01,3.54E-01,2.97E-01,2.76E-01,3.45E-01,3.52E-01,3.63E-01,3.87E-01,4.12E-01,3.66E-01,3.50E-01,4.10E-01,3.41E-01,4.60E-01,3.23E-01,4.61E-01,3.89E-01,3.45E-01,3.59E-01,3.61E-01,3.70E-01,3.85E-01,3.31E-01,3.68E-01,4.06E-01,4.03E-01,4.26E-01,3.93E-01,3.61E-01,4.77E-01,4.11E-01,3.75E-01,5.11E-01,3.84E-01,5.27E-01,3.78E-01,3.30E-01
098_S_4275,1.87E-01,1.38E-01,2.66E-01,2.90E-01,3.18E-01,2.98E-01,3.22E-01,2.43E-01,2.49E-01,2.37E-01,2.08E-01,3.84E-01,2.75E-01,2.25E-01,2.77E-01,2.78E-01,2.62E-01,2.50E-01,2.87E-01,2.79E-01,3.23E-01,3.50E-01,3.06E-01,3.69E-01,3.05E-01,3.07E-01,2.84E-01,3.02E-01,4.11E-01,3.07E-01,2.89E-01,2.91E-01,3.00E-01,2.71E-01,3.10E-01,2.40E-01,2.93E-01,3.28E-01,2.99E-01,3.01E-01,1.75E-01,2.81E-01,3.78E-01,2.73E-01,3.38E-01,2.61E-01,3.50E-01,3.11E-01,1.72E-01,3.44E-01,5.35E-01,3.99E-01,2.95E-01,3.02E-01,3.28E-01,3.98E-01,3.85E-01,3.05E-01,3.56E-01,2.65E-01,3.25E-01,3.87E-01,3.03E-01,3.32E-01,3.57E-01,3.20E-01,4.11E-01,3.53E-01,3.10E-01,3.22E-01,3.49E-01,3.24E-01,4.03E-01,2.78E-01,3.98E-01,3.49E-01,3.55E-01,3.49E-01,4.21E-01,4.69E-01,3.70E-01,3.51E-01,3.93E-01,4.35E-01,3.97E-01,3.99E-01,3.24E-01,3.46E-01,3.49E-01,3.93E-01,3.98E-01,4.46E-01,4.03E-01,4.00E-01,4.07E-01,3.90E-01,4.34E-01,5.72E-01,4.27E-01,3.79E-01,4.15E-01,4.12E-01,4.71E-01,4.48E-01,4.05E-01,4.23E-01,5.34E-01,4.95E-01,4.38E-01,3.67E-01,3.22E-01,3.62E-01,3.44E-01,3.35E-01,3.95E-01,3.79E-01,3.90E-01,3.88E-01,3.74E-01,3.73E-01,3.25E-01,4.05E-01,3.53E-01,3.39E-01,3.53E-01,2.84E-01,3.07E-01,3.46E-01,3.34E-01,3.12E-01,3.90E-01,3.68E-01,3.06E-01,3.25E-01,2.85E-01,3.09E-01,3.07E-01,2.89E-01,3.44E-01,3.69E-01,3.24E-01,2.86E-01,3.43E-01,2.74E-01,3.22E-01,3.18E-01,4.30E-01,3.94E-01,3.64E-01,3.49E-01,3.99E-01,3.92E-01,3.78E-01,3.07E-01,2.61E-01,4.09E-01,4.30E-01,6.67E-01,4.68E-01,4.27E-01,4.73E-01,3.94E-01,4.26E-01,4.47E-01,4.04E-01,3.90E-01,3.75E-01,4.55E-01,3.85E-01,3.92E-01,4.38E-01,4.78E-01,4.60E-01,4.25E-01,4.33E-01,4.61E-01,5.38E-01,3.65E-01,4.49E-01,4.18E-01,3.53E-01,3.76E-01,3.78E-01,4.23E-01,4.03E-01,4.21E-01,4.08E-01,4.17E-01,4.15E-01,4.70E-01,5.21E-01,3.74E-01,4.65E-01,4.57E-01,3.77E-01,6.09E-01,4.51E-01,5.21E-01,4.78E-01,3.59E-01
099_S_0352,1.18E-01,9.71E-02,1.93E-01,2.16E-01,2.12E-01,2.19E-01,2.17E-01,1.64E-01,1.67E-01,1.57E-01,1.45E-01,2.88E-01,1.83E-01,1.54E-01,1.93E-01,1.81E-01,1.66E-01,1.66E-01,1.93E-01,1.84E-01,2.42E-01,2.43E-01,2.19E-01,2.36E-01,2.23E-01,2.22E-01,2.59E-01,2.17E-01,2.67E-01,2.35E-01,2.32E-01,1.91E-01,1.67E-01,1.99E-01,2.15E-01,1.89E-01,1.91E-01,1.77E-01,1.79E-01,2.04E-01,1.31E-01,1.81E-01,2.24E-01,1.83E-01,2.47E-01,2.02E-01,2.46E-01,2.91E-01,1.31E-01,2.34E-01,3.46E-01,3.35E-01,2.01E-01,2.15E-01,2.29E-01,2.95E-01,2.70E-01,2.05E-01,2.25E-01,1.87E-01,2.29E-01,3.30E-01,2.29E-01,2.51E-01,2.60E-01,2.32E-01,2.91E-01,2.04E-01,2.51E-01,2.65E-01,2.60E-01,2.36E-01,2.42E-01,2.09E-01,2.39E-01,2.63E-01,2.43E-01,2.47E-01,2.96E-01,3.38E-01,2.74E-01,2.19E-01,2.68E-01,2.89E-01,2.84E-01,2.64E-01,2.40E-01,2.33E-01,2.50E-01,2.90E-01,2.78E-01,3.41E-01,3.32E-01,3.05E-01,2.91E-01,2.75E-01,3.11E-01,3.85E-01,3.01E-01,2.61E-01,3.15E-01,3.06E-01,3.17E-01,3.21E-01,2.91E-01,2.61E-01,2.82E-01,2.93E-01,2.73E-01,2.75E-01,2.04E-01,2.47E-01,2.46E-01,2.25E-01,2.35E-01,2.11E-01,2.53E-01,2.18E-01,2.39E-01,2.00E-01,2.12E-01,2.08E-01,2.23E-01,2.94E-01,3.01E-01,2.66E-01,2.70E-01,3.00E-01,3.04E-01,2.61E-01,3.01E-01,2.65E-01,2.21E-01,2.23E-01,1.93E-01,2.24E-01,2.89E-01,2.08E-01,2.51E-01,2.63E-01,2.22E-01,2.62E-01,2.17E-01,2.26E-01,2.35E-01,2.22E-01,3.13E-01,2.58E-01,2.24E-01,2.59E-01,3.01E-01,2.83E-01,3.18E-01,2.31E-01,2.04E-01,2.90E-01,3.09E-01,4.15E-01,3.74E-01,3.03E-01,3.24E-01,2.64E-01,2.86E-01,2.84E-01,2.76E-01,2.50E-01,2.39E-01,2.79E-01,3.12E-01,3.09E-01,2.96E-01,3.22E-01,3.08E-01,3.43E-01,3.58E-01,2.64E-01,3.36E-01,2.75E-01,3.54E-01,3.09E-01,2.44E-01,2.32E-01,3.05E-01,2.75E-01,3.25E-01,2.72E-01,2.86E-01,2.84E-01,3.41E-01,2.96E-01,3.36E-01,2.90E-01,3.36E-01,3.58E-01,2.51E-01,3.60E-01,2.74E-01,3.88E-01,2.79E-01,2.70E-01
099_S_0470,1.38E-01,1.03E-01,2.14E-01,2.19E-01,2.48E-01,2.43E-01,2.44E-01,1.82E-01,1.83E-01,1.62E-01,1.63E-01,2.98E-01,2.00E-01,1.45E-01,2.05E-01,1.92E-01,1.99E-01,1.66E-01,1.94E-01,2.05E-01,2.64E-01,2.80E-01,2.41E-01,2.65E-01,2.52E-01,2.59E-01,2.80E-01,2.25E-01,2.41E-01,2.25E-01,2.59E-01,2.38E-01,2.57E-01,2.11E-01,2.28E-01,1.74E-01,2.33E-01,2.23E-01,1.93E-01,2.41E-01,1.31E-01,2.59E-01,2.41E-01,1.96E-01,2.49E-01,1.93E-01,2.65E-01,3.09E-01,1.40E-01,3.12E-01,4.16E-01,3.54E-01,2.48E-01,2.35E-01,2.66E-01,3.13E-01,2.86E-01,2.31E-01,2.61E-01,2.03E-01,2.25E-01,3.65E-01,2.53E-01,2.70E-01,2.41E-01,2.57E-01,3.08E-01,2.43E-01,2.60E-01,3.32E-01,3.06E-01,2.65E-01,3.05E-01,2.23E-01,3.17E-01,3.28E-01,2.85E-01,2.63E-01,3.24E-01,4.08E-01,3.32E-01,2.85E-01,3.45E-01,3.76E-01,3.29E-01,2.74E-01,2.39E-01,2.55E-01,3.14E-01,3.55E-01,2.63E-01,3.55E-01,4.07E-01,3.37E-01,3.20E-01,3.29E-01,3.12E-01,3.55E-01,3.16E-01,2.45E-01,3.14E-01,3.47E-01,3.47E-01,3.31E-01,3.14E-01,3.57E-01,3.59E-01,3.40E-01,3.23E-01,2.76E-01,2.44E-01,3.23E-01,2.61E-01,2.78E-01,2.72E-01,2.43E-01,2.62E-01,2.31E-01,2.44E-01,2.01E-01,2.32E-01,1.90E-01,2.24E-01,2.74E-01,2.80E-01,2.80E-01,3.02E-01,2.92E-01,2.89E-01,3.38E-01,2.64E-01,3.20E-01,2.83E-01,2.72E-01,2.36E-01,2.60E-01,2.91E-01,2.18E-01,2.65E-01,2.29E-01,2.35E-01,2.67E-01,3.17E-01,2.20E-01,2.49E-01,2.74E-01,3.26E-01,3.19E-01,2.90E-01,2.73E-01,2.84E-01,3.28E-01,3.09E-01,2.34E-01,2.17E-01,3.74E-01,3.65E-01,4.91E-01,4.11E-01,3.29E-01,3.56E-01,2.80E-01,2.92E-01,2.27E-01,3.44E-01,2.53E-01,2.81E-01,3.42E-01,3.13E-01,3.31E-01,3.70E-01,3.26E-01,3.02E-01,2.85E-01,3.27E-01,3.26E-01,3.85E-01,3.03E-01,3.97E-01,3.30E-01,3.20E-01,2.94E-01,2.97E-01,3.14E-01,3.34E-01,3.14E-01,3.11E-01,3.45E-01,3.24E-01,3.38E-01,4.18E-01,3.35E-01,3.74E-01,3.76E-01,2.84E-01,3.36E-01,3.28E-01,3.67E-01,3.28E-01,2.66E-01
099_S_0492,1.37E-01,1.12E-01,2.20E-01,2.38E-01,2.42E-01,2.50E-01,2.63E-01,1.87E-01,2.08E-01,1.87E-01,1.68E-01,3.01E-01,1.92E-01,1.61E-01,2.05E-01,2.02E-01,1.94E-01,1.89E-01,2.40E-01,2.25E-01,2.49E-01,2.95E-01,2.44E-01,2.81E-01,2.34E-01,2.39E-01,2.21E-01,2.28E-01,2.61E-01,2.39E-01,2.34E-01,2.41E-01,2.52E-01,2.33E-01,2.14E-01,1.95E-01,2.23E-01,2.34E-01,1.92E-01,2.12E-01,1.22E-01,2.07E-01,2.64E-01,1.95E-01,2.75E-01,2.19E-01,2.58E-01,2.48E-01,1.35E-01,2.75E-01,4.21E-01,3.56E-01,2.66E-01,2.14E-01,2.81E-01,2.90E-01,2.91E-01,2.27E-01,2.52E-01,2.03E-01,2.68E-01,3.35E-01,2.35E-01,2.47E-01,2.81E-01,2.67E-01,2.89E-01,2.57E-01,2.84E-01,2.86E-01,2.90E-01,2.79E-01,3.40E-01,2.20E-01,3.03E-01,2.70E-01,2.86E-01,2.59E-01,2.87E-01,4.25E-01,3.05E-01,2.77E-01,3.15E-01,3.30E-01,2.98E-01,2.77E-01,2.92E-01,3.12E-01,3.02E-01,3.61E-01,3.63E-01,3.36E-01,3.70E-01,2.67E-01,2.93E-01,3.20E-01,3.66E-01,4.06E-01,3.21E-01,3.06E-01,3.77E-01,3.51E-01,3.60E-01,3.75E-01,3.04E-01,3.32E-01,3.86E-01,3.92E-01,3.12E-01,3.26E-01,2.76E-01,3.67E-01,2.68E-01,2.64E-01,2.88E-01,2.87E-01,2.68E-01,2.85E-01,2.86E-01,2.91E-01,3.12E-01,3.69E-01,3.01E-01,2.89E-01,3.41E-01,2.91E-01,2.80E-01,2.92E-01,2.98E-01,3.39E-01,3.09E-01,2.83E-01,2.76E-01,3.26E-01,2.43E-01,3.33E-01,3.20E-01,2.27E-01,3.67E-01,3.20E-01,2.51E-01,2.75E-01,3.35E-01,2.59E-01,2.20E-01,2.09E-01,3.62E-01,3.02E-01,3.06E-01,4.02E-01,2.99E-01,3.72E-01,3.48E-01,2.33E-01,2.38E-01,3.35E-01,3.71E-01,5.35E-01,4.37E-01,4.04E-01,3.73E-01,3.24E-01,3.72E-01,3.06E-01,3.14E-01,3.00E-01,2.92E-01,3.18E-01,3.03E-01,3.57E-01,3.37E-01,3.66E-01,3.16E-01,3.25E-01,3.19E-01,3.43E-01,4.67E-01,3.26E-01,4.28E-01,3.74E-01,3.40E-01,4.08E-01,3.24E-01,3.16E-01,3.53E-01,2.91E-01,3.44E-01,3.60E-01,4.30E-01,3.55E-01,4.64E-01,3.79E-01,3.71E-01,3.45E-01,2.99E-01,4.89E-01,2.98E-01,4.28E-01,3.06E-01,2.92E-01
099_S_0533,1.66E-01,1.25E-01,2.33E-01,2.67E-01,2.77E-01,2.70E-01,3.15E-01,2.26E-01,2.21E-01,1.98E-01,1.96E-01,3.20E-01,2.96E-01,1.89E-01,2.36E-01,2.32E-01,2.22E-01,2.20E-01,2.64E-01,2.45E-01,3.28E-01,3.24E-01,2.83E-01,3.20E-01,2.96E-01,2.74E-01,3.06E-01,2.69E-01,3.52E-01,3.10E-01,2.73E-01,3.07E-01,2.90E-01,2.62E-01,2.71E-01,2.33E-01,2.68E-01,2.99E-01,2.43E-01,3.12E-01,1.68E-01,2.64E-01,3.33E-01,2.42E-01,3.62E-01,2.45E-01,2.81E-01,4.18E-01,1.81E-01,3.19E-01,4.53E-01,3.54E-01,2.90E-01,3.18E-01,3.01E-01,3.59E-01,3.07E-01,2.54E-01,3.10E-01,2.48E-01,3.24E-01,4.45E-01,3.19E-01,3.16E-01,3.37E-01,2.98E-01,3.70E-01,2.82E-01,3.32E-01,3.60E-01,3.64E-01,3.13E-01,3.63E-01,2.53E-01,3.16E-01,3.55E-01,3.35E-01,3.40E-01,3.69E-01,4.35E-01,3.87E-01,3.65E-01,3.46E-01,4.18E-01,4.25E-01,3.61E-01,3.26E-01,3.15E-01,3.60E-01,4.44E-01,4.11E-01,3.86E-01,4.19E-01,3.90E-01,4.13E-01,3.26E-01,3.57E-01,4.96E-01,3.77E-01,2.79E-01,4.13E-01,4.50E-01,3.51E-01,3.90E-01,3.73E-01,3.51E-01,4.63E-01,3.85E-01,3.49E-01,3.25E-01,3.09E-01,3.20E-01,3.35E-01,3.21E-01,3.70E-01,3.03E-01,3.14E-01,3.08E-01,3.13E-01,2.61E-01,3.05E-01,2.93E-01,3.14E-01,3.54E-01,3.24E-01,3.69E-01,3.66E-01,3.34E-01,4.00E-01,4.06E-01,3.72E-01,3.41E-01,3.61E-01,3.45E-01,2.78E-01,3.25E-01,3.80E-01,2.57E-01,3.59E-01,3.15E-01,2.80E-01,2.98E-01,3.96E-01,3.26E-01,2.91E-01,3.09E-01,4.19E-01,3.90E-01,3.62E-01,3.60E-01,3.43E-01,3.94E-01,4.02E-01,3.26E-01,2.89E-01,4.33E-01,3.63E-01,5.02E-01,3.80E-01,3.68E-01,4.11E-01,3.92E-01,3.49E-01,3.95E-01,3.77E-01,2.92E-01,3.27E-01,3.72E-01,4.03E-01,4.08E-01,4.48E-01,4.43E-01,3.23E-01,3.63E-01,4.84E-01,4.53E-01,4.07E-01,3.76E-01,4.64E-01,4.15E-01,3.57E-01,4.23E-01,4.26E-01,3.68E-01,4.24E-01,3.53E-01,3.44E-01,4.03E-01,3.99E-01,4.33E-01,4.08E-01,4.17E-01,4.95E-01,4.38E-01,3.07E-01,5.53E-01,3.90E-01,4.46E-01,4.05E-01,3.34E-01
099_S_0534,1.84E-01,1.42E-01,2.63E-01,2.91E-01,3.26E-01,3.26E-01,3.44E-01,2.69E-01,2.50E-01,2.27E-01,2.27E-01,3.52E-01,2.64E-01,2.41E-01,2.91E-01,2.55E-01,2.35E-01,2.22E-01,2.85E-01,2.61E-01,3.93E-01,3.96E-01,3.21E-01,4.01E-01,3.19E-01,3.31E-01,3.46E-01,3.03E-01,4.30E-01,3.11E-01,3.31E-01,3.27E-01,2.87E-01,2.94E-01,2.89E-01,2.40E-01,2.69E-01,2.91E-01,2.29E-01,3.04E-01,1.85E-01,3.46E-01,3.50E-01,2.57E-01,3.38E-01,2.42E-01,3.33E-01,3.83E-01,1.90E-01,3.61E-01,5.15E-01,4.13E-01,3.32E-01,3.45E-01,3.56E-01,4.01E-01,3.43E-01,2.95E-01,3.15E-01,2.52E-01,2.92E-01,4.38E-01,3.57E-01,3.81E-01,3.78E-01,3.50E-01,4.75E-01,3.30E-01,3.51E-01,3.53E-01,3.29E-01,3.35E-01,3.77E-01,2.86E-01,4.03E-01,3.66E-01,3.85E-01,3.55E-01,4.18E-01,5.12E-01,3.77E-01,4.24E-01,4.14E-01,4.94E-01,5.34E-01,4.24E-01,3.96E-01,3.39E-01,3.74E-01,4.42E-01,4.04E-01,4.44E-01,4.63E-01,4.07E-01,4.58E-01,4.26E-01,3.80E-01,5.79E-01,4.60E-01,3.64E-01,4.83E-01,4.59E-01,4.16E-01,4.84E-01,4.30E-01,3.69E-01,5.60E-01,4.45E-01,4.51E-01,3.24E-01,3.72E-01,3.35E-01,3.06E-01,3.30E-01,3.19E-01,3.19E-01,3.29E-01,3.42E-01,3.29E-01,2.82E-01,3.31E-01,3.03E-01,3.65E-01,4.61E-01,4.20E-01,4.32E-01,4.23E-01,4.43E-01,5.08E-01,4.38E-01,4.50E-01,4.48E-01,4.10E-01,3.13E-01,3.20E-01,4.18E-01,4.14E-01,2.73E-01,3.73E-01,4.04E-01,2.87E-01,3.52E-01,3.95E-01,3.66E-01,3.70E-01,3.74E-01,4.40E-01,3.84E-01,3.66E-01,3.10E-01,3.39E-01,4.36E-01,3.87E-01,3.42E-01,3.58E-01,4.64E-01,4.97E-01,6.40E-01,4.92E-01,4.12E-01,4.86E-01,4.23E-01,3.99E-01,4.69E-01,4.22E-01,3.21E-01,3.43E-01,4.94E-01,4.22E-01,4.24E-01,5.26E-01,5.10E-01,3.84E-01,4.03E-01,4.63E-01,4.05E-01,5.07E-01,3.99E-01,4.52E-01,4.14E-01,3.85E-01,4.24E-01,4.26E-01,3.76E-01,4.10E-01,4.03E-01,4.08E-01,4.37E-01,4.41E-01,4.98E-01,4.99E-01,3.85E-01,5.75E-01,4.92E-01,2.97E-01,6.26E-01,5.21E-01,5.38E-01,4.52E-01,3.93E-01
099_S_1144,1.40E-01,1.03E-01,1.94E-01,2.24E-01,2.40E-01,2.54E-01,2.45E-01,1.89E-01,1.92E-01,1.82E-01,1.64E-01,3.13E-01,2.12E-01,1.60E-01,2.03E-01,2.01E-01,2.03E-01,1.80E-01,2.12E-01,2.05E-01,2.31E-01,2.48E-01,2.36E-01,2.51E-01,2.34E-01,2.48E-01,2.60E-01,2.22E-01,2.35E-01,2.59E-01,2.49E-01,2.29E-01,2.22E-01,1.91E-01,2.46E-01,2.05E-01,2.28E-01,2.35E-01,1.95E-01,2.54E-01,1.20E-01,2.10E-01,2.14E-01,1.92E-01,2.67E-01,2.08E-01,2.67E-01,2.75E-01,1.36E-01,2.80E-01,4.50E-01,3.68E-01,2.68E-01,2.18E-01,2.85E-01,2.83E-01,2.77E-01,2.19E-01,2.68E-01,2.07E-01,2.24E-01,3.19E-01,2.57E-01,2.43E-01,2.46E-01,2.58E-01,2.56E-01,2.60E-01,2.65E-01,2.35E-01,2.54E-01,2.57E-01,3.01E-01,2.15E-01,2.65E-01,2.29E-01,3.01E-01,2.92E-01,3.26E-01,4.09E-01,3.15E-01,2.69E-01,3.66E-01,2.61E-01,2.69E-01,2.57E-01,2.48E-01,2.53E-01,2.90E-01,3.07E-01,3.19E-01,3.08E-01,3.17E-01,2.59E-01,2.81E-01,2.85E-01,3.13E-01,3.27E-01,3.31E-01,2.73E-01,3.73E-01,3.87E-01,3.60E-01,3.79E-01,3.44E-01,3.44E-01,3.82E-01,3.89E-01,3.38E-01,2.81E-01,2.66E-01,3.20E-01,2.47E-01,2.48E-01,2.66E-01,2.34E-01,2.89E-01,2.28E-01,2.61E-01,2.20E-01,2.19E-01,1.97E-01,2.30E-01,2.93E-01,3.41E-01,3.21E-01,3.10E-01,2.92E-01,3.38E-01,2.78E-01,3.03E-01,2.94E-01,2.72E-01,2.50E-01,2.49E-01,2.87E-01,3.48E-01,2.00E-01,2.76E-01,2.57E-01,2.44E-01,2.98E-01,2.66E-01,2.13E-01,2.30E-01,2.39E-01,3.52E-01,3.38E-01,3.09E-01,3.07E-01,2.90E-01,3.53E-01,3.07E-01,2.35E-01,2.41E-01,3.41E-01,3.84E-01,5.59E-01,4.38E-01,3.88E-01,3.81E-01,3.38E-01,3.64E-01,3.17E-01,3.10E-01,3.03E-01,2.86E-01,3.11E-01,3.33E-01,3.37E-01,3.43E-01,3.51E-01,3.14E-01,3.76E-01,3.56E-01,3.38E-01,4.51E-01,3.16E-01,3.77E-01,3.05E-01,2.92E-01,2.98E-01,3.14E-01,3.32E-01,3.09E-01,3.24E-01,3.30E-01,3.58E-01,3.38E-01,3.52E-01,4.67E-01,3.46E-01,3.92E-01,3.96E-01,2.88E-01,4.13E-01,3.21E-01,4.26E-01,3.32E-01,3.08E-01
099_S_4076,1.36E-01,1.03E-01,1.93E-01,2.19E-01,2.38E-01,2.41E-01,2.50E-01,1.98E-01,1.89E-01,1.74E-01,1.63E-01,3.04E-01,2.20E-01,1.67E-01,1.89E-01,2.06E-01,2.03E-01,1.75E-01,2.38E-01,2.14E-01,2.70E-01,3.01E-01,2.46E-01,3.29E-01,2.41E-01,2.48E-01,2.47E-01,2.19E-01,3.07E-01,2.53E-01,2.77E-01,2.63E-01,2.37E-01,2.28E-01,2.33E-01,1.95E-01,1.91E-01,2.46E-01,2.10E-01,2.46E-01,1.54E-01,2.31E-01,2.85E-01,2.07E-01,2.42E-01,2.07E-01,2.42E-01,2.68E-01,1.34E-01,2.79E-01,3.62E-01,3.47E-01,2.58E-01,2.75E-01,2.49E-01,3.12E-01,3.08E-01,2.21E-01,2.49E-01,2.15E-01,2.36E-01,3.24E-01,2.55E-01,2.57E-01,2.78E-01,2.69E-01,3.43E-01,2.38E-01,2.93E-01,3.31E-01,2.77E-01,2.58E-01,3.28E-01,2.19E-01,2.87E-01,2.51E-01,2.72E-01,2.86E-01,3.28E-01,4.01E-01,2.69E-01,2.96E-01,2.99E-01,3.60E-01,3.39E-01,3.17E-01,2.94E-01,2.75E-01,2.67E-01,3.25E-01,3.10E-01,3.34E-01,3.32E-01,3.37E-01,3.40E-01,2.98E-01,2.97E-01,4.44E-01,3.31E-01,3.20E-01,3.46E-01,3.51E-01,3.43E-01,3.54E-01,3.11E-01,3.25E-01,3.92E-01,3.47E-01,3.17E-01,2.72E-01,2.53E-01,3.10E-01,2.38E-01,2.61E-01,2.45E-01,2.45E-01,2.81E-01,2.31E-01,2.34E-01,2.17E-01,2.31E-01,2.39E-01,2.17E-01,3.11E-01,3.43E-01,2.89E-01,2.75E-01,3.20E-01,3.41E-01,3.44E-01,3.57E-01,2.94E-01,2.63E-01,2.67E-01,2.50E-01,3.07E-01,2.90E-01,1.85E-01,2.71E-01,2.40E-01,2.65E-01,2.45E-01,3.12E-01,2.42E-01,2.51E-01,2.53E-01,3.29E-01,3.02E-01,3.00E-01,2.21E-01,2.87E-01,3.40E-01,3.67E-01,2.52E-01,2.36E-01,3.62E-01,3.62E-01,4.24E-01,4.42E-01,2.63E-01,3.57E-01,3.11E-01,3.35E-01,3.64E-01,3.04E-01,2.66E-01,2.86E-01,3.45E-01,2.73E-01,3.44E-01,3.85E-01,4.09E-01,2.65E-01,3.01E-01,3.04E-01,2.64E-01,3.87E-01,2.82E-01,3.32E-01,2.40E-01,3.13E-01,3.23E-01,3.17E-01,3.26E-01,3.15E-01,2.97E-01,2.99E-01,3.34E-01,2.92E-01,3.83E-01,3.83E-01,3.03E-01,3.88E-01,3.40E-01,2.54E-01,5.18E-01,3.48E-01,4.01E-01,3.24E-01,2.92E-01
099_S_4086,1.12E-01,9.59E-02,1.86E-01,1.90E-01,2.09E-01,1.96E-01,2.07E-01,1.61E-01,1.75E-01,1.44E-01,1.38E-01,2.23E-01,1.93E-01,1.59E-01,2.08E-01,1.86E-01,1.69E-01,1.79E-01,1.77E-01,1.88E-01,2.38E-01,2.59E-01,1.99E-01,2.44E-01,1.98E-01,2.10E-01,2.17E-01,2.04E-01,2.62E-01,2.00E-01,2.20E-01,1.99E-01,1.92E-01,1.91E-01,2.04E-01,1.57E-01,1.88E-01,1.79E-01,2.00E-01,2.33E-01,1.21E-01,1.86E-01,2.57E-01,1.73E-01,2.48E-01,1.89E-01,2.16E-01,2.39E-01,1.24E-01,2.24E-01,3.24E-01,2.65E-01,1.99E-01,2.22E-01,2.24E-01,2.77E-01,2.56E-01,2.19E-01,2.11E-01,1.88E-01,2.34E-01,2.93E-01,2.39E-01,2.15E-01,2.55E-01,2.23E-01,3.05E-01,2.15E-01,2.47E-01,2.70E-01,2.50E-01,2.31E-01,2.73E-01,1.91E-01,2.62E-01,2.71E-01,2.52E-01,2.42E-01,2.74E-01,3.35E-01,2.97E-01,2.69E-01,2.77E-01,3.21E-01,3.05E-01,2.94E-01,2.61E-01,2.65E-01,2.77E-01,3.30E-01,3.00E-01,3.29E-01,3.09E-01,3.06E-01,3.17E-01,2.39E-01,3.07E-01,4.15E-01,3.14E-01,2.78E-01,2.79E-01,2.94E-01,2.87E-01,2.91E-01,2.67E-01,2.39E-01,2.61E-01,3.11E-01,2.52E-01,3.07E-01,2.16E-01,2.73E-01,2.60E-01,2.69E-01,2.62E-01,2.43E-01,2.40E-01,2.21E-01,2.40E-01,2.24E-01,2.46E-01,2.82E-01,2.17E-01,2.61E-01,2.71E-01,2.28E-01,2.45E-01,2.84E-01,2.52E-01,2.84E-01,3.23E-01,2.62E-01,2.14E-01,2.44E-01,2.37E-01,2.88E-01,2.47E-01,2.07E-01,3.01E-01,2.31E-01,2.41E-01,2.28E-01,2.76E-01,2.27E-01,2.03E-01,1.99E-01,3.44E-01,2.87E-01,2.82E-01,3.35E-01,2.55E-01,3.21E-01,2.76E-01,2.30E-01,2.00E-01,3.03E-01,2.71E-01,3.52E-01,3.52E-01,3.63E-01,2.54E-01,2.99E-01,3.01E-01,3.34E-01,2.55E-01,2.33E-01,2.71E-01,3.12E-01,3.04E-01,3.02E-01,3.32E-01,3.24E-01,2.54E-01,2.66E-01,3.09E-01,2.82E-01,3.52E-01,2.86E-01,3.68E-01,2.60E-01,2.35E-01,2.84E-01,2.89E-01,2.96E-01,2.83E-01,2.92E-01,3.36E-01,3.17E-01,3.47E-01,3.38E-01,3.08E-01,2.89E-01,4.02E-01,2.97E-01,2.62E-01,4.53E-01,3.08E-01,3.55E-01,2.68E-01,2.29E-01
099_S_4104,1.54E-01,1.21E-01,2.36E-01,2.54E-01,2.82E-01,2.82E-01,2.92E-01,2.13E-01,2.17E-01,1.92E-01,1.95E-01,3.37E-01,2.61E-01,1.93E-01,2.72E-01,2.58E-01,2.52E-01,2.15E-01,2.32E-01,2.47E-01,3.24E-01,3.31E-01,2.47E-01,3.26E-01,2.87E-01,2.84E-01,3.15E-01,2.72E-01,3.37E-01,2.75E-01,2.86E-01,2.58E-01,2.52E-01,2.35E-01,2.80E-01,2.12E-01,2.60E-01,2.54E-01,2.46E-01,3.16E-01,1.67E-01,2.60E-01,3.03E-01,2.48E-01,3.11E-01,2.43E-01,3.14E-01,3.16E-01,1.59E-01,3.14E-01,3.89E-01,3.69E-01,2.58E-01,2.95E-01,2.89E-01,3.48E-01,2.79E-01,2.69E-01,3.13E-01,2.55E-01,3.04E-01,3.90E-01,2.96E-01,3.21E-01,3.25E-01,2.91E-01,3.96E-01,3.07E-01,2.94E-01,3.39E-01,3.19E-01,3.02E-01,3.85E-01,2.46E-01,3.96E-01,3.37E-01,3.14E-01,3.15E-01,3.69E-01,4.14E-01,3.34E-01,3.42E-01,3.36E-01,3.89E-01,3.59E-01,3.61E-01,3.27E-01,3.15E-01,3.17E-01,4.05E-01,3.59E-01,3.71E-01,4.13E-01,3.75E-01,3.86E-01,4.12E-01,3.64E-01,5.58E-01,3.95E-01,3.01E-01,3.94E-01,3.97E-01,3.75E-01,4.08E-01,3.86E-01,4.13E-01,4.49E-01,3.94E-01,3.52E-01,3.29E-01,3.51E-01,3.97E-01,2.90E-01,2.58E-01,3.19E-01,3.04E-01,3.05E-01,2.80E-01,3.12E-01,2.21E-01,2.82E-01,2.39E-01,2.64E-01,3.82E-01,4.47E-01,3.77E-01,3.37E-01,3.75E-01,4.14E-01,3.71E-01,4.02E-01,3.37E-01,3.77E-01,2.96E-01,2.88E-01,3.28E-01,3.61E-01,2.58E-01,3.42E-01,3.20E-01,2.66E-01,3.00E-01,3.45E-01,2.78E-01,2.80E-01,2.96E-01,3.69E-01,3.84E-01,3.70E-01,3.19E-01,3.27E-01,3.93E-01,3.54E-01,2.71E-01,2.60E-01,4.27E-01,3.96E-01,5.14E-01,3.99E-01,4.12E-01,3.81E-01,3.57E-01,3.82E-01,4.15E-01,4.47E-01,2.93E-01,2.91E-01,4.14E-01,3.51E-01,3.84E-01,3.76E-01,4.40E-01,3.92E-01,3.66E-01,4.05E-01,3.85E-01,4.48E-01,3.74E-01,3.86E-01,3.44E-01,3.98E-01,4.19E-01,3.82E-01,3.79E-01,4.10E-01,3.34E-01,3.86E-01,4.00E-01,4.48E-01,4.10E-01,4.35E-01,3.40E-01,4.08E-01,4.16E-01,3.11E-01,5.70E-01,3.91E-01,5.11E-01,3.97E-01,3.28E-01
099_S_4994,1.34E-01,1.01E-01,1.85E-01,2.26E-01,2.35E-01,2.32E-01,2.29E-01,1.61E-01,1.69E-01,1.50E-01,1.53E-01,2.84E-01,2.10E-01,1.55E-01,2.19E-01,2.08E-01,2.01E-01,1.76E-01,2.20E-01,1.88E-01,2.06E-01,2.56E-01,2.11E-01,2.69E-01,2.21E-01,2.40E-01,2.59E-01,2.17E-01,2.02E-01,2.33E-01,2.19E-01,2.07E-01,2.13E-01,1.82E-01,2.19E-01,1.92E-01,2.15E-01,2.53E-01,1.88E-01,2.63E-01,1.23E-01,2.05E-01,2.36E-01,1.93E-01,2.62E-01,2.13E-01,2.47E-01,2.94E-01,1.32E-01,2.83E-01,3.45E-01,3.70E-01,2.11E-01,1.68E-01,2.45E-01,2.41E-01,2.51E-01,2.06E-01,2.20E-01,1.91E-01,2.07E-01,2.82E-01,2.48E-01,2.39E-01,2.62E-01,2.64E-01,2.56E-01,2.58E-01,2.30E-01,2.93E-01,2.43E-01,2.41E-01,3.21E-01,1.98E-01,2.82E-01,2.20E-01,2.64E-01,2.71E-01,3.12E-01,4.11E-01,3.55E-01,2.95E-01,3.06E-01,2.39E-01,2.26E-01,2.60E-01,2.56E-01,2.64E-01,2.67E-01,3.64E-01,3.11E-01,2.78E-01,3.26E-01,2.78E-01,2.97E-01,2.97E-01,2.62E-01,3.55E-01,2.92E-01,2.35E-01,3.72E-01,3.55E-01,3.52E-01,3.79E-01,2.96E-01,3.19E-01,3.64E-01,3.31E-01,3.21E-01,2.50E-01,2.31E-01,2.83E-01,2.65E-01,2.31E-01,2.62E-01,2.59E-01,3.08E-01,2.76E-01,3.11E-01,2.70E-01,2.52E-01,2.71E-01,2.78E-01,3.09E-01,3.23E-01,2.90E-01,2.95E-01,2.64E-01,2.88E-01,2.64E-01,3.24E-01,3.20E-01,2.21E-01,2.50E-01,2.27E-01,2.70E-01,2.74E-01,2.24E-01,2.88E-01,2.47E-01,2.55E-01,2.73E-01,2.41E-01,2.37E-01,2.43E-01,2.24E-01,3.50E-01,3.15E-01,2.94E-01,2.76E-01,3.25E-01,3.12E-01,2.98E-01,2.54E-01,2.13E-01,3.49E-01,3.68E-01,4.57E-01,4.09E-01,3.84E-01,3.34E-01,3.31E-01,3.24E-01,3.43E-01,2.99E-01,3.17E-01,2.50E-01,3.12E-01,2.83E-01,3.48E-01,3.64E-01,3.64E-01,2.98E-01,3.88E-01,3.51E-01,3.15E-01,4.03E-01,2.89E-01,4.12E-01,3.20E-01,2.96E-01,2.83E-01,3.18E-01,3.32E-01,3.19E-01,3.00E-01,3.53E-01,3.70E-01,3.90E-01,3.78E-01,4.16E-01,3.21E-01,4.09E-01,3.28E-01,2.39E-01,5.32E-01,3.31E-01,4.13E-01,3.24E-01,3.02E-01
100_S_0035,1.54E-01,1.12E-01,1.94E-01,2.26E-01,2.23E-01,2.24E-01,3.01E-01,2.03E-01,2.10E-01,1.81E-01,1.57E-01,2.53E-01,2.30E-01,1.69E-01,2.10E-01,2.18E-01,2.13E-01,2.30E-01,2.25E-01,2.29E-01,3.00E-01,2.90E-01,2.26E-01,2.84E-01,2.38E-01,2.51E-01,2.30E-01,2.27E-01,3.48E-01,2.62E-01,2.38E-01,2.27E-01,2.04E-01,2.06E-01,2.44E-01,2.05E-01,2.34E-01,2.38E-01,2.27E-01,2.56E-01,1.43E-01,2.19E-01,2.96E-01,2.00E-01,3.05E-01,2.26E-01,2.68E-01,3.26E-01,1.66E-01,3.11E-01,4.32E-01,3.80E-01,2.50E-01,2.77E-01,2.95E-01,3.42E-01,2.78E-01,2.26E-01,2.60E-01,2.12E-01,2.41E-01,3.71E-01,2.82E-01,2.57E-01,2.86E-01,2.89E-01,3.26E-01,2.33E-01,2.98E-01,3.56E-01,3.24E-01,2.42E-01,2.82E-01,2.32E-01,2.46E-01,2.80E-01,2.71E-01,2.78E-01,3.16E-01,4.47E-01,3.81E-01,3.56E-01,3.14E-01,3.71E-01,3.82E-01,3.01E-01,2.66E-01,3.29E-01,3.03E-01,3.68E-01,2.99E-01,4.15E-01,4.23E-01,3.43E-01,3.78E-01,2.69E-01,3.30E-01,5.05E-01,3.04E-01,2.76E-01,3.78E-01,3.46E-01,3.09E-01,3.21E-01,2.95E-01,2.95E-01,3.67E-01,3.69E-01,3.06E-01,3.28E-01,2.35E-01,2.93E-01,2.67E-01,2.58E-01,3.00E-01,2.56E-01,2.45E-01,2.69E-01,2.68E-01,2.61E-01,2.49E-01,2.94E-01,2.56E-01,2.82E-01,3.11E-01,2.78E-01,2.67E-01,3.06E-01,3.03E-01,2.95E-01,3.47E-01,2.78E-01,2.44E-01,2.39E-01,2.08E-01,2.81E-01,2.52E-01,2.17E-01,2.85E-01,2.35E-01,2.50E-01,2.24E-01,3.03E-01,2.68E-01,2.65E-01,2.59E-01,3.60E-01,3.42E-01,2.89E-01,2.99E-01,2.98E-01,3.94E-01,3.43E-01,2.66E-01,2.48E-01,4.32E-01,4.22E-01,5.27E-01,4.19E-01,3.78E-01,3.69E-01,3.23E-01,3.90E-01,4.32E-01,3.09E-01,2.51E-01,3.28E-01,3.71E-01,3.29E-01,3.61E-01,3.80E-01,3.83E-01,2.81E-01,2.91E-01,3.76E-01,3.75E-01,4.55E-01,3.32E-01,3.74E-01,2.92E-01,2.96E-01,3.50E-01,3.46E-01,3.03E-01,3.06E-01,2.65E-01,4.01E-01,4.19E-01,4.07E-01,3.79E-01,4.21E-01,3.20E-01,4.35E-01,3.03E-01,2.69E-01,5.48E-01,3.39E-01,3.75E-01,3.51E-01,2.82E-01
100_S_0047,1.39E-01,1.12E-01,2.20E-01,2.40E-01,2.50E-01,2.33E-01,2.69E-01,1.84E-01,1.95E-01,1.66E-01,1.58E-01,2.86E-01,2.09E-01,1.71E-01,2.06E-01,2.06E-01,1.95E-01,1.99E-01,2.23E-01,2.11E-01,2.75E-01,2.76E-01,2.28E-01,2.91E-01,2.34E-01,2.55E-01,2.56E-01,2.28E-01,3.19E-01,2.35E-01,2.43E-01,2.36E-01,2.34E-01,2.24E-01,2.30E-01,2.07E-01,2.44E-01,2.48E-01,2.14E-01,2.61E-01,1.43E-01,2.11E-01,2.89E-01,2.10E-01,2.86E-01,2.24E-01,2.55E-01,2.64E-01,1.54E-01,2.92E-01,3.68E-01,3.11E-01,2.61E-01,2.67E-01,2.64E-01,3.44E-01,2.79E-01,2.48E-01,2.94E-01,2.28E-01,2.74E-01,2.92E-01,2.71E-01,2.88E-01,2.87E-01,2.94E-01,3.73E-01,2.88E-01,2.58E-01,2.81E-01,3.30E-01,2.83E-01,3.06E-01,2.48E-01,3.28E-01,2.85E-01,2.96E-01,2.98E-01,3.22E-01,3.80E-01,3.47E-01,2.86E-01,3.83E-01,3.63E-01,3.46E-01,3.33E-01,2.56E-01,2.74E-01,2.84E-01,3.19E-01,3.19E-01,3.60E-01,3.49E-01,3.54E-01,3.33E-01,3.18E-01,3.15E-01,4.58E-01,3.26E-01,2.21E-01,3.60E-01,3.44E-01,3.51E-01,3.61E-01,2.93E-01,3.42E-01,3.87E-01,3.59E-01,3.21E-01,2.91E-01,2.69E-01,3.10E-01,2.87E-01,2.44E-01,2.48E-01,2.56E-01,2.90E-01,2.62E-01,2.99E-01,2.58E-01,2.46E-01,2.35E-01,2.74E-01,2.96E-01,3.25E-01,2.56E-01,2.99E-01,2.99E-01,2.70E-01,2.84E-01,3.61E-01,2.46E-01,2.77E-01,3.36E-01,2.63E-01,3.08E-01,2.93E-01,2.19E-01,3.13E-01,3.05E-01,2.38E-01,2.60E-01,2.63E-01,2.69E-01,2.71E-01,2.52E-01,3.30E-01,2.96E-01,2.79E-01,2.77E-01,2.71E-01,3.28E-01,3.55E-01,2.81E-01,1.91E-01,3.36E-01,3.17E-01,4.61E-01,3.76E-01,3.91E-01,4.17E-01,3.76E-01,3.59E-01,3.76E-01,3.12E-01,2.93E-01,2.55E-01,3.69E-01,3.01E-01,3.47E-01,3.82E-01,4.33E-01,3.45E-01,3.23E-01,3.27E-01,3.22E-01,4.11E-01,3.10E-01,3.79E-01,3.20E-01,3.13E-01,3.18E-01,3.76E-01,2.94E-01,3.09E-01,2.88E-01,3.41E-01,3.37E-01,3.22E-01,4.00E-01,4.54E-01,3.54E-01,3.67E-01,3.81E-01,2.83E-01,4.64E-01,3.72E-01,4.26E-01,3.30E-01,2.78E-01
100_S_1062,1.48E-01,1.16E-01,2.19E-01,2.37E-01,2.52E-01,2.44E-01,2.96E-01,2.12E-01,2.19E-01,2.03E-01,1.86E-01,2.88E-01,2.23E-01,1.95E-01,2.50E-01,2.54E-01,2.50E-01,2.42E-01,2.54E-01,2.64E-01,3.10E-01,3.10E-01,2.65E-01,3.10E-01,2.73E-01,2.75E-01,2.76E-01,2.64E-01,3.20E-01,2.96E-01,3.07E-01,2.71E-01,2.75E-01,2.66E-01,2.90E-01,2.26E-01,2.79E-01,2.86E-01,2.55E-01,2.64E-01,1.47E-01,2.43E-01,3.31E-01,2.32E-01,3.06E-01,2.30E-01,3.08E-01,3.32E-01,1.60E-01,3.06E-01,3.87E-01,3.56E-01,2.72E-01,2.75E-01,2.79E-01,3.62E-01,3.47E-01,2.60E-01,3.00E-01,2.46E-01,2.97E-01,3.60E-01,2.94E-01,2.96E-01,3.26E-01,3.02E-01,4.08E-01,2.66E-01,3.28E-01,3.11E-01,2.96E-01,2.93E-01,3.64E-01,2.54E-01,3.35E-01,3.67E-01,3.36E-01,3.25E-01,3.79E-01,4.27E-01,3.18E-01,3.34E-01,3.31E-01,4.22E-01,3.80E-01,3.61E-01,2.91E-01,2.99E-01,3.78E-01,3.76E-01,3.52E-01,3.78E-01,3.95E-01,3.73E-01,4.01E-01,3.18E-01,3.48E-01,4.37E-01,3.57E-01,2.86E-01,3.67E-01,3.49E-01,3.80E-01,3.73E-01,3.00E-01,3.49E-01,4.25E-01,4.32E-01,4.10E-01,3.16E-01,2.83E-01,3.15E-01,3.08E-01,3.08E-01,2.33E-01,3.17E-01,3.04E-01,2.96E-01,3.13E-01,3.02E-01,2.86E-01,2.70E-01,3.26E-01,3.13E-01,3.59E-01,3.23E-01,3.14E-01,3.39E-01,3.68E-01,3.50E-01,3.61E-01,3.66E-01,3.41E-01,3.05E-01,2.74E-01,3.54E-01,3.48E-01,2.62E-01,3.53E-01,3.27E-01,2.76E-01,3.07E-01,3.18E-01,2.80E-01,2.57E-01,2.59E-01,3.80E-01,3.32E-01,3.03E-01,3.28E-01,3.32E-01,3.71E-01,3.29E-01,2.72E-01,2.25E-01,4.40E-01,3.65E-01,4.77E-01,3.90E-01,3.65E-01,3.86E-01,3.51E-01,3.61E-01,3.59E-01,3.85E-01,3.30E-01,3.25E-01,3.86E-01,3.87E-01,4.02E-01,3.93E-01,4.27E-01,3.41E-01,3.89E-01,4.12E-01,3.90E-01,4.42E-01,2.98E-01,4.45E-01,4.11E-01,3.29E-01,3.73E-01,4.25E-01,3.37E-01,4.04E-01,3.71E-01,3.69E-01,3.78E-01,3.62E-01,4.10E-01,4.01E-01,4.10E-01,3.65E-01,3.82E-01,3.31E-01,5.17E-01,3.58E-01,4.51E-01,4.14E-01,3.33E-01
109_S_1013,1.40E-01,1.06E-01,2.11E-01,2.28E-01,2.28E-01,2.66E-01,2.52E-01,1.93E-01,1.95E-01,1.56E-01,1.72E-01,3.33E-01,2.18E-01,1.77E-01,2.34E-01,2.04E-01,2.14E-01,1.68E-01,2.07E-01,2.27E-01,2.83E-01,2.69E-01,2.39E-01,2.97E-01,2.23E-01,2.72E-01,2.43E-01,2.30E-01,3.17E-01,2.36E-01,2.40E-01,2.54E-01,2.34E-01,2.40E-01,2.29E-01,1.93E-01,2.18E-01,2.07E-01,1.95E-01,2.59E-01,1.50E-01,2.22E-01,2.71E-01,2.22E-01,2.83E-01,2.01E-01,2.26E-01,2.61E-01,1.48E-01,2.82E-01,4.35E-01,4.10E-01,2.54E-01,2.71E-01,2.74E-01,3.09E-01,2.59E-01,2.47E-01,2.79E-01,2.16E-01,2.28E-01,2.85E-01,2.74E-01,2.61E-01,2.75E-01,2.93E-01,3.33E-01,2.97E-01,3.20E-01,2.82E-01,2.58E-01,2.81E-01,3.54E-01,2.34E-01,3.05E-01,2.76E-01,2.76E-01,2.81E-01,3.34E-01,4.43E-01,2.84E-01,2.80E-01,3.43E-01,3.36E-01,3.31E-01,3.23E-01,2.58E-01,2.74E-01,2.64E-01,2.92E-01,3.17E-01,3.63E-01,3.68E-01,2.69E-01,3.54E-01,3.26E-01,2.98E-01,4.64E-01,3.23E-01,2.76E-01,3.22E-01,2.99E-01,3.36E-01,3.33E-01,2.53E-01,3.38E-01,3.66E-01,3.47E-01,2.87E-01,2.42E-01,2.31E-01,3.56E-01,2.78E-01,2.72E-01,3.29E-01,2.78E-01,3.06E-01,2.62E-01,2.75E-01,2.33E-01,2.81E-01,2.81E-01,2.33E-01,3.07E-01,3.27E-01,3.15E-01,3.06E-01,3.16E-01,3.40E-01,2.47E-01,3.37E-01,2.73E-01,2.89E-01,3.13E-01,2.49E-01,3.13E-01,3.14E-01,2.32E-01,3.12E-01,3.08E-01,2.36E-01,2.76E-01,2.55E-01,2.38E-01,2.54E-01,2.49E-01,3.84E-01,3.41E-01,3.37E-01,2.95E-01,3.09E-01,3.26E-01,3.48E-01,2.48E-01,2.36E-01,3.68E-01,4.36E-01,5.14E-01,4.34E-01,4.04E-01,3.84E-01,3.09E-01,3.13E-01,3.86E-01,3.32E-01,2.89E-01,2.70E-01,3.24E-01,3.11E-01,3.66E-01,3.46E-01,3.57E-01,3.31E-01,3.44E-01,3.71E-01,3.35E-01,4.43E-01,3.03E-01,3.39E-01,3.40E-01,3.28E-01,3.05E-01,3.38E-01,2.80E-01,3.84E-01,3.06E-01,3.44E-01,3.53E-01,3.58E-01,3.57E-01,4.19E-01,3.05E-01,4.05E-01,2.90E-01,2.74E-01,4.57E-01,3.64E-01,3.79E-01,2.90E-01,2.59E-01
114_S_0166,1.33E-01,9.93E-02,1.74E-01,1.91E-01,2.27E-01,2.08E-01,2.43E-01,1.76E-01,1.82E-01,1.59E-01,1.59E-01,2.49E-01,2.07E-01,1.54E-01,1.92E-01,1.89E-01,1.81E-01,1.70E-01,2.23E-01,1.96E-01,2.29E-01,2.64E-01,2.23E-01,2.34E-01,2.24E-01,2.26E-01,2.22E-01,2.01E-01,2.60E-01,2.64E-01,2.37E-01,2.47E-01,2.32E-01,2.30E-01,2.11E-01,1.69E-01,2.24E-01,2.25E-01,2.00E-01,2.35E-01,1.22E-01,1.94E-01,2.39E-01,1.95E-01,2.52E-01,2.05E-01,2.46E-01,2.71E-01,1.34E-01,2.60E-01,3.59E-01,2.80E-01,2.56E-01,1.98E-01,2.37E-01,2.76E-01,2.81E-01,2.33E-01,2.63E-01,2.26E-01,2.42E-01,3.13E-01,2.33E-01,2.36E-01,2.51E-01,2.37E-01,3.07E-01,2.45E-01,2.18E-01,3.02E-01,2.79E-01,2.54E-01,3.28E-01,2.08E-01,3.03E-01,2.38E-01,2.78E-01,2.46E-01,3.35E-01,3.42E-01,3.21E-01,2.68E-01,3.20E-01,2.98E-01,2.81E-01,2.98E-01,2.29E-01,2.41E-01,2.75E-01,2.95E-01,2.89E-01,3.18E-01,3.43E-01,2.88E-01,2.84E-01,3.18E-01,3.12E-01,3.22E-01,3.02E-01,2.33E-01,3.69E-01,4.03E-01,3.01E-01,3.10E-01,3.16E-01,3.12E-01,3.23E-01,3.24E-01,3.08E-01,2.67E-01,2.80E-01,2.88E-01,2.60E-01,2.69E-01,2.63E-01,2.59E-01,2.89E-01,2.56E-01,2.74E-01,2.39E-01,2.83E-01,2.96E-01,2.72E-01,2.74E-01,2.99E-01,2.74E-01,2.55E-01,3.06E-01,3.00E-01,3.31E-01,3.14E-01,3.14E-01,3.30E-01,2.70E-01,2.69E-01,2.97E-01,3.11E-01,1.95E-01,3.37E-01,2.49E-01,2.43E-01,2.46E-01,2.74E-01,2.22E-01,2.21E-01,2.24E-01,3.17E-01,2.84E-01,2.81E-01,2.81E-01,2.85E-01,3.09E-01,2.70E-01,2.16E-01,1.97E-01,3.52E-01,3.22E-01,4.18E-01,3.54E-01,3.19E-01,3.75E-01,3.33E-01,2.84E-01,2.85E-01,3.13E-01,3.07E-01,2.58E-01,3.15E-01,2.56E-01,3.11E-01,3.31E-01,3.33E-01,2.75E-01,2.96E-01,2.77E-01,2.65E-01,3.40E-01,2.68E-01,3.21E-01,2.58E-01,2.88E-01,3.56E-01,3.35E-01,3.44E-01,2.61E-01,2.79E-01,3.42E-01,3.24E-01,3.29E-01,3.08E-01,3.88E-01,2.60E-01,3.63E-01,3.63E-01,2.37E-01,3.73E-01,2.93E-01,3.63E-01,3.40E-01,2.70E-01
114_S_0173,1.47E-01,1.06E-01,1.98E-01,2.20E-01,2.38E-01,2.44E-01,2.72E-01,1.77E-01,1.83E-01,1.71E-01,1.68E-01,2.90E-01,2.05E-01,1.52E-01,1.99E-01,1.98E-01,1.75E-01,2.02E-01,2.09E-01,1.98E-01,2.83E-01,2.64E-01,2.22E-01,2.70E-01,2.26E-01,2.61E-01,2.35E-01,2.13E-01,2.37E-01,2.73E-01,2.42E-01,2.17E-01,2.16E-01,2.37E-01,2.11E-01,1.78E-01,2.01E-01,2.03E-01,1.97E-01,2.39E-01,1.35E-01,2.16E-01,2.84E-01,2.09E-01,2.80E-01,2.05E-01,2.39E-01,2.93E-01,1.51E-01,2.77E-01,4.40E-01,3.75E-01,2.67E-01,2.19E-01,2.79E-01,3.10E-01,2.56E-01,2.42E-01,2.39E-01,2.07E-01,2.43E-01,3.45E-01,2.90E-01,2.65E-01,2.77E-01,2.94E-01,3.08E-01,2.60E-01,2.77E-01,3.07E-01,2.74E-01,2.59E-01,3.21E-01,2.37E-01,3.13E-01,2.68E-01,3.12E-01,2.92E-01,3.30E-01,4.53E-01,3.22E-01,2.71E-01,3.30E-01,3.08E-01,3.37E-01,2.99E-01,2.76E-01,2.74E-01,3.15E-01,3.53E-01,3.17E-01,3.35E-01,3.48E-01,3.25E-01,3.49E-01,2.89E-01,3.15E-01,3.76E-01,3.25E-01,2.53E-01,3.61E-01,2.91E-01,3.24E-01,3.00E-01,2.56E-01,3.36E-01,3.81E-01,3.81E-01,3.61E-01,3.10E-01,2.90E-01,3.51E-01,2.87E-01,2.65E-01,2.72E-01,2.93E-01,3.17E-01,2.82E-01,2.88E-01,2.42E-01,2.59E-01,2.42E-01,2.84E-01,2.97E-01,3.23E-01,2.83E-01,2.91E-01,2.85E-01,2.93E-01,2.95E-01,3.50E-01,2.71E-01,2.57E-01,3.28E-01,2.30E-01,3.04E-01,2.79E-01,2.53E-01,3.16E-01,3.01E-01,2.43E-01,2.57E-01,3.08E-01,2.37E-01,2.46E-01,2.45E-01,4.06E-01,3.22E-01,3.17E-01,2.66E-01,3.02E-01,3.01E-01,2.79E-01,2.40E-01,2.32E-01,3.95E-01,3.74E-01,5.11E-01,4.29E-01,2.91E-01,3.69E-01,3.31E-01,3.44E-01,3.39E-01,2.99E-01,2.88E-01,2.89E-01,3.57E-01,3.31E-01,3.68E-01,3.64E-01,4.19E-01,2.70E-01,3.13E-01,3.82E-01,3.25E-01,3.63E-01,2.86E-01,3.67E-01,3.39E-01,3.12E-01,3.30E-01,3.84E-01,3.22E-01,3.15E-01,3.33E-01,3.35E-01,3.70E-01,3.49E-01,3.66E-01,3.60E-01,2.97E-01,3.76E-01,3.46E-01,2.84E-01,4.94E-01,3.53E-01,4.06E-01,3.25E-01,2.64E-01
114_S_0374,1.27E-01,9.61E-02,1.97E-01,1.98E-01,2.14E-01,1.93E-01,2.21E-01,1.49E-01,1.72E-01,1.46E-01,1.43E-01,2.19E-01,1.88E-01,1.45E-01,1.81E-01,1.72E-01,1.82E-01,1.58E-01,2.05E-01,2.07E-01,2.40E-01,2.60E-01,2.11E-01,2.76E-01,2.63E-01,2.19E-01,2.22E-01,2.09E-01,2.47E-01,2.16E-01,2.05E-01,2.24E-01,2.35E-01,1.96E-01,2.24E-01,1.56E-01,2.04E-01,2.43E-01,1.97E-01,2.56E-01,1.21E-01,1.95E-01,2.61E-01,1.80E-01,2.24E-01,1.93E-01,2.74E-01,2.21E-01,1.20E-01,2.18E-01,3.78E-01,3.75E-01,2.73E-01,1.91E-01,2.64E-01,2.49E-01,2.38E-01,2.10E-01,2.15E-01,1.77E-01,1.94E-01,2.38E-01,2.50E-01,2.54E-01,2.16E-01,2.39E-01,2.75E-01,2.06E-01,2.51E-01,1.94E-01,1.62E-01,2.30E-01,2.91E-01,1.94E-01,2.70E-01,2.18E-01,2.60E-01,2.50E-01,2.89E-01,3.84E-01,2.04E-01,2.09E-01,3.61E-01,2.36E-01,2.62E-01,2.76E-01,2.72E-01,1.75E-01,2.48E-01,2.68E-01,2.60E-01,2.73E-01,2.53E-01,2.26E-01,2.79E-01,3.18E-01,2.96E-01,3.38E-01,3.37E-01,2.54E-01,2.93E-01,3.05E-01,3.24E-01,3.10E-01,2.70E-01,2.85E-01,3.20E-01,3.30E-01,3.03E-01,2.71E-01,2.57E-01,2.71E-01,2.47E-01,2.17E-01,2.55E-01,2.39E-01,2.65E-01,2.34E-01,2.23E-01,1.94E-01,2.27E-01,1.99E-01,2.24E-01,2.73E-01,3.02E-01,2.36E-01,2.26E-01,2.78E-01,2.54E-01,2.53E-01,2.93E-01,2.77E-01,2.43E-01,2.28E-01,2.19E-01,2.67E-01,2.40E-01,1.93E-01,2.30E-01,2.27E-01,2.02E-01,2.48E-01,2.48E-01,1.83E-01,1.88E-01,1.82E-01,2.91E-01,2.81E-01,2.63E-01,2.52E-01,2.85E-01,2.54E-01,2.60E-01,1.83E-01,1.74E-01,3.05E-01,3.91E-01,4.61E-01,3.84E-01,2.03E-01,4.16E-01,2.93E-01,2.91E-01,2.35E-01,3.13E-01,2.25E-01,2.48E-01,2.58E-01,2.69E-01,3.17E-01,2.43E-01,3.14E-01,3.16E-01,2.54E-01,2.88E-01,2.77E-01,2.98E-01,1.86E-01,2.91E-01,2.60E-01,2.66E-01,2.93E-01,3.23E-01,2.91E-01,2.64E-01,3.06E-01,2.68E-01,2.80E-01,2.13E-01,2.91E-01,4.57E-01,2.71E-01,2.75E-01,2.94E-01,2.82E-01,3.95E-01,2.28E-01,3.38E-01,3.03E-01,2.68E-01
114_S_0416,1.43E-01,1.01E-01,1.95E-01,2.16E-01,2.27E-01,2.19E-01,2.59E-01,1.81E-01,1.89E-01,1.70E-01,1.60E-01,2.75E-01,2.11E-01,1.59E-01,2.21E-01,1.93E-01,1.86E-01,1.66E-01,2.11E-01,1.93E-01,2.49E-01,2.75E-01,2.21E-01,2.66E-01,2.32E-01,2.20E-01,2.18E-01,2.13E-01,2.88E-01,2.45E-01,2.27E-01,2.39E-01,2.55E-01,2.32E-01,1.95E-01,1.66E-01,1.94E-01,2.35E-01,1.95E-01,2.03E-01,1.26E-01,2.14E-01,2.41E-01,1.98E-01,2.43E-01,2.02E-01,2.21E-01,2.78E-01,1.36E-01,2.56E-01,3.35E-01,2.99E-01,2.44E-01,2.54E-01,2.40E-01,2.99E-01,2.57E-01,2.15E-01,2.34E-01,1.92E-01,2.07E-01,3.00E-01,2.33E-01,2.69E-01,2.69E-01,2.49E-01,3.21E-01,2.21E-01,2.43E-01,3.09E-01,2.81E-01,2.52E-01,3.33E-01,2.07E-01,2.59E-01,2.36E-01,2.79E-01,2.64E-01,3.12E-01,3.28E-01,3.00E-01,3.06E-01,3.24E-01,3.57E-01,2.92E-01,2.98E-01,2.40E-01,2.72E-01,3.10E-01,2.98E-01,2.87E-01,3.53E-01,3.45E-01,3.66E-01,3.21E-01,2.74E-01,3.06E-01,4.27E-01,3.62E-01,2.50E-01,3.55E-01,3.17E-01,3.29E-01,3.45E-01,2.66E-01,3.17E-01,3.67E-01,3.48E-01,3.13E-01,2.58E-01,2.58E-01,3.02E-01,2.43E-01,2.31E-01,2.89E-01,2.52E-01,2.80E-01,2.47E-01,2.65E-01,2.23E-01,2.74E-01,2.73E-01,2.83E-01,3.06E-01,3.71E-01,2.78E-01,2.72E-01,2.83E-01,3.17E-01,2.67E-01,3.41E-01,2.90E-01,2.45E-01,2.84E-01,2.42E-01,3.22E-01,2.30E-01,1.85E-01,3.02E-01,3.13E-01,2.26E-01,2.12E-01,2.12E-01,2.59E-01,2.25E-01,2.46E-01,2.94E-01,2.94E-01,2.81E-01,2.58E-01,2.65E-01,3.12E-01,2.76E-01,2.41E-01,2.30E-01,3.32E-01,3.02E-01,3.93E-01,3.12E-01,3.20E-01,3.22E-01,3.12E-01,2.91E-01,3.50E-01,2.50E-01,2.59E-01,2.50E-01,2.89E-01,2.92E-01,3.19E-01,3.37E-01,3.67E-01,2.86E-01,3.01E-01,2.81E-01,2.82E-01,3.68E-01,2.97E-01,3.00E-01,2.58E-01,2.69E-01,2.94E-01,3.06E-01,3.12E-01,3.09E-01,3.02E-01,3.34E-01,3.43E-01,3.19E-01,3.82E-01,3.92E-01,3.21E-01,3.33E-01,3.31E-01,2.50E-01,4.83E-01,2.97E-01,3.77E-01,3.34E-01,2.51E-01
116_S_0657,1.39E-01,1.00E-01,1.80E-01,2.04E-01,2.36E-01,2.20E-01,2.56E-01,1.77E-01,1.81E-01,1.82E-01,1.70E-01,2.88E-01,1.95E-01,1.52E-01,1.94E-01,1.80E-01,1.73E-01,1.62E-01,1.95E-01,1.89E-01,2.71E-01,2.71E-01,2.27E-01,2.69E-01,2.33E-01,2.40E-01,2.73E-01,2.22E-01,2.70E-01,2.62E-01,2.49E-01,2.57E-01,2.81E-01,2.02E-01,2.13E-01,2.01E-01,2.22E-01,2.17E-01,2.05E-01,2.40E-01,1.50E-01,2.34E-01,2.77E-01,1.97E-01,2.49E-01,1.97E-01,2.24E-01,2.76E-01,1.51E-01,2.75E-01,3.91E-01,3.00E-01,2.50E-01,2.45E-01,2.64E-01,3.10E-01,2.62E-01,2.13E-01,2.11E-01,1.82E-01,2.38E-01,3.07E-01,2.71E-01,2.79E-01,2.50E-01,2.74E-01,3.07E-01,2.07E-01,2.85E-01,2.63E-01,2.81E-01,2.70E-01,2.85E-01,2.21E-01,2.37E-01,2.67E-01,2.78E-01,2.65E-01,3.09E-01,4.08E-01,3.63E-01,2.78E-01,3.37E-01,3.20E-01,3.15E-01,3.09E-01,2.63E-01,2.72E-01,2.67E-01,3.19E-01,2.52E-01,3.52E-01,3.43E-01,3.26E-01,3.15E-01,2.55E-01,3.25E-01,4.09E-01,3.50E-01,2.68E-01,3.51E-01,3.42E-01,3.03E-01,3.17E-01,3.18E-01,3.47E-01,3.50E-01,3.67E-01,3.32E-01,3.14E-01,3.09E-01,3.30E-01,2.25E-01,2.41E-01,2.05E-01,2.22E-01,2.51E-01,2.01E-01,2.24E-01,2.23E-01,2.20E-01,1.93E-01,2.12E-01,2.89E-01,3.25E-01,2.66E-01,2.87E-01,2.70E-01,2.78E-01,2.92E-01,3.45E-01,2.55E-01,2.58E-01,2.46E-01,2.04E-01,2.60E-01,2.52E-01,2.15E-01,2.78E-01,3.06E-01,2.51E-01,2.31E-01,2.94E-01,2.36E-01,2.60E-01,2.50E-01,3.49E-01,3.03E-01,2.68E-01,2.44E-01,2.52E-01,3.53E-01,2.95E-01,2.51E-01,2.41E-01,3.79E-01,3.38E-01,4.15E-01,4.04E-01,3.53E-01,3.46E-01,3.17E-01,3.29E-01,3.48E-01,3.53E-01,2.14E-01,3.02E-01,3.18E-01,2.95E-01,3.69E-01,3.79E-01,4.01E-01,2.28E-01,2.70E-01,3.42E-01,2.83E-01,3.71E-01,3.07E-01,3.52E-01,3.03E-01,3.21E-01,3.20E-01,3.65E-01,2.53E-01,2.84E-01,3.08E-01,3.11E-01,3.47E-01,3.64E-01,4.09E-01,3.74E-01,3.01E-01,4.10E-01,3.03E-01,2.61E-01,4.42E-01,3.79E-01,4.47E-01,3.13E-01,2.69E-01
116_S_4010,1.33E-01,1.06E-01,1.90E-01,2.26E-01,2.49E-01,2.49E-01,2.53E-01,1.90E-01,1.87E-01,1.70E-01,1.68E-01,2.55E-01,2.37E-01,1.78E-01,2.30E-01,2.19E-01,2.10E-01,2.05E-01,2.32E-01,2.27E-01,2.55E-01,2.54E-01,2.22E-01,2.50E-01,2.53E-01,2.50E-01,2.53E-01,2.48E-01,2.88E-01,2.35E-01,2.47E-01,2.26E-01,2.45E-01,2.25E-01,2.55E-01,2.10E-01,2.32E-01,2.40E-01,2.35E-01,2.77E-01,1.39E-01,1.96E-01,2.47E-01,2.15E-01,2.80E-01,2.22E-01,2.60E-01,2.99E-01,1.46E-01,2.64E-01,4.17E-01,3.54E-01,2.40E-01,2.33E-01,2.75E-01,3.35E-01,2.61E-01,2.26E-01,2.63E-01,2.37E-01,2.27E-01,3.31E-01,2.58E-01,2.42E-01,2.99E-01,2.74E-01,3.05E-01,2.49E-01,2.65E-01,2.96E-01,3.14E-01,2.57E-01,3.13E-01,2.22E-01,2.62E-01,2.73E-01,2.87E-01,2.80E-01,3.14E-01,4.12E-01,3.40E-01,3.30E-01,3.55E-01,3.22E-01,3.34E-01,2.87E-01,2.61E-01,3.12E-01,3.02E-01,3.25E-01,3.37E-01,3.73E-01,3.65E-01,3.38E-01,3.41E-01,2.85E-01,2.96E-01,4.12E-01,3.02E-01,2.52E-01,3.60E-01,3.82E-01,3.09E-01,3.33E-01,3.37E-01,3.00E-01,3.47E-01,3.39E-01,2.89E-01,2.64E-01,2.74E-01,2.62E-01,2.80E-01,2.78E-01,2.89E-01,2.81E-01,2.91E-01,2.80E-01,2.83E-01,2.70E-01,2.60E-01,2.65E-01,2.34E-01,2.62E-01,2.91E-01,2.43E-01,2.74E-01,2.75E-01,2.65E-01,2.46E-01,3.20E-01,2.79E-01,2.93E-01,2.37E-01,2.46E-01,2.84E-01,3.02E-01,2.35E-01,2.81E-01,2.69E-01,2.80E-01,2.69E-01,2.81E-01,2.43E-01,2.49E-01,2.33E-01,3.47E-01,3.56E-01,3.43E-01,2.84E-01,3.00E-01,3.43E-01,3.23E-01,2.62E-01,2.25E-01,3.80E-01,3.84E-01,4.92E-01,3.90E-01,3.14E-01,3.48E-01,3.12E-01,3.21E-01,3.70E-01,3.16E-01,3.14E-01,3.20E-01,3.51E-01,3.11E-01,3.69E-01,3.71E-01,3.59E-01,3.37E-01,2.95E-01,3.36E-01,3.53E-01,3.86E-01,2.79E-01,3.83E-01,3.17E-01,2.98E-01,3.24E-01,3.69E-01,3.45E-01,3.32E-01,3.15E-01,3.83E-01,3.73E-01,3.82E-01,3.53E-01,4.00E-01,3.38E-01,3.38E-01,3.37E-01,2.35E-01,4.56E-01,3.69E-01,3.49E-01,3.25E-01,2.86E-01
116_S_4043,1.45E-01,1.11E-01,2.13E-01,2.29E-01,2.41E-01,2.44E-01,2.66E-01,1.91E-01,2.00E-01,1.75E-01,1.73E-01,3.26E-01,2.30E-01,1.84E-01,2.40E-01,2.57E-01,2.21E-01,2.32E-01,2.46E-01,2.33E-01,2.95E-01,3.18E-01,2.55E-01,3.29E-01,2.79E-01,2.64E-01,2.86E-01,2.51E-01,3.51E-01,2.83E-01,2.83E-01,2.65E-01,2.66E-01,2.64E-01,2.66E-01,2.05E-01,2.48E-01,2.42E-01,2.36E-01,2.93E-01,1.55E-01,2.54E-01,2.75E-01,2.04E-01,2.67E-01,2.37E-01,3.05E-01,3.00E-01,1.59E-01,2.74E-01,3.90E-01,3.51E-01,2.54E-01,2.95E-01,2.73E-01,3.50E-01,3.22E-01,2.73E-01,2.86E-01,2.26E-01,2.48E-01,3.22E-01,2.88E-01,2.87E-01,2.79E-01,3.04E-01,3.91E-01,2.72E-01,2.72E-01,3.46E-01,3.16E-01,2.68E-01,3.40E-01,2.53E-01,3.30E-01,2.47E-01,3.27E-01,3.23E-01,3.22E-01,3.79E-01,3.32E-01,2.85E-01,3.76E-01,4.22E-01,3.76E-01,3.49E-01,2.63E-01,2.84E-01,3.02E-01,3.44E-01,3.14E-01,3.99E-01,4.63E-01,3.94E-01,3.62E-01,3.11E-01,2.87E-01,5.08E-01,3.71E-01,2.77E-01,3.56E-01,3.88E-01,3.53E-01,3.74E-01,3.31E-01,3.13E-01,3.76E-01,3.62E-01,3.39E-01,2.45E-01,2.74E-01,3.03E-01,3.15E-01,2.74E-01,3.35E-01,3.04E-01,3.37E-01,2.98E-01,3.34E-01,2.45E-01,3.28E-01,3.13E-01,2.98E-01,3.33E-01,3.52E-01,3.15E-01,3.26E-01,3.52E-01,3.19E-01,3.24E-01,3.77E-01,3.43E-01,2.83E-01,2.68E-01,2.41E-01,3.22E-01,3.03E-01,2.45E-01,2.82E-01,3.33E-01,2.76E-01,2.60E-01,3.16E-01,2.74E-01,3.02E-01,2.92E-01,3.57E-01,3.44E-01,3.29E-01,3.22E-01,3.54E-01,3.48E-01,3.37E-01,2.90E-01,2.41E-01,4.02E-01,3.91E-01,4.91E-01,3.59E-01,3.26E-01,3.96E-01,3.86E-01,3.30E-01,4.36E-01,3.45E-01,3.57E-01,2.87E-01,4.16E-01,3.65E-01,3.86E-01,4.15E-01,4.08E-01,3.37E-01,4.28E-01,3.62E-01,3.51E-01,4.39E-01,3.37E-01,3.78E-01,3.15E-01,3.18E-01,3.04E-01,3.82E-01,3.76E-01,3.82E-01,3.51E-01,3.25E-01,3.73E-01,3.80E-01,3.95E-01,4.34E-01,3.39E-01,3.98E-01,3.60E-01,2.70E-01,5.64E-01,4.03E-01,4.64E-01,4.11E-01,3.38E-01
116_S_4092,1.53E-01,1.21E-01,2.31E-01,2.58E-01,2.76E-01,2.85E-01,2.89E-01,2.13E-01,2.28E-01,1.89E-01,1.84E-01,3.21E-01,2.54E-01,2.13E-01,2.90E-01,2.49E-01,2.22E-01,2.10E-01,2.23E-01,2.41E-01,3.14E-01,3.16E-01,2.66E-01,3.25E-01,2.66E-01,2.68E-01,2.72E-01,2.92E-01,3.30E-01,3.00E-01,2.94E-01,2.88E-01,2.76E-01,2.54E-01,2.80E-01,2.14E-01,2.33E-01,2.60E-01,2.54E-01,3.06E-01,1.51E-01,2.39E-01,3.10E-01,2.25E-01,2.88E-01,2.03E-01,2.93E-01,3.40E-01,1.57E-01,2.83E-01,4.49E-01,4.29E-01,2.92E-01,2.66E-01,3.05E-01,3.66E-01,2.94E-01,2.60E-01,2.78E-01,2.06E-01,2.61E-01,3.71E-01,3.54E-01,2.82E-01,3.24E-01,2.68E-01,3.64E-01,2.88E-01,3.43E-01,3.04E-01,2.95E-01,2.70E-01,3.54E-01,2.34E-01,3.19E-01,2.59E-01,3.17E-01,2.98E-01,3.25E-01,4.61E-01,3.17E-01,3.16E-01,3.85E-01,3.58E-01,3.74E-01,3.66E-01,2.73E-01,2.80E-01,3.43E-01,3.63E-01,2.87E-01,3.73E-01,3.73E-01,3.34E-01,3.77E-01,3.41E-01,3.76E-01,4.46E-01,3.68E-01,2.76E-01,3.94E-01,3.70E-01,3.79E-01,3.62E-01,3.51E-01,3.91E-01,4.18E-01,4.18E-01,3.41E-01,3.52E-01,3.04E-01,3.29E-01,3.23E-01,2.89E-01,3.41E-01,3.34E-01,3.07E-01,3.04E-01,3.14E-01,2.27E-01,2.79E-01,3.30E-01,2.81E-01,3.10E-01,3.24E-01,2.98E-01,3.04E-01,3.06E-01,2.99E-01,3.18E-01,3.49E-01,3.09E-01,3.22E-01,2.80E-01,2.77E-01,3.45E-01,3.25E-01,2.86E-01,3.16E-01,3.07E-01,2.59E-01,3.49E-01,3.36E-01,2.51E-01,2.65E-01,2.38E-01,3.62E-01,3.77E-01,3.14E-01,2.76E-01,3.85E-01,4.15E-01,4.03E-01,2.80E-01,2.51E-01,4.06E-01,4.37E-01,5.16E-01,4.48E-01,3.81E-01,4.04E-01,3.56E-01,3.74E-01,3.64E-01,3.78E-01,3.16E-01,2.95E-01,3.47E-01,3.76E-01,3.41E-01,3.68E-01,3.92E-01,3.60E-01,3.48E-01,3.49E-01,3.23E-01,4.51E-01,3.58E-01,3.60E-01,3.57E-01,3.17E-01,3.71E-01,3.70E-01,3.80E-01,3.30E-01,3.49E-01,3.72E-01,3.72E-01,4.11E-01,4.05E-01,4.26E-01,3.75E-01,4.40E-01,4.33E-01,3.08E-01,5.14E-01,3.83E-01,4.50E-01,3.72E-01,3.19E-01
116_S_4195,1.37E-01,1.05E-01,1.95E-01,2.15E-01,2.52E-01,2.47E-01,2.54E-01,1.81E-01,1.98E-01,1.78E-01,1.70E-01,2.77E-01,2.19E-01,1.81E-01,2.48E-01,2.33E-01,2.14E-01,2.29E-01,2.46E-01,2.28E-01,2.43E-01,2.93E-01,2.35E-01,2.81E-01,2.58E-01,2.46E-01,2.35E-01,2.47E-01,2.86E-01,2.71E-01,2.75E-01,2.66E-01,2.56E-01,2.13E-01,2.75E-01,2.14E-01,2.33E-01,2.31E-01,2.50E-01,3.16E-01,1.39E-01,2.15E-01,2.55E-01,2.22E-01,2.58E-01,2.28E-01,2.79E-01,2.92E-01,1.41E-01,2.61E-01,3.88E-01,3.59E-01,2.30E-01,2.23E-01,2.66E-01,2.89E-01,2.72E-01,2.31E-01,2.55E-01,1.99E-01,2.60E-01,3.31E-01,2.38E-01,2.44E-01,2.88E-01,2.43E-01,2.96E-01,2.36E-01,2.54E-01,3.06E-01,2.79E-01,2.80E-01,3.14E-01,2.12E-01,2.77E-01,2.47E-01,2.87E-01,2.78E-01,3.34E-01,3.88E-01,3.65E-01,3.37E-01,3.20E-01,2.71E-01,2.69E-01,2.92E-01,2.63E-01,3.15E-01,3.00E-01,3.26E-01,3.35E-01,3.34E-01,3.58E-01,3.13E-01,3.28E-01,2.92E-01,3.05E-01,4.02E-01,3.44E-01,2.65E-01,3.19E-01,3.32E-01,3.20E-01,3.38E-01,3.23E-01,3.18E-01,3.69E-01,3.51E-01,3.35E-01,2.61E-01,2.64E-01,3.19E-01,2.93E-01,2.72E-01,2.77E-01,3.09E-01,2.90E-01,2.84E-01,3.11E-01,2.34E-01,2.73E-01,2.67E-01,2.72E-01,2.89E-01,3.32E-01,2.91E-01,2.96E-01,2.93E-01,3.11E-01,2.97E-01,2.90E-01,3.11E-01,2.87E-01,2.66E-01,2.35E-01,3.48E-01,3.39E-01,2.60E-01,3.04E-01,3.12E-01,2.41E-01,3.02E-01,2.85E-01,2.30E-01,1.98E-01,2.12E-01,3.32E-01,3.00E-01,3.29E-01,2.90E-01,3.21E-01,3.39E-01,2.86E-01,2.12E-01,1.81E-01,3.64E-01,3.80E-01,4.97E-01,4.09E-01,3.46E-01,3.66E-01,2.93E-01,3.12E-01,3.25E-01,3.27E-01,2.51E-01,2.45E-01,3.07E-01,2.81E-01,2.77E-01,2.43E-01,3.22E-01,2.91E-01,2.69E-01,2.61E-01,3.00E-01,3.89E-01,2.86E-01,3.31E-01,2.66E-01,2.91E-01,3.21E-01,2.99E-01,3.05E-01,2.67E-01,3.14E-01,3.54E-01,3.37E-01,4.09E-01,3.14E-01,3.97E-01,3.34E-01,3.54E-01,3.43E-01,2.54E-01,4.28E-01,2.35E-01,4.06E-01,3.47E-01,3.11E-01
116_S_4209,1.38E-01,1.12E-01,2.17E-01,2.58E-01,2.63E-01,2.64E-01,2.59E-01,1.83E-01,2.09E-01,1.74E-01,1.75E-01,3.08E-01,2.32E-01,1.95E-01,2.50E-01,2.58E-01,2.34E-01,2.36E-01,2.56E-01,2.47E-01,2.54E-01,3.29E-01,2.52E-01,3.25E-01,2.65E-01,2.86E-01,2.71E-01,2.41E-01,2.90E-01,2.55E-01,2.66E-01,3.11E-01,2.74E-01,2.77E-01,2.70E-01,2.09E-01,2.63E-01,2.50E-01,2.49E-01,3.09E-01,1.42E-01,2.15E-01,2.71E-01,2.10E-01,2.63E-01,2.19E-01,2.95E-01,2.84E-01,1.47E-01,3.02E-01,3.88E-01,3.37E-01,2.59E-01,2.32E-01,2.82E-01,3.11E-01,3.20E-01,3.14E-01,3.01E-01,2.35E-01,2.85E-01,3.39E-01,2.53E-01,2.38E-01,2.79E-01,2.93E-01,3.21E-01,3.19E-01,2.99E-01,3.25E-01,2.80E-01,2.85E-01,3.61E-01,2.49E-01,3.46E-01,3.17E-01,2.93E-01,3.00E-01,3.63E-01,3.98E-01,3.42E-01,2.92E-01,3.50E-01,2.94E-01,2.75E-01,3.07E-01,2.92E-01,2.73E-01,3.13E-01,3.74E-01,3.41E-01,3.46E-01,3.69E-01,3.26E-01,3.36E-01,3.24E-01,3.15E-01,4.89E-01,3.49E-01,2.50E-01,3.52E-01,3.69E-01,3.88E-01,4.26E-01,3.47E-01,3.66E-01,3.89E-01,3.88E-01,3.39E-01,2.76E-01,3.03E-01,3.32E-01,3.10E-01,2.87E-01,3.21E-01,3.31E-01,3.26E-01,3.57E-01,3.18E-01,2.88E-01,3.08E-01,2.91E-01,3.25E-01,3.40E-01,3.85E-01,3.37E-01,3.43E-01,3.58E-01,3.67E-01,3.20E-01,3.40E-01,3.17E-01,3.23E-01,3.02E-01,2.97E-01,3.40E-01,3.27E-01,2.33E-01,3.52E-01,3.69E-01,2.61E-01,2.81E-01,3.00E-01,2.50E-01,2.66E-01,2.61E-01,3.30E-01,3.20E-01,3.27E-01,2.82E-01,3.04E-01,3.38E-01,3.03E-01,2.73E-01,2.49E-01,4.02E-01,3.54E-01,4.77E-01,3.98E-01,3.18E-01,4.18E-01,3.40E-01,3.21E-01,3.53E-01,3.60E-01,3.08E-01,3.09E-01,3.42E-01,3.43E-01,3.75E-01,3.16E-01,3.94E-01,3.37E-01,3.17E-01,3.23E-01,3.11E-01,3.70E-01,2.87E-01,3.87E-01,3.31E-01,3.37E-01,3.72E-01,3.78E-01,3.46E-01,3.14E-01,3.61E-01,3.50E-01,3.76E-01,3.67E-01,4.03E-01,4.60E-01,3.56E-01,4.53E-01,4.21E-01,2.77E-01,5.19E-01,3.53E-01,4.25E-01,4.44E-01,3.13E-01
116_S_4338,1.30E-01,9.63E-02,1.96E-01,2.13E-01,2.28E-01,2.01E-01,2.09E-01,1.47E-01,1.60E-01,1.40E-01,1.46E-01,2.56E-01,2.07E-01,1.57E-01,2.28E-01,2.04E-01,2.11E-01,1.71E-01,2.26E-01,2.26E-01,2.44E-01,2.68E-01,2.00E-01,2.68E-01,2.41E-01,2.21E-01,2.80E-01,2.22E-01,2.00E-01,2.30E-01,2.54E-01,2.25E-01,2.55E-01,2.18E-01,1.97E-01,1.61E-01,2.24E-01,2.48E-01,1.99E-01,2.05E-01,1.22E-01,1.97E-01,2.48E-01,1.94E-01,2.50E-01,1.93E-01,2.71E-01,2.60E-01,1.26E-01,2.54E-01,3.84E-01,3.50E-01,2.56E-01,2.11E-01,2.65E-01,2.81E-01,2.78E-01,2.40E-01,2.25E-01,1.98E-01,2.51E-01,3.40E-01,2.32E-01,2.56E-01,2.91E-01,2.77E-01,3.13E-01,2.42E-01,2.72E-01,3.01E-01,2.95E-01,2.58E-01,3.46E-01,2.21E-01,2.88E-01,3.21E-01,2.58E-01,2.59E-01,3.14E-01,4.21E-01,2.86E-01,2.73E-01,3.11E-01,3.09E-01,3.05E-01,2.79E-01,2.72E-01,2.41E-01,2.98E-01,3.26E-01,3.30E-01,3.26E-01,3.42E-01,3.08E-01,3.19E-01,2.83E-01,2.61E-01,3.79E-01,3.10E-01,2.48E-01,2.76E-01,3.09E-01,3.26E-01,3.25E-01,2.88E-01,2.94E-01,2.74E-01,2.72E-01,2.72E-01,2.08E-01,2.53E-01,3.13E-01,2.55E-01,2.38E-01,2.52E-01,2.29E-01,2.58E-01,2.20E-01,2.69E-01,1.82E-01,2.74E-01,2.12E-01,2.74E-01,2.94E-01,3.65E-01,2.85E-01,3.00E-01,3.04E-01,3.27E-01,3.05E-01,2.42E-01,2.79E-01,2.48E-01,2.35E-01,1.89E-01,2.69E-01,3.53E-01,2.05E-01,3.30E-01,3.17E-01,2.11E-01,2.77E-01,2.74E-01,1.86E-01,2.15E-01,2.14E-01,3.31E-01,2.96E-01,2.76E-01,2.50E-01,2.56E-01,2.73E-01,3.10E-01,2.28E-01,1.98E-01,3.20E-01,3.88E-01,4.50E-01,4.22E-01,3.00E-01,3.43E-01,2.83E-01,3.01E-01,2.37E-01,2.94E-01,2.60E-01,2.61E-01,2.86E-01,2.91E-01,3.14E-01,3.06E-01,3.11E-01,2.69E-01,3.12E-01,3.38E-01,2.95E-01,3.63E-01,2.63E-01,3.68E-01,3.53E-01,2.90E-01,3.05E-01,3.29E-01,2.92E-01,3.44E-01,2.86E-01,3.34E-01,3.44E-01,3.15E-01,3.23E-01,3.56E-01,4.15E-01,3.37E-01,2.69E-01,2.16E-01,4.03E-01,2.86E-01,3.32E-01,3.02E-01,2.81E-01
116_S_4453,1.65E-01,1.22E-01,2.29E-01,2.52E-01,2.81E-01,2.53E-01,2.85E-01,2.12E-01,2.09E-01,1.80E-01,1.80E-01,2.89E-01,2.30E-01,2.07E-01,2.71E-01,2.45E-01,2.16E-01,2.26E-01,2.29E-01,2.28E-01,3.04E-01,3.21E-01,2.60E-01,3.24E-01,3.01E-01,2.81E-01,2.79E-01,2.52E-01,3.38E-01,2.81E-01,2.84E-01,2.99E-01,2.83E-01,2.58E-01,2.74E-01,2.29E-01,2.82E-01,2.93E-01,2.24E-01,3.24E-01,1.61E-01,2.54E-01,3.09E-01,2.21E-01,2.90E-01,2.46E-01,3.03E-01,3.07E-01,1.66E-01,3.28E-01,4.15E-01,3.30E-01,2.88E-01,3.04E-01,3.09E-01,3.90E-01,3.36E-01,2.66E-01,2.84E-01,2.49E-01,2.88E-01,3.93E-01,2.87E-01,2.82E-01,2.88E-01,2.93E-01,3.55E-01,2.65E-01,3.18E-01,3.36E-01,3.09E-01,2.86E-01,3.59E-01,2.46E-01,3.23E-01,3.49E-01,3.16E-01,3.12E-01,3.61E-01,4.09E-01,3.55E-01,3.17E-01,3.70E-01,3.78E-01,3.90E-01,3.52E-01,2.80E-01,3.10E-01,3.40E-01,4.08E-01,3.73E-01,4.06E-01,3.75E-01,3.51E-01,3.70E-01,3.28E-01,2.98E-01,5.17E-01,3.95E-01,2.68E-01,3.98E-01,3.98E-01,4.02E-01,4.17E-01,3.30E-01,3.71E-01,4.45E-01,4.02E-01,3.71E-01,2.63E-01,2.78E-01,3.43E-01,3.37E-01,3.10E-01,3.41E-01,2.90E-01,3.32E-01,2.99E-01,3.11E-01,2.46E-01,2.65E-01,2.69E-01,2.91E-01,3.42E-01,3.26E-01,3.42E-01,3.20E-01,3.43E-01,3.90E-01,3.30E-01,3.64E-01,3.02E-01,3.14E-01,3.00E-01,2.81E-01,3.37E-01,3.42E-01,2.63E-01,3.35E-01,3.13E-01,2.85E-01,3.13E-01,3.12E-01,2.73E-01,2.97E-01,2.87E-01,3.98E-01,3.71E-01,3.54E-01,2.79E-01,3.62E-01,4.02E-01,3.21E-01,2.88E-01,2.52E-01,4.19E-01,3.64E-01,4.52E-01,4.19E-01,4.17E-01,3.90E-01,3.69E-01,3.65E-01,4.44E-01,3.42E-01,3.31E-01,3.02E-01,3.85E-01,3.72E-01,3.74E-01,3.64E-01,3.78E-01,3.06E-01,3.62E-01,3.75E-01,3.69E-01,4.81E-01,3.42E-01,3.93E-01,3.71E-01,3.36E-01,3.72E-01,3.64E-01,3.43E-01,3.36E-01,3.19E-01,3.84E-01,4.09E-01,4.17E-01,4.07E-01,4.02E-01,3.52E-01,5.00E-01,4.12E-01,2.54E-01,5.67E-01,3.79E-01,4.23E-01,3.94E-01,3.22E-01
116_S_4483,1.42E-01,1.11E-01,2.02E-01,2.18E-01,2.39E-01,2.20E-01,2.78E-01,2.00E-01,2.02E-01,1.62E-01,1.60E-01,2.70E-01,2.32E-01,1.62E-01,2.37E-01,2.17E-01,2.03E-01,1.98E-01,2.23E-01,2.04E-01,2.97E-01,3.02E-01,2.39E-01,3.01E-01,2.66E-01,2.49E-01,2.28E-01,2.26E-01,3.21E-01,2.47E-01,2.52E-01,2.30E-01,2.32E-01,1.98E-01,2.37E-01,2.30E-01,2.37E-01,2.12E-01,2.19E-01,2.57E-01,1.59E-01,2.20E-01,2.80E-01,2.05E-01,2.59E-01,2.09E-01,2.60E-01,2.78E-01,1.46E-01,2.72E-01,3.89E-01,3.90E-01,2.49E-01,2.75E-01,2.62E-01,3.67E-01,2.79E-01,2.05E-01,2.59E-01,2.12E-01,2.32E-01,3.20E-01,2.72E-01,2.36E-01,2.88E-01,2.56E-01,3.50E-01,2.24E-01,2.65E-01,3.11E-01,2.81E-01,2.35E-01,2.92E-01,2.17E-01,2.77E-01,3.00E-01,2.77E-01,2.68E-01,3.09E-01,3.78E-01,3.18E-01,3.18E-01,3.14E-01,3.33E-01,3.53E-01,3.14E-01,2.55E-01,2.84E-01,3.05E-01,3.07E-01,2.62E-01,3.91E-01,3.85E-01,3.57E-01,3.19E-01,2.63E-01,3.26E-01,4.88E-01,3.53E-01,2.82E-01,3.97E-01,3.50E-01,3.07E-01,3.41E-01,2.99E-01,2.69E-01,3.76E-01,3.63E-01,3.00E-01,2.91E-01,2.48E-01,2.47E-01,2.40E-01,2.48E-01,3.06E-01,2.57E-01,2.66E-01,2.55E-01,2.68E-01,2.17E-01,2.15E-01,2.66E-01,2.23E-01,3.08E-01,3.28E-01,3.08E-01,2.75E-01,2.70E-01,3.26E-01,2.87E-01,3.45E-01,3.07E-01,2.55E-01,2.48E-01,2.46E-01,2.83E-01,2.93E-01,2.28E-01,2.89E-01,2.25E-01,2.58E-01,2.60E-01,3.52E-01,2.38E-01,2.62E-01,2.27E-01,3.24E-01,3.13E-01,3.13E-01,2.88E-01,2.84E-01,3.19E-01,3.74E-01,2.34E-01,2.37E-01,3.41E-01,3.54E-01,4.79E-01,3.98E-01,3.49E-01,3.50E-01,3.34E-01,3.34E-01,3.76E-01,2.77E-01,2.63E-01,2.91E-01,3.39E-01,2.88E-01,3.30E-01,3.54E-01,3.70E-01,3.21E-01,2.79E-01,3.02E-01,2.90E-01,4.02E-01,3.19E-01,3.37E-01,3.25E-01,3.12E-01,3.26E-01,3.41E-01,3.55E-01,3.69E-01,3.28E-01,3.77E-01,3.67E-01,3.93E-01,3.89E-01,4.37E-01,3.67E-01,3.41E-01,3.56E-01,2.75E-01,5.58E-01,4.07E-01,3.89E-01,3.41E-01,2.85E-01
116_S_4732,1.81E-01,1.45E-01,2.86E-01,3.13E-01,3.61E-01,3.04E-01,3.36E-01,2.64E-01,2.55E-01,2.19E-01,2.25E-01,3.73E-01,2.63E-01,2.38E-01,3.08E-01,3.20E-01,2.92E-01,2.93E-01,3.24E-01,2.92E-01,3.44E-01,3.82E-01,3.18E-01,3.58E-01,3.11E-01,3.40E-01,3.19E-01,2.87E-01,4.16E-01,3.44E-01,3.51E-01,3.33E-01,3.10E-01,2.97E-01,2.96E-01,2.54E-01,3.27E-01,3.02E-01,2.92E-01,3.13E-01,1.80E-01,2.88E-01,3.19E-01,2.65E-01,3.35E-01,2.94E-01,3.36E-01,3.49E-01,1.86E-01,3.35E-01,4.74E-01,4.36E-01,2.94E-01,3.31E-01,3.30E-01,3.95E-01,3.90E-01,3.43E-01,3.94E-01,2.98E-01,3.33E-01,4.12E-01,3.22E-01,3.59E-01,3.65E-01,3.31E-01,4.68E-01,3.88E-01,3.27E-01,3.78E-01,3.76E-01,3.31E-01,4.48E-01,2.93E-01,4.53E-01,3.60E-01,3.90E-01,3.60E-01,4.47E-01,4.63E-01,4.26E-01,4.00E-01,4.41E-01,3.99E-01,4.43E-01,4.22E-01,4.08E-01,3.42E-01,3.39E-01,4.19E-01,3.45E-01,4.15E-01,4.44E-01,3.81E-01,4.40E-01,4.25E-01,3.88E-01,6.07E-01,4.39E-01,3.98E-01,4.66E-01,5.35E-01,4.58E-01,4.77E-01,4.30E-01,4.33E-01,5.30E-01,4.90E-01,4.45E-01,3.10E-01,3.50E-01,3.91E-01,3.99E-01,4.21E-01,3.96E-01,3.74E-01,3.69E-01,3.74E-01,3.55E-01,3.41E-01,3.24E-01,3.39E-01,3.40E-01,3.75E-01,3.92E-01,3.91E-01,3.76E-01,3.70E-01,4.30E-01,4.01E-01,4.88E-01,4.04E-01,3.87E-01,3.57E-01,3.19E-01,4.09E-01,4.21E-01,3.23E-01,3.94E-01,3.57E-01,3.77E-01,3.22E-01,3.93E-01,3.63E-01,3.40E-01,3.63E-01,4.17E-01,4.20E-01,3.83E-01,3.49E-01,3.45E-01,4.08E-01,3.96E-01,3.35E-01,2.96E-01,4.57E-01,4.60E-01,5.31E-01,4.51E-01,4.90E-01,4.22E-01,4.78E-01,3.99E-01,4.90E-01,4.71E-01,3.61E-01,3.27E-01,4.49E-01,3.96E-01,4.46E-01,5.44E-01,5.28E-01,4.55E-01,4.01E-01,4.68E-01,3.94E-01,5.38E-01,4.34E-01,4.49E-01,3.85E-01,4.05E-01,4.05E-01,4.28E-01,4.49E-01,4.15E-01,4.43E-01,4.34E-01,4.90E-01,4.48E-01,4.88E-01,5.08E-01,3.62E-01,5.33E-01,4.72E-01,3.61E-01,6.01E-01,4.51E-01,5.39E-01,4.90E-01,3.76E-01
116_S_4855,1.39E-01,1.02E-01,1.97E-01,2.05E-01,2.35E-01,2.00E-01,2.67E-01,1.75E-01,1.90E-01,1.60E-01,1.49E-01,2.69E-01,2.09E-01,1.53E-01,1.89E-01,1.95E-01,2.03E-01,1.59E-01,2.07E-01,2.07E-01,2.60E-01,2.85E-01,2.30E-01,2.96E-01,2.46E-01,2.67E-01,2.45E-01,1.94E-01,2.84E-01,2.33E-01,2.48E-01,1.94E-01,2.36E-01,2.16E-01,2.19E-01,1.57E-01,2.10E-01,2.09E-01,1.75E-01,2.83E-01,1.34E-01,2.19E-01,2.60E-01,1.98E-01,2.20E-01,2.03E-01,2.61E-01,2.41E-01,1.30E-01,2.56E-01,3.19E-01,2.98E-01,2.26E-01,2.60E-01,2.32E-01,2.84E-01,2.62E-01,2.46E-01,2.40E-01,1.93E-01,2.21E-01,3.20E-01,2.44E-01,2.65E-01,2.62E-01,2.54E-01,3.35E-01,2.63E-01,3.16E-01,3.25E-01,3.05E-01,2.54E-01,3.13E-01,2.17E-01,3.09E-01,2.67E-01,2.97E-01,2.65E-01,3.34E-01,4.31E-01,3.10E-01,2.87E-01,3.38E-01,3.35E-01,2.91E-01,3.05E-01,2.65E-01,2.28E-01,2.67E-01,2.77E-01,2.83E-01,3.04E-01,3.38E-01,3.32E-01,3.11E-01,2.83E-01,3.48E-01,4.79E-01,3.26E-01,2.30E-01,3.10E-01,3.19E-01,2.78E-01,3.01E-01,3.15E-01,2.56E-01,3.43E-01,3.51E-01,2.98E-01,3.09E-01,2.64E-01,2.89E-01,2.59E-01,2.58E-01,2.66E-01,2.57E-01,2.74E-01,2.65E-01,2.49E-01,1.99E-01,2.32E-01,1.99E-01,2.36E-01,2.95E-01,3.40E-01,2.80E-01,2.79E-01,3.00E-01,3.07E-01,3.12E-01,3.50E-01,2.69E-01,2.46E-01,2.75E-01,2.31E-01,2.78E-01,2.80E-01,1.77E-01,2.54E-01,2.33E-01,2.10E-01,2.55E-01,2.91E-01,2.65E-01,2.38E-01,2.20E-01,3.02E-01,2.90E-01,2.85E-01,2.55E-01,2.94E-01,3.35E-01,2.65E-01,2.15E-01,2.17E-01,3.58E-01,3.51E-01,4.22E-01,4.07E-01,3.72E-01,3.60E-01,3.24E-01,3.22E-01,3.57E-01,3.49E-01,2.96E-01,2.21E-01,3.34E-01,2.93E-01,3.07E-01,3.05E-01,3.57E-01,3.60E-01,3.71E-01,3.04E-01,3.29E-01,3.98E-01,3.08E-01,3.01E-01,3.08E-01,3.12E-01,3.20E-01,2.68E-01,3.21E-01,3.05E-01,3.10E-01,3.56E-01,3.59E-01,3.40E-01,3.60E-01,4.59E-01,3.08E-01,3.80E-01,3.05E-01,2.79E-01,5.10E-01,3.13E-01,3.76E-01,3.02E-01,3.20E-01
123_S_0106,1.71E-01,1.28E-01,2.34E-01,2.66E-01,2.97E-01,3.03E-01,3.09E-01,2.18E-01,2.27E-01,2.03E-01,1.97E-01,3.54E-01,2.40E-01,2.10E-01,2.52E-01,2.51E-01,2.48E-01,2.15E-01,2.35E-01,2.55E-01,3.26E-01,3.33E-01,2.84E-01,3.41E-01,2.85E-01,3.07E-01,3.32E-01,2.82E-01,3.66E-01,3.09E-01,3.17E-01,2.86E-01,3.04E-01,2.76E-01,3.02E-01,2.61E-01,3.06E-01,3.23E-01,2.29E-01,3.63E-01,1.58E-01,2.60E-01,3.28E-01,2.38E-01,3.36E-01,2.48E-01,3.09E-01,2.94E-01,1.63E-01,3.06E-01,4.06E-01,3.97E-01,2.82E-01,3.18E-01,2.77E-01,3.42E-01,3.43E-01,2.94E-01,3.02E-01,2.49E-01,3.06E-01,3.45E-01,3.21E-01,3.19E-01,3.56E-01,3.41E-01,4.08E-01,3.26E-01,3.21E-01,3.17E-01,3.16E-01,3.19E-01,4.02E-01,2.72E-01,3.33E-01,3.31E-01,3.21E-01,3.41E-01,3.78E-01,4.40E-01,3.53E-01,3.54E-01,3.15E-01,4.33E-01,3.98E-01,3.92E-01,2.63E-01,3.10E-01,3.60E-01,3.92E-01,3.70E-01,3.90E-01,4.07E-01,3.09E-01,3.64E-01,3.40E-01,4.17E-01,5.93E-01,3.84E-01,3.04E-01,3.89E-01,4.06E-01,3.82E-01,4.19E-01,3.53E-01,4.04E-01,4.40E-01,4.25E-01,4.08E-01,3.66E-01,3.16E-01,3.64E-01,3.02E-01,3.11E-01,3.03E-01,3.15E-01,3.29E-01,3.03E-01,3.33E-01,2.73E-01,3.38E-01,2.97E-01,3.76E-01,3.58E-01,3.63E-01,4.00E-01,3.85E-01,3.45E-01,3.97E-01,3.29E-01,3.94E-01,3.70E-01,3.36E-01,3.42E-01,2.84E-01,3.50E-01,3.42E-01,2.52E-01,3.56E-01,3.84E-01,2.84E-01,3.03E-01,3.04E-01,3.00E-01,2.93E-01,2.83E-01,4.56E-01,3.90E-01,3.36E-01,3.73E-01,3.32E-01,4.04E-01,3.88E-01,2.95E-01,2.72E-01,4.00E-01,3.89E-01,5.00E-01,4.11E-01,4.01E-01,3.56E-01,3.64E-01,3.85E-01,4.36E-01,3.71E-01,3.44E-01,3.03E-01,3.43E-01,3.76E-01,4.61E-01,4.00E-01,4.47E-01,4.16E-01,4.34E-01,4.13E-01,3.66E-01,4.96E-01,4.47E-01,4.40E-01,3.82E-01,3.42E-01,3.59E-01,4.30E-01,3.54E-01,3.83E-01,4.06E-01,3.35E-01,4.11E-01,3.87E-01,4.52E-01,4.06E-01,3.48E-01,4.19E-01,4.04E-01,3.51E-01,5.60E-01,4.18E-01,4.80E-01,3.91E-01,3.32E-01
123_S_4526,1.45E-01,1.09E-01,2.16E-01,2.20E-01,2.35E-01,2.32E-01,2.80E-01,2.07E-01,2.10E-01,1.78E-01,1.63E-01,2.75E-01,2.22E-01,1.62E-01,2.35E-01,2.24E-01,1.99E-01,1.82E-01,2.01E-01,2.16E-01,2.60E-01,3.36E-01,2.56E-01,2.92E-01,2.57E-01,2.84E-01,3.03E-01,2.35E-01,2.64E-01,2.67E-01,2.65E-01,2.75E-01,2.54E-01,2.52E-01,2.18E-01,1.82E-01,2.11E-01,2.09E-01,2.16E-01,2.75E-01,1.36E-01,2.28E-01,2.54E-01,2.06E-01,2.74E-01,2.13E-01,2.44E-01,2.60E-01,1.40E-01,2.81E-01,4.03E-01,3.32E-01,2.40E-01,2.31E-01,2.81E-01,3.21E-01,3.02E-01,2.40E-01,2.36E-01,2.00E-01,2.90E-01,3.29E-01,2.29E-01,2.84E-01,2.89E-01,2.67E-01,3.25E-01,2.74E-01,2.50E-01,2.95E-01,2.82E-01,2.60E-01,3.29E-01,2.36E-01,2.93E-01,2.68E-01,3.13E-01,2.93E-01,3.05E-01,4.32E-01,3.53E-01,3.02E-01,3.77E-01,3.20E-01,3.10E-01,3.19E-01,2.99E-01,3.02E-01,3.00E-01,3.54E-01,3.49E-01,3.48E-01,3.63E-01,2.76E-01,3.02E-01,3.14E-01,2.83E-01,3.68E-01,3.87E-01,2.90E-01,3.97E-01,3.37E-01,4.00E-01,4.31E-01,3.31E-01,3.94E-01,4.15E-01,4.01E-01,3.44E-01,2.57E-01,2.64E-01,3.20E-01,3.00E-01,2.92E-01,2.93E-01,2.99E-01,2.89E-01,2.86E-01,2.81E-01,2.55E-01,2.28E-01,2.31E-01,2.72E-01,2.99E-01,3.20E-01,2.80E-01,3.11E-01,3.09E-01,3.22E-01,3.17E-01,3.42E-01,3.45E-01,2.96E-01,2.40E-01,2.33E-01,2.73E-01,2.86E-01,2.41E-01,2.55E-01,2.27E-01,2.77E-01,2.66E-01,3.12E-01,2.60E-01,2.41E-01,2.61E-01,3.57E-01,3.27E-01,2.87E-01,2.84E-01,3.07E-01,3.53E-01,3.29E-01,2.54E-01,2.39E-01,3.89E-01,4.03E-01,4.79E-01,4.14E-01,3.51E-01,3.74E-01,3.24E-01,3.21E-01,3.74E-01,3.34E-01,3.10E-01,3.29E-01,3.46E-01,3.77E-01,3.66E-01,3.74E-01,4.27E-01,3.20E-01,3.62E-01,3.83E-01,3.83E-01,4.50E-01,3.03E-01,3.53E-01,3.41E-01,3.02E-01,3.27E-01,3.45E-01,3.31E-01,3.49E-01,3.07E-01,4.14E-01,3.94E-01,3.70E-01,3.62E-01,4.42E-01,3.89E-01,3.96E-01,3.70E-01,2.42E-01,4.64E-01,3.19E-01,4.11E-01,3.94E-01,2.90E-01
126_S_0680,1.36E-01,1.04E-01,1.92E-01,1.98E-01,2.10E-01,2.20E-01,2.41E-01,1.85E-01,2.00E-01,1.59E-01,1.74E-01,2.73E-01,2.22E-01,1.52E-01,2.06E-01,1.84E-01,1.87E-01,1.60E-01,2.04E-01,1.99E-01,2.59E-01,3.11E-01,2.47E-01,3.23E-01,2.59E-01,2.77E-01,2.46E-01,2.12E-01,3.19E-01,2.44E-01,2.48E-01,2.39E-01,2.12E-01,2.08E-01,2.09E-01,2.02E-01,2.25E-01,2.12E-01,1.94E-01,2.50E-01,1.38E-01,2.13E-01,2.94E-01,2.13E-01,2.54E-01,2.07E-01,2.46E-01,2.83E-01,1.49E-01,2.65E-01,4.01E-01,3.65E-01,2.70E-01,2.88E-01,2.88E-01,3.53E-01,2.63E-01,2.26E-01,2.53E-01,2.16E-01,2.32E-01,2.77E-01,2.72E-01,2.94E-01,3.00E-01,2.80E-01,3.64E-01,2.14E-01,2.85E-01,2.78E-01,2.58E-01,2.68E-01,2.82E-01,2.29E-01,2.71E-01,2.96E-01,2.95E-01,2.84E-01,3.11E-01,4.36E-01,2.90E-01,2.62E-01,3.25E-01,3.84E-01,3.30E-01,3.15E-01,3.05E-01,2.40E-01,2.74E-01,3.66E-01,3.06E-01,3.63E-01,3.57E-01,3.16E-01,3.61E-01,3.03E-01,2.94E-01,4.95E-01,3.31E-01,2.57E-01,3.18E-01,2.93E-01,3.07E-01,3.31E-01,2.93E-01,3.27E-01,3.52E-01,3.54E-01,2.94E-01,2.55E-01,2.82E-01,2.85E-01,2.82E-01,3.13E-01,2.56E-01,2.64E-01,2.77E-01,2.52E-01,2.60E-01,1.91E-01,2.32E-01,2.38E-01,2.24E-01,2.97E-01,3.41E-01,2.85E-01,2.73E-01,3.22E-01,3.19E-01,3.08E-01,3.41E-01,3.25E-01,2.68E-01,2.66E-01,2.29E-01,3.29E-01,3.04E-01,2.22E-01,2.78E-01,2.42E-01,2.49E-01,2.77E-01,2.79E-01,2.33E-01,2.48E-01,2.35E-01,3.41E-01,3.25E-01,2.86E-01,2.34E-01,2.98E-01,3.21E-01,3.18E-01,2.22E-01,2.35E-01,3.42E-01,3.54E-01,4.85E-01,4.09E-01,3.24E-01,4.12E-01,3.28E-01,3.62E-01,3.87E-01,2.75E-01,2.85E-01,3.12E-01,3.35E-01,3.25E-01,3.68E-01,3.52E-01,3.77E-01,2.54E-01,3.06E-01,3.55E-01,3.52E-01,3.90E-01,2.83E-01,3.66E-01,3.22E-01,2.98E-01,2.82E-01,3.27E-01,3.30E-01,3.36E-01,3.09E-01,3.17E-01,3.26E-01,2.82E-01,3.64E-01,4.28E-01,2.83E-01,4.15E-01,2.88E-01,2.48E-01,5.09E-01,3.31E-01,3.50E-01,3.34E-01,3.04E-01
126_S_4494,1.56E-01,1.27E-01,2.37E-01,2.62E-01,2.82E-01,2.69E-01,2.77E-01,2.21E-01,2.26E-01,1.94E-01,1.85E-01,3.20E-01,2.41E-01,2.08E-01,2.65E-01,2.70E-01,2.31E-01,2.58E-01,2.78E-01,2.52E-01,2.85E-01,3.44E-01,2.78E-01,3.17E-01,2.86E-01,2.78E-01,2.69E-01,2.77E-01,3.38E-01,2.80E-01,2.68E-01,2.74E-01,3.02E-01,2.70E-01,2.82E-01,1.85E-01,2.43E-01,2.58E-01,2.51E-01,2.79E-01,1.46E-01,2.55E-01,2.88E-01,2.18E-01,2.80E-01,2.36E-01,3.53E-01,3.13E-01,1.61E-01,3.17E-01,4.64E-01,4.08E-01,2.90E-01,3.00E-01,2.99E-01,3.48E-01,3.23E-01,2.46E-01,3.05E-01,2.26E-01,2.32E-01,3.48E-01,2.95E-01,2.59E-01,2.83E-01,3.19E-01,4.14E-01,2.94E-01,3.00E-01,3.24E-01,3.07E-01,3.11E-01,3.84E-01,2.56E-01,3.37E-01,2.80E-01,3.37E-01,3.30E-01,3.61E-01,4.54E-01,3.32E-01,3.42E-01,3.26E-01,3.98E-01,3.73E-01,3.88E-01,3.02E-01,2.88E-01,3.48E-01,3.86E-01,2.98E-01,3.76E-01,4.22E-01,3.72E-01,3.35E-01,3.52E-01,3.46E-01,4.34E-01,4.26E-01,3.59E-01,3.77E-01,4.04E-01,4.05E-01,4.25E-01,3.50E-01,4.10E-01,4.71E-01,4.33E-01,4.08E-01,3.09E-01,3.08E-01,3.44E-01,2.67E-01,2.47E-01,2.91E-01,2.99E-01,3.29E-01,3.30E-01,3.35E-01,2.65E-01,3.42E-01,3.07E-01,3.40E-01,3.41E-01,3.66E-01,3.40E-01,3.41E-01,3.25E-01,3.58E-01,3.32E-01,3.73E-01,3.70E-01,3.64E-01,3.30E-01,2.92E-01,4.26E-01,3.34E-01,2.23E-01,3.60E-01,3.38E-01,2.61E-01,2.96E-01,3.00E-01,2.90E-01,2.92E-01,2.46E-01,3.65E-01,3.49E-01,3.43E-01,3.08E-01,3.34E-01,3.61E-01,3.12E-01,2.71E-01,2.63E-01,3.78E-01,4.03E-01,5.48E-01,4.31E-01,3.25E-01,3.94E-01,3.72E-01,4.02E-01,3.59E-01,4.29E-01,3.08E-01,2.82E-01,3.94E-01,3.62E-01,4.02E-01,4.24E-01,4.62E-01,3.91E-01,3.57E-01,4.07E-01,3.62E-01,4.52E-01,2.96E-01,4.44E-01,3.20E-01,3.42E-01,3.88E-01,3.93E-01,3.52E-01,3.04E-01,3.72E-01,3.63E-01,3.62E-01,3.57E-01,4.03E-01,4.02E-01,3.95E-01,4.53E-01,4.24E-01,3.18E-01,4.19E-01,3.92E-01,5.02E-01,4.04E-01,3.00E-01
127_S_4148,1.63E-01,1.26E-01,2.44E-01,2.53E-01,2.64E-01,2.67E-01,2.83E-01,2.24E-01,2.21E-01,2.09E-01,2.01E-01,3.34E-01,2.48E-01,1.86E-01,2.32E-01,2.02E-01,2.32E-01,2.12E-01,2.38E-01,2.35E-01,3.29E-01,3.81E-01,3.19E-01,3.83E-01,2.86E-01,3.24E-01,2.97E-01,2.69E-01,3.67E-01,2.98E-01,2.76E-01,2.97E-01,2.28E-01,2.62E-01,2.60E-01,2.11E-01,2.72E-01,2.32E-01,2.72E-01,3.09E-01,1.79E-01,3.30E-01,3.34E-01,2.40E-01,3.31E-01,2.70E-01,2.65E-01,3.18E-01,1.60E-01,3.49E-01,4.67E-01,3.52E-01,2.27E-01,3.06E-01,3.19E-01,3.80E-01,2.91E-01,2.93E-01,3.12E-01,2.69E-01,3.00E-01,4.11E-01,2.88E-01,3.09E-01,3.17E-01,3.06E-01,3.80E-01,2.70E-01,2.68E-01,3.64E-01,4.45E-01,2.88E-01,3.72E-01,2.60E-01,3.00E-01,3.06E-01,3.47E-01,3.17E-01,4.21E-01,4.08E-01,4.01E-01,3.91E-01,2.97E-01,4.06E-01,3.98E-01,3.63E-01,2.36E-01,3.52E-01,3.08E-01,3.99E-01,3.31E-01,4.17E-01,4.11E-01,3.79E-01,4.24E-01,2.87E-01,3.54E-01,5.07E-01,4.04E-01,3.21E-01,3.92E-01,3.61E-01,4.05E-01,3.70E-01,3.79E-01,3.81E-01,4.93E-01,4.14E-01,4.09E-01,3.13E-01,3.34E-01,3.06E-01,2.33E-01,2.50E-01,3.40E-01,2.70E-01,3.12E-01,2.52E-01,3.19E-01,2.41E-01,2.71E-01,2.48E-01,3.04E-01,3.87E-01,3.91E-01,3.94E-01,3.71E-01,3.84E-01,4.25E-01,3.72E-01,3.86E-01,3.59E-01,3.54E-01,2.43E-01,2.45E-01,2.84E-01,3.28E-01,2.86E-01,3.20E-01,2.81E-01,2.83E-01,2.95E-01,3.34E-01,2.75E-01,3.25E-01,3.26E-01,4.07E-01,3.38E-01,3.60E-01,3.21E-01,3.38E-01,4.33E-01,3.98E-01,3.05E-01,2.81E-01,4.44E-01,3.63E-01,5.63E-01,4.04E-01,3.95E-01,3.82E-01,3.38E-01,3.47E-01,4.42E-01,3.00E-01,3.23E-01,2.97E-01,4.25E-01,3.97E-01,3.90E-01,4.19E-01,4.53E-01,3.04E-01,3.67E-01,3.93E-01,3.39E-01,4.82E-01,4.30E-01,4.15E-01,3.18E-01,3.52E-01,3.85E-01,3.55E-01,3.45E-01,3.84E-01,3.69E-01,3.79E-01,4.20E-01,4.08E-01,4.49E-01,4.17E-01,3.72E-01,4.11E-01,3.66E-01,2.97E-01,5.79E-01,4.47E-01,5.29E-01,3.91E-01,3.20E-01
127_S_4198,1.51E-01,1.10E-01,2.23E-01,2.50E-01,2.62E-01,2.61E-01,2.67E-01,2.00E-01,2.00E-01,1.63E-01,1.65E-01,3.02E-01,2.31E-01,1.79E-01,2.29E-01,2.12E-01,2.14E-01,1.85E-01,2.32E-01,2.35E-01,3.03E-01,3.00E-01,2.54E-01,3.19E-01,2.48E-01,2.69E-01,2.44E-01,2.60E-01,3.00E-01,2.77E-01,2.52E-01,2.70E-01,2.54E-01,2.41E-01,2.37E-01,1.95E-01,2.44E-01,2.46E-01,2.30E-01,2.49E-01,1.59E-01,2.28E-01,2.84E-01,2.05E-01,2.83E-01,1.96E-01,2.44E-01,2.85E-01,1.50E-01,2.81E-01,3.58E-01,3.51E-01,2.51E-01,2.66E-01,2.57E-01,2.95E-01,2.86E-01,2.43E-01,2.49E-01,2.09E-01,2.34E-01,3.34E-01,2.95E-01,2.60E-01,2.85E-01,2.74E-01,3.47E-01,2.65E-01,2.99E-01,2.98E-01,2.97E-01,2.74E-01,3.15E-01,2.36E-01,2.84E-01,3.00E-01,2.90E-01,2.86E-01,2.98E-01,4.22E-01,3.42E-01,3.06E-01,3.19E-01,3.77E-01,3.40E-01,3.19E-01,2.38E-01,2.87E-01,2.58E-01,3.37E-01,3.54E-01,3.19E-01,3.43E-01,3.59E-01,4.07E-01,3.27E-01,3.10E-01,4.39E-01,3.50E-01,2.49E-01,3.64E-01,3.22E-01,3.59E-01,3.59E-01,3.05E-01,3.47E-01,3.86E-01,3.68E-01,3.19E-01,2.70E-01,2.56E-01,3.53E-01,2.50E-01,2.76E-01,3.30E-01,2.76E-01,2.76E-01,2.48E-01,2.85E-01,2.34E-01,2.72E-01,2.76E-01,2.58E-01,3.24E-01,3.23E-01,3.06E-01,3.00E-01,3.23E-01,3.57E-01,3.06E-01,3.18E-01,3.08E-01,3.05E-01,2.91E-01,2.38E-01,3.19E-01,2.75E-01,2.12E-01,3.26E-01,3.31E-01,2.59E-01,2.22E-01,2.85E-01,2.12E-01,2.83E-01,2.79E-01,3.28E-01,3.04E-01,2.91E-01,2.75E-01,2.36E-01,3.03E-01,3.39E-01,2.42E-01,2.19E-01,3.51E-01,3.54E-01,4.62E-01,3.94E-01,3.27E-01,3.77E-01,3.28E-01,3.53E-01,3.73E-01,2.77E-01,2.23E-01,2.94E-01,3.99E-01,3.15E-01,3.78E-01,3.77E-01,4.01E-01,2.55E-01,2.58E-01,3.65E-01,3.47E-01,4.20E-01,3.19E-01,3.32E-01,3.08E-01,3.20E-01,3.14E-01,3.56E-01,3.12E-01,3.52E-01,3.21E-01,3.44E-01,3.46E-01,3.02E-01,4.13E-01,3.85E-01,3.21E-01,4.03E-01,3.42E-01,2.71E-01,5.10E-01,3.91E-01,4.29E-01,3.22E-01,2.65E-01
127_S_4500,1.34E-01,1.04E-01,2.09E-01,2.23E-01,2.24E-01,1.92E-01,2.42E-01,1.71E-01,1.81E-01,1.69E-01,1.65E-01,2.85E-01,1.98E-01,1.82E-01,2.39E-01,2.40E-01,1.96E-01,2.31E-01,2.16E-01,2.22E-01,2.33E-01,3.00E-01,2.27E-01,2.84E-01,2.36E-01,2.49E-01,2.45E-01,2.27E-01,2.68E-01,2.53E-01,2.61E-01,2.19E-01,2.24E-01,2.36E-01,2.30E-01,1.68E-01,2.26E-01,2.40E-01,2.40E-01,2.42E-01,1.29E-01,2.23E-01,2.60E-01,1.94E-01,2.49E-01,2.17E-01,2.84E-01,2.53E-01,1.39E-01,2.73E-01,3.78E-01,3.20E-01,2.24E-01,2.43E-01,2.48E-01,3.12E-01,2.90E-01,2.42E-01,2.66E-01,2.22E-01,2.52E-01,2.97E-01,2.62E-01,2.80E-01,2.65E-01,2.58E-01,3.13E-01,2.60E-01,2.67E-01,2.60E-01,2.67E-01,2.64E-01,3.25E-01,2.16E-01,2.90E-01,2.82E-01,2.58E-01,2.66E-01,3.16E-01,3.50E-01,2.87E-01,2.65E-01,2.87E-01,3.21E-01,2.90E-01,2.90E-01,2.42E-01,2.43E-01,3.04E-01,3.67E-01,3.27E-01,3.53E-01,3.61E-01,3.15E-01,3.29E-01,3.04E-01,3.05E-01,4.09E-01,3.45E-01,2.50E-01,3.31E-01,3.38E-01,3.06E-01,3.44E-01,2.83E-01,2.65E-01,3.72E-01,3.36E-01,3.36E-01,2.88E-01,2.45E-01,2.60E-01,2.88E-01,2.74E-01,2.70E-01,3.04E-01,3.15E-01,3.21E-01,2.99E-01,2.45E-01,2.73E-01,3.03E-01,2.67E-01,3.27E-01,3.55E-01,3.34E-01,3.04E-01,3.10E-01,3.46E-01,2.87E-01,3.07E-01,2.67E-01,2.67E-01,2.27E-01,2.37E-01,2.57E-01,2.71E-01,2.36E-01,2.97E-01,2.80E-01,2.80E-01,2.74E-01,2.92E-01,2.08E-01,2.60E-01,2.58E-01,3.16E-01,2.89E-01,3.08E-01,2.80E-01,3.33E-01,3.26E-01,3.08E-01,2.22E-01,2.04E-01,3.71E-01,3.48E-01,4.31E-01,3.47E-01,2.94E-01,2.97E-01,3.14E-01,3.23E-01,3.40E-01,3.09E-01,2.97E-01,3.02E-01,3.19E-01,3.00E-01,3.46E-01,3.62E-01,3.77E-01,2.90E-01,3.51E-01,3.03E-01,3.66E-01,3.81E-01,2.92E-01,4.08E-01,2.95E-01,2.89E-01,3.07E-01,3.28E-01,2.93E-01,2.97E-01,2.74E-01,2.99E-01,3.40E-01,3.14E-01,3.52E-01,3.59E-01,3.46E-01,3.75E-01,3.57E-01,2.76E-01,4.66E-01,3.19E-01,4.02E-01,3.46E-01,3.01E-01
127_S_4940,1.41E-01,1.10E-01,2.18E-01,2.50E-01,2.58E-01,2.60E-01,2.59E-01,1.95E-01,1.89E-01,1.88E-01,1.77E-01,3.01E-01,2.20E-01,1.76E-01,2.43E-01,2.25E-01,1.99E-01,2.06E-01,2.43E-01,2.14E-01,2.55E-01,3.03E-01,2.39E-01,3.00E-01,2.48E-01,2.59E-01,2.90E-01,2.49E-01,2.97E-01,2.87E-01,2.63E-01,2.29E-01,2.22E-01,2.28E-01,2.60E-01,2.05E-01,2.24E-01,2.06E-01,2.29E-01,2.92E-01,1.36E-01,2.50E-01,2.74E-01,1.95E-01,2.73E-01,2.45E-01,2.83E-01,2.87E-01,1.43E-01,2.87E-01,3.88E-01,3.80E-01,2.69E-01,2.59E-01,2.64E-01,2.96E-01,3.03E-01,2.42E-01,2.48E-01,2.07E-01,2.38E-01,3.30E-01,2.61E-01,3.19E-01,2.88E-01,2.76E-01,3.52E-01,2.74E-01,2.90E-01,3.23E-01,3.11E-01,2.77E-01,3.27E-01,2.30E-01,3.03E-01,2.84E-01,3.25E-01,2.94E-01,3.37E-01,4.49E-01,3.13E-01,3.06E-01,2.88E-01,3.50E-01,3.10E-01,3.28E-01,2.86E-01,2.67E-01,3.07E-01,3.49E-01,3.44E-01,3.26E-01,3.94E-01,2.70E-01,3.13E-01,3.37E-01,2.88E-01,4.06E-01,3.41E-01,2.90E-01,3.36E-01,3.14E-01,3.68E-01,3.48E-01,2.99E-01,3.53E-01,3.41E-01,3.07E-01,3.05E-01,2.64E-01,2.58E-01,3.17E-01,2.81E-01,2.85E-01,2.87E-01,2.89E-01,3.36E-01,3.10E-01,3.31E-01,2.66E-01,2.58E-01,3.09E-01,2.73E-01,2.90E-01,3.16E-01,2.98E-01,2.93E-01,3.08E-01,3.26E-01,3.20E-01,2.93E-01,3.28E-01,2.69E-01,3.09E-01,2.46E-01,2.73E-01,3.20E-01,2.29E-01,2.98E-01,2.73E-01,2.72E-01,2.82E-01,3.09E-01,2.51E-01,2.19E-01,2.06E-01,3.61E-01,3.12E-01,3.21E-01,3.22E-01,3.03E-01,3.88E-01,3.65E-01,2.37E-01,2.27E-01,3.72E-01,3.65E-01,4.67E-01,4.05E-01,3.10E-01,3.71E-01,3.20E-01,3.47E-01,2.82E-01,2.83E-01,2.91E-01,3.07E-01,3.11E-01,3.51E-01,3.41E-01,3.33E-01,3.65E-01,2.85E-01,3.52E-01,3.42E-01,3.04E-01,3.80E-01,3.48E-01,3.51E-01,2.88E-01,3.39E-01,3.31E-01,3.26E-01,3.40E-01,3.04E-01,2.88E-01,3.58E-01,3.54E-01,3.44E-01,3.21E-01,3.80E-01,3.21E-01,4.12E-01,3.18E-01,2.49E-01,3.74E-01,2.96E-01,4.12E-01,3.56E-01,2.87E-01
127_S_4992,1.23E-01,9.50E-02,1.94E-01,2.12E-01,2.36E-01,2.08E-01,2.30E-01,1.74E-01,1.71E-01,1.61E-01,1.57E-01,2.67E-01,1.90E-01,1.67E-01,2.04E-01,2.20E-01,1.77E-01,1.86E-01,2.27E-01,1.91E-01,2.07E-01,2.58E-01,1.91E-01,2.34E-01,2.04E-01,2.05E-01,1.76E-01,1.98E-01,2.67E-01,2.19E-01,2.17E-01,2.16E-01,1.91E-01,1.98E-01,1.90E-01,1.86E-01,1.87E-01,2.19E-01,1.99E-01,2.16E-01,1.09E-01,1.95E-01,2.14E-01,1.60E-01,1.98E-01,2.18E-01,2.14E-01,1.65E-01,1.12E-01,2.08E-01,3.16E-01,2.93E-01,2.02E-01,2.28E-01,2.12E-01,2.58E-01,2.25E-01,2.22E-01,2.33E-01,1.98E-01,1.91E-01,2.30E-01,1.85E-01,2.05E-01,2.17E-01,1.99E-01,2.97E-01,2.36E-01,1.79E-01,1.92E-01,1.67E-01,2.25E-01,2.68E-01,1.77E-01,2.62E-01,1.42E-01,2.72E-01,2.37E-01,2.80E-01,3.33E-01,2.18E-01,2.77E-01,2.77E-01,2.89E-01,2.43E-01,2.71E-01,2.03E-01,1.90E-01,1.96E-01,2.14E-01,2.48E-01,2.68E-01,2.48E-01,2.26E-01,2.43E-01,2.76E-01,3.08E-01,3.68E-01,2.98E-01,2.09E-01,3.03E-01,2.91E-01,3.05E-01,3.20E-01,2.80E-01,2.73E-01,3.50E-01,3.40E-01,3.04E-01,2.53E-01,2.69E-01,2.48E-01,2.43E-01,2.23E-01,2.91E-01,2.88E-01,2.44E-01,2.96E-01,2.53E-01,2.69E-01,2.58E-01,2.59E-01,2.20E-01,2.39E-01,2.39E-01,2.37E-01,2.46E-01,2.20E-01,2.37E-01,2.11E-01,2.80E-01,2.51E-01,2.11E-01,2.40E-01,2.20E-01,2.88E-01,2.42E-01,2.22E-01,2.82E-01,2.89E-01,2.12E-01,2.30E-01,1.85E-01,1.95E-01,1.86E-01,1.91E-01,2.07E-01,2.44E-01,2.72E-01,2.45E-01,2.70E-01,2.14E-01,1.81E-01,1.99E-01,1.69E-01,2.29E-01,3.07E-01,4.67E-01,3.46E-01,2.71E-01,3.40E-01,2.87E-01,2.98E-01,3.01E-01,2.58E-01,2.62E-01,2.18E-01,2.50E-01,2.29E-01,2.42E-01,2.84E-01,3.06E-01,2.65E-01,3.26E-01,2.63E-01,2.27E-01,3.12E-01,1.80E-01,2.34E-01,2.21E-01,2.57E-01,3.16E-01,2.77E-01,2.79E-01,2.26E-01,3.05E-01,2.58E-01,2.63E-01,2.25E-01,2.99E-01,3.72E-01,1.99E-01,2.75E-01,2.94E-01,2.58E-01,4.14E-01,2.44E-01,4.04E-01,3.05E-01,2.86E-01
127_S_5028,1.63E-01,1.25E-01,2.41E-01,2.65E-01,2.69E-01,2.91E-01,3.00E-01,2.23E-01,2.20E-01,1.83E-01,1.80E-01,3.00E-01,2.41E-01,1.94E-01,2.57E-01,2.33E-01,2.20E-01,2.00E-01,2.45E-01,2.36E-01,2.91E-01,3.52E-01,3.09E-01,3.44E-01,2.93E-01,3.16E-01,3.35E-01,2.84E-01,3.76E-01,3.12E-01,3.09E-01,2.84E-01,2.62E-01,2.54E-01,2.85E-01,2.34E-01,2.51E-01,2.48E-01,2.44E-01,3.55E-01,1.71E-01,2.75E-01,2.80E-01,2.39E-01,2.95E-01,2.61E-01,3.12E-01,3.15E-01,1.61E-01,3.35E-01,4.72E-01,4.38E-01,3.18E-01,2.87E-01,3.08E-01,3.87E-01,3.38E-01,2.35E-01,2.86E-01,2.15E-01,3.17E-01,3.24E-01,2.43E-01,2.88E-01,3.38E-01,3.14E-01,3.88E-01,2.60E-01,2.84E-01,3.68E-01,3.23E-01,2.89E-01,3.41E-01,2.67E-01,3.39E-01,3.24E-01,3.23E-01,3.21E-01,3.49E-01,4.99E-01,3.85E-01,3.99E-01,3.83E-01,4.04E-01,3.78E-01,3.76E-01,3.10E-01,3.28E-01,3.44E-01,3.50E-01,3.63E-01,4.24E-01,4.50E-01,3.47E-01,3.43E-01,3.17E-01,2.96E-01,4.95E-01,4.13E-01,2.92E-01,4.10E-01,3.85E-01,4.03E-01,3.91E-01,3.09E-01,3.45E-01,4.33E-01,3.87E-01,3.35E-01,2.67E-01,2.94E-01,3.20E-01,3.27E-01,3.17E-01,2.94E-01,3.08E-01,2.81E-01,2.89E-01,2.87E-01,2.78E-01,2.53E-01,2.43E-01,3.01E-01,3.33E-01,3.85E-01,3.68E-01,3.64E-01,3.22E-01,3.55E-01,3.29E-01,3.71E-01,2.94E-01,2.96E-01,3.09E-01,2.42E-01,3.17E-01,3.56E-01,2.59E-01,3.24E-01,3.82E-01,2.87E-01,3.05E-01,2.83E-01,2.83E-01,2.63E-01,2.71E-01,3.67E-01,3.42E-01,2.98E-01,2.80E-01,3.55E-01,4.32E-01,3.85E-01,2.86E-01,2.58E-01,3.56E-01,4.05E-01,6.13E-01,4.22E-01,3.73E-01,4.48E-01,3.87E-01,3.94E-01,3.68E-01,2.71E-01,2.73E-01,3.69E-01,3.16E-01,3.58E-01,3.69E-01,3.58E-01,4.07E-01,2.86E-01,3.22E-01,3.76E-01,3.78E-01,5.33E-01,4.00E-01,3.77E-01,3.75E-01,2.88E-01,3.08E-01,3.69E-01,3.56E-01,4.06E-01,3.71E-01,3.94E-01,3.88E-01,3.64E-01,3.94E-01,4.84E-01,3.72E-01,4.49E-01,4.25E-01,2.64E-01,5.32E-01,3.76E-01,4.76E-01,4.42E-01,3.41E-01
127_S_5058,1.49E-01,1.19E-01,2.26E-01,2.48E-01,2.93E-01,2.60E-01,2.84E-01,1.99E-01,2.10E-01,1.83E-01,1.84E-01,2.74E-01,2.45E-01,2.09E-01,2.95E-01,2.69E-01,2.19E-01,2.33E-01,2.57E-01,2.30E-01,2.97E-01,3.77E-01,2.84E-01,3.40E-01,2.90E-01,2.92E-01,3.05E-01,2.72E-01,3.56E-01,2.86E-01,2.76E-01,2.57E-01,2.70E-01,2.78E-01,2.85E-01,2.43E-01,2.59E-01,2.46E-01,2.50E-01,3.24E-01,1.61E-01,2.85E-01,2.92E-01,2.30E-01,2.79E-01,2.32E-01,3.46E-01,3.28E-01,1.63E-01,3.07E-01,4.72E-01,3.81E-01,2.73E-01,3.24E-01,3.04E-01,3.45E-01,3.13E-01,2.69E-01,3.25E-01,2.59E-01,2.90E-01,3.81E-01,3.03E-01,2.99E-01,3.07E-01,2.98E-01,4.38E-01,2.91E-01,2.77E-01,3.24E-01,3.67E-01,2.85E-01,3.56E-01,2.47E-01,3.68E-01,3.11E-01,3.33E-01,3.21E-01,3.74E-01,4.81E-01,3.91E-01,3.70E-01,3.58E-01,4.54E-01,3.67E-01,3.74E-01,3.45E-01,3.48E-01,3.47E-01,3.98E-01,3.69E-01,3.57E-01,3.95E-01,3.41E-01,3.43E-01,3.71E-01,3.25E-01,5.63E-01,4.12E-01,2.75E-01,3.36E-01,3.60E-01,3.54E-01,3.77E-01,3.30E-01,3.01E-01,4.21E-01,3.65E-01,3.39E-01,2.44E-01,2.64E-01,2.98E-01,3.28E-01,2.62E-01,3.05E-01,3.13E-01,3.35E-01,3.00E-01,3.24E-01,2.49E-01,2.77E-01,2.73E-01,2.87E-01,3.42E-01,4.46E-01,3.47E-01,3.58E-01,3.10E-01,3.21E-01,2.98E-01,3.60E-01,2.91E-01,2.65E-01,2.83E-01,2.93E-01,3.25E-01,3.04E-01,2.70E-01,3.29E-01,3.01E-01,2.47E-01,3.02E-01,2.90E-01,2.00E-01,2.45E-01,2.31E-01,3.18E-01,3.09E-01,3.29E-01,2.90E-01,4.05E-01,3.65E-01,3.06E-01,2.43E-01,2.23E-01,3.35E-01,3.84E-01,5.42E-01,4.58E-01,3.25E-01,3.94E-01,3.42E-01,3.91E-01,3.90E-01,3.46E-01,3.36E-01,2.81E-01,3.62E-01,3.30E-01,4.11E-01,3.57E-01,4.45E-01,3.62E-01,3.87E-01,3.55E-01,3.19E-01,4.00E-01,3.11E-01,3.46E-01,2.94E-01,3.08E-01,3.10E-01,3.79E-01,3.55E-01,3.32E-01,3.55E-01,3.55E-01,3.86E-01,4.14E-01,4.54E-01,4.51E-01,3.50E-01,3.56E-01,3.69E-01,2.61E-01,5.65E-01,3.40E-01,4.94E-01,4.05E-01,3.68E-01
127_S_5067,1.52E-01,1.14E-01,2.17E-01,2.38E-01,2.53E-01,2.57E-01,2.74E-01,1.86E-01,1.87E-01,1.62E-01,1.73E-01,3.15E-01,2.30E-01,1.91E-01,2.43E-01,2.30E-01,2.01E-01,2.16E-01,2.63E-01,2.39E-01,2.83E-01,2.87E-01,2.50E-01,3.16E-01,2.60E-01,2.83E-01,3.28E-01,2.71E-01,2.62E-01,2.71E-01,2.61E-01,2.46E-01,2.26E-01,2.11E-01,2.44E-01,1.81E-01,2.27E-01,2.50E-01,2.43E-01,2.54E-01,1.29E-01,2.24E-01,2.87E-01,2.01E-01,2.67E-01,2.44E-01,2.76E-01,3.05E-01,1.54E-01,2.87E-01,4.45E-01,3.90E-01,2.86E-01,2.20E-01,2.93E-01,3.18E-01,2.98E-01,2.34E-01,2.67E-01,2.17E-01,2.71E-01,3.38E-01,2.63E-01,2.90E-01,3.07E-01,2.79E-01,3.16E-01,2.95E-01,2.79E-01,3.16E-01,2.98E-01,2.89E-01,3.09E-01,2.36E-01,3.23E-01,3.20E-01,2.95E-01,3.05E-01,3.16E-01,4.60E-01,3.53E-01,2.96E-01,3.51E-01,3.42E-01,3.49E-01,2.93E-01,2.74E-01,3.28E-01,3.44E-01,3.22E-01,3.55E-01,3.64E-01,3.32E-01,3.35E-01,3.63E-01,2.96E-01,2.81E-01,3.52E-01,3.64E-01,2.58E-01,3.49E-01,3.48E-01,3.62E-01,3.46E-01,3.01E-01,3.49E-01,3.61E-01,3.47E-01,3.05E-01,2.64E-01,2.76E-01,3.14E-01,3.22E-01,2.92E-01,3.05E-01,2.94E-01,2.81E-01,2.72E-01,2.88E-01,2.56E-01,2.79E-01,2.66E-01,2.82E-01,3.05E-01,4.03E-01,3.07E-01,3.20E-01,3.22E-01,3.06E-01,3.31E-01,3.08E-01,3.25E-01,2.76E-01,2.67E-01,2.73E-01,3.05E-01,3.13E-01,2.23E-01,2.93E-01,3.14E-01,2.63E-01,3.19E-01,3.12E-01,2.60E-01,2.45E-01,2.54E-01,3.46E-01,3.48E-01,3.09E-01,3.19E-01,3.36E-01,3.98E-01,3.78E-01,2.65E-01,2.51E-01,3.70E-01,4.14E-01,4.92E-01,4.50E-01,3.64E-01,4.18E-01,3.32E-01,3.44E-01,2.83E-01,2.86E-01,3.41E-01,2.96E-01,3.46E-01,3.31E-01,3.65E-01,4.07E-01,3.89E-01,3.11E-01,3.39E-01,3.39E-01,3.48E-01,4.69E-01,4.16E-01,3.98E-01,4.04E-01,3.00E-01,3.12E-01,3.53E-01,3.19E-01,3.77E-01,3.33E-01,3.57E-01,3.52E-01,3.87E-01,3.61E-01,4.29E-01,3.61E-01,4.32E-01,3.34E-01,2.68E-01,3.54E-01,3.57E-01,4.10E-01,3.34E-01,3.14E-01
127_S_5095,1.79E-01,1.40E-01,2.70E-01,3.09E-01,3.20E-01,3.11E-01,3.41E-01,2.30E-01,2.51E-01,2.18E-01,2.12E-01,3.62E-01,2.80E-01,2.25E-01,2.84E-01,2.74E-01,2.87E-01,2.60E-01,3.03E-01,2.70E-01,2.83E-01,3.55E-01,3.03E-01,3.42E-01,2.94E-01,3.04E-01,3.08E-01,3.01E-01,3.29E-01,3.17E-01,3.12E-01,2.97E-01,2.74E-01,2.87E-01,2.87E-01,2.30E-01,3.31E-01,3.04E-01,3.18E-01,3.12E-01,1.68E-01,2.82E-01,3.11E-01,2.54E-01,3.29E-01,2.75E-01,3.46E-01,3.17E-01,1.62E-01,3.42E-01,5.11E-01,4.11E-01,3.22E-01,2.72E-01,3.38E-01,3.82E-01,3.26E-01,2.86E-01,3.26E-01,2.95E-01,4.00E-01,3.58E-01,2.66E-01,3.22E-01,3.11E-01,3.34E-01,3.80E-01,3.65E-01,3.02E-01,4.07E-01,3.60E-01,3.09E-01,3.82E-01,2.92E-01,4.07E-01,3.16E-01,3.90E-01,3.56E-01,4.26E-01,4.68E-01,4.80E-01,3.99E-01,4.81E-01,3.58E-01,3.24E-01,3.50E-01,3.39E-01,3.55E-01,3.76E-01,4.32E-01,4.16E-01,4.50E-01,4.92E-01,3.35E-01,3.56E-01,4.05E-01,4.62E-01,4.71E-01,4.13E-01,3.20E-01,4.71E-01,4.93E-01,4.27E-01,4.91E-01,4.22E-01,4.48E-01,4.98E-01,5.01E-01,4.34E-01,3.88E-01,3.38E-01,4.12E-01,3.65E-01,3.31E-01,4.52E-01,3.77E-01,3.90E-01,3.59E-01,3.59E-01,3.33E-01,3.29E-01,3.82E-01,3.79E-01,3.72E-01,4.06E-01,4.03E-01,3.57E-01,3.96E-01,4.75E-01,3.66E-01,3.70E-01,3.68E-01,3.68E-01,3.58E-01,2.92E-01,3.80E-01,3.68E-01,2.88E-01,3.52E-01,3.49E-01,3.03E-01,3.39E-01,3.21E-01,2.86E-01,2.94E-01,2.73E-01,4.42E-01,4.28E-01,4.06E-01,4.47E-01,4.21E-01,5.08E-01,4.14E-01,3.08E-01,2.78E-01,4.47E-01,4.28E-01,6.18E-01,4.67E-01,3.93E-01,5.03E-01,4.05E-01,3.92E-01,4.01E-01,3.71E-01,3.55E-01,4.53E-01,3.94E-01,3.61E-01,4.45E-01,3.55E-01,3.93E-01,3.89E-01,4.26E-01,3.78E-01,4.75E-01,5.25E-01,4.12E-01,4.53E-01,4.14E-01,3.87E-01,4.28E-01,4.69E-01,4.19E-01,4.42E-01,4.36E-01,4.30E-01,4.41E-01,4.39E-01,4.35E-01,5.37E-01,4.76E-01,4.74E-01,4.82E-01,3.82E-01,5.43E-01,3.90E-01,4.58E-01,4.39E-01,3.65E-01
128_S_4586,1.69E-01,1.27E-01,2.40E-01,2.79E-01,3.09E-01,3.01E-01,3.12E-01,2.26E-01,2.22E-01,2.20E-01,2.05E-01,3.27E-01,2.71E-01,2.08E-01,2.62E-01,2.69E-01,2.40E-01,2.31E-01,2.44E-01,2.40E-01,3.58E-01,3.91E-01,2.75E-01,3.77E-01,3.14E-01,3.28E-01,3.07E-01,2.93E-01,3.64E-01,2.97E-01,3.15E-01,3.10E-01,3.06E-01,2.67E-01,2.95E-01,2.07E-01,2.76E-01,2.90E-01,2.58E-01,4.02E-01,1.81E-01,2.82E-01,3.63E-01,2.62E-01,3.06E-01,2.61E-01,3.68E-01,3.22E-01,1.76E-01,3.07E-01,4.30E-01,3.44E-01,2.70E-01,3.31E-01,3.01E-01,3.85E-01,3.30E-01,3.02E-01,3.51E-01,2.72E-01,3.00E-01,3.81E-01,3.16E-01,3.07E-01,3.25E-01,3.09E-01,3.91E-01,3.32E-01,2.98E-01,3.34E-01,3.14E-01,3.49E-01,4.04E-01,2.65E-01,3.81E-01,3.19E-01,3.78E-01,3.51E-01,4.47E-01,3.98E-01,3.63E-01,3.73E-01,3.32E-01,4.40E-01,4.12E-01,3.92E-01,3.11E-01,3.01E-01,3.17E-01,3.30E-01,3.25E-01,4.65E-01,4.51E-01,4.20E-01,4.11E-01,3.59E-01,3.53E-01,5.54E-01,3.92E-01,3.37E-01,4.34E-01,4.14E-01,4.53E-01,4.77E-01,3.59E-01,3.65E-01,5.06E-01,4.15E-01,4.28E-01,3.27E-01,3.52E-01,3.44E-01,2.83E-01,2.90E-01,3.18E-01,2.78E-01,3.10E-01,3.01E-01,3.03E-01,2.88E-01,3.04E-01,3.12E-01,3.10E-01,3.66E-01,4.29E-01,3.19E-01,3.45E-01,3.74E-01,3.43E-01,3.90E-01,3.77E-01,3.07E-01,3.59E-01,3.84E-01,2.67E-01,3.44E-01,3.02E-01,2.28E-01,3.60E-01,3.17E-01,2.78E-01,3.11E-01,3.45E-01,3.20E-01,3.34E-01,3.27E-01,3.71E-01,3.86E-01,3.68E-01,3.41E-01,3.26E-01,3.70E-01,3.24E-01,3.15E-01,3.05E-01,3.91E-01,3.49E-01,4.85E-01,4.04E-01,4.66E-01,3.94E-01,3.84E-01,3.90E-01,4.79E-01,3.78E-01,3.14E-01,3.03E-01,4.26E-01,3.82E-01,3.71E-01,4.58E-01,4.35E-01,4.29E-01,3.58E-01,4.16E-01,3.37E-01,4.71E-01,3.24E-01,3.53E-01,3.37E-01,3.93E-01,4.17E-01,3.79E-01,3.92E-01,3.38E-01,4.00E-01,3.91E-01,4.12E-01,3.93E-01,4.58E-01,4.43E-01,3.21E-01,5.04E-01,4.60E-01,3.29E-01,5.85E-01,4.61E-01,5.18E-01,4.33E-01,4.02E-01
128_S_4774,1.28E-01,1.03E-01,2.01E-01,2.22E-01,2.48E-01,2.41E-01,2.25E-01,1.84E-01,1.76E-01,1.67E-01,1.66E-01,2.73E-01,2.15E-01,1.84E-01,2.48E-01,2.19E-01,1.94E-01,2.27E-01,2.05E-01,1.91E-01,2.58E-01,2.85E-01,2.39E-01,2.93E-01,2.50E-01,2.74E-01,2.70E-01,2.53E-01,2.50E-01,2.32E-01,2.66E-01,2.37E-01,1.96E-01,2.05E-01,2.50E-01,1.91E-01,2.17E-01,2.05E-01,2.70E-01,2.75E-01,1.29E-01,2.37E-01,2.67E-01,2.06E-01,2.53E-01,2.13E-01,2.21E-01,2.89E-01,1.44E-01,2.80E-01,3.34E-01,3.06E-01,2.33E-01,2.04E-01,2.40E-01,2.77E-01,2.59E-01,2.62E-01,3.00E-01,2.26E-01,3.24E-01,2.90E-01,2.56E-01,2.91E-01,3.02E-01,2.60E-01,3.19E-01,2.91E-01,2.61E-01,2.67E-01,3.22E-01,2.44E-01,2.76E-01,2.13E-01,2.96E-01,2.83E-01,2.87E-01,2.70E-01,2.99E-01,3.62E-01,3.56E-01,3.26E-01,2.74E-01,3.16E-01,2.63E-01,2.76E-01,2.83E-01,3.20E-01,3.04E-01,3.18E-01,3.05E-01,3.08E-01,3.59E-01,2.75E-01,2.99E-01,3.01E-01,2.39E-01,3.10E-01,3.09E-01,2.86E-01,2.92E-01,3.65E-01,3.17E-01,3.13E-01,2.97E-01,3.03E-01,3.70E-01,3.09E-01,3.18E-01,2.77E-01,2.46E-01,2.77E-01,2.83E-01,2.73E-01,2.89E-01,2.56E-01,2.46E-01,2.58E-01,2.36E-01,2.45E-01,2.19E-01,2.11E-01,2.49E-01,2.99E-01,3.21E-01,2.90E-01,2.93E-01,3.05E-01,3.47E-01,3.03E-01,3.30E-01,2.98E-01,2.90E-01,2.31E-01,2.21E-01,2.74E-01,2.78E-01,1.93E-01,2.75E-01,2.50E-01,2.43E-01,2.87E-01,2.77E-01,2.46E-01,2.35E-01,2.47E-01,3.48E-01,3.20E-01,2.54E-01,2.82E-01,2.68E-01,3.51E-01,3.24E-01,2.45E-01,2.16E-01,3.92E-01,3.45E-01,4.10E-01,3.75E-01,3.92E-01,3.02E-01,3.17E-01,3.02E-01,3.13E-01,2.75E-01,2.74E-01,1.99E-01,3.31E-01,3.26E-01,3.20E-01,3.60E-01,3.63E-01,3.06E-01,2.93E-01,3.34E-01,3.01E-01,3.99E-01,3.59E-01,3.24E-01,3.42E-01,2.94E-01,2.87E-01,3.33E-01,2.86E-01,3.33E-01,3.17E-01,3.58E-01,3.70E-01,4.07E-01,3.50E-01,3.52E-01,3.46E-01,3.51E-01,3.62E-01,2.32E-01,3.49E-01,3.26E-01,4.07E-01,3.10E-01,2.94E-01
128_S_4832,1.41E-01,1.14E-01,2.08E-01,2.32E-01,2.58E-01,2.58E-01,2.81E-01,2.23E-01,2.15E-01,1.73E-01,1.81E-01,2.78E-01,2.30E-01,1.82E-01,2.60E-01,2.41E-01,2.17E-01,1.77E-01,2.55E-01,2.46E-01,3.02E-01,2.95E-01,2.56E-01,3.07E-01,2.71E-01,2.83E-01,2.82E-01,2.57E-01,3.29E-01,2.55E-01,2.65E-01,2.88E-01,2.29E-01,2.27E-01,2.65E-01,2.14E-01,2.37E-01,2.45E-01,2.05E-01,3.12E-01,1.57E-01,2.33E-01,2.88E-01,2.19E-01,3.01E-01,2.13E-01,2.77E-01,3.41E-01,1.59E-01,2.97E-01,4.22E-01,3.69E-01,2.55E-01,2.80E-01,2.81E-01,3.37E-01,2.84E-01,2.38E-01,2.78E-01,2.23E-01,2.84E-01,3.84E-01,3.15E-01,2.89E-01,3.17E-01,2.97E-01,3.87E-01,2.61E-01,3.07E-01,2.84E-01,3.29E-01,2.60E-01,3.14E-01,2.36E-01,3.20E-01,3.41E-01,3.14E-01,2.93E-01,3.45E-01,4.57E-01,3.53E-01,2.98E-01,3.92E-01,4.21E-01,3.78E-01,3.31E-01,3.01E-01,2.41E-01,3.63E-01,3.87E-01,3.43E-01,3.76E-01,3.54E-01,3.23E-01,3.73E-01,3.33E-01,3.19E-01,4.99E-01,3.44E-01,2.40E-01,3.43E-01,3.30E-01,3.21E-01,3.65E-01,3.67E-01,2.98E-01,4.31E-01,3.94E-01,3.50E-01,2.83E-01,2.98E-01,2.97E-01,3.14E-01,2.98E-01,3.23E-01,2.91E-01,3.06E-01,2.70E-01,3.05E-01,2.42E-01,2.80E-01,2.71E-01,2.80E-01,3.41E-01,4.07E-01,2.86E-01,3.57E-01,3.63E-01,3.50E-01,3.28E-01,3.49E-01,3.50E-01,2.93E-01,3.06E-01,2.60E-01,3.28E-01,3.35E-01,2.34E-01,3.08E-01,3.08E-01,2.80E-01,2.98E-01,3.67E-01,2.56E-01,2.91E-01,2.97E-01,3.89E-01,3.68E-01,3.11E-01,2.98E-01,3.33E-01,3.10E-01,3.65E-01,2.55E-01,2.30E-01,3.61E-01,3.87E-01,5.09E-01,4.43E-01,3.11E-01,3.97E-01,3.45E-01,3.40E-01,4.15E-01,3.13E-01,2.97E-01,3.40E-01,4.29E-01,3.43E-01,4.03E-01,4.40E-01,4.26E-01,3.18E-01,3.49E-01,3.65E-01,3.94E-01,3.96E-01,2.94E-01,4.20E-01,3.12E-01,3.08E-01,3.34E-01,3.76E-01,3.70E-01,3.40E-01,3.43E-01,3.80E-01,3.71E-01,3.31E-01,4.12E-01,4.96E-01,3.65E-01,3.89E-01,4.55E-01,2.85E-01,5.53E-01,3.94E-01,4.36E-01,3.62E-01,2.80E-01
128_S_5123,1.28E-01,9.84E-02,1.96E-01,1.99E-01,2.37E-01,2.30E-01,2.33E-01,1.67E-01,1.77E-01,1.48E-01,1.45E-01,2.54E-01,1.96E-01,1.65E-01,2.18E-01,2.00E-01,1.87E-01,1.97E-01,2.25E-01,2.08E-01,2.51E-01,2.29E-01,2.00E-01,2.47E-01,2.38E-01,2.30E-01,2.47E-01,2.25E-01,2.32E-01,2.20E-01,2.44E-01,2.25E-01,2.09E-01,1.98E-01,2.24E-01,1.85E-01,1.96E-01,2.03E-01,2.12E-01,2.34E-01,1.20E-01,1.79E-01,2.33E-01,1.84E-01,2.51E-01,2.08E-01,2.33E-01,2.50E-01,1.29E-01,2.45E-01,3.63E-01,3.49E-01,2.17E-01,2.27E-01,2.50E-01,2.96E-01,2.70E-01,2.27E-01,2.26E-01,1.95E-01,2.32E-01,3.20E-01,2.13E-01,2.27E-01,2.55E-01,2.53E-01,2.97E-01,2.27E-01,2.23E-01,2.62E-01,2.71E-01,2.52E-01,2.72E-01,2.12E-01,2.63E-01,2.56E-01,2.90E-01,2.54E-01,2.92E-01,3.74E-01,2.78E-01,2.78E-01,3.24E-01,3.17E-01,3.10E-01,2.92E-01,2.46E-01,2.66E-01,2.85E-01,3.06E-01,2.92E-01,3.25E-01,3.12E-01,2.63E-01,3.14E-01,2.92E-01,2.61E-01,3.33E-01,3.05E-01,2.25E-01,3.07E-01,3.08E-01,3.20E-01,2.93E-01,2.89E-01,3.13E-01,3.48E-01,3.34E-01,2.89E-01,2.73E-01,2.79E-01,2.64E-01,2.43E-01,2.28E-01,2.61E-01,2.37E-01,2.70E-01,2.17E-01,2.49E-01,1.92E-01,2.36E-01,2.78E-01,2.36E-01,2.56E-01,3.00E-01,2.39E-01,2.48E-01,2.56E-01,2.68E-01,2.51E-01,3.13E-01,2.79E-01,2.71E-01,2.73E-01,2.46E-01,3.01E-01,2.96E-01,2.14E-01,2.84E-01,3.05E-01,2.23E-01,2.61E-01,2.60E-01,2.38E-01,2.23E-01,2.35E-01,3.46E-01,2.86E-01,2.76E-01,2.44E-01,2.79E-01,3.12E-01,2.91E-01,2.35E-01,2.09E-01,3.16E-01,3.64E-01,4.68E-01,3.67E-01,2.94E-01,3.75E-01,3.22E-01,3.14E-01,3.31E-01,3.08E-01,2.35E-01,2.61E-01,2.87E-01,3.05E-01,3.46E-01,3.17E-01,3.35E-01,2.66E-01,2.73E-01,3.07E-01,3.34E-01,3.42E-01,2.53E-01,3.42E-01,3.06E-01,2.99E-01,3.40E-01,3.25E-01,3.09E-01,2.73E-01,3.10E-01,3.20E-01,3.20E-01,3.43E-01,3.25E-01,4.16E-01,2.96E-01,3.39E-01,3.76E-01,2.43E-01,3.97E-01,2.98E-01,3.60E-01,3.03E-01,2.53E-01
129_S_0778,1.52E-01,1.16E-01,2.18E-01,2.25E-01,3.07E-01,2.78E-01,2.96E-01,2.37E-01,2.19E-01,1.93E-01,1.97E-01,3.06E-01,2.45E-01,1.87E-01,2.27E-01,2.18E-01,2.04E-01,2.23E-01,2.35E-01,2.36E-01,3.27E-01,3.46E-01,2.89E-01,3.30E-01,2.69E-01,3.09E-01,3.02E-01,2.38E-01,3.49E-01,2.89E-01,3.20E-01,2.73E-01,2.39E-01,2.38E-01,2.66E-01,2.23E-01,2.41E-01,2.35E-01,2.24E-01,3.18E-01,1.66E-01,2.73E-01,3.02E-01,2.39E-01,2.71E-01,2.31E-01,2.66E-01,2.99E-01,1.72E-01,3.40E-01,4.36E-01,3.59E-01,2.74E-01,3.13E-01,3.15E-01,3.82E-01,3.31E-01,2.53E-01,3.01E-01,2.29E-01,2.68E-01,3.71E-01,2.87E-01,3.01E-01,2.94E-01,3.04E-01,3.92E-01,2.76E-01,3.12E-01,3.58E-01,3.87E-01,3.00E-01,3.72E-01,2.71E-01,3.64E-01,3.23E-01,3.38E-01,3.26E-01,3.90E-01,3.99E-01,4.03E-01,3.13E-01,4.11E-01,4.24E-01,4.16E-01,3.64E-01,3.02E-01,3.21E-01,3.51E-01,4.01E-01,3.45E-01,3.85E-01,4.43E-01,3.96E-01,3.90E-01,3.32E-01,3.01E-01,5.01E-01,3.66E-01,3.01E-01,4.25E-01,3.96E-01,3.88E-01,3.74E-01,3.22E-01,3.64E-01,4.54E-01,3.96E-01,3.89E-01,2.55E-01,3.02E-01,2.96E-01,2.80E-01,2.71E-01,2.95E-01,2.55E-01,2.93E-01,2.86E-01,2.79E-01,2.39E-01,2.77E-01,2.25E-01,3.07E-01,3.56E-01,3.88E-01,3.78E-01,3.45E-01,3.29E-01,3.86E-01,3.32E-01,3.66E-01,3.11E-01,3.06E-01,2.82E-01,2.83E-01,3.30E-01,3.23E-01,2.50E-01,2.79E-01,2.83E-01,2.53E-01,3.19E-01,3.14E-01,2.87E-01,2.86E-01,2.42E-01,3.45E-01,3.29E-01,3.00E-01,2.51E-01,3.32E-01,4.24E-01,3.27E-01,2.78E-01,2.43E-01,4.51E-01,3.77E-01,4.73E-01,4.07E-01,4.22E-01,4.26E-01,3.91E-01,3.63E-01,4.57E-01,3.88E-01,2.74E-01,2.51E-01,3.44E-01,3.49E-01,3.85E-01,4.51E-01,4.32E-01,2.80E-01,3.10E-01,3.60E-01,3.47E-01,4.85E-01,3.26E-01,3.84E-01,3.47E-01,3.35E-01,3.14E-01,3.39E-01,3.47E-01,3.38E-01,3.73E-01,3.85E-01,4.33E-01,3.93E-01,4.33E-01,3.95E-01,4.31E-01,4.40E-01,3.87E-01,2.64E-01,5.12E-01,4.07E-01,4.31E-01,4.31E-01,3.28E-01
129_S_4369,1.52E-01,1.23E-01,2.28E-01,2.65E-01,3.08E-01,2.97E-01,2.73E-01,2.26E-01,2.17E-01,1.84E-01,1.95E-01,3.28E-01,2.45E-01,1.80E-01,2.38E-01,2.35E-01,2.46E-01,2.15E-01,2.45E-01,2.35E-01,2.87E-01,3.26E-01,2.66E-01,3.23E-01,2.75E-01,2.97E-01,2.77E-01,2.53E-01,3.36E-01,2.97E-01,3.21E-01,3.17E-01,2.73E-01,2.52E-01,2.58E-01,1.97E-01,2.80E-01,2.88E-01,2.51E-01,2.66E-01,1.71E-01,2.67E-01,3.34E-01,2.36E-01,2.98E-01,2.19E-01,2.77E-01,3.11E-01,1.64E-01,3.16E-01,4.10E-01,3.57E-01,2.56E-01,2.86E-01,2.83E-01,3.68E-01,3.04E-01,2.63E-01,3.41E-01,2.75E-01,2.32E-01,3.73E-01,3.02E-01,2.92E-01,3.07E-01,2.92E-01,3.56E-01,2.99E-01,2.83E-01,3.11E-01,3.29E-01,2.99E-01,3.30E-01,2.52E-01,3.45E-01,3.20E-01,3.15E-01,3.06E-01,3.48E-01,4.09E-01,3.57E-01,3.64E-01,3.28E-01,3.83E-01,3.85E-01,3.81E-01,3.31E-01,3.14E-01,3.18E-01,3.56E-01,3.22E-01,3.77E-01,4.36E-01,3.83E-01,3.75E-01,3.54E-01,3.17E-01,5.05E-01,3.73E-01,3.34E-01,3.65E-01,4.24E-01,3.87E-01,4.21E-01,4.38E-01,3.67E-01,4.23E-01,3.83E-01,3.38E-01,2.71E-01,2.98E-01,3.13E-01,2.82E-01,2.75E-01,2.74E-01,2.81E-01,3.25E-01,2.88E-01,3.53E-01,2.18E-01,2.89E-01,2.55E-01,3.02E-01,3.37E-01,3.80E-01,3.37E-01,3.32E-01,3.53E-01,3.89E-01,3.55E-01,3.77E-01,3.94E-01,3.47E-01,3.05E-01,2.87E-01,3.69E-01,3.12E-01,2.79E-01,3.28E-01,3.77E-01,2.80E-01,2.73E-01,3.32E-01,2.40E-01,3.05E-01,2.96E-01,3.85E-01,3.34E-01,3.26E-01,2.43E-01,3.38E-01,4.15E-01,3.40E-01,2.62E-01,2.72E-01,4.20E-01,3.70E-01,5.03E-01,3.91E-01,3.93E-01,3.80E-01,3.19E-01,3.37E-01,4.13E-01,3.35E-01,3.29E-01,3.10E-01,4.29E-01,3.83E-01,3.79E-01,3.73E-01,4.40E-01,3.52E-01,3.65E-01,3.75E-01,3.58E-01,4.66E-01,3.52E-01,3.41E-01,3.67E-01,3.24E-01,3.46E-01,3.56E-01,3.99E-01,3.84E-01,3.52E-01,3.79E-01,4.24E-01,3.92E-01,4.08E-01,4.02E-01,3.52E-01,4.30E-01,4.54E-01,2.63E-01,5.40E-01,4.11E-01,4.72E-01,3.87E-01,3.26E-01
129_S_4371,1.45E-01,1.15E-01,2.28E-01,2.48E-01,2.36E-01,2.27E-01,2.76E-01,1.95E-01,2.14E-01,1.91E-01,1.85E-01,3.14E-01,2.40E-01,1.74E-01,2.33E-01,2.18E-01,2.11E-01,2.10E-01,2.63E-01,2.22E-01,2.97E-01,3.14E-01,2.66E-01,3.14E-01,2.87E-01,2.82E-01,3.00E-01,2.46E-01,3.61E-01,2.89E-01,2.84E-01,2.50E-01,2.40E-01,2.51E-01,2.59E-01,2.39E-01,2.35E-01,2.25E-01,2.23E-01,2.83E-01,1.52E-01,2.52E-01,3.02E-01,2.34E-01,2.82E-01,2.52E-01,3.06E-01,3.31E-01,1.53E-01,3.18E-01,3.75E-01,3.51E-01,2.74E-01,3.10E-01,2.87E-01,3.65E-01,3.23E-01,2.72E-01,2.91E-01,2.15E-01,2.71E-01,3.86E-01,3.22E-01,3.05E-01,2.92E-01,3.03E-01,3.56E-01,2.95E-01,3.12E-01,3.30E-01,3.24E-01,3.01E-01,3.53E-01,2.53E-01,3.54E-01,3.16E-01,3.25E-01,3.15E-01,3.64E-01,3.72E-01,4.07E-01,3.91E-01,3.59E-01,4.10E-01,3.98E-01,3.35E-01,2.74E-01,3.55E-01,3.41E-01,3.46E-01,3.31E-01,3.90E-01,4.19E-01,4.20E-01,4.00E-01,3.45E-01,3.29E-01,5.03E-01,3.82E-01,2.59E-01,3.87E-01,3.47E-01,3.95E-01,3.82E-01,2.75E-01,3.40E-01,4.34E-01,4.08E-01,3.60E-01,3.07E-01,3.11E-01,3.12E-01,3.02E-01,3.06E-01,3.33E-01,2.75E-01,2.96E-01,2.94E-01,2.56E-01,2.54E-01,2.54E-01,2.67E-01,2.30E-01,3.52E-01,4.16E-01,3.41E-01,3.36E-01,3.38E-01,4.01E-01,3.36E-01,3.61E-01,3.42E-01,2.95E-01,3.03E-01,2.61E-01,2.85E-01,3.30E-01,2.16E-01,3.18E-01,2.92E-01,3.15E-01,3.04E-01,3.27E-01,2.75E-01,2.84E-01,2.62E-01,3.31E-01,3.57E-01,3.36E-01,3.15E-01,3.28E-01,4.76E-01,3.71E-01,2.97E-01,2.61E-01,3.58E-01,3.84E-01,5.14E-01,4.12E-01,4.12E-01,4.13E-01,3.51E-01,3.59E-01,3.89E-01,3.83E-01,2.88E-01,2.85E-01,4.05E-01,3.85E-01,3.59E-01,4.17E-01,4.23E-01,3.97E-01,3.54E-01,3.86E-01,2.91E-01,4.69E-01,3.62E-01,3.42E-01,3.22E-01,3.45E-01,3.68E-01,3.54E-01,3.46E-01,3.28E-01,3.54E-01,3.87E-01,3.97E-01,4.30E-01,4.39E-01,4.55E-01,3.33E-01,4.63E-01,3.89E-01,2.73E-01,4.98E-01,4.51E-01,4.77E-01,3.83E-01,3.51E-01
129_S_4396,1.44E-01,9.83E-02,1.85E-01,2.12E-01,2.30E-01,2.31E-01,2.54E-01,1.72E-01,1.77E-01,1.67E-01,1.49E-01,2.51E-01,1.96E-01,1.53E-01,1.98E-01,1.89E-01,1.81E-01,1.91E-01,1.99E-01,2.00E-01,2.41E-01,2.54E-01,2.27E-01,2.68E-01,2.27E-01,2.15E-01,2.19E-01,2.21E-01,3.23E-01,2.34E-01,2.12E-01,2.26E-01,2.12E-01,2.24E-01,2.13E-01,1.64E-01,2.08E-01,2.30E-01,2.00E-01,2.32E-01,1.28E-01,2.10E-01,2.49E-01,1.89E-01,2.72E-01,2.02E-01,2.64E-01,2.80E-01,1.33E-01,2.49E-01,3.51E-01,2.92E-01,2.11E-01,2.33E-01,2.28E-01,2.95E-01,2.45E-01,2.36E-01,2.71E-01,1.96E-01,2.35E-01,2.89E-01,2.52E-01,2.61E-01,2.64E-01,2.48E-01,3.09E-01,2.33E-01,2.73E-01,2.85E-01,2.67E-01,2.30E-01,3.28E-01,2.09E-01,3.00E-01,2.56E-01,2.70E-01,2.72E-01,3.08E-01,4.00E-01,2.70E-01,2.95E-01,2.78E-01,3.29E-01,3.09E-01,3.00E-01,2.38E-01,2.49E-01,2.73E-01,3.22E-01,3.14E-01,3.35E-01,3.35E-01,3.03E-01,2.99E-01,3.20E-01,3.07E-01,3.87E-01,3.03E-01,2.14E-01,3.66E-01,2.94E-01,3.19E-01,3.55E-01,2.90E-01,2.88E-01,3.59E-01,3.48E-01,3.16E-01,2.91E-01,2.47E-01,2.82E-01,2.41E-01,2.58E-01,2.94E-01,2.44E-01,2.69E-01,2.20E-01,2.49E-01,2.10E-01,2.25E-01,2.07E-01,2.24E-01,2.67E-01,2.85E-01,2.50E-01,2.83E-01,2.77E-01,2.78E-01,2.48E-01,3.21E-01,2.66E-01,2.65E-01,2.94E-01,1.98E-01,2.75E-01,2.80E-01,2.01E-01,2.48E-01,2.33E-01,2.39E-01,2.50E-01,2.53E-01,2.18E-01,2.49E-01,2.32E-01,3.25E-01,2.83E-01,2.66E-01,2.80E-01,2.63E-01,3.00E-01,3.05E-01,2.36E-01,2.14E-01,3.23E-01,3.37E-01,3.95E-01,3.91E-01,2.87E-01,3.08E-01,3.31E-01,2.91E-01,3.41E-01,2.77E-01,2.78E-01,2.47E-01,3.29E-01,2.88E-01,3.38E-01,3.56E-01,3.85E-01,2.51E-01,3.47E-01,3.53E-01,3.01E-01,3.37E-01,2.85E-01,3.10E-01,2.41E-01,2.74E-01,2.75E-01,3.06E-01,2.40E-01,2.94E-01,2.98E-01,3.11E-01,3.29E-01,3.06E-01,3.32E-01,3.68E-01,2.90E-01,3.61E-01,2.93E-01,2.75E-01,4.63E-01,3.33E-01,4.00E-01,3.80E-01,2.80E-01
129_S_4422,1.47E-01,1.18E-01,2.18E-01,2.42E-01,2.65E-01,2.52E-01,2.74E-01,2.06E-01,2.28E-01,1.88E-01,1.82E-01,2.97E-01,2.49E-01,1.98E-01,2.48E-01,2.24E-01,2.23E-01,2.35E-01,2.83E-01,2.41E-01,3.43E-01,3.72E-01,3.09E-01,3.67E-01,2.86E-01,3.07E-01,2.92E-01,2.65E-01,3.37E-01,2.40E-01,2.65E-01,2.69E-01,2.72E-01,2.60E-01,2.74E-01,2.50E-01,2.58E-01,2.82E-01,2.19E-01,2.88E-01,1.58E-01,2.74E-01,3.04E-01,2.11E-01,2.74E-01,2.68E-01,3.10E-01,2.94E-01,1.72E-01,3.25E-01,4.37E-01,4.03E-01,2.84E-01,3.20E-01,3.01E-01,3.76E-01,2.82E-01,2.59E-01,2.98E-01,2.50E-01,2.73E-01,3.47E-01,3.11E-01,3.30E-01,3.44E-01,3.13E-01,3.61E-01,3.12E-01,3.40E-01,3.32E-01,3.17E-01,3.03E-01,3.64E-01,2.68E-01,3.19E-01,3.32E-01,3.10E-01,3.07E-01,3.32E-01,4.48E-01,3.72E-01,3.65E-01,3.39E-01,4.19E-01,3.68E-01,3.64E-01,2.78E-01,3.10E-01,3.54E-01,3.54E-01,3.46E-01,4.09E-01,4.51E-01,3.64E-01,3.33E-01,3.57E-01,3.70E-01,5.68E-01,3.67E-01,2.98E-01,3.23E-01,3.76E-01,3.62E-01,3.76E-01,3.52E-01,3.22E-01,4.11E-01,4.03E-01,3.31E-01,3.54E-01,2.72E-01,3.40E-01,3.19E-01,3.01E-01,3.12E-01,2.90E-01,3.21E-01,2.94E-01,2.92E-01,3.04E-01,2.82E-01,2.90E-01,2.84E-01,3.71E-01,3.69E-01,3.34E-01,3.20E-01,3.72E-01,4.26E-01,3.87E-01,3.39E-01,2.96E-01,3.16E-01,3.06E-01,2.67E-01,3.38E-01,3.03E-01,2.33E-01,3.37E-01,3.46E-01,3.13E-01,2.76E-01,3.44E-01,2.50E-01,2.91E-01,2.92E-01,3.85E-01,3.52E-01,3.24E-01,3.31E-01,3.41E-01,3.81E-01,3.42E-01,2.61E-01,2.84E-01,3.96E-01,3.99E-01,5.02E-01,4.32E-01,3.61E-01,4.18E-01,3.50E-01,3.56E-01,3.86E-01,3.39E-01,3.07E-01,3.25E-01,3.96E-01,3.88E-01,3.95E-01,3.75E-01,4.06E-01,3.11E-01,3.49E-01,4.13E-01,3.81E-01,4.84E-01,3.28E-01,4.10E-01,3.62E-01,3.27E-01,3.93E-01,3.71E-01,3.42E-01,3.32E-01,3.16E-01,3.77E-01,4.01E-01,3.82E-01,3.89E-01,4.49E-01,3.55E-01,4.51E-01,3.91E-01,3.06E-01,5.68E-01,3.54E-01,4.65E-01,4.18E-01,3.25E-01
130_S_0886,1.44E-01,1.13E-01,2.04E-01,2.20E-01,2.59E-01,2.53E-01,2.75E-01,2.04E-01,2.04E-01,1.79E-01,1.79E-01,2.81E-01,2.38E-01,1.85E-01,2.52E-01,2.36E-01,2.23E-01,2.16E-01,2.36E-01,2.47E-01,2.89E-01,3.22E-01,2.56E-01,3.00E-01,2.86E-01,2.93E-01,2.79E-01,2.59E-01,3.40E-01,2.69E-01,2.64E-01,2.95E-01,2.76E-01,2.44E-01,2.59E-01,2.12E-01,2.49E-01,2.36E-01,2.32E-01,2.86E-01,1.63E-01,2.31E-01,2.81E-01,2.16E-01,2.81E-01,2.19E-01,2.60E-01,3.01E-01,1.53E-01,2.86E-01,4.26E-01,3.60E-01,2.53E-01,2.84E-01,2.76E-01,3.28E-01,2.84E-01,2.48E-01,2.64E-01,2.19E-01,2.39E-01,3.44E-01,2.68E-01,2.64E-01,3.13E-01,2.74E-01,3.45E-01,2.62E-01,2.70E-01,3.01E-01,3.37E-01,2.46E-01,3.15E-01,2.25E-01,2.88E-01,2.87E-01,3.02E-01,2.96E-01,3.22E-01,4.21E-01,2.94E-01,3.06E-01,3.29E-01,3.60E-01,3.46E-01,3.11E-01,2.42E-01,2.73E-01,2.65E-01,3.53E-01,3.07E-01,3.76E-01,3.59E-01,3.40E-01,2.99E-01,3.00E-01,3.07E-01,4.61E-01,3.58E-01,2.55E-01,3.31E-01,3.53E-01,3.15E-01,3.47E-01,2.79E-01,3.29E-01,4.18E-01,3.64E-01,3.53E-01,2.83E-01,2.71E-01,3.58E-01,2.83E-01,2.92E-01,2.77E-01,2.85E-01,2.68E-01,2.76E-01,2.80E-01,2.63E-01,2.80E-01,2.73E-01,2.37E-01,3.35E-01,3.39E-01,3.34E-01,3.30E-01,3.20E-01,3.56E-01,3.32E-01,3.40E-01,3.00E-01,2.92E-01,3.06E-01,2.60E-01,3.41E-01,3.07E-01,2.34E-01,3.02E-01,3.22E-01,2.78E-01,3.05E-01,3.16E-01,2.71E-01,2.79E-01,2.71E-01,3.36E-01,3.40E-01,3.17E-01,2.77E-01,3.16E-01,3.36E-01,3.65E-01,2.72E-01,2.39E-01,3.77E-01,3.59E-01,4.87E-01,4.14E-01,3.12E-01,3.34E-01,3.44E-01,3.42E-01,4.02E-01,2.55E-01,2.91E-01,3.26E-01,3.93E-01,3.38E-01,3.54E-01,3.41E-01,3.65E-01,2.58E-01,3.20E-01,3.72E-01,2.90E-01,3.76E-01,2.80E-01,3.90E-01,2.87E-01,3.01E-01,3.39E-01,3.48E-01,3.50E-01,3.15E-01,3.16E-01,3.47E-01,3.52E-01,3.59E-01,3.74E-01,4.04E-01,2.90E-01,3.67E-01,2.98E-01,2.75E-01,5.20E-01,3.39E-01,4.34E-01,3.50E-01,3.03E-01
130_S_4343,1.45E-01,1.11E-01,1.97E-01,2.26E-01,2.63E-01,2.57E-01,2.60E-01,2.04E-01,2.08E-01,1.88E-01,1.75E-01,2.74E-01,2.29E-01,1.99E-01,2.45E-01,2.48E-01,2.36E-01,2.14E-01,2.31E-01,2.40E-01,2.89E-01,2.99E-01,2.56E-01,3.06E-01,2.71E-01,2.76E-01,2.64E-01,2.42E-01,3.54E-01,2.89E-01,2.76E-01,2.76E-01,2.78E-01,2.42E-01,2.62E-01,2.36E-01,2.71E-01,2.29E-01,2.40E-01,2.89E-01,1.57E-01,2.36E-01,2.61E-01,2.34E-01,2.71E-01,2.30E-01,2.92E-01,2.88E-01,1.42E-01,2.78E-01,3.92E-01,3.62E-01,2.31E-01,2.84E-01,2.56E-01,3.29E-01,2.88E-01,2.41E-01,2.69E-01,2.20E-01,2.66E-01,3.44E-01,2.84E-01,2.62E-01,2.91E-01,2.72E-01,3.35E-01,2.38E-01,2.45E-01,3.17E-01,2.97E-01,2.77E-01,3.21E-01,2.26E-01,2.96E-01,2.90E-01,2.91E-01,2.96E-01,3.48E-01,4.21E-01,3.30E-01,3.24E-01,3.09E-01,3.41E-01,3.47E-01,3.02E-01,2.70E-01,3.06E-01,3.12E-01,3.56E-01,3.42E-01,3.79E-01,3.78E-01,3.11E-01,3.66E-01,3.14E-01,3.58E-01,5.14E-01,3.65E-01,2.65E-01,3.89E-01,3.69E-01,3.44E-01,3.51E-01,3.26E-01,3.40E-01,4.11E-01,3.81E-01,3.28E-01,3.22E-01,2.88E-01,3.32E-01,3.02E-01,2.91E-01,3.26E-01,2.78E-01,3.18E-01,2.87E-01,3.06E-01,2.51E-01,2.59E-01,2.89E-01,2.97E-01,3.08E-01,3.33E-01,3.12E-01,3.01E-01,3.04E-01,3.54E-01,3.29E-01,3.60E-01,3.24E-01,3.17E-01,2.89E-01,2.73E-01,3.24E-01,3.40E-01,2.42E-01,2.84E-01,3.03E-01,2.94E-01,3.08E-01,3.34E-01,2.47E-01,2.79E-01,2.68E-01,3.58E-01,3.56E-01,3.16E-01,2.90E-01,3.31E-01,3.52E-01,3.49E-01,2.45E-01,2.28E-01,3.60E-01,3.43E-01,5.14E-01,3.82E-01,3.71E-01,3.67E-01,3.18E-01,3.56E-01,4.14E-01,3.65E-01,2.64E-01,3.08E-01,3.62E-01,3.10E-01,3.75E-01,3.41E-01,4.04E-01,3.27E-01,2.87E-01,3.42E-01,3.30E-01,4.42E-01,3.32E-01,3.48E-01,2.95E-01,3.36E-01,3.48E-01,3.42E-01,3.30E-01,3.48E-01,3.21E-01,3.60E-01,3.56E-01,3.74E-01,3.87E-01,4.54E-01,3.36E-01,3.98E-01,3.55E-01,3.13E-01,5.59E-01,3.98E-01,4.32E-01,3.85E-01,3.03E-01
130_S_4352,1.42E-01,1.10E-01,2.07E-01,2.29E-01,2.55E-01,2.35E-01,2.94E-01,2.09E-01,2.20E-01,1.87E-01,1.78E-01,2.71E-01,2.17E-01,1.80E-01,2.23E-01,2.15E-01,2.10E-01,1.90E-01,2.39E-01,2.29E-01,3.09E-01,3.31E-01,2.73E-01,3.57E-01,2.61E-01,3.05E-01,2.59E-01,2.39E-01,3.25E-01,2.61E-01,2.91E-01,2.27E-01,2.07E-01,2.10E-01,2.69E-01,2.22E-01,2.50E-01,2.62E-01,2.03E-01,2.98E-01,1.59E-01,2.60E-01,3.23E-01,2.28E-01,3.05E-01,2.13E-01,3.08E-01,3.49E-01,1.67E-01,3.09E-01,3.95E-01,3.80E-01,2.78E-01,2.84E-01,2.76E-01,3.27E-01,2.68E-01,2.38E-01,2.99E-01,2.28E-01,2.37E-01,3.53E-01,3.16E-01,3.06E-01,2.87E-01,2.84E-01,3.44E-01,2.81E-01,3.11E-01,3.08E-01,3.22E-01,2.75E-01,3.21E-01,2.27E-01,3.35E-01,3.04E-01,3.23E-01,2.85E-01,3.46E-01,4.28E-01,3.39E-01,3.24E-01,3.31E-01,3.31E-01,3.65E-01,3.38E-01,2.80E-01,2.98E-01,3.17E-01,3.89E-01,3.03E-01,3.57E-01,4.08E-01,4.04E-01,3.75E-01,3.84E-01,3.05E-01,4.74E-01,3.59E-01,2.44E-01,3.82E-01,3.30E-01,3.47E-01,3.85E-01,3.33E-01,3.35E-01,4.34E-01,4.03E-01,3.52E-01,2.57E-01,2.59E-01,2.88E-01,2.83E-01,2.80E-01,2.78E-01,2.70E-01,3.30E-01,2.56E-01,3.15E-01,2.56E-01,2.73E-01,2.17E-01,2.69E-01,3.46E-01,3.66E-01,3.63E-01,3.36E-01,3.18E-01,4.12E-01,3.38E-01,3.70E-01,3.37E-01,3.31E-01,3.00E-01,2.63E-01,3.38E-01,3.32E-01,2.22E-01,3.12E-01,2.76E-01,2.61E-01,3.00E-01,3.14E-01,2.78E-01,2.74E-01,2.43E-01,3.47E-01,3.30E-01,3.12E-01,2.41E-01,2.92E-01,4.00E-01,3.54E-01,2.41E-01,2.67E-01,4.07E-01,3.71E-01,4.82E-01,4.30E-01,3.75E-01,3.80E-01,3.58E-01,4.00E-01,4.11E-01,3.45E-01,2.79E-01,2.85E-01,3.43E-01,3.31E-01,3.46E-01,3.94E-01,3.89E-01,3.06E-01,2.87E-01,3.52E-01,3.35E-01,3.82E-01,3.07E-01,3.29E-01,3.19E-01,3.10E-01,3.06E-01,3.18E-01,3.51E-01,3.31E-01,2.97E-01,3.95E-01,3.93E-01,3.38E-01,3.73E-01,3.77E-01,3.55E-01,4.25E-01,4.03E-01,2.43E-01,5.56E-01,3.47E-01,4.57E-01,4.01E-01,3.34E-01
130_S_4730,1.44E-01,1.14E-01,2.15E-01,2.46E-01,2.62E-01,2.53E-01,2.56E-01,1.80E-01,1.96E-01,1.68E-01,1.70E-01,2.87E-01,2.45E-01,2.07E-01,2.73E-01,2.56E-01,2.37E-01,2.54E-01,2.90E-01,2.48E-01,2.84E-01,3.24E-01,2.43E-01,3.42E-01,2.57E-01,2.63E-01,2.50E-01,2.77E-01,2.66E-01,2.58E-01,2.60E-01,2.27E-01,2.38E-01,2.42E-01,2.87E-01,2.32E-01,2.43E-01,2.63E-01,2.90E-01,2.85E-01,1.43E-01,2.58E-01,3.25E-01,2.32E-01,3.16E-01,2.59E-01,3.09E-01,3.46E-01,1.52E-01,2.85E-01,4.35E-01,3.82E-01,2.69E-01,2.27E-01,2.82E-01,3.23E-01,2.72E-01,2.26E-01,3.04E-01,2.27E-01,3.03E-01,3.71E-01,3.10E-01,2.83E-01,3.14E-01,2.83E-01,3.44E-01,2.51E-01,2.99E-01,3.56E-01,3.75E-01,2.70E-01,3.61E-01,2.44E-01,2.82E-01,3.49E-01,3.16E-01,3.16E-01,3.77E-01,4.50E-01,3.75E-01,3.64E-01,3.28E-01,3.33E-01,3.25E-01,3.32E-01,2.69E-01,3.57E-01,3.77E-01,4.04E-01,3.83E-01,3.63E-01,3.71E-01,3.15E-01,3.85E-01,2.86E-01,3.29E-01,3.50E-01,3.21E-01,2.53E-01,3.32E-01,3.38E-01,3.50E-01,3.75E-01,3.02E-01,3.15E-01,3.28E-01,3.32E-01,2.97E-01,3.09E-01,2.48E-01,2.94E-01,3.21E-01,2.80E-01,3.71E-01,2.93E-01,3.36E-01,3.06E-01,3.23E-01,3.46E-01,3.23E-01,3.61E-01,3.15E-01,3.24E-01,3.53E-01,3.06E-01,3.09E-01,3.23E-01,3.28E-01,3.11E-01,3.40E-01,3.27E-01,2.59E-01,2.37E-01,2.58E-01,3.11E-01,2.97E-01,2.57E-01,3.79E-01,3.62E-01,2.64E-01,2.75E-01,3.24E-01,2.59E-01,2.35E-01,2.20E-01,3.91E-01,3.48E-01,3.40E-01,3.80E-01,3.44E-01,3.43E-01,3.84E-01,2.57E-01,2.14E-01,3.90E-01,3.88E-01,5.45E-01,4.09E-01,4.22E-01,4.06E-01,3.68E-01,3.71E-01,3.01E-01,3.02E-01,2.84E-01,3.37E-01,3.93E-01,3.30E-01,3.99E-01,3.51E-01,4.15E-01,3.06E-01,3.32E-01,4.07E-01,3.80E-01,4.72E-01,3.65E-01,4.02E-01,3.34E-01,3.21E-01,4.11E-01,4.02E-01,3.48E-01,3.75E-01,3.48E-01,3.38E-01,3.87E-01,4.19E-01,3.84E-01,4.61E-01,3.50E-01,3.76E-01,3.78E-01,2.62E-01,4.08E-01,3.41E-01,3.92E-01,3.45E-01,3.04E-01
130_S_4971,1.68E-01,1.25E-01,2.40E-01,2.52E-01,2.54E-01,2.36E-01,2.78E-01,1.84E-01,2.08E-01,1.76E-01,1.77E-01,2.94E-01,2.32E-01,1.90E-01,2.37E-01,2.44E-01,2.32E-01,2.40E-01,2.57E-01,2.40E-01,2.89E-01,3.17E-01,2.54E-01,2.90E-01,2.65E-01,2.56E-01,2.58E-01,2.53E-01,3.00E-01,2.69E-01,2.59E-01,2.36E-01,2.46E-01,2.49E-01,2.53E-01,2.24E-01,2.63E-01,2.57E-01,2.34E-01,2.79E-01,1.45E-01,2.32E-01,2.82E-01,2.23E-01,2.67E-01,2.25E-01,2.88E-01,3.17E-01,1.54E-01,3.27E-01,4.80E-01,4.44E-01,2.87E-01,2.66E-01,3.08E-01,3.64E-01,3.07E-01,2.43E-01,2.81E-01,2.29E-01,2.47E-01,3.30E-01,2.79E-01,2.84E-01,3.06E-01,2.96E-01,3.67E-01,2.59E-01,2.90E-01,3.83E-01,2.99E-01,2.72E-01,3.81E-01,2.53E-01,2.96E-01,3.53E-01,3.16E-01,2.89E-01,3.66E-01,4.78E-01,4.05E-01,3.23E-01,3.68E-01,3.75E-01,3.82E-01,3.25E-01,2.94E-01,2.95E-01,4.06E-01,4.31E-01,3.39E-01,4.11E-01,4.60E-01,3.89E-01,3.95E-01,2.96E-01,3.46E-01,4.87E-01,3.49E-01,3.13E-01,3.52E-01,3.86E-01,3.80E-01,3.67E-01,3.03E-01,3.24E-01,3.59E-01,3.65E-01,3.30E-01,3.34E-01,3.18E-01,3.28E-01,3.10E-01,3.30E-01,3.18E-01,3.06E-01,3.53E-01,3.21E-01,3.46E-01,2.72E-01,3.21E-01,3.16E-01,3.18E-01,3.16E-01,3.20E-01,2.99E-01,3.20E-01,3.14E-01,3.19E-01,3.07E-01,3.44E-01,2.66E-01,2.82E-01,2.67E-01,2.61E-01,3.22E-01,3.66E-01,2.63E-01,3.54E-01,3.52E-01,2.84E-01,2.83E-01,2.98E-01,2.30E-01,2.50E-01,2.49E-01,3.41E-01,3.24E-01,3.49E-01,2.75E-01,3.34E-01,3.63E-01,3.18E-01,2.70E-01,2.43E-01,4.74E-01,4.44E-01,4.95E-01,4.26E-01,3.29E-01,4.01E-01,3.56E-01,3.59E-01,3.51E-01,3.62E-01,3.30E-01,3.37E-01,3.67E-01,3.12E-01,3.86E-01,4.06E-01,4.20E-01,3.23E-01,3.45E-01,3.67E-01,3.53E-01,4.16E-01,3.35E-01,4.03E-01,3.59E-01,3.53E-01,3.94E-01,3.81E-01,3.51E-01,3.85E-01,3.19E-01,4.31E-01,4.12E-01,3.75E-01,4.39E-01,4.33E-01,4.03E-01,4.15E-01,3.73E-01,2.99E-01,5.19E-01,3.86E-01,3.93E-01,3.46E-01,3.02E-01
130_S_4982,1.14E-01,8.84E-02,1.60E-01,1.72E-01,1.67E-01,1.68E-01,2.05E-01,1.66E-01,1.64E-01,1.27E-01,1.38E-01,2.31E-01,2.06E-01,1.39E-01,1.98E-01,1.77E-01,1.68E-01,1.63E-01,2.03E-01,1.93E-01,2.00E-01,2.72E-01,2.23E-01,2.42E-01,2.08E-01,2.38E-01,1.99E-01,1.94E-01,2.10E-01,1.78E-01,1.72E-01,1.68E-01,1.85E-01,1.86E-01,2.12E-01,1.70E-01,1.68E-01,1.72E-01,1.97E-01,2.52E-01,1.15E-01,1.87E-01,1.92E-01,1.87E-01,1.91E-01,2.11E-01,2.40E-01,2.04E-01,1.12E-01,2.14E-01,3.73E-01,3.47E-01,2.33E-01,2.05E-01,2.52E-01,2.70E-01,2.10E-01,1.58E-01,2.26E-01,1.60E-01,2.36E-01,2.28E-01,1.66E-01,2.01E-01,2.29E-01,1.94E-01,2.35E-01,1.92E-01,1.70E-01,2.28E-01,1.85E-01,2.01E-01,2.49E-01,1.87E-01,2.04E-01,2.30E-01,2.58E-01,2.49E-01,2.70E-01,3.73E-01,2.61E-01,3.12E-01,3.01E-01,2.21E-01,2.06E-01,2.26E-01,2.06E-01,2.59E-01,2.78E-01,2.69E-01,2.90E-01,2.88E-01,2.93E-01,2.62E-01,2.56E-01,2.05E-01,2.43E-01,3.22E-01,2.70E-01,2.19E-01,2.79E-01,3.09E-01,2.83E-01,2.76E-01,2.56E-01,2.57E-01,3.01E-01,3.11E-01,2.36E-01,2.21E-01,2.18E-01,2.32E-01,2.47E-01,2.21E-01,2.72E-01,2.46E-01,2.26E-01,2.43E-01,2.44E-01,2.40E-01,2.41E-01,2.70E-01,2.49E-01,2.62E-01,3.03E-01,2.76E-01,2.60E-01,2.47E-01,2.60E-01,2.40E-01,2.62E-01,2.44E-01,2.28E-01,2.33E-01,1.81E-01,2.30E-01,2.74E-01,1.90E-01,2.84E-01,2.61E-01,2.05E-01,2.40E-01,2.05E-01,1.89E-01,1.93E-01,1.63E-01,2.29E-01,2.53E-01,2.83E-01,2.46E-01,2.67E-01,2.32E-01,2.39E-01,1.94E-01,1.74E-01,3.08E-01,3.30E-01,4.76E-01,3.84E-01,3.09E-01,3.68E-01,2.80E-01,2.97E-01,2.88E-01,2.64E-01,2.31E-01,1.98E-01,2.28E-01,2.18E-01,2.67E-01,2.45E-01,3.00E-01,2.58E-01,2.55E-01,2.56E-01,2.16E-01,3.18E-01,2.15E-01,2.89E-01,2.94E-01,2.69E-01,3.13E-01,2.80E-01,2.61E-01,2.48E-01,2.55E-01,3.03E-01,3.09E-01,3.11E-01,3.02E-01,3.89E-01,2.74E-01,2.45E-01,2.78E-01,2.13E-01,3.89E-01,2.58E-01,3.60E-01,2.86E-01,2.76E-01
130_S_4984,1.32E-01,9.89E-02,1.96E-01,2.24E-01,2.64E-01,2.22E-01,2.56E-01,1.68E-01,1.76E-01,1.73E-01,1.60E-01,2.66E-01,1.93E-01,1.45E-01,1.75E-01,1.59E-01,1.67E-01,1.52E-01,2.06E-01,1.83E-01,2.04E-01,2.67E-01,2.22E-01,2.37E-01,2.09E-01,2.47E-01,2.17E-01,1.82E-01,2.56E-01,2.32E-01,2.40E-01,2.15E-01,2.01E-01,1.77E-01,2.09E-01,1.70E-01,1.63E-01,1.84E-01,1.74E-01,2.46E-01,1.25E-01,1.97E-01,2.11E-01,1.87E-01,1.98E-01,1.75E-01,1.98E-01,1.89E-01,1.13E-01,2.24E-01,3.90E-01,3.56E-01,2.43E-01,2.05E-01,2.52E-01,2.51E-01,2.53E-01,1.99E-01,1.93E-01,1.60E-01,1.89E-01,2.16E-01,1.81E-01,1.61E-01,1.95E-01,2.09E-01,2.66E-01,2.15E-01,1.64E-01,2.53E-01,2.02E-01,2.28E-01,2.78E-01,1.80E-01,2.69E-01,1.73E-01,2.87E-01,2.54E-01,2.86E-01,3.96E-01,2.53E-01,2.60E-01,3.52E-01,2.31E-01,2.33E-01,2.78E-01,2.46E-01,2.07E-01,2.11E-01,2.44E-01,2.30E-01,2.75E-01,2.91E-01,2.49E-01,2.36E-01,3.01E-01,3.08E-01,3.51E-01,3.00E-01,2.60E-01,3.37E-01,3.19E-01,3.64E-01,3.60E-01,3.34E-01,3.28E-01,3.87E-01,3.34E-01,3.43E-01,2.86E-01,2.66E-01,2.88E-01,2.36E-01,2.27E-01,2.63E-01,2.61E-01,2.48E-01,2.18E-01,2.57E-01,2.01E-01,2.63E-01,2.15E-01,2.51E-01,3.16E-01,3.62E-01,2.94E-01,3.09E-01,2.82E-01,3.09E-01,2.72E-01,3.09E-01,3.21E-01,2.92E-01,2.66E-01,2.13E-01,2.97E-01,2.90E-01,2.05E-01,2.98E-01,3.01E-01,2.45E-01,2.46E-01,2.47E-01,2.10E-01,2.24E-01,2.10E-01,2.46E-01,2.68E-01,3.17E-01,2.38E-01,2.60E-01,2.82E-01,2.47E-01,2.14E-01,1.80E-01,2.88E-01,3.73E-01,4.74E-01,3.87E-01,2.35E-01,3.86E-01,3.07E-01,3.11E-01,3.08E-01,2.76E-01,2.53E-01,2.48E-01,2.95E-01,2.75E-01,2.86E-01,2.67E-01,3.63E-01,2.65E-01,3.23E-01,3.28E-01,2.61E-01,3.38E-01,2.75E-01,2.88E-01,2.45E-01,3.00E-01,3.32E-01,2.80E-01,2.62E-01,2.49E-01,2.84E-01,3.30E-01,3.11E-01,3.03E-01,3.72E-01,4.52E-01,2.61E-01,3.42E-01,3.57E-01,2.72E-01,3.89E-01,2.99E-01,4.43E-01,3.29E-01,2.95E-01
130_S_4990,1.17E-01,9.35E-02,1.68E-01,1.88E-01,1.95E-01,2.17E-01,2.24E-01,1.78E-01,1.73E-01,1.47E-01,1.44E-01,2.31E-01,2.05E-01,1.34E-01,1.91E-01,1.92E-01,1.80E-01,1.84E-01,2.00E-01,1.95E-01,2.26E-01,2.99E-01,2.26E-01,2.76E-01,2.38E-01,2.42E-01,1.89E-01,1.96E-01,2.67E-01,2.35E-01,2.14E-01,1.86E-01,1.76E-01,1.76E-01,1.84E-01,1.50E-01,1.96E-01,1.83E-01,2.15E-01,2.27E-01,1.27E-01,2.11E-01,2.33E-01,2.00E-01,2.46E-01,2.08E-01,2.34E-01,2.49E-01,1.24E-01,2.67E-01,3.92E-01,3.30E-01,2.32E-01,2.31E-01,2.56E-01,2.88E-01,2.63E-01,1.88E-01,1.90E-01,1.81E-01,2.18E-01,2.60E-01,2.09E-01,2.39E-01,2.70E-01,2.45E-01,3.00E-01,2.23E-01,2.24E-01,2.46E-01,2.86E-01,2.30E-01,2.43E-01,2.12E-01,2.85E-01,2.50E-01,2.97E-01,2.67E-01,2.90E-01,4.06E-01,3.18E-01,2.99E-01,3.03E-01,2.88E-01,2.59E-01,2.68E-01,2.51E-01,2.71E-01,2.69E-01,3.22E-01,3.21E-01,3.19E-01,3.13E-01,2.71E-01,2.55E-01,2.74E-01,2.75E-01,4.07E-01,3.02E-01,2.18E-01,3.01E-01,2.82E-01,2.89E-01,2.60E-01,2.67E-01,2.58E-01,3.25E-01,3.17E-01,2.74E-01,2.21E-01,2.24E-01,2.24E-01,2.39E-01,2.27E-01,2.62E-01,2.47E-01,2.44E-01,2.33E-01,2.46E-01,2.30E-01,2.12E-01,2.52E-01,2.26E-01,2.89E-01,3.30E-01,2.73E-01,2.72E-01,2.62E-01,2.82E-01,2.71E-01,2.64E-01,2.28E-01,2.39E-01,2.51E-01,1.93E-01,2.29E-01,2.74E-01,1.79E-01,2.35E-01,2.08E-01,2.29E-01,2.52E-01,2.27E-01,2.29E-01,1.89E-01,1.79E-01,3.06E-01,2.86E-01,2.48E-01,3.05E-01,2.91E-01,2.80E-01,2.80E-01,2.21E-01,1.90E-01,3.17E-01,3.76E-01,4.34E-01,3.70E-01,3.17E-01,3.34E-01,2.74E-01,2.93E-01,2.95E-01,2.70E-01,2.40E-01,2.57E-01,2.39E-01,2.43E-01,3.08E-01,2.80E-01,3.20E-01,2.61E-01,2.95E-01,2.81E-01,2.39E-01,3.79E-01,2.59E-01,2.97E-01,2.30E-01,2.59E-01,2.66E-01,2.94E-01,2.79E-01,2.63E-01,2.87E-01,3.15E-01,3.12E-01,3.27E-01,3.18E-01,3.70E-01,2.39E-01,3.14E-01,3.31E-01,2.25E-01,4.02E-01,2.39E-01,3.43E-01,2.64E-01,2.65E-01
130_S_4997,1.31E-01,1.00E-01,1.69E-01,1.91E-01,2.08E-01,2.10E-01,2.48E-01,1.83E-01,1.91E-01,1.62E-01,1.51E-01,2.55E-01,2.16E-01,1.67E-01,2.20E-01,1.96E-01,1.92E-01,1.87E-01,2.05E-01,2.08E-01,2.38E-01,2.81E-01,2.39E-01,2.73E-01,2.54E-01,2.53E-01,2.29E-01,2.19E-01,3.23E-01,2.28E-01,2.25E-01,1.93E-01,1.93E-01,1.84E-01,1.89E-01,1.69E-01,1.84E-01,2.20E-01,2.13E-01,2.37E-01,1.54E-01,2.19E-01,2.50E-01,2.07E-01,2.37E-01,1.96E-01,2.32E-01,2.42E-01,1.32E-01,2.46E-01,4.13E-01,3.56E-01,2.43E-01,2.35E-01,2.55E-01,2.93E-01,2.38E-01,1.85E-01,2.01E-01,1.74E-01,2.02E-01,2.42E-01,2.08E-01,1.92E-01,2.29E-01,2.32E-01,2.90E-01,2.04E-01,2.10E-01,2.48E-01,2.77E-01,2.25E-01,2.58E-01,2.04E-01,2.31E-01,2.27E-01,2.91E-01,2.82E-01,2.98E-01,4.32E-01,3.07E-01,3.06E-01,3.00E-01,2.49E-01,2.38E-01,3.00E-01,2.50E-01,2.74E-01,2.46E-01,2.80E-01,2.84E-01,3.35E-01,3.36E-01,2.49E-01,2.48E-01,2.62E-01,3.09E-01,4.96E-01,3.24E-01,2.37E-01,3.28E-01,3.51E-01,3.18E-01,2.97E-01,3.07E-01,2.65E-01,3.82E-01,3.73E-01,3.42E-01,2.95E-01,2.61E-01,2.54E-01,2.24E-01,2.22E-01,2.49E-01,2.29E-01,2.35E-01,2.28E-01,2.34E-01,2.29E-01,2.26E-01,1.91E-01,2.43E-01,3.54E-01,3.64E-01,3.28E-01,3.10E-01,3.11E-01,3.37E-01,3.18E-01,3.54E-01,2.80E-01,2.39E-01,2.46E-01,2.04E-01,2.57E-01,2.35E-01,1.94E-01,2.98E-01,2.68E-01,2.24E-01,2.23E-01,2.14E-01,2.06E-01,2.75E-01,2.17E-01,2.69E-01,2.92E-01,2.89E-01,2.39E-01,2.75E-01,2.87E-01,2.47E-01,2.24E-01,1.99E-01,3.19E-01,3.58E-01,4.75E-01,4.16E-01,3.28E-01,3.10E-01,3.04E-01,3.44E-01,4.01E-01,2.56E-01,2.56E-01,2.65E-01,2.84E-01,2.51E-01,3.34E-01,3.35E-01,3.92E-01,2.73E-01,3.00E-01,2.73E-01,2.22E-01,3.92E-01,2.66E-01,2.62E-01,2.66E-01,2.68E-01,3.09E-01,3.39E-01,3.73E-01,3.00E-01,3.31E-01,3.56E-01,3.22E-01,3.52E-01,3.83E-01,3.56E-01,2.57E-01,3.07E-01,3.35E-01,2.73E-01,5.55E-01,3.48E-01,4.35E-01,3.86E-01,3.37E-01
130_S_5006,1.12E-01,8.79E-02,1.71E-01,1.76E-01,1.90E-01,1.98E-01,2.02E-01,1.54E-01,1.61E-01,1.47E-01,1.43E-01,2.39E-01,1.86E-01,1.47E-01,1.91E-01,1.84E-01,1.55E-01,1.61E-01,1.76E-01,1.67E-01,2.20E-01,2.55E-01,2.04E-01,2.40E-01,2.03E-01,1.94E-01,1.83E-01,1.84E-01,2.09E-01,1.92E-01,1.96E-01,2.00E-01,2.08E-01,1.84E-01,2.03E-01,1.79E-01,1.82E-01,1.77E-01,1.80E-01,2.16E-01,1.24E-01,1.90E-01,2.53E-01,1.80E-01,2.00E-01,2.08E-01,2.34E-01,2.21E-01,1.27E-01,2.14E-01,3.53E-01,3.23E-01,2.23E-01,1.80E-01,2.37E-01,2.78E-01,2.03E-01,1.80E-01,2.22E-01,1.71E-01,2.23E-01,2.81E-01,2.03E-01,2.20E-01,2.17E-01,2.21E-01,2.56E-01,2.04E-01,2.15E-01,2.38E-01,2.70E-01,2.23E-01,2.64E-01,1.95E-01,2.21E-01,2.53E-01,2.64E-01,2.49E-01,2.80E-01,3.31E-01,3.25E-01,2.75E-01,3.02E-01,2.46E-01,2.42E-01,2.65E-01,1.90E-01,2.79E-01,2.72E-01,2.71E-01,2.87E-01,3.12E-01,3.02E-01,3.01E-01,2.67E-01,2.44E-01,2.87E-01,3.34E-01,2.69E-01,2.10E-01,2.43E-01,2.64E-01,2.75E-01,2.62E-01,2.45E-01,2.58E-01,3.01E-01,2.88E-01,2.60E-01,2.40E-01,2.27E-01,2.20E-01,2.25E-01,2.33E-01,2.58E-01,2.25E-01,2.20E-01,2.08E-01,2.05E-01,2.13E-01,1.88E-01,1.88E-01,1.94E-01,2.47E-01,2.58E-01,2.20E-01,2.24E-01,2.56E-01,2.58E-01,2.60E-01,2.55E-01,2.58E-01,2.17E-01,2.19E-01,1.88E-01,2.15E-01,2.17E-01,1.79E-01,2.35E-01,2.08E-01,2.21E-01,2.08E-01,2.40E-01,1.84E-01,1.89E-01,1.92E-01,2.24E-01,2.63E-01,2.54E-01,2.52E-01,2.22E-01,3.08E-01,2.43E-01,1.93E-01,1.68E-01,2.38E-01,3.18E-01,4.08E-01,3.41E-01,3.45E-01,3.27E-01,2.43E-01,2.82E-01,2.70E-01,2.57E-01,2.13E-01,2.14E-01,2.65E-01,2.42E-01,2.70E-01,2.61E-01,3.01E-01,2.50E-01,2.41E-01,2.84E-01,2.28E-01,3.25E-01,2.69E-01,2.59E-01,2.34E-01,2.69E-01,2.66E-01,2.77E-01,2.32E-01,2.51E-01,2.69E-01,3.06E-01,2.83E-01,3.45E-01,3.20E-01,3.99E-01,2.59E-01,2.92E-01,2.59E-01,2.42E-01,3.82E-01,2.97E-01,3.51E-01,2.72E-01,2.18E-01
131_S_5138,1.45E-01,1.13E-01,2.20E-01,2.32E-01,2.57E-01,2.48E-01,2.75E-01,2.07E-01,2.21E-01,1.83E-01,1.75E-01,2.88E-01,2.27E-01,1.75E-01,2.27E-01,2.41E-01,2.20E-01,2.36E-01,2.38E-01,2.35E-01,3.06E-01,2.87E-01,2.42E-01,3.13E-01,2.68E-01,2.50E-01,2.36E-01,2.55E-01,3.08E-01,2.75E-01,2.68E-01,2.83E-01,2.96E-01,2.39E-01,2.26E-01,1.96E-01,2.31E-01,2.54E-01,2.23E-01,2.53E-01,1.57E-01,2.16E-01,3.14E-01,2.06E-01,2.90E-01,2.37E-01,2.65E-01,3.28E-01,1.63E-01,2.82E-01,4.39E-01,3.26E-01,2.48E-01,2.91E-01,2.83E-01,3.54E-01,2.97E-01,2.54E-01,2.42E-01,2.12E-01,2.47E-01,3.67E-01,2.69E-01,2.69E-01,2.91E-01,2.95E-01,2.98E-01,2.42E-01,2.62E-01,2.83E-01,2.94E-01,2.75E-01,3.51E-01,2.36E-01,2.95E-01,2.69E-01,3.29E-01,3.16E-01,3.26E-01,4.04E-01,3.02E-01,3.15E-01,3.50E-01,4.02E-01,4.13E-01,2.86E-01,2.76E-01,2.74E-01,2.95E-01,3.23E-01,2.95E-01,3.58E-01,3.42E-01,2.95E-01,3.77E-01,3.27E-01,3.48E-01,4.80E-01,3.41E-01,2.51E-01,3.39E-01,3.29E-01,3.27E-01,3.72E-01,3.15E-01,3.00E-01,4.18E-01,3.85E-01,3.44E-01,2.96E-01,2.84E-01,2.99E-01,2.92E-01,2.85E-01,3.08E-01,3.19E-01,3.11E-01,3.11E-01,3.00E-01,2.72E-01,3.08E-01,2.75E-01,2.62E-01,3.10E-01,3.19E-01,2.80E-01,3.00E-01,3.34E-01,3.57E-01,2.98E-01,3.20E-01,3.01E-01,2.99E-01,2.56E-01,2.74E-01,2.95E-01,2.63E-01,2.40E-01,3.47E-01,3.59E-01,2.81E-01,2.51E-01,2.87E-01,2.45E-01,2.97E-01,2.79E-01,3.80E-01,3.46E-01,3.27E-01,2.90E-01,3.30E-01,3.77E-01,3.51E-01,2.57E-01,2.31E-01,4.38E-01,3.71E-01,5.16E-01,3.32E-01,2.85E-01,3.56E-01,3.42E-01,3.71E-01,3.81E-01,3.44E-01,3.02E-01,2.32E-01,4.04E-01,3.63E-01,3.98E-01,4.18E-01,3.59E-01,2.97E-01,3.47E-01,3.69E-01,3.15E-01,4.15E-01,3.17E-01,3.08E-01,2.90E-01,3.31E-01,3.98E-01,3.88E-01,3.51E-01,3.67E-01,3.32E-01,3.08E-01,3.67E-01,3.62E-01,3.68E-01,4.27E-01,2.92E-01,4.02E-01,3.92E-01,2.99E-01,5.52E-01,3.93E-01,3.90E-01,3.94E-01,3.15E-01
135_S_4863,1.62E-01,1.27E-01,2.35E-01,2.74E-01,3.28E-01,2.82E-01,3.18E-01,2.27E-01,2.35E-01,2.16E-01,2.06E-01,3.51E-01,2.64E-01,2.30E-01,2.97E-01,2.97E-01,2.71E-01,2.57E-01,2.94E-01,2.82E-01,3.13E-01,3.58E-01,2.91E-01,3.29E-01,3.03E-01,3.20E-01,2.72E-01,3.05E-01,3.77E-01,3.07E-01,3.22E-01,3.38E-01,3.19E-01,3.08E-01,3.00E-01,2.35E-01,2.96E-01,3.36E-01,2.76E-01,3.26E-01,1.61E-01,2.56E-01,3.08E-01,2.53E-01,3.32E-01,2.48E-01,3.49E-01,3.20E-01,1.82E-01,3.44E-01,4.95E-01,4.60E-01,2.98E-01,3.11E-01,3.40E-01,3.88E-01,3.50E-01,3.21E-01,3.44E-01,2.85E-01,2.66E-01,3.97E-01,2.94E-01,2.95E-01,3.42E-01,3.56E-01,4.33E-01,3.53E-01,3.10E-01,3.82E-01,3.61E-01,3.20E-01,3.80E-01,2.74E-01,3.60E-01,3.22E-01,3.37E-01,3.57E-01,4.14E-01,4.95E-01,4.11E-01,3.51E-01,4.16E-01,3.78E-01,4.15E-01,3.89E-01,3.46E-01,3.38E-01,3.52E-01,4.08E-01,3.09E-01,4.32E-01,4.74E-01,3.76E-01,3.80E-01,3.54E-01,3.60E-01,4.72E-01,4.58E-01,3.36E-01,4.27E-01,4.14E-01,3.62E-01,4.00E-01,3.91E-01,3.91E-01,4.32E-01,4.37E-01,3.81E-01,3.60E-01,3.45E-01,4.05E-01,3.77E-01,3.92E-01,3.56E-01,3.64E-01,3.81E-01,4.01E-01,4.02E-01,3.45E-01,3.81E-01,3.72E-01,3.73E-01,3.67E-01,4.55E-01,3.65E-01,3.85E-01,3.69E-01,4.02E-01,3.62E-01,4.21E-01,3.77E-01,3.55E-01,3.69E-01,2.76E-01,3.78E-01,3.55E-01,2.87E-01,4.48E-01,4.61E-01,3.62E-01,3.03E-01,3.50E-01,2.83E-01,3.01E-01,3.08E-01,4.64E-01,3.75E-01,3.52E-01,3.29E-01,3.77E-01,4.26E-01,4.05E-01,3.16E-01,2.78E-01,4.69E-01,4.76E-01,5.88E-01,4.74E-01,4.10E-01,4.79E-01,3.75E-01,3.94E-01,4.26E-01,3.60E-01,3.47E-01,2.88E-01,4.03E-01,3.89E-01,4.41E-01,4.03E-01,4.76E-01,3.63E-01,4.07E-01,4.05E-01,3.95E-01,5.02E-01,4.17E-01,4.18E-01,4.16E-01,3.81E-01,4.32E-01,4.01E-01,4.27E-01,3.79E-01,3.68E-01,3.88E-01,4.41E-01,4.31E-01,4.52E-01,5.17E-01,3.90E-01,4.88E-01,4.91E-01,2.76E-01,5.39E-01,4.35E-01,4.74E-01,4.73E-01,4.09E-01
135_S_4954,1.67E-01,1.29E-01,2.22E-01,2.42E-01,2.82E-01,2.84E-01,3.22E-01,2.21E-01,2.43E-01,2.01E-01,1.97E-01,3.21E-01,2.55E-01,2.05E-01,2.76E-01,2.37E-01,2.25E-01,2.12E-01,2.53E-01,2.39E-01,3.30E-01,3.76E-01,3.13E-01,3.72E-01,3.11E-01,3.22E-01,2.77E-01,2.91E-01,3.69E-01,3.04E-01,3.28E-01,3.43E-01,3.32E-01,2.68E-01,3.12E-01,2.65E-01,2.62E-01,2.69E-01,2.72E-01,3.30E-01,1.96E-01,2.92E-01,3.57E-01,2.56E-01,3.38E-01,2.40E-01,3.29E-01,3.37E-01,1.88E-01,3.64E-01,4.75E-01,3.90E-01,2.94E-01,3.39E-01,3.33E-01,4.06E-01,3.31E-01,2.65E-01,3.22E-01,2.48E-01,3.06E-01,4.01E-01,3.01E-01,2.88E-01,3.77E-01,3.51E-01,4.26E-01,2.87E-01,3.02E-01,4.01E-01,3.81E-01,3.25E-01,3.75E-01,2.69E-01,3.46E-01,3.99E-01,3.29E-01,3.27E-01,3.61E-01,4.47E-01,4.55E-01,3.53E-01,4.12E-01,4.58E-01,4.15E-01,4.25E-01,3.53E-01,3.64E-01,3.96E-01,4.20E-01,3.65E-01,4.73E-01,4.49E-01,4.70E-01,4.13E-01,3.53E-01,3.80E-01,5.15E-01,4.05E-01,3.39E-01,3.87E-01,4.17E-01,3.59E-01,3.84E-01,3.48E-01,3.59E-01,4.31E-01,3.87E-01,3.49E-01,3.44E-01,3.11E-01,3.56E-01,3.14E-01,3.36E-01,3.20E-01,3.04E-01,3.61E-01,2.91E-01,3.52E-01,2.91E-01,2.95E-01,3.14E-01,3.03E-01,4.02E-01,4.05E-01,3.81E-01,4.12E-01,4.00E-01,4.07E-01,3.93E-01,3.97E-01,3.52E-01,3.33E-01,3.33E-01,3.06E-01,3.37E-01,3.40E-01,2.40E-01,3.82E-01,3.33E-01,3.36E-01,3.18E-01,3.63E-01,3.00E-01,3.13E-01,3.08E-01,4.61E-01,3.85E-01,3.75E-01,3.49E-01,3.81E-01,3.85E-01,3.61E-01,3.00E-01,2.93E-01,4.67E-01,3.98E-01,5.42E-01,4.14E-01,3.92E-01,4.38E-01,3.87E-01,3.74E-01,4.56E-01,3.60E-01,3.46E-01,3.57E-01,4.41E-01,3.77E-01,4.52E-01,4.55E-01,5.28E-01,3.81E-01,3.81E-01,4.50E-01,3.84E-01,4.54E-01,3.28E-01,5.05E-01,3.79E-01,3.64E-01,4.21E-01,4.08E-01,4.05E-01,3.77E-01,3.66E-01,3.26E-01,4.05E-01,3.88E-01,4.83E-01,5.66E-01,3.45E-01,4.59E-01,3.93E-01,2.93E-01,5.37E-01,4.39E-01,5.31E-01,4.54E-01,4.07E-01
135_S_5015,1.24E-01,9.81E-02,1.86E-01,2.12E-01,2.24E-01,2.18E-01,2.20E-01,1.72E-01,1.78E-01,1.58E-01,1.66E-01,2.57E-01,2.15E-01,1.67E-01,2.05E-01,1.97E-01,1.95E-01,1.87E-01,2.43E-01,2.08E-01,2.48E-01,2.91E-01,2.36E-01,2.91E-01,2.36E-01,2.42E-01,2.25E-01,2.25E-01,2.10E-01,2.51E-01,2.48E-01,2.27E-01,2.17E-01,2.05E-01,2.12E-01,1.74E-01,2.14E-01,2.04E-01,2.17E-01,2.60E-01,1.40E-01,2.24E-01,2.76E-01,2.04E-01,2.74E-01,2.30E-01,2.50E-01,2.85E-01,1.39E-01,3.06E-01,3.85E-01,3.08E-01,2.37E-01,2.22E-01,2.66E-01,3.02E-01,2.78E-01,2.16E-01,2.41E-01,2.01E-01,2.65E-01,3.16E-01,2.75E-01,2.55E-01,2.63E-01,2.75E-01,2.74E-01,2.46E-01,2.61E-01,2.91E-01,2.96E-01,2.43E-01,2.92E-01,2.31E-01,2.83E-01,3.04E-01,3.15E-01,2.77E-01,3.06E-01,3.43E-01,3.64E-01,2.99E-01,3.21E-01,2.45E-01,2.78E-01,2.94E-01,2.80E-01,2.92E-01,2.97E-01,3.68E-01,2.84E-01,3.18E-01,3.04E-01,3.12E-01,3.23E-01,3.17E-01,2.83E-01,3.73E-01,3.34E-01,2.62E-01,2.92E-01,3.44E-01,3.20E-01,3.17E-01,2.88E-01,2.86E-01,3.66E-01,3.11E-01,3.45E-01,2.30E-01,2.84E-01,2.85E-01,2.95E-01,2.45E-01,2.92E-01,2.72E-01,2.81E-01,2.54E-01,2.67E-01,2.64E-01,2.66E-01,2.61E-01,2.49E-01,2.84E-01,2.97E-01,3.16E-01,2.85E-01,2.76E-01,3.15E-01,2.79E-01,3.02E-01,2.93E-01,2.47E-01,2.50E-01,2.04E-01,2.28E-01,2.91E-01,1.90E-01,3.04E-01,2.75E-01,2.69E-01,2.56E-01,2.46E-01,2.24E-01,2.17E-01,2.24E-01,3.63E-01,3.13E-01,3.39E-01,2.72E-01,2.99E-01,3.61E-01,3.03E-01,2.40E-01,2.14E-01,3.98E-01,3.30E-01,4.50E-01,3.57E-01,3.24E-01,3.51E-01,3.33E-01,2.94E-01,3.00E-01,2.94E-01,2.82E-01,2.65E-01,2.99E-01,3.13E-01,3.29E-01,3.46E-01,3.25E-01,3.12E-01,3.01E-01,3.38E-01,2.76E-01,3.66E-01,2.99E-01,3.77E-01,3.11E-01,2.78E-01,3.24E-01,3.31E-01,2.96E-01,3.32E-01,3.34E-01,3.24E-01,3.49E-01,3.50E-01,3.15E-01,3.86E-01,3.56E-01,3.44E-01,3.83E-01,2.52E-01,4.42E-01,2.97E-01,3.81E-01,3.53E-01,2.91E-01
135_S_5275,1.67E-01,1.30E-01,2.53E-01,2.83E-01,3.66E-01,2.95E-01,3.18E-01,2.56E-01,2.35E-01,2.18E-01,2.08E-01,3.50E-01,2.67E-01,1.97E-01,2.60E-01,2.44E-01,2.38E-01,2.29E-01,2.89E-01,2.69E-01,3.32E-01,4.00E-01,3.22E-01,3.79E-01,3.25E-01,3.27E-01,3.09E-01,2.85E-01,3.78E-01,3.18E-01,3.33E-01,2.88E-01,2.93E-01,2.60E-01,2.52E-01,2.35E-01,2.77E-01,2.83E-01,2.81E-01,3.22E-01,1.72E-01,3.19E-01,3.20E-01,2.91E-01,3.43E-01,2.68E-01,3.23E-01,3.17E-01,1.73E-01,3.48E-01,4.81E-01,3.96E-01,2.83E-01,3.03E-01,3.22E-01,4.02E-01,3.41E-01,2.84E-01,3.24E-01,2.59E-01,2.98E-01,4.01E-01,2.99E-01,3.04E-01,3.31E-01,3.31E-01,4.30E-01,3.59E-01,2.70E-01,3.25E-01,3.15E-01,3.21E-01,3.96E-01,2.66E-01,4.08E-01,3.32E-01,3.76E-01,3.54E-01,4.31E-01,4.36E-01,3.81E-01,3.82E-01,4.10E-01,4.65E-01,4.02E-01,3.77E-01,3.67E-01,2.85E-01,3.11E-01,3.58E-01,3.55E-01,4.50E-01,4.42E-01,3.38E-01,3.58E-01,4.18E-01,3.64E-01,5.61E-01,4.64E-01,3.17E-01,4.49E-01,4.04E-01,4.54E-01,4.34E-01,3.86E-01,4.10E-01,5.52E-01,4.47E-01,4.44E-01,3.30E-01,3.53E-01,4.26E-01,3.31E-01,3.08E-01,4.05E-01,3.37E-01,3.33E-01,2.93E-01,3.36E-01,2.57E-01,3.15E-01,2.68E-01,3.40E-01,3.84E-01,4.06E-01,4.42E-01,3.97E-01,3.70E-01,4.65E-01,3.43E-01,4.22E-01,3.21E-01,3.12E-01,3.83E-01,2.71E-01,3.59E-01,3.82E-01,2.57E-01,3.91E-01,3.41E-01,3.08E-01,3.37E-01,2.86E-01,2.77E-01,2.75E-01,2.76E-01,4.32E-01,4.05E-01,3.94E-01,3.36E-01,3.54E-01,4.27E-01,3.62E-01,2.79E-01,2.66E-01,4.94E-01,4.16E-01,5.53E-01,4.30E-01,4.23E-01,4.34E-01,3.88E-01,3.70E-01,4.46E-01,3.28E-01,3.30E-01,2.88E-01,3.58E-01,3.55E-01,4.26E-01,4.35E-01,5.06E-01,3.50E-01,3.98E-01,3.39E-01,2.86E-01,4.78E-01,3.59E-01,3.58E-01,2.87E-01,3.81E-01,4.30E-01,3.81E-01,3.68E-01,3.40E-01,3.50E-01,4.14E-01,4.26E-01,3.90E-01,4.42E-01,4.73E-01,3.71E-01,4.05E-01,4.00E-01,3.03E-01,5.64E-01,3.82E-01,5.25E-01,4.05E-01,3.60E-01
136_S_0186,1.43E-01,1.09E-01,2.02E-01,2.31E-01,2.47E-01,2.59E-01,2.85E-01,1.91E-01,2.08E-01,1.66E-01,1.58E-01,2.61E-01,2.05E-01,1.72E-01,2.29E-01,2.06E-01,1.97E-01,1.69E-01,2.18E-01,2.27E-01,2.82E-01,3.10E-01,2.64E-01,3.14E-01,2.41E-01,2.70E-01,2.24E-01,2.40E-01,3.22E-01,2.68E-01,2.57E-01,2.82E-01,2.89E-01,2.35E-01,2.37E-01,1.74E-01,2.23E-01,2.68E-01,2.04E-01,2.69E-01,1.43E-01,2.30E-01,2.75E-01,1.89E-01,2.64E-01,1.95E-01,2.80E-01,3.20E-01,1.50E-01,2.96E-01,3.68E-01,3.20E-01,2.25E-01,2.69E-01,2.59E-01,3.18E-01,2.75E-01,2.15E-01,2.54E-01,2.06E-01,2.19E-01,3.65E-01,2.74E-01,2.55E-01,2.96E-01,2.81E-01,3.46E-01,2.72E-01,2.79E-01,3.33E-01,2.84E-01,2.59E-01,3.29E-01,2.33E-01,2.79E-01,3.07E-01,2.79E-01,2.76E-01,3.04E-01,3.90E-01,3.57E-01,3.20E-01,2.99E-01,4.00E-01,3.62E-01,3.15E-01,2.79E-01,2.77E-01,3.35E-01,3.59E-01,2.95E-01,3.72E-01,3.90E-01,3.25E-01,3.38E-01,3.16E-01,3.27E-01,4.54E-01,3.21E-01,2.61E-01,3.66E-01,3.34E-01,3.70E-01,3.79E-01,3.88E-01,3.26E-01,3.84E-01,3.78E-01,3.20E-01,3.03E-01,2.44E-01,3.02E-01,2.60E-01,2.87E-01,2.86E-01,2.47E-01,2.76E-01,2.49E-01,2.76E-01,2.27E-01,2.39E-01,2.32E-01,2.45E-01,3.26E-01,3.62E-01,2.93E-01,3.05E-01,3.30E-01,3.36E-01,3.54E-01,3.32E-01,3.07E-01,3.27E-01,2.67E-01,2.54E-01,3.18E-01,2.89E-01,1.90E-01,3.01E-01,3.03E-01,2.71E-01,2.55E-01,2.72E-01,2.45E-01,2.48E-01,2.52E-01,3.23E-01,3.01E-01,2.80E-01,2.49E-01,2.78E-01,3.51E-01,3.26E-01,2.54E-01,2.26E-01,3.91E-01,3.27E-01,4.23E-01,3.76E-01,3.65E-01,3.19E-01,3.33E-01,3.30E-01,3.77E-01,2.97E-01,2.83E-01,2.37E-01,3.84E-01,3.20E-01,3.70E-01,3.69E-01,4.03E-01,3.09E-01,3.12E-01,3.44E-01,3.45E-01,4.13E-01,3.13E-01,3.76E-01,3.52E-01,2.95E-01,3.10E-01,3.42E-01,3.46E-01,3.55E-01,2.99E-01,4.04E-01,3.96E-01,3.33E-01,3.86E-01,3.76E-01,3.19E-01,3.86E-01,4.03E-01,2.57E-01,5.06E-01,3.51E-01,4.08E-01,3.19E-01,2.92E-01
137_S_0438,1.20E-01,9.26E-02,1.82E-01,1.95E-01,2.03E-01,2.11E-01,2.14E-01,1.62E-01,1.68E-01,1.63E-01,1.46E-01,2.59E-01,1.79E-01,1.34E-01,1.66E-01,1.59E-01,1.46E-01,1.44E-01,1.65E-01,1.55E-01,2.22E-01,2.59E-01,2.19E-01,2.65E-01,2.21E-01,2.21E-01,1.92E-01,1.76E-01,2.61E-01,2.29E-01,2.18E-01,1.91E-01,2.24E-01,1.74E-01,1.75E-01,1.53E-01,1.70E-01,1.70E-01,1.75E-01,1.86E-01,1.17E-01,1.87E-01,2.45E-01,1.81E-01,2.07E-01,1.86E-01,1.83E-01,1.97E-01,1.24E-01,2.26E-01,3.73E-01,2.98E-01,2.38E-01,2.36E-01,2.48E-01,2.54E-01,2.48E-01,1.98E-01,2.07E-01,1.71E-01,2.16E-01,2.39E-01,2.34E-01,2.04E-01,2.04E-01,2.25E-01,2.96E-01,2.29E-01,2.45E-01,2.22E-01,2.12E-01,2.48E-01,2.62E-01,1.93E-01,2.54E-01,2.13E-01,2.61E-01,2.39E-01,2.75E-01,3.34E-01,2.93E-01,2.69E-01,2.59E-01,2.81E-01,2.34E-01,2.80E-01,2.44E-01,2.29E-01,2.04E-01,2.38E-01,2.38E-01,2.88E-01,3.16E-01,2.58E-01,2.71E-01,2.90E-01,3.19E-01,3.97E-01,3.08E-01,2.61E-01,3.24E-01,3.27E-01,2.92E-01,2.81E-01,3.01E-01,2.70E-01,3.58E-01,3.52E-01,2.88E-01,3.00E-01,2.57E-01,2.76E-01,2.08E-01,2.11E-01,2.38E-01,2.50E-01,2.52E-01,2.26E-01,2.39E-01,2.35E-01,1.91E-01,1.84E-01,2.16E-01,2.69E-01,2.99E-01,2.91E-01,2.69E-01,2.60E-01,2.44E-01,2.52E-01,3.16E-01,2.60E-01,2.33E-01,2.30E-01,2.06E-01,2.50E-01,2.58E-01,1.99E-01,2.42E-01,2.08E-01,2.23E-01,2.29E-01,2.69E-01,2.27E-01,2.16E-01,2.08E-01,2.99E-01,2.89E-01,2.72E-01,2.37E-01,2.52E-01,3.18E-01,2.71E-01,2.23E-01,1.97E-01,3.59E-01,3.25E-01,4.40E-01,3.64E-01,2.83E-01,3.67E-01,3.18E-01,3.27E-01,3.24E-01,3.32E-01,2.14E-01,2.35E-01,2.85E-01,2.67E-01,2.82E-01,2.74E-01,3.44E-01,2.96E-01,2.49E-01,2.82E-01,2.77E-01,3.49E-01,2.70E-01,3.35E-01,2.66E-01,2.75E-01,2.72E-01,2.83E-01,2.69E-01,3.03E-01,2.86E-01,3.02E-01,3.30E-01,3.56E-01,3.41E-01,3.33E-01,2.79E-01,3.33E-01,3.22E-01,2.82E-01,4.47E-01,2.98E-01,3.67E-01,3.15E-01,2.77E-01
137_S_0459,1.52E-01,1.15E-01,2.25E-01,2.33E-01,2.58E-01,2.67E-01,2.76E-01,2.04E-01,2.15E-01,2.07E-01,1.89E-01,3.24E-01,2.44E-01,1.77E-01,2.13E-01,2.07E-01,1.94E-01,1.78E-01,2.17E-01,2.18E-01,2.92E-01,2.99E-01,2.63E-01,2.61E-01,2.42E-01,2.73E-01,2.55E-01,2.54E-01,3.23E-01,2.38E-01,2.63E-01,2.81E-01,2.34E-01,2.38E-01,2.40E-01,2.23E-01,2.07E-01,2.42E-01,2.29E-01,2.87E-01,1.58E-01,2.33E-01,2.59E-01,2.52E-01,2.88E-01,2.27E-01,2.54E-01,2.81E-01,1.54E-01,2.92E-01,4.05E-01,3.84E-01,2.56E-01,2.65E-01,2.87E-01,3.28E-01,2.49E-01,2.55E-01,2.49E-01,2.20E-01,2.56E-01,3.49E-01,2.67E-01,2.36E-01,2.55E-01,2.95E-01,3.68E-01,2.43E-01,2.17E-01,3.41E-01,3.32E-01,2.87E-01,3.36E-01,2.52E-01,3.26E-01,2.67E-01,2.95E-01,2.98E-01,3.78E-01,4.14E-01,3.82E-01,3.18E-01,3.71E-01,3.81E-01,3.71E-01,3.31E-01,2.34E-01,3.10E-01,2.64E-01,3.05E-01,3.19E-01,3.74E-01,4.39E-01,3.60E-01,3.43E-01,2.82E-01,3.48E-01,4.81E-01,3.21E-01,2.51E-01,3.52E-01,3.36E-01,3.72E-01,3.36E-01,3.16E-01,3.24E-01,4.27E-01,4.16E-01,3.49E-01,3.09E-01,2.48E-01,2.96E-01,2.46E-01,2.42E-01,2.47E-01,2.40E-01,2.55E-01,2.34E-01,2.41E-01,2.36E-01,2.06E-01,1.98E-01,2.63E-01,3.39E-01,3.98E-01,2.92E-01,3.13E-01,3.36E-01,3.17E-01,3.33E-01,3.56E-01,3.03E-01,3.44E-01,3.50E-01,2.55E-01,3.12E-01,3.06E-01,2.12E-01,2.75E-01,2.27E-01,2.31E-01,2.64E-01,3.02E-01,2.26E-01,2.81E-01,2.42E-01,3.85E-01,3.48E-01,3.16E-01,2.28E-01,2.84E-01,4.11E-01,3.62E-01,2.49E-01,2.74E-01,3.56E-01,3.31E-01,4.58E-01,4.30E-01,4.78E-01,3.91E-01,3.68E-01,3.83E-01,3.72E-01,3.19E-01,2.75E-01,3.59E-01,3.73E-01,3.39E-01,3.97E-01,3.78E-01,3.65E-01,2.98E-01,3.38E-01,3.23E-01,3.53E-01,4.05E-01,3.67E-01,3.06E-01,3.16E-01,3.28E-01,3.07E-01,3.40E-01,2.70E-01,2.86E-01,2.75E-01,3.96E-01,3.63E-01,3.67E-01,3.50E-01,4.53E-01,3.58E-01,3.96E-01,3.42E-01,2.68E-01,5.26E-01,3.37E-01,4.19E-01,3.16E-01,2.91E-01
137_S_0686,1.59E-01,1.21E-01,2.37E-01,2.78E-01,2.80E-01,2.68E-01,2.90E-01,2.11E-01,2.24E-01,1.95E-01,1.84E-01,3.20E-01,2.32E-01,1.85E-01,2.33E-01,2.25E-01,2.31E-01,1.85E-01,2.61E-01,2.57E-01,3.11E-01,3.43E-01,2.70E-01,3.65E-01,2.85E-01,2.89E-01,2.56E-01,2.62E-01,3.53E-01,3.10E-01,3.07E-01,2.99E-01,2.70E-01,2.85E-01,2.54E-01,2.39E-01,2.57E-01,2.67E-01,2.31E-01,2.55E-01,1.51E-01,2.46E-01,3.27E-01,2.48E-01,3.02E-01,2.11E-01,2.78E-01,3.38E-01,1.61E-01,3.15E-01,3.75E-01,3.41E-01,2.83E-01,3.08E-01,2.90E-01,3.68E-01,3.37E-01,3.02E-01,2.81E-01,2.50E-01,2.80E-01,3.86E-01,2.91E-01,2.68E-01,2.98E-01,3.19E-01,4.29E-01,3.05E-01,2.98E-01,3.65E-01,3.69E-01,3.11E-01,3.49E-01,2.56E-01,3.51E-01,2.95E-01,3.37E-01,3.19E-01,3.76E-01,3.79E-01,4.06E-01,3.36E-01,3.60E-01,4.35E-01,3.73E-01,3.55E-01,3.72E-01,3.04E-01,3.52E-01,3.92E-01,3.15E-01,4.38E-01,4.65E-01,3.41E-01,3.59E-01,3.50E-01,3.90E-01,5.53E-01,3.99E-01,3.48E-01,3.64E-01,3.60E-01,3.75E-01,3.82E-01,3.44E-01,3.65E-01,4.41E-01,4.06E-01,3.57E-01,3.32E-01,2.82E-01,2.97E-01,2.89E-01,2.52E-01,3.02E-01,2.81E-01,3.41E-01,3.26E-01,3.58E-01,2.65E-01,3.23E-01,3.45E-01,3.39E-01,3.10E-01,3.35E-01,3.05E-01,3.39E-01,3.08E-01,2.96E-01,2.93E-01,4.09E-01,3.45E-01,3.27E-01,2.97E-01,2.95E-01,3.68E-01,3.03E-01,2.43E-01,3.38E-01,3.33E-01,2.74E-01,2.88E-01,2.88E-01,2.70E-01,2.65E-01,2.39E-01,3.82E-01,3.33E-01,3.63E-01,2.90E-01,3.54E-01,3.88E-01,3.63E-01,2.78E-01,2.62E-01,4.10E-01,3.72E-01,5.22E-01,4.11E-01,4.10E-01,3.68E-01,3.70E-01,3.88E-01,4.16E-01,3.70E-01,3.34E-01,2.97E-01,3.58E-01,3.65E-01,4.22E-01,4.70E-01,4.47E-01,3.58E-01,3.90E-01,3.99E-01,3.54E-01,4.75E-01,3.71E-01,3.80E-01,3.32E-01,3.21E-01,4.25E-01,3.71E-01,3.84E-01,3.35E-01,3.15E-01,3.87E-01,4.09E-01,3.93E-01,4.55E-01,4.98E-01,3.45E-01,4.70E-01,4.11E-01,3.20E-01,6.28E-01,4.03E-01,4.37E-01,3.93E-01,3.22E-01
137_S_0972,1.40E-01,1.03E-01,2.09E-01,2.28E-01,2.41E-01,2.34E-01,2.44E-01,1.73E-01,1.80E-01,1.69E-01,1.65E-01,2.94E-01,2.19E-01,1.57E-01,2.00E-01,1.98E-01,1.89E-01,1.71E-01,2.02E-01,2.03E-01,2.57E-01,2.98E-01,2.29E-01,2.84E-01,2.59E-01,2.42E-01,2.46E-01,2.35E-01,2.51E-01,2.51E-01,2.47E-01,2.51E-01,2.51E-01,2.46E-01,1.98E-01,1.72E-01,2.21E-01,2.21E-01,2.05E-01,2.15E-01,1.31E-01,2.09E-01,2.49E-01,2.04E-01,2.73E-01,2.08E-01,2.58E-01,2.70E-01,1.35E-01,2.61E-01,3.48E-01,3.15E-01,2.44E-01,2.42E-01,2.59E-01,3.01E-01,2.74E-01,2.46E-01,2.62E-01,2.19E-01,2.32E-01,3.43E-01,2.41E-01,2.89E-01,2.68E-01,2.93E-01,2.94E-01,2.43E-01,2.53E-01,2.85E-01,2.52E-01,2.68E-01,3.01E-01,2.41E-01,2.83E-01,2.86E-01,3.02E-01,2.86E-01,2.83E-01,3.80E-01,3.15E-01,2.51E-01,2.96E-01,3.65E-01,3.45E-01,2.59E-01,2.56E-01,2.28E-01,2.85E-01,3.19E-01,3.23E-01,3.16E-01,3.00E-01,3.29E-01,3.48E-01,3.07E-01,3.32E-01,3.55E-01,3.36E-01,2.71E-01,3.43E-01,3.55E-01,3.44E-01,3.47E-01,2.98E-01,3.25E-01,3.75E-01,3.55E-01,3.19E-01,3.04E-01,2.58E-01,3.06E-01,2.63E-01,2.48E-01,2.50E-01,2.58E-01,3.06E-01,2.54E-01,3.18E-01,2.27E-01,2.57E-01,2.38E-01,2.85E-01,3.22E-01,3.75E-01,2.86E-01,2.94E-01,3.39E-01,3.11E-01,3.28E-01,3.56E-01,2.91E-01,2.84E-01,2.44E-01,2.33E-01,3.23E-01,2.59E-01,1.98E-01,2.81E-01,2.85E-01,2.47E-01,2.32E-01,2.61E-01,2.48E-01,2.29E-01,2.17E-01,3.27E-01,3.00E-01,3.46E-01,2.56E-01,2.68E-01,3.17E-01,3.02E-01,2.40E-01,2.53E-01,3.76E-01,3.67E-01,4.28E-01,3.56E-01,2.57E-01,3.67E-01,3.28E-01,3.15E-01,3.71E-01,2.75E-01,2.87E-01,2.43E-01,3.60E-01,3.47E-01,3.78E-01,3.44E-01,4.16E-01,3.21E-01,3.21E-01,3.70E-01,3.11E-01,3.40E-01,2.62E-01,3.85E-01,2.62E-01,2.85E-01,3.08E-01,3.57E-01,3.29E-01,3.05E-01,3.14E-01,2.82E-01,3.32E-01,2.74E-01,4.01E-01,3.72E-01,3.07E-01,3.82E-01,3.49E-01,2.84E-01,5.19E-01,3.04E-01,4.43E-01,3.77E-01,2.83E-01
137_S_1041,1.33E-01,1.07E-01,1.95E-01,2.18E-01,2.32E-01,1.93E-01,2.37E-01,1.73E-01,1.89E-01,1.59E-01,1.67E-01,2.63E-01,2.23E-01,1.93E-01,2.76E-01,2.64E-01,2.22E-01,2.59E-01,2.49E-01,2.39E-01,2.42E-01,2.51E-01,2.19E-01,2.49E-01,2.33E-01,2.32E-01,2.61E-01,2.48E-01,2.95E-01,2.43E-01,2.24E-01,2.23E-01,2.25E-01,2.25E-01,2.56E-01,2.33E-01,2.41E-01,2.35E-01,2.30E-01,2.64E-01,1.39E-01,2.12E-01,2.70E-01,1.97E-01,2.66E-01,2.46E-01,3.11E-01,2.43E-01,1.43E-01,2.86E-01,4.90E-01,4.28E-01,3.16E-01,2.28E-01,3.02E-01,3.12E-01,2.73E-01,2.40E-01,2.53E-01,2.15E-01,3.03E-01,3.22E-01,2.47E-01,2.39E-01,2.58E-01,2.52E-01,3.04E-01,2.44E-01,2.75E-01,2.71E-01,2.80E-01,2.53E-01,3.30E-01,2.27E-01,2.78E-01,2.84E-01,3.06E-01,2.85E-01,3.03E-01,4.50E-01,3.60E-01,3.20E-01,3.80E-01,3.22E-01,3.02E-01,2.55E-01,2.43E-01,2.96E-01,3.14E-01,3.85E-01,3.99E-01,3.43E-01,3.75E-01,2.73E-01,3.46E-01,2.63E-01,2.86E-01,4.69E-01,2.99E-01,2.10E-01,3.09E-01,2.97E-01,3.19E-01,3.29E-01,2.57E-01,2.72E-01,3.22E-01,3.39E-01,2.90E-01,2.68E-01,2.62E-01,3.01E-01,2.69E-01,2.58E-01,3.18E-01,2.67E-01,2.62E-01,3.31E-01,2.71E-01,3.38E-01,2.81E-01,3.34E-01,3.25E-01,2.88E-01,3.13E-01,2.67E-01,2.69E-01,2.77E-01,2.48E-01,2.65E-01,2.97E-01,2.45E-01,2.23E-01,2.74E-01,2.15E-01,2.78E-01,2.58E-01,1.96E-01,2.93E-01,2.50E-01,2.53E-01,2.33E-01,2.50E-01,2.04E-01,2.11E-01,2.13E-01,3.25E-01,2.90E-01,2.82E-01,3.38E-01,2.83E-01,3.13E-01,2.84E-01,2.28E-01,1.96E-01,3.37E-01,4.52E-01,5.36E-01,4.68E-01,3.32E-01,4.10E-01,3.17E-01,3.52E-01,2.73E-01,2.53E-01,2.87E-01,3.15E-01,3.11E-01,2.65E-01,2.91E-01,2.84E-01,3.33E-01,2.94E-01,3.47E-01,2.87E-01,2.40E-01,3.92E-01,3.06E-01,3.94E-01,2.80E-01,2.73E-01,2.77E-01,3.06E-01,2.98E-01,2.46E-01,3.45E-01,3.53E-01,3.33E-01,3.97E-01,3.46E-01,5.02E-01,3.22E-01,3.20E-01,3.17E-01,2.83E-01,4.34E-01,2.94E-01,3.78E-01,2.74E-01,2.67E-01
137_S_4587,1.38E-01,1.10E-01,2.12E-01,2.33E-01,2.38E-01,2.41E-01,2.46E-01,1.83E-01,1.99E-01,1.79E-01,1.64E-01,2.62E-01,2.28E-01,2.01E-01,2.43E-01,2.47E-01,2.43E-01,2.29E-01,2.37E-01,2.60E-01,2.79E-01,2.95E-01,2.44E-01,2.60E-01,2.62E-01,2.52E-01,2.66E-01,2.52E-01,3.34E-01,2.47E-01,2.45E-01,2.33E-01,2.02E-01,2.33E-01,2.47E-01,2.48E-01,2.47E-01,2.36E-01,2.47E-01,2.68E-01,1.43E-01,2.11E-01,2.36E-01,1.95E-01,3.08E-01,2.41E-01,2.87E-01,2.90E-01,1.52E-01,2.83E-01,3.73E-01,3.09E-01,2.30E-01,2.88E-01,2.49E-01,3.18E-01,2.80E-01,2.49E-01,2.63E-01,2.15E-01,2.78E-01,3.53E-01,2.32E-01,2.58E-01,2.61E-01,2.76E-01,3.63E-01,2.65E-01,2.81E-01,3.22E-01,2.84E-01,2.46E-01,3.22E-01,2.41E-01,2.92E-01,2.95E-01,3.05E-01,2.99E-01,3.16E-01,3.69E-01,3.19E-01,3.32E-01,3.19E-01,3.62E-01,3.29E-01,3.34E-01,2.36E-01,2.96E-01,3.31E-01,3.75E-01,3.43E-01,3.57E-01,4.03E-01,3.52E-01,3.30E-01,2.98E-01,2.97E-01,4.97E-01,3.69E-01,2.54E-01,3.40E-01,3.22E-01,3.61E-01,3.36E-01,2.72E-01,3.21E-01,3.80E-01,3.31E-01,3.25E-01,2.43E-01,2.71E-01,2.79E-01,2.93E-01,3.28E-01,3.07E-01,2.83E-01,3.27E-01,2.75E-01,2.91E-01,3.04E-01,3.00E-01,3.45E-01,2.75E-01,3.20E-01,3.56E-01,2.80E-01,2.93E-01,3.31E-01,3.31E-01,3.32E-01,3.54E-01,3.09E-01,2.92E-01,2.83E-01,2.68E-01,3.06E-01,3.05E-01,2.41E-01,3.10E-01,2.44E-01,3.04E-01,2.76E-01,3.04E-01,2.38E-01,2.52E-01,2.43E-01,3.85E-01,3.21E-01,3.20E-01,3.23E-01,3.03E-01,3.40E-01,3.06E-01,2.44E-01,2.22E-01,3.79E-01,3.26E-01,4.23E-01,3.52E-01,3.26E-01,3.30E-01,3.23E-01,3.34E-01,3.76E-01,3.57E-01,2.96E-01,2.70E-01,3.23E-01,2.99E-01,3.68E-01,3.55E-01,3.93E-01,3.26E-01,3.40E-01,2.98E-01,2.87E-01,3.85E-01,3.11E-01,4.13E-01,3.03E-01,3.06E-01,3.86E-01,3.60E-01,3.42E-01,2.71E-01,3.06E-01,3.49E-01,3.67E-01,3.52E-01,3.53E-01,4.19E-01,3.26E-01,3.67E-01,3.16E-01,2.26E-01,5.00E-01,3.22E-01,4.33E-01,3.69E-01,3.09E-01
141_S_0717,1.51E-01,1.21E-01,2.22E-01,2.30E-01,2.78E-01,2.72E-01,2.90E-01,2.31E-01,2.17E-01,1.99E-01,1.86E-01,3.15E-01,2.29E-01,1.69E-01,2.39E-01,2.08E-01,1.95E-01,1.77E-01,2.07E-01,2.21E-01,3.08E-01,3.05E-01,2.57E-01,3.03E-01,2.55E-01,2.91E-01,2.82E-01,2.38E-01,3.23E-01,2.71E-01,2.67E-01,2.79E-01,2.76E-01,2.67E-01,2.57E-01,2.17E-01,2.57E-01,2.45E-01,2.17E-01,2.87E-01,1.57E-01,2.52E-01,3.03E-01,2.16E-01,2.89E-01,2.28E-01,2.92E-01,2.98E-01,1.68E-01,3.23E-01,4.79E-01,4.16E-01,3.09E-01,3.21E-01,3.27E-01,3.68E-01,2.84E-01,2.76E-01,3.30E-01,2.35E-01,3.01E-01,3.62E-01,2.94E-01,2.74E-01,3.04E-01,2.72E-01,3.74E-01,3.17E-01,2.70E-01,3.51E-01,3.46E-01,3.02E-01,3.18E-01,2.50E-01,3.17E-01,2.76E-01,3.23E-01,3.08E-01,3.45E-01,4.58E-01,4.19E-01,3.41E-01,3.94E-01,4.06E-01,3.96E-01,3.39E-01,2.92E-01,3.47E-01,3.16E-01,3.82E-01,3.62E-01,3.87E-01,4.09E-01,3.79E-01,4.24E-01,3.64E-01,3.21E-01,4.66E-01,3.30E-01,2.74E-01,3.92E-01,3.79E-01,3.89E-01,3.72E-01,3.72E-01,3.97E-01,4.58E-01,4.15E-01,3.60E-01,3.04E-01,2.88E-01,3.30E-01,2.93E-01,2.96E-01,2.90E-01,2.67E-01,2.75E-01,3.26E-01,3.19E-01,2.71E-01,2.93E-01,2.74E-01,3.42E-01,2.90E-01,3.12E-01,3.12E-01,2.93E-01,2.86E-01,3.26E-01,3.74E-01,3.43E-01,3.12E-01,2.79E-01,2.81E-01,2.45E-01,3.57E-01,3.17E-01,2.12E-01,3.28E-01,3.72E-01,3.13E-01,2.64E-01,3.38E-01,2.51E-01,2.64E-01,2.59E-01,3.92E-01,3.28E-01,3.32E-01,2.86E-01,3.24E-01,3.77E-01,3.50E-01,2.85E-01,2.72E-01,3.88E-01,4.26E-01,5.53E-01,4.54E-01,3.80E-01,4.60E-01,3.81E-01,3.97E-01,4.07E-01,3.92E-01,3.34E-01,3.78E-01,3.44E-01,3.37E-01,4.02E-01,4.28E-01,4.29E-01,3.22E-01,3.75E-01,3.80E-01,4.13E-01,4.78E-01,3.55E-01,3.64E-01,3.26E-01,3.22E-01,3.04E-01,3.67E-01,3.72E-01,3.44E-01,3.30E-01,3.85E-01,3.76E-01,4.14E-01,3.97E-01,4.86E-01,3.53E-01,4.20E-01,4.33E-01,2.76E-01,5.43E-01,3.81E-01,3.73E-01,3.22E-01,2.99E-01
941_S_1203,1.40E-01,1.13E-01,2.15E-01,2.26E-01,2.41E-01,2.49E-01,2.64E-01,1.94E-01,2.02E-01,1.72E-01,1.67E-01,2.93E-01,2.09E-01,1.67E-01,2.29E-01,1.97E-01,1.81E-01,1.52E-01,2.20E-01,2.08E-01,2.76E-01,3.16E-01,2.59E-01,3.07E-01,2.43E-01,2.77E-01,2.60E-01,2.29E-01,3.10E-01,2.71E-01,2.68E-01,2.54E-01,2.73E-01,2.23E-01,2.37E-01,1.95E-01,2.17E-01,2.89E-01,1.81E-01,2.72E-01,1.48E-01,2.24E-01,2.66E-01,2.05E-01,2.60E-01,2.04E-01,2.77E-01,3.25E-01,1.43E-01,3.03E-01,4.37E-01,3.70E-01,2.79E-01,2.73E-01,2.82E-01,3.54E-01,2.76E-01,2.32E-01,2.43E-01,2.01E-01,2.30E-01,3.51E-01,3.05E-01,2.53E-01,3.03E-01,2.89E-01,3.10E-01,2.55E-01,3.14E-01,2.97E-01,2.89E-01,2.91E-01,3.42E-01,2.19E-01,2.83E-01,2.98E-01,3.03E-01,2.81E-01,3.21E-01,4.19E-01,3.31E-01,2.71E-01,3.50E-01,3.34E-01,3.47E-01,3.15E-01,2.68E-01,2.50E-01,2.94E-01,3.46E-01,2.93E-01,3.83E-01,3.92E-01,3.42E-01,3.56E-01,3.15E-01,3.37E-01,4.86E-01,3.46E-01,2.52E-01,3.69E-01,3.63E-01,3.64E-01,3.96E-01,2.96E-01,3.37E-01,4.16E-01,3.90E-01,3.50E-01,3.09E-01,2.62E-01,3.26E-01,2.97E-01,3.55E-01,2.53E-01,2.73E-01,2.72E-01,2.52E-01,2.21E-01,2.13E-01,2.19E-01,1.77E-01,2.28E-01,3.25E-01,3.47E-01,3.08E-01,3.43E-01,3.38E-01,3.35E-01,3.43E-01,3.65E-01,3.05E-01,2.77E-01,3.09E-01,2.50E-01,3.36E-01,3.00E-01,2.14E-01,3.04E-01,3.24E-01,2.52E-01,2.64E-01,3.52E-01,2.72E-01,2.79E-01,2.32E-01,3.50E-01,3.28E-01,3.07E-01,2.75E-01,2.79E-01,3.13E-01,2.56E-01,2.78E-01,2.25E-01,3.68E-01,3.94E-01,5.45E-01,4.32E-01,3.38E-01,3.99E-01,3.44E-01,3.68E-01,3.88E-01,3.10E-01,2.50E-01,2.69E-01,3.59E-01,3.28E-01,3.82E-01,3.46E-01,3.90E-01,3.27E-01,3.04E-01,3.92E-01,3.16E-01,4.33E-01,2.97E-01,3.60E-01,3.50E-01,3.23E-01,3.25E-01,3.32E-01,3.36E-01,3.15E-01,2.90E-01,3.35E-01,3.73E-01,3.30E-01,3.68E-01,4.47E-01,3.08E-01,3.70E-01,3.66E-01,2.87E-01,5.85E-01,3.51E-01,4.64E-01,4.14E-01,3.13E-01