Subject ID,Feature_1,Feature_2,Feature_3,Feature_4,Feature_5,Feature_6,Feature_7,Feature_8,Feature_9,Feature_10,Feature_11,Feature_12,Feature_13,Feature_14,Feature_15,Feature_16,Feature_17,Feature_18,Feature_19,Feature_20,Feature_21,Feature_22,Feature_23,Feature_24,Feature_25,Feature_26,Feature_27,Feature_28,Feature_29,Feature_30,Feature_31,Feature_32,Feature_33,Feature_34,Feature_35,Feature_36,Feature_37,Feature_38,Feature_39,Feature_40,Feature_41,Feature_42,Feature_43,Feature_44,Feature_45,Feature_46,Feature_47,Feature_48,Feature_49,Feature_50,Feature_51,Feature_52,Feature_53,Feature_54,Feature_55,Feature_56,Feature_57,Feature_58,Feature_59,Feature_60,Feature_61,Feature_62,Feature_63,Feature_64,Feature_65,Feature_66,Feature_67,Feature_68,Feature_69,Feature_70,Feature_71,Feature_72,Feature_73,Feature_74,Feature_75,Feature_76,Feature_77,Feature_78,Feature_79,Feature_80,Feature_81,Feature_82,Feature_83,Feature_84,Feature_85,Feature_86,Feature_87,Feature_88,Feature_89,Feature_90,Feature_91,Feature_92,Feature_93,Feature_94,Feature_95,Feature_96,Feature_97,Feature_98,Feature_99,Feature_100,Feature_101,Feature_102,Feature_103,Feature_104,Feature_105,Feature_106,Feature_107,Feature_108,Feature_109,Feature_110,Feature_111,Feature_112,Feature_113,Feature_114,Feature_115,Feature_116,Feature_117,Feature_118,Feature_119,Feature_120,Feature_121,Feature_122,Feature_123,Feature_124,Feature_125,Feature_126,Feature_127,Feature_128,Feature_129,Feature_130,Feature_131,Feature_132,Feature_133,Feature_134,Feature_135,Feature_136,Feature_137,Feature_138,Feature_139,Feature_140,Feature_141,Feature_142,Feature_143,Feature_144,Feature_145,Feature_146,Feature_147,Feature_148,Feature_149,Feature_150,Feature_151,Feature_152,Feature_153,Feature_154,Feature_155,Feature_156,Feature_157,Feature_158,Feature_159,Feature_160,Feature_161,Feature_162,Feature_163,Feature_164,Feature_165,Feature_166,Feature_167,Feature_168,Feature_169,Feature_170,Feature_171,Feature_172,Feature_173,Feature_174,Feature_175,Feature_176,Feature_177,Feature_178,Feature_179,Feature_180,Feature_181,Feature_182,Feature_183,Feature_184,Feature_185,Feature_186,Feature_187,Feature_188,Feature_189,Feature_190,Feature_191,Feature_192,Feature_193,Feature_194,Feature_195,Feature_196,Feature_197,Feature_198,Feature_199,Feature_200
002_S_0295,3.98E-01,3.75E-01,5.64E-01,5.35E-01,5.88E-01,6.44E-01,6.37E-01,6.82E-01,6.15E-01,7.16E-01,6.52E-01,5.83E-01,6.48E-01,4.84E-01,5.73E-01,5.77E-01,5.41E-01,6.05E-01,6.27E-01,6.16E-01,6.91E-01,6.43E-01,6.90E-01,6.12E-01,6.55E-01,6.62E-01,6.35E-01,6.12E-01,6.41E-01,6.10E-01,6.74E-01,6.78E-01,5.50E-01,5.34E-01,6.66E-01,7.04E-01,5.73E-01,5.87E-01,7.29E-01,6.70E-01,7.94E-01,6.88E-01,6.70E-01,7.42E-01,7.00E-01,7.23E-01,6.17E-01,7.13E-01,7.79E-01,7.14E-01,6.95E-01,7.64E-01,5.51E-01,5.56E-01,7.80E-01,6.73E-01,5.62E-01,6.80E-01,6.76E-01,7.28E-01,6.33E-01,6.30E-01,7.00E-01,6.80E-01,6.46E-01,6.34E-01,5.98E-01,5.67E-01,5.49E-01,5.69E-01,6.63E-01,7.01E-01,6.79E-01,6.61E-01,6.49E-01,7.15E-01,6.84E-01,7.03E-01,6.68E-01,6.89E-01,7.01E-01,6.97E-01,6.12E-01,6.32E-01,7.02E-01,6.59E-01,6.25E-01,7.30E-01,6.24E-01,6.83E-01,6.72E-01,7.23E-01,7.00E-01,5.99E-01,6.51E-01,6.08E-01,6.82E-01,6.32E-01,6.20E-01,7.63E-01,6.64E-01,6.76E-01,6.56E-01,6.15E-01,6.89E-01,6.63E-01,6.57E-01,7.12E-01,6.42E-01,6.82E-01,6.46E-01,5.76E-01,6.33E-01,6.69E-01,6.31E-01,6.78E-01,6.32E-01,7.03E-01,6.32E-01,6.85E-01,6.08E-01,5.71E-01,6.14E-01,7.09E-01,6.24E-01,6.91E-01,7.03E-01,6.63E-01,5.91E-01,6.82E-01,6.48E-01,6.93E-01,6.98E-01,6.56E-01,7.58E-01,6.10E-01,7.03E-01,7.74E-01,6.33E-01,6.21E-01,7.28E-01,7.27E-01,6.67E-01,7.73E-01,7.88E-01,7.80E-01,6.91E-01,6.98E-01,6.57E-01,6.93E-01,6.10E-01,6.96E-01,7.08E-01,7.65E-01,7.84E-01,7.03E-01,7.59E-01,7.13E-01,7.06E-01,6.03E-01,8.01E-01,5.51E-01,6.42E-01,7.31E-01,7.15E-01,6.98E-01,6.97E-01,6.81E-01,7.18E-01,6.75E-01,6.48E-01,6.46E-01,5.69E-01,7.01E-01,6.82E-01,6.10E-01,6.81E-01,7.36E-01,6.84E-01,7.07E-01,7.24E-01,5.98E-01,6.89E-01,7.07E-01,7.05E-01,6.35E-01,7.01E-01,6.81E-01,6.76E-01,6.78E-01,6.93E-01,6.70E-01,6.27E-01,6.59E-01,5.90E-01,6.50E-01,7.10E-01,6.54E-01,6.66E-01,7.73E-01
002_S_0413,3.84E-01,3.60E-01,5.61E-01,5.24E-01,5.62E-01,6.33E-01,6.23E-01,6.80E-01,6.04E-01,7.04E-01,6.48E-01,5.73E-01,6.45E-01,4.92E-01,5.61E-01,5.73E-01,5.45E-01,6.23E-01,6.40E-01,6.19E-01,6.87E-01,6.40E-01,6.94E-01,6.23E-01,6.58E-01,6.59E-01,6.28E-01,6.21E-01,6.29E-01,5.92E-01,6.76E-01,6.72E-01,5.43E-01,5.36E-01,6.68E-01,7.05E-01,5.94E-01,5.83E-01,7.43E-01,6.69E-01,7.99E-01,6.86E-01,6.67E-01,7.31E-01,6.97E-01,7.22E-01,6.20E-01,7.02E-01,7.75E-01,7.10E-01,7.06E-01,7.64E-01,5.17E-01,5.42E-01,7.89E-01,6.71E-01,5.42E-01,6.91E-01,6.47E-01,7.16E-01,6.15E-01,6.32E-01,6.98E-01,6.72E-01,6.53E-01,6.19E-01,5.93E-01,5.71E-01,5.42E-01,5.52E-01,6.60E-01,7.00E-01,6.70E-01,6.56E-01,6.45E-01,7.10E-01,6.68E-01,6.94E-01,6.67E-01,6.69E-01,6.95E-01,7.09E-01,6.05E-01,6.26E-01,7.00E-01,6.55E-01,6.41E-01,7.25E-01,6.32E-01,7.01E-01,6.54E-01,7.17E-01,7.02E-01,5.99E-01,6.49E-01,5.98E-01,6.68E-01,6.27E-01,6.16E-01,7.49E-01,6.69E-01,6.75E-01,6.34E-01,6.05E-01,6.83E-01,6.51E-01,6.54E-01,7.01E-01,6.49E-01,6.66E-01,6.39E-01,5.72E-01,6.51E-01,6.72E-01,6.66E-01,6.81E-01,6.36E-01,7.01E-01,6.50E-01,6.97E-01,5.90E-01,6.12E-01,6.68E-01,7.15E-01,6.40E-01,6.96E-01,7.04E-01,6.55E-01,5.89E-01,6.68E-01,6.41E-01,6.91E-01,7.07E-01,6.46E-01,7.60E-01,6.20E-01,7.09E-01,7.70E-01,6.29E-01,6.19E-01,7.28E-01,7.23E-01,6.77E-01,7.82E-01,7.75E-01,7.90E-01,6.90E-01,7.00E-01,6.75E-01,6.88E-01,6.37E-01,7.05E-01,6.90E-01,7.57E-01,7.67E-01,6.96E-01,7.74E-01,7.22E-01,7.01E-01,6.06E-01,8.06E-01,5.29E-01,6.20E-01,7.42E-01,6.80E-01,6.87E-01,7.14E-01,6.84E-01,7.18E-01,6.56E-01,6.46E-01,6.47E-01,6.00E-01,7.01E-01,7.12E-01,6.19E-01,6.86E-01,7.46E-01,6.92E-01,6.43E-01,7.32E-01,6.04E-01,6.77E-01,6.97E-01,6.95E-01,6.33E-01,6.96E-01,6.89E-01,7.09E-01,6.91E-01,6.96E-01,6.88E-01,6.40E-01,6.53E-01,5.75E-01,6.58E-01,7.37E-01,6.70E-01,6.78E-01,7.64E-01
002_S_0685,3.79E-01,3.52E-01,5.47E-01,5.23E-01,5.52E-01,6.21E-01,6.28E-01,6.68E-01,5.97E-01,6.95E-01,6.37E-01,5.65E-01,6.36E-01,4.55E-01,5.55E-01,5.47E-01,4.96E-01,5.64E-01,6.04E-01,5.83E-01,6.80E-01,6.17E-01,6.74E-01,6.02E-01,6.36E-01,6.29E-01,6.13E-01,5.79E-01,6.46E-01,5.93E-01,6.66E-01,6.50E-01,5.13E-01,5.00E-01,6.35E-01,6.77E-01,5.35E-01,5.40E-01,6.95E-01,6.56E-01,7.79E-01,6.74E-01,6.27E-01,7.23E-01,6.88E-01,6.98E-01,5.97E-01,6.68E-01,7.40E-01,6.92E-01,6.78E-01,7.30E-01,5.43E-01,5.49E-01,7.83E-01,6.39E-01,5.54E-01,6.64E-01,6.45E-01,7.01E-01,5.92E-01,5.91E-01,6.69E-01,6.88E-01,6.34E-01,6.05E-01,5.82E-01,5.22E-01,5.37E-01,5.42E-01,6.38E-01,6.84E-01,6.54E-01,6.33E-01,6.28E-01,6.47E-01,6.85E-01,6.86E-01,6.38E-01,6.50E-01,6.77E-01,6.81E-01,5.89E-01,6.18E-01,6.93E-01,6.43E-01,6.26E-01,6.89E-01,6.05E-01,6.77E-01,6.05E-01,6.89E-01,6.54E-01,5.94E-01,6.18E-01,5.97E-01,6.88E-01,6.44E-01,5.99E-01,7.42E-01,6.76E-01,6.67E-01,6.51E-01,6.00E-01,6.78E-01,6.50E-01,6.75E-01,7.27E-01,6.51E-01,6.63E-01,6.44E-01,5.67E-01,5.98E-01,6.51E-01,6.30E-01,6.50E-01,5.98E-01,6.76E-01,6.05E-01,6.26E-01,5.93E-01,5.79E-01,6.18E-01,6.95E-01,6.18E-01,6.64E-01,6.93E-01,6.38E-01,5.44E-01,6.72E-01,6.61E-01,6.87E-01,7.07E-01,6.20E-01,7.41E-01,6.05E-01,6.91E-01,7.43E-01,6.18E-01,5.79E-01,6.97E-01,7.07E-01,6.34E-01,7.69E-01,7.64E-01,7.76E-01,6.97E-01,6.95E-01,6.71E-01,6.35E-01,6.24E-01,6.95E-01,6.37E-01,7.65E-01,7.72E-01,6.69E-01,7.25E-01,6.79E-01,6.74E-01,5.92E-01,8.04E-01,5.41E-01,6.42E-01,7.48E-01,6.87E-01,6.74E-01,6.78E-01,6.29E-01,6.69E-01,6.48E-01,6.52E-01,6.44E-01,5.35E-01,6.69E-01,6.55E-01,5.77E-01,6.53E-01,7.12E-01,6.51E-01,6.67E-01,7.26E-01,5.96E-01,6.73E-01,7.04E-01,6.53E-01,6.31E-01,6.84E-01,6.68E-01,6.58E-01,6.67E-01,6.54E-01,6.43E-01,6.08E-01,6.35E-01,6.07E-01,6.53E-01,7.13E-01,6.52E-01,6.55E-01,7.62E-01
002_S_1261,3.96E-01,3.67E-01,5.53E-01,5.39E-01,5.81E-01,6.35E-01,6.28E-01,6.85E-01,6.19E-01,7.22E-01,6.59E-01,5.97E-01,6.43E-01,4.97E-01,5.91E-01,5.77E-01,5.44E-01,6.11E-01,6.36E-01,6.33E-01,6.91E-01,6.55E-01,7.02E-01,6.39E-01,6.63E-01,6.61E-01,6.40E-01,6.22E-01,6.36E-01,5.95E-01,6.93E-01,6.86E-01,5.73E-01,5.60E-01,6.75E-01,6.74E-01,5.94E-01,5.94E-01,7.44E-01,6.83E-01,8.07E-01,7.02E-01,6.86E-01,7.38E-01,7.01E-01,7.26E-01,6.22E-01,7.17E-01,7.84E-01,7.15E-01,6.92E-01,7.47E-01,5.38E-01,5.41E-01,7.86E-01,6.65E-01,5.62E-01,6.99E-01,7.07E-01,7.31E-01,6.08E-01,6.50E-01,7.02E-01,6.96E-01,6.46E-01,6.47E-01,6.12E-01,5.65E-01,5.69E-01,5.63E-01,6.68E-01,7.07E-01,6.80E-01,6.60E-01,6.63E-01,6.80E-01,6.90E-01,7.06E-01,6.70E-01,6.59E-01,6.87E-01,7.11E-01,6.19E-01,6.32E-01,6.97E-01,6.72E-01,6.13E-01,7.20E-01,6.09E-01,6.78E-01,6.25E-01,7.00E-01,6.68E-01,6.23E-01,6.57E-01,6.39E-01,7.00E-01,6.26E-01,6.28E-01,7.55E-01,6.71E-01,6.82E-01,6.36E-01,6.11E-01,6.79E-01,6.72E-01,6.73E-01,7.21E-01,6.55E-01,6.99E-01,6.49E-01,5.88E-01,6.73E-01,6.72E-01,6.35E-01,6.95E-01,6.44E-01,6.98E-01,6.51E-01,6.91E-01,6.20E-01,6.06E-01,6.52E-01,7.25E-01,6.51E-01,7.06E-01,7.16E-01,6.65E-01,6.12E-01,6.84E-01,6.64E-01,6.99E-01,7.42E-01,6.52E-01,7.64E-01,6.34E-01,7.06E-01,7.79E-01,6.48E-01,6.30E-01,7.41E-01,7.35E-01,6.90E-01,7.73E-01,7.90E-01,7.98E-01,6.91E-01,7.04E-01,6.80E-01,6.54E-01,6.48E-01,7.12E-01,6.73E-01,7.62E-01,7.85E-01,6.93E-01,7.47E-01,6.95E-01,6.73E-01,6.18E-01,8.12E-01,5.39E-01,6.40E-01,7.33E-01,7.03E-01,7.03E-01,6.77E-01,6.74E-01,7.15E-01,6.80E-01,6.47E-01,6.55E-01,5.94E-01,6.88E-01,6.78E-01,6.21E-01,6.60E-01,7.50E-01,6.63E-01,6.63E-01,7.24E-01,5.99E-01,6.96E-01,7.15E-01,6.70E-01,6.39E-01,6.88E-01,6.87E-01,6.81E-01,6.87E-01,6.88E-01,6.73E-01,6.40E-01,6.84E-01,6.16E-01,6.63E-01,7.45E-01,6.64E-01,6.71E-01,7.76E-01
002_S_5018,4.02E-01,3.72E-01,5.62E-01,5.39E-01,5.71E-01,6.40E-01,6.41E-01,6.85E-01,6.12E-01,7.23E-01,6.60E-01,5.83E-01,6.44E-01,4.84E-01,5.68E-01,5.73E-01,5.24E-01,5.72E-01,6.21E-01,5.76E-01,6.88E-01,6.40E-01,6.90E-01,6.10E-01,6.51E-01,6.54E-01,6.32E-01,6.15E-01,6.34E-01,6.09E-01,6.79E-01,6.62E-01,5.26E-01,5.10E-01,6.42E-01,7.12E-01,5.60E-01,5.66E-01,7.14E-01,6.63E-01,7.89E-01,6.84E-01,6.63E-01,7.26E-01,6.87E-01,7.11E-01,5.99E-01,7.05E-01,7.78E-01,7.14E-01,6.90E-01,7.49E-01,5.41E-01,5.49E-01,7.87E-01,6.55E-01,5.53E-01,6.66E-01,6.59E-01,7.02E-01,5.85E-01,6.15E-01,6.87E-01,6.67E-01,6.23E-01,6.27E-01,5.90E-01,5.60E-01,5.42E-01,5.55E-01,6.60E-01,7.01E-01,6.56E-01,6.51E-01,6.26E-01,6.62E-01,6.78E-01,6.87E-01,6.52E-01,6.72E-01,6.91E-01,7.01E-01,6.03E-01,6.16E-01,6.86E-01,6.64E-01,6.20E-01,7.05E-01,5.95E-01,6.61E-01,6.11E-01,7.03E-01,6.84E-01,5.91E-01,6.36E-01,5.91E-01,6.93E-01,6.39E-01,6.21E-01,7.59E-01,6.90E-01,6.77E-01,6.61E-01,6.16E-01,6.77E-01,6.55E-01,6.81E-01,7.24E-01,6.58E-01,6.93E-01,6.40E-01,5.68E-01,6.37E-01,6.49E-01,5.93E-01,6.60E-01,6.09E-01,6.75E-01,6.15E-01,6.35E-01,5.85E-01,5.67E-01,6.13E-01,7.06E-01,6.33E-01,6.85E-01,6.96E-01,6.43E-01,6.12E-01,6.54E-01,6.66E-01,7.01E-01,7.13E-01,6.50E-01,7.31E-01,5.89E-01,7.11E-01,7.54E-01,6.24E-01,5.79E-01,7.15E-01,7.13E-01,6.49E-01,7.78E-01,7.82E-01,7.77E-01,6.64E-01,6.87E-01,6.48E-01,6.38E-01,6.23E-01,6.97E-01,6.77E-01,7.71E-01,7.83E-01,6.96E-01,7.48E-01,7.10E-01,7.07E-01,6.19E-01,7.97E-01,5.36E-01,6.47E-01,7.53E-01,7.09E-01,6.88E-01,6.64E-01,6.99E-01,7.17E-01,6.62E-01,6.49E-01,6.53E-01,5.63E-01,6.68E-01,6.80E-01,5.69E-01,6.80E-01,7.23E-01,6.38E-01,6.62E-01,7.24E-01,5.86E-01,6.79E-01,6.97E-01,6.53E-01,6.27E-01,7.08E-01,6.90E-01,6.76E-01,6.78E-01,6.86E-01,6.58E-01,6.07E-01,6.52E-01,6.25E-01,6.80E-01,7.26E-01,6.79E-01,6.68E-01,7.61E-01
003_S_4644,3.78E-01,3.47E-01,5.37E-01,5.15E-01,5.54E-01,6.22E-01,6.24E-01,6.60E-01,5.91E-01,6.99E-01,6.30E-01,5.53E-01,6.23E-01,4.61E-01,5.75E-01,5.48E-01,4.97E-01,5.91E-01,5.98E-01,5.77E-01,6.75E-01,6.41E-01,6.83E-01,6.25E-01,6.45E-01,6.42E-01,6.16E-01,5.83E-01,6.41E-01,5.74E-01,6.67E-01,6.59E-01,5.30E-01,4.95E-01,6.54E-01,6.67E-01,5.36E-01,5.30E-01,7.14E-01,6.63E-01,8.00E-01,6.83E-01,6.67E-01,7.22E-01,6.73E-01,7.01E-01,6.12E-01,6.89E-01,7.66E-01,7.03E-01,6.82E-01,7.44E-01,5.49E-01,5.54E-01,7.79E-01,6.69E-01,5.35E-01,6.72E-01,6.53E-01,7.01E-01,5.92E-01,6.19E-01,6.81E-01,6.69E-01,6.11E-01,6.13E-01,6.00E-01,5.32E-01,5.15E-01,5.41E-01,6.38E-01,6.97E-01,6.54E-01,6.43E-01,6.23E-01,6.54E-01,6.70E-01,6.88E-01,6.43E-01,6.82E-01,6.81E-01,7.12E-01,6.07E-01,6.23E-01,6.98E-01,6.59E-01,6.32E-01,7.07E-01,6.13E-01,6.67E-01,6.17E-01,6.94E-01,6.98E-01,5.81E-01,6.47E-01,5.85E-01,6.74E-01,6.51E-01,6.20E-01,7.58E-01,6.72E-01,6.73E-01,6.42E-01,5.89E-01,6.63E-01,6.35E-01,6.62E-01,6.95E-01,6.46E-01,6.68E-01,6.39E-01,5.73E-01,6.16E-01,6.74E-01,6.21E-01,6.61E-01,5.86E-01,6.90E-01,6.04E-01,6.48E-01,6.07E-01,5.81E-01,5.80E-01,7.09E-01,6.37E-01,6.96E-01,6.97E-01,6.50E-01,5.99E-01,6.82E-01,6.57E-01,6.97E-01,6.90E-01,6.46E-01,7.37E-01,6.06E-01,6.98E-01,7.53E-01,6.17E-01,5.59E-01,7.26E-01,7.20E-01,6.29E-01,7.82E-01,7.81E-01,7.85E-01,6.86E-01,6.89E-01,6.50E-01,6.46E-01,6.38E-01,7.11E-01,6.87E-01,7.68E-01,7.86E-01,6.89E-01,7.44E-01,7.11E-01,6.98E-01,6.30E-01,8.05E-01,5.62E-01,6.52E-01,7.45E-01,7.02E-01,6.84E-01,7.02E-01,6.79E-01,7.12E-01,6.75E-01,6.67E-01,6.42E-01,5.68E-01,6.74E-01,6.71E-01,6.13E-01,6.93E-01,7.25E-01,6.54E-01,6.70E-01,7.20E-01,5.97E-01,6.81E-01,6.97E-01,6.81E-01,6.19E-01,7.11E-01,6.85E-01,6.79E-01,6.85E-01,7.16E-01,6.72E-01,6.39E-01,6.26E-01,5.89E-01,6.67E-01,7.38E-01,6.63E-01,6.80E-01,7.66E-01
003_S_4900,3.76E-01,3.46E-01,5.37E-01,5.02E-01,5.66E-01,6.26E-01,6.29E-01,6.73E-01,5.93E-01,7.17E-01,6.39E-01,5.40E-01,6.34E-01,4.79E-01,5.59E-01,5.52E-01,5.03E-01,5.79E-01,5.83E-01,5.98E-01,7.03E-01,6.60E-01,6.94E-01,6.41E-01,6.64E-01,6.53E-01,6.22E-01,5.83E-01,6.49E-01,5.80E-01,6.87E-01,6.64E-01,5.10E-01,4.91E-01,6.62E-01,6.77E-01,5.63E-01,5.57E-01,7.09E-01,6.67E-01,8.08E-01,6.91E-01,6.68E-01,7.24E-01,6.93E-01,7.04E-01,6.17E-01,6.91E-01,7.69E-01,7.12E-01,7.03E-01,7.61E-01,5.37E-01,5.40E-01,7.81E-01,6.65E-01,5.58E-01,6.81E-01,6.73E-01,6.99E-01,5.87E-01,6.30E-01,6.99E-01,6.86E-01,6.35E-01,6.21E-01,6.10E-01,5.53E-01,5.13E-01,5.37E-01,6.48E-01,6.91E-01,6.50E-01,6.46E-01,6.38E-01,6.81E-01,6.91E-01,6.97E-01,6.59E-01,6.81E-01,6.81E-01,7.13E-01,5.96E-01,6.42E-01,7.04E-01,6.85E-01,6.44E-01,6.99E-01,5.96E-01,6.82E-01,6.40E-01,7.14E-01,6.87E-01,6.13E-01,6.44E-01,5.93E-01,7.02E-01,6.77E-01,6.44E-01,7.62E-01,6.70E-01,6.54E-01,6.26E-01,5.66E-01,6.64E-01,6.27E-01,6.80E-01,7.13E-01,6.53E-01,7.11E-01,6.39E-01,5.17E-01,6.25E-01,6.54E-01,6.40E-01,6.58E-01,5.90E-01,6.81E-01,6.31E-01,6.39E-01,6.01E-01,5.92E-01,5.98E-01,7.37E-01,6.44E-01,7.08E-01,7.11E-01,6.83E-01,6.23E-01,6.89E-01,6.65E-01,7.14E-01,6.58E-01,6.01E-01,7.26E-01,5.68E-01,6.93E-01,7.76E-01,5.98E-01,5.54E-01,7.23E-01,7.39E-01,6.57E-01,7.98E-01,8.16E-01,8.01E-01,7.09E-01,7.04E-01,6.69E-01,6.59E-01,6.37E-01,7.29E-01,7.25E-01,7.79E-01,7.95E-01,7.24E-01,7.82E-01,7.52E-01,7.16E-01,6.20E-01,8.36E-01,5.53E-01,6.76E-01,7.50E-01,6.87E-01,6.74E-01,6.93E-01,7.03E-01,7.48E-01,6.84E-01,6.52E-01,6.46E-01,5.14E-01,6.55E-01,6.88E-01,6.18E-01,7.02E-01,7.34E-01,6.79E-01,6.79E-01,7.20E-01,6.13E-01,7.06E-01,7.09E-01,6.93E-01,6.49E-01,7.30E-01,7.17E-01,7.00E-01,7.06E-01,7.16E-01,6.90E-01,6.62E-01,6.32E-01,6.47E-01,6.96E-01,7.64E-01,7.02E-01,6.90E-01,7.45E-01
003_S_5165,3.99E-01,3.77E-01,5.61E-01,5.26E-01,5.77E-01,6.32E-01,6.24E-01,6.75E-01,6.00E-01,6.93E-01,6.44E-01,5.65E-01,6.27E-01,4.82E-01,5.65E-01,5.71E-01,5.17E-01,5.92E-01,6.11E-01,5.96E-01,6.83E-01,6.36E-01,6.82E-01,5.98E-01,6.41E-01,6.38E-01,6.02E-01,5.70E-01,6.30E-01,5.92E-01,6.69E-01,6.54E-01,5.41E-01,5.27E-01,6.37E-01,6.74E-01,5.60E-01,5.46E-01,6.88E-01,6.48E-01,7.84E-01,6.72E-01,6.47E-01,7.20E-01,6.76E-01,6.92E-01,6.10E-01,6.94E-01,7.75E-01,6.99E-01,6.72E-01,7.25E-01,5.50E-01,5.44E-01,7.72E-01,6.58E-01,5.37E-01,6.52E-01,6.45E-01,7.02E-01,5.99E-01,5.95E-01,6.81E-01,6.45E-01,6.06E-01,6.25E-01,5.93E-01,5.71E-01,5.18E-01,5.50E-01,6.53E-01,6.89E-01,6.56E-01,6.45E-01,6.52E-01,6.40E-01,6.47E-01,6.87E-01,6.58E-01,6.60E-01,6.88E-01,6.94E-01,5.81E-01,6.23E-01,6.86E-01,6.68E-01,6.14E-01,6.92E-01,6.01E-01,6.58E-01,5.96E-01,6.86E-01,6.71E-01,5.91E-01,6.38E-01,5.96E-01,6.69E-01,6.26E-01,5.85E-01,7.53E-01,6.70E-01,6.65E-01,6.22E-01,5.85E-01,6.50E-01,6.34E-01,6.35E-01,6.89E-01,6.16E-01,6.37E-01,6.07E-01,5.69E-01,6.11E-01,6.28E-01,5.92E-01,6.67E-01,5.96E-01,6.78E-01,5.81E-01,6.32E-01,6.02E-01,5.62E-01,6.13E-01,7.07E-01,6.19E-01,6.78E-01,6.90E-01,6.53E-01,5.71E-01,6.90E-01,6.44E-01,6.86E-01,6.94E-01,6.38E-01,7.40E-01,5.91E-01,6.69E-01,7.39E-01,6.02E-01,5.80E-01,6.88E-01,7.04E-01,6.38E-01,7.99E-01,7.72E-01,7.88E-01,6.72E-01,6.83E-01,6.29E-01,6.25E-01,6.32E-01,7.04E-01,6.70E-01,7.45E-01,7.76E-01,6.74E-01,7.41E-01,6.99E-01,6.95E-01,6.36E-01,8.05E-01,5.41E-01,6.62E-01,7.55E-01,6.30E-01,6.77E-01,6.56E-01,6.57E-01,6.90E-01,6.70E-01,6.49E-01,6.38E-01,5.82E-01,6.69E-01,6.89E-01,5.91E-01,6.78E-01,7.26E-01,6.46E-01,6.66E-01,7.07E-01,5.47E-01,6.70E-01,7.02E-01,6.60E-01,5.69E-01,7.04E-01,6.90E-01,6.85E-01,6.77E-01,6.68E-01,6.60E-01,6.41E-01,6.40E-01,5.43E-01,6.67E-01,7.26E-01,6.60E-01,6.52E-01,7.68E-01
003_S_5187,3.91E-01,3.57E-01,5.54E-01,5.25E-01,5.69E-01,6.36E-01,6.28E-01,6.83E-01,6.02E-01,7.04E-01,6.36E-01,5.63E-01,6.21E-01,4.52E-01,5.50E-01,5.53E-01,4.98E-01,5.73E-01,5.96E-01,5.90E-01,6.79E-01,6.29E-01,6.81E-01,6.07E-01,6.56E-01,6.46E-01,6.17E-01,5.79E-01,6.40E-01,5.88E-01,6.70E-01,6.48E-01,5.13E-01,4.92E-01,6.36E-01,6.77E-01,5.48E-01,5.42E-01,7.15E-01,6.63E-01,7.90E-01,6.85E-01,6.60E-01,7.25E-01,6.80E-01,6.92E-01,5.83E-01,6.91E-01,7.71E-01,6.97E-01,6.95E-01,7.48E-01,5.67E-01,5.51E-01,7.79E-01,6.67E-01,5.62E-01,6.75E-01,6.32E-01,6.97E-01,5.65E-01,5.96E-01,6.92E-01,6.68E-01,6.17E-01,6.11E-01,6.07E-01,5.20E-01,4.96E-01,5.37E-01,6.39E-01,6.86E-01,6.48E-01,6.40E-01,6.27E-01,6.46E-01,6.48E-01,6.71E-01,6.41E-01,6.75E-01,6.74E-01,6.96E-01,6.08E-01,6.23E-01,6.87E-01,6.52E-01,6.26E-01,6.86E-01,5.91E-01,6.53E-01,6.11E-01,6.73E-01,6.53E-01,6.13E-01,6.38E-01,5.96E-01,6.84E-01,6.66E-01,6.13E-01,7.65E-01,6.83E-01,6.60E-01,6.19E-01,5.86E-01,6.49E-01,6.14E-01,6.47E-01,7.06E-01,6.10E-01,6.58E-01,5.80E-01,5.43E-01,6.15E-01,6.48E-01,5.72E-01,6.49E-01,5.74E-01,6.79E-01,5.89E-01,6.43E-01,5.62E-01,5.51E-01,5.65E-01,7.08E-01,6.33E-01,6.86E-01,7.00E-01,6.46E-01,5.92E-01,6.76E-01,6.36E-01,6.83E-01,6.78E-01,6.12E-01,7.27E-01,5.65E-01,6.98E-01,7.68E-01,5.85E-01,5.82E-01,7.16E-01,7.13E-01,6.83E-01,7.99E-01,7.93E-01,7.84E-01,6.84E-01,6.81E-01,6.31E-01,6.34E-01,6.12E-01,7.03E-01,6.91E-01,7.52E-01,7.85E-01,6.75E-01,7.69E-01,7.22E-01,7.09E-01,6.06E-01,8.23E-01,5.69E-01,6.68E-01,7.31E-01,6.82E-01,6.69E-01,6.75E-01,6.64E-01,7.20E-01,6.46E-01,6.50E-01,6.35E-01,5.39E-01,6.39E-01,6.85E-01,6.15E-01,6.62E-01,7.19E-01,6.34E-01,6.47E-01,7.05E-01,5.19E-01,6.57E-01,6.76E-01,6.54E-01,5.62E-01,7.09E-01,6.89E-01,6.71E-01,6.74E-01,7.00E-01,6.75E-01,6.42E-01,6.54E-01,5.73E-01,6.92E-01,7.24E-01,6.50E-01,6.67E-01,7.73E-01
005_S_0221,3.75E-01,3.48E-01,5.39E-01,5.10E-01,5.59E-01,6.19E-01,6.15E-01,6.65E-01,5.94E-01,7.10E-01,6.34E-01,5.84E-01,6.32E-01,4.78E-01,5.59E-01,5.76E-01,5.17E-01,6.16E-01,6.08E-01,6.15E-01,6.87E-01,6.22E-01,6.70E-01,6.02E-01,6.43E-01,6.52E-01,6.32E-01,5.88E-01,6.27E-01,5.74E-01,6.68E-01,6.66E-01,5.49E-01,5.35E-01,6.45E-01,6.71E-01,5.83E-01,5.72E-01,6.94E-01,6.57E-01,7.85E-01,6.73E-01,6.43E-01,7.23E-01,6.98E-01,7.11E-01,6.10E-01,6.93E-01,7.69E-01,6.98E-01,6.74E-01,7.31E-01,5.09E-01,5.36E-01,7.69E-01,6.49E-01,5.53E-01,6.84E-01,6.71E-01,7.03E-01,6.05E-01,6.16E-01,6.90E-01,6.52E-01,6.34E-01,6.03E-01,5.93E-01,5.52E-01,5.33E-01,5.40E-01,6.54E-01,7.00E-01,6.71E-01,6.37E-01,6.54E-01,6.68E-01,6.64E-01,6.84E-01,6.61E-01,6.45E-01,6.91E-01,6.90E-01,5.82E-01,6.15E-01,6.87E-01,6.52E-01,6.45E-01,7.14E-01,6.26E-01,6.77E-01,6.41E-01,6.98E-01,6.86E-01,5.68E-01,6.36E-01,6.16E-01,6.67E-01,6.11E-01,6.11E-01,7.49E-01,6.70E-01,6.73E-01,6.39E-01,5.92E-01,6.89E-01,6.48E-01,6.50E-01,7.08E-01,6.35E-01,6.70E-01,6.34E-01,5.66E-01,6.42E-01,6.56E-01,6.21E-01,6.62E-01,6.29E-01,6.98E-01,6.30E-01,6.57E-01,6.30E-01,6.01E-01,6.28E-01,6.94E-01,6.21E-01,6.64E-01,6.94E-01,6.53E-01,5.44E-01,6.49E-01,6.43E-01,6.81E-01,6.80E-01,6.54E-01,7.54E-01,6.31E-01,6.99E-01,7.64E-01,6.21E-01,6.14E-01,6.98E-01,7.09E-01,6.48E-01,7.60E-01,7.82E-01,7.70E-01,6.84E-01,6.82E-01,6.63E-01,6.72E-01,6.20E-01,6.88E-01,6.85E-01,7.54E-01,7.81E-01,6.75E-01,7.33E-01,6.84E-01,6.85E-01,6.02E-01,7.94E-01,5.32E-01,6.21E-01,7.21E-01,6.68E-01,6.65E-01,6.65E-01,6.57E-01,7.02E-01,6.50E-01,6.50E-01,6.39E-01,5.83E-01,6.67E-01,6.36E-01,5.61E-01,6.66E-01,7.27E-01,6.60E-01,7.07E-01,7.17E-01,5.96E-01,6.67E-01,6.87E-01,6.76E-01,6.02E-01,6.84E-01,6.66E-01,6.54E-01,6.62E-01,6.68E-01,6.59E-01,6.09E-01,6.51E-01,5.70E-01,6.46E-01,7.17E-01,6.42E-01,6.47E-01,7.45E-01
005_S_0223,3.95E-01,3.64E-01,5.55E-01,5.16E-01,5.70E-01,6.38E-01,6.25E-01,6.79E-01,6.11E-01,7.08E-01,6.54E-01,5.73E-01,6.59E-01,5.04E-01,5.89E-01,5.88E-01,5.56E-01,6.01E-01,6.57E-01,6.22E-01,6.81E-01,6.33E-01,6.91E-01,6.25E-01,6.52E-01,6.59E-01,6.31E-01,6.05E-01,6.23E-01,5.92E-01,6.80E-01,6.80E-01,5.49E-01,5.72E-01,6.63E-01,6.77E-01,6.00E-01,5.82E-01,7.52E-01,6.68E-01,7.90E-01,6.90E-01,6.78E-01,7.30E-01,7.15E-01,7.08E-01,6.05E-01,7.00E-01,7.82E-01,7.19E-01,7.04E-01,7.61E-01,5.53E-01,5.47E-01,7.92E-01,6.76E-01,5.56E-01,6.89E-01,6.63E-01,7.25E-01,6.19E-01,6.30E-01,6.98E-01,6.84E-01,6.43E-01,6.41E-01,5.93E-01,5.88E-01,5.70E-01,5.47E-01,6.65E-01,7.00E-01,6.86E-01,6.53E-01,6.52E-01,6.88E-01,6.79E-01,6.98E-01,6.62E-01,6.81E-01,6.89E-01,7.17E-01,6.10E-01,6.18E-01,6.94E-01,6.63E-01,6.36E-01,7.22E-01,6.15E-01,7.00E-01,6.39E-01,7.01E-01,6.92E-01,6.07E-01,6.48E-01,5.99E-01,6.75E-01,6.20E-01,6.12E-01,7.55E-01,6.55E-01,6.70E-01,6.31E-01,6.00E-01,6.82E-01,6.33E-01,6.47E-01,7.09E-01,6.27E-01,6.46E-01,6.42E-01,5.55E-01,6.45E-01,6.75E-01,6.46E-01,6.70E-01,6.31E-01,7.09E-01,6.51E-01,6.96E-01,6.25E-01,6.02E-01,6.62E-01,7.11E-01,6.35E-01,6.89E-01,7.12E-01,6.51E-01,5.90E-01,6.70E-01,6.44E-01,7.03E-01,6.94E-01,6.42E-01,7.68E-01,6.20E-01,7.02E-01,7.62E-01,6.37E-01,5.96E-01,7.35E-01,7.17E-01,6.33E-01,7.63E-01,7.96E-01,7.78E-01,6.91E-01,6.93E-01,6.81E-01,6.80E-01,6.32E-01,7.20E-01,6.86E-01,7.63E-01,7.91E-01,6.90E-01,7.60E-01,7.15E-01,6.94E-01,6.34E-01,7.96E-01,5.45E-01,6.43E-01,7.05E-01,6.88E-01,6.92E-01,7.02E-01,6.61E-01,7.13E-01,6.64E-01,6.51E-01,6.42E-01,5.86E-01,7.12E-01,6.63E-01,6.13E-01,6.85E-01,7.21E-01,6.86E-01,6.80E-01,7.31E-01,5.93E-01,6.79E-01,6.94E-01,6.94E-01,6.15E-01,6.99E-01,6.80E-01,6.98E-01,6.66E-01,6.78E-01,6.74E-01,6.22E-01,6.40E-01,5.68E-01,6.37E-01,7.24E-01,6.39E-01,6.42E-01,7.62E-01
005_S_0602,3.67E-01,3.40E-01,5.27E-01,4.88E-01,5.44E-01,6.18E-01,6.12E-01,6.65E-01,5.82E-01,7.08E-01,6.41E-01,5.49E-01,6.36E-01,4.65E-01,5.59E-01,5.57E-01,4.88E-01,5.67E-01,6.13E-01,6.15E-01,6.82E-01,6.46E-01,6.93E-01,6.16E-01,6.55E-01,6.48E-01,6.12E-01,5.87E-01,6.43E-01,5.83E-01,6.83E-01,6.56E-01,5.12E-01,5.07E-01,6.54E-01,6.87E-01,5.76E-01,5.50E-01,7.25E-01,6.57E-01,8.00E-01,6.89E-01,6.66E-01,7.24E-01,6.93E-01,7.11E-01,5.97E-01,7.11E-01,7.68E-01,7.16E-01,6.91E-01,7.48E-01,5.14E-01,5.38E-01,7.80E-01,6.54E-01,5.52E-01,6.76E-01,6.86E-01,7.06E-01,5.87E-01,6.14E-01,6.90E-01,6.69E-01,6.27E-01,6.20E-01,5.92E-01,5.40E-01,5.32E-01,5.51E-01,6.57E-01,7.03E-01,6.72E-01,6.44E-01,6.33E-01,6.74E-01,6.91E-01,7.00E-01,6.70E-01,6.69E-01,6.82E-01,7.03E-01,5.84E-01,6.22E-01,6.99E-01,6.64E-01,6.09E-01,7.03E-01,6.00E-01,6.77E-01,6.25E-01,7.05E-01,6.92E-01,5.84E-01,6.40E-01,5.78E-01,6.81E-01,6.40E-01,6.28E-01,7.56E-01,6.66E-01,6.64E-01,6.36E-01,5.85E-01,6.86E-01,6.45E-01,6.70E-01,6.96E-01,6.54E-01,6.81E-01,6.53E-01,5.40E-01,6.26E-01,6.50E-01,6.35E-01,6.69E-01,6.34E-01,7.07E-01,6.33E-01,6.37E-01,6.24E-01,5.93E-01,6.17E-01,7.19E-01,6.39E-01,6.92E-01,7.20E-01,6.61E-01,5.95E-01,6.83E-01,6.64E-01,7.14E-01,7.12E-01,6.19E-01,7.44E-01,6.02E-01,6.93E-01,7.68E-01,6.29E-01,5.68E-01,7.06E-01,7.29E-01,6.73E-01,7.82E-01,7.95E-01,7.80E-01,7.00E-01,7.02E-01,6.78E-01,6.47E-01,6.25E-01,7.10E-01,6.95E-01,7.67E-01,7.86E-01,6.98E-01,7.44E-01,7.03E-01,6.94E-01,5.82E-01,8.11E-01,5.39E-01,6.34E-01,7.35E-01,6.80E-01,6.94E-01,6.58E-01,6.67E-01,7.25E-01,6.60E-01,6.49E-01,6.40E-01,5.66E-01,6.86E-01,6.88E-01,6.13E-01,6.59E-01,7.21E-01,6.80E-01,6.73E-01,7.34E-01,6.03E-01,6.90E-01,7.00E-01,6.52E-01,6.50E-01,6.92E-01,6.89E-01,6.68E-01,6.84E-01,6.79E-01,6.75E-01,6.28E-01,6.61E-01,6.14E-01,6.62E-01,7.23E-01,6.80E-01,6.38E-01,7.69E-01
005_S_0610,4.04E-01,3.83E-01,5.67E-01,5.40E-01,5.72E-01,6.40E-01,6.30E-01,6.76E-01,6.08E-01,7.09E-01,6.60E-01,5.85E-01,6.31E-01,5.16E-01,5.82E-01,5.86E-01,5.43E-01,6.11E-01,6.42E-01,6.22E-01,6.76E-01,6.37E-01,6.80E-01,6.24E-01,6.44E-01,6.52E-01,6.44E-01,5.89E-01,6.52E-01,5.97E-01,6.75E-01,6.57E-01,5.52E-01,5.29E-01,6.50E-01,6.86E-01,5.90E-01,5.95E-01,7.04E-01,6.67E-01,7.88E-01,6.86E-01,6.74E-01,7.26E-01,6.73E-01,7.06E-01,6.17E-01,6.94E-01,7.84E-01,7.00E-01,6.86E-01,7.35E-01,5.56E-01,5.54E-01,7.76E-01,6.68E-01,5.49E-01,6.95E-01,6.55E-01,7.07E-01,5.98E-01,6.06E-01,6.80E-01,6.91E-01,6.26E-01,6.20E-01,5.97E-01,5.57E-01,5.33E-01,5.68E-01,6.64E-01,6.99E-01,6.55E-01,6.40E-01,6.37E-01,6.54E-01,6.68E-01,6.81E-01,6.45E-01,6.45E-01,6.82E-01,6.77E-01,6.04E-01,6.33E-01,6.91E-01,6.63E-01,6.59E-01,6.95E-01,5.98E-01,6.50E-01,6.17E-01,7.07E-01,6.77E-01,6.15E-01,6.50E-01,6.08E-01,6.68E-01,6.29E-01,6.14E-01,7.45E-01,6.68E-01,6.78E-01,6.42E-01,5.94E-01,6.64E-01,6.36E-01,6.57E-01,7.00E-01,6.36E-01,6.61E-01,6.26E-01,5.64E-01,6.31E-01,6.53E-01,5.73E-01,6.55E-01,6.12E-01,6.85E-01,6.08E-01,6.56E-01,5.94E-01,5.42E-01,6.30E-01,6.98E-01,6.30E-01,6.70E-01,6.87E-01,6.59E-01,5.84E-01,6.73E-01,6.64E-01,6.91E-01,7.16E-01,6.54E-01,7.45E-01,6.04E-01,7.02E-01,7.47E-01,6.05E-01,6.21E-01,6.95E-01,7.12E-01,6.57E-01,7.78E-01,7.73E-01,7.72E-01,6.58E-01,6.71E-01,6.40E-01,6.28E-01,6.15E-01,6.84E-01,6.91E-01,7.27E-01,7.74E-01,6.72E-01,7.43E-01,6.98E-01,6.69E-01,5.80E-01,7.97E-01,5.44E-01,6.32E-01,7.37E-01,6.90E-01,6.85E-01,6.66E-01,6.39E-01,6.91E-01,6.43E-01,6.52E-01,6.46E-01,5.59E-01,6.77E-01,6.59E-01,6.02E-01,6.55E-01,7.13E-01,6.44E-01,6.78E-01,7.14E-01,5.55E-01,6.34E-01,6.90E-01,6.10E-01,5.87E-01,6.83E-01,6.77E-01,6.52E-01,6.67E-01,6.67E-01,6.62E-01,6.38E-01,6.43E-01,5.88E-01,6.52E-01,7.23E-01,6.54E-01,6.52E-01,7.42E-01
005_S_1341,4.09E-01,3.86E-01,5.65E-01,5.48E-01,5.67E-01,6.49E-01,6.49E-01,6.90E-01,6.29E-01,7.11E-01,6.72E-01,5.92E-01,6.52E-01,5.35E-01,5.92E-01,6.04E-01,5.68E-01,6.23E-01,6.64E-01,6.27E-01,6.86E-01,6.49E-01,6.90E-01,6.25E-01,6.66E-01,6.73E-01,6.44E-01,6.05E-01,6.46E-01,6.05E-01,6.80E-01,6.58E-01,5.64E-01,5.56E-01,6.63E-01,7.09E-01,5.88E-01,5.84E-01,7.17E-01,6.76E-01,8.05E-01,6.88E-01,6.72E-01,7.51E-01,7.05E-01,7.26E-01,6.11E-01,6.97E-01,7.87E-01,7.21E-01,7.01E-01,7.58E-01,5.43E-01,5.57E-01,7.84E-01,6.59E-01,5.69E-01,6.67E-01,6.65E-01,7.29E-01,5.85E-01,6.31E-01,6.84E-01,6.81E-01,6.40E-01,6.37E-01,6.26E-01,5.76E-01,5.56E-01,5.69E-01,6.64E-01,6.96E-01,6.94E-01,6.63E-01,6.50E-01,6.74E-01,6.76E-01,7.05E-01,6.69E-01,6.67E-01,7.00E-01,7.09E-01,6.01E-01,6.30E-01,6.97E-01,6.63E-01,6.34E-01,7.21E-01,6.17E-01,6.81E-01,6.58E-01,7.15E-01,6.87E-01,6.15E-01,6.42E-01,5.87E-01,6.72E-01,6.51E-01,6.34E-01,7.64E-01,6.77E-01,6.79E-01,6.36E-01,5.94E-01,6.78E-01,6.28E-01,6.68E-01,7.17E-01,6.41E-01,6.60E-01,6.47E-01,5.52E-01,6.23E-01,6.74E-01,6.28E-01,6.64E-01,6.06E-01,7.08E-01,6.38E-01,6.68E-01,6.39E-01,6.18E-01,6.56E-01,7.19E-01,6.30E-01,7.02E-01,7.08E-01,6.66E-01,6.11E-01,6.74E-01,6.54E-01,6.96E-01,7.14E-01,6.33E-01,7.47E-01,6.01E-01,7.17E-01,7.59E-01,6.27E-01,5.99E-01,7.06E-01,7.18E-01,6.74E-01,7.86E-01,7.79E-01,7.88E-01,6.90E-01,6.98E-01,6.69E-01,6.69E-01,6.28E-01,7.09E-01,6.80E-01,7.70E-01,7.83E-01,6.83E-01,7.43E-01,7.12E-01,6.99E-01,6.44E-01,7.82E-01,5.27E-01,6.35E-01,7.34E-01,6.96E-01,7.04E-01,6.69E-01,6.69E-01,7.12E-01,6.65E-01,6.52E-01,6.32E-01,5.79E-01,6.95E-01,6.88E-01,6.11E-01,6.85E-01,7.29E-01,6.63E-01,6.78E-01,7.29E-01,5.94E-01,6.80E-01,6.91E-01,6.68E-01,6.26E-01,6.82E-01,6.89E-01,6.84E-01,6.76E-01,6.68E-01,6.78E-01,6.31E-01,6.24E-01,5.79E-01,6.71E-01,7.23E-01,6.97E-01,6.84E-01,7.80E-01
005_S_4910,3.73E-01,3.48E-01,5.34E-01,5.04E-01,5.33E-01,6.15E-01,6.18E-01,6.61E-01,5.90E-01,6.86E-01,6.32E-01,5.55E-01,6.16E-01,4.35E-01,5.45E-01,5.41E-01,4.91E-01,5.80E-01,5.82E-01,5.49E-01,6.52E-01,6.16E-01,6.57E-01,5.67E-01,6.25E-01,6.28E-01,5.91E-01,5.66E-01,6.05E-01,5.54E-01,6.47E-01,6.40E-01,5.37E-01,4.97E-01,6.43E-01,6.62E-01,5.31E-01,5.35E-01,6.89E-01,6.54E-01,7.68E-01,6.68E-01,6.36E-01,7.12E-01,6.63E-01,6.88E-01,5.95E-01,6.75E-01,7.64E-01,6.84E-01,6.69E-01,7.06E-01,5.24E-01,5.31E-01,7.58E-01,6.28E-01,5.07E-01,6.51E-01,6.53E-01,6.91E-01,5.83E-01,5.98E-01,6.72E-01,6.32E-01,5.91E-01,5.99E-01,5.55E-01,5.22E-01,5.02E-01,5.32E-01,6.37E-01,6.78E-01,6.37E-01,6.16E-01,6.23E-01,6.58E-01,6.51E-01,6.66E-01,6.07E-01,6.36E-01,6.60E-01,6.68E-01,5.72E-01,5.92E-01,6.55E-01,6.21E-01,5.95E-01,6.81E-01,5.71E-01,6.45E-01,6.01E-01,6.66E-01,6.51E-01,6.11E-01,6.19E-01,5.57E-01,6.65E-01,6.23E-01,5.73E-01,7.36E-01,6.59E-01,6.54E-01,6.06E-01,5.55E-01,6.32E-01,6.08E-01,6.08E-01,6.97E-01,6.12E-01,6.48E-01,5.90E-01,5.50E-01,6.07E-01,6.39E-01,5.99E-01,6.44E-01,5.65E-01,6.86E-01,5.99E-01,6.29E-01,5.79E-01,5.66E-01,6.06E-01,6.90E-01,6.10E-01,6.60E-01,6.74E-01,6.33E-01,5.38E-01,6.57E-01,6.30E-01,6.68E-01,6.65E-01,6.12E-01,7.19E-01,5.61E-01,6.47E-01,7.47E-01,5.80E-01,5.70E-01,7.00E-01,7.03E-01,6.52E-01,7.49E-01,7.67E-01,7.77E-01,6.59E-01,6.82E-01,6.41E-01,6.38E-01,6.26E-01,6.97E-01,6.40E-01,7.51E-01,7.73E-01,6.62E-01,7.35E-01,6.79E-01,6.68E-01,5.97E-01,7.65E-01,5.33E-01,6.36E-01,7.14E-01,6.81E-01,6.49E-01,6.65E-01,6.47E-01,6.81E-01,6.31E-01,6.40E-01,6.26E-01,5.39E-01,6.69E-01,6.66E-01,5.65E-01,6.22E-01,7.02E-01,6.18E-01,6.41E-01,6.96E-01,5.42E-01,6.49E-01,6.59E-01,6.39E-01,5.77E-01,6.91E-01,6.62E-01,6.65E-01,6.49E-01,6.63E-01,6.40E-01,5.94E-01,6.03E-01,5.54E-01,6.27E-01,6.86E-01,6.24E-01,6.15E-01,7.40E-01
005_S_5038,4.11E-01,3.87E-01,5.77E-01,5.28E-01,5.59E-01,6.28E-01,6.27E-01,6.67E-01,6.04E-01,6.71E-01,6.43E-01,5.78E-01,6.32E-01,4.85E-01,5.52E-01,5.49E-01,5.12E-01,5.92E-01,5.89E-01,5.85E-01,6.68E-01,5.91E-01,6.56E-01,5.60E-01,6.17E-01,6.23E-01,5.83E-01,5.82E-01,6.10E-01,5.83E-01,6.52E-01,6.38E-01,5.77E-01,5.33E-01,6.31E-01,6.71E-01,5.50E-01,5.62E-01,7.01E-01,6.38E-01,7.61E-01,6.61E-01,6.33E-01,7.07E-01,6.78E-01,6.89E-01,5.83E-01,6.58E-01,7.64E-01,6.92E-01,6.82E-01,7.34E-01,5.36E-01,5.38E-01,7.72E-01,6.35E-01,5.20E-01,6.70E-01,6.21E-01,6.94E-01,6.11E-01,5.78E-01,6.59E-01,6.32E-01,6.05E-01,6.11E-01,5.66E-01,5.46E-01,5.36E-01,5.53E-01,6.28E-01,6.97E-01,6.72E-01,6.40E-01,6.30E-01,6.49E-01,6.55E-01,6.83E-01,6.46E-01,6.45E-01,6.57E-01,6.58E-01,5.89E-01,6.03E-01,6.63E-01,5.98E-01,5.89E-01,6.54E-01,6.03E-01,6.56E-01,6.37E-01,6.55E-01,6.46E-01,5.77E-01,6.21E-01,5.74E-01,6.78E-01,6.22E-01,5.40E-01,7.39E-01,6.46E-01,6.30E-01,6.09E-01,5.60E-01,6.19E-01,6.12E-01,5.99E-01,7.06E-01,5.81E-01,6.44E-01,5.85E-01,5.61E-01,6.01E-01,6.45E-01,6.37E-01,6.46E-01,6.05E-01,6.87E-01,6.22E-01,6.67E-01,5.82E-01,5.84E-01,6.05E-01,6.90E-01,5.94E-01,6.76E-01,6.77E-01,6.32E-01,5.54E-01,6.42E-01,6.11E-01,6.58E-01,6.59E-01,6.29E-01,7.37E-01,5.91E-01,6.77E-01,7.37E-01,6.17E-01,5.94E-01,7.24E-01,7.15E-01,6.60E-01,7.63E-01,7.67E-01,7.88E-01,6.83E-01,6.79E-01,6.55E-01,6.77E-01,6.08E-01,6.99E-01,6.87E-01,7.45E-01,7.72E-01,6.90E-01,7.65E-01,7.19E-01,6.88E-01,6.07E-01,7.96E-01,5.49E-01,6.35E-01,7.17E-01,6.72E-01,6.77E-01,6.66E-01,6.52E-01,7.07E-01,6.35E-01,6.34E-01,6.24E-01,5.75E-01,6.55E-01,6.80E-01,6.16E-01,6.72E-01,7.01E-01,6.62E-01,6.69E-01,6.97E-01,5.58E-01,6.54E-01,6.34E-01,6.89E-01,5.86E-01,6.74E-01,6.71E-01,6.62E-01,6.44E-01,6.83E-01,6.76E-01,6.09E-01,6.20E-01,5.65E-01,6.34E-01,7.20E-01,6.27E-01,5.93E-01,7.54E-01
005_S_5119,3.91E-01,3.64E-01,5.57E-01,5.30E-01,5.44E-01,6.07E-01,6.30E-01,6.71E-01,6.00E-01,6.78E-01,6.35E-01,5.75E-01,6.18E-01,4.54E-01,5.36E-01,5.38E-01,4.93E-01,5.80E-01,6.05E-01,5.76E-01,6.66E-01,6.18E-01,6.71E-01,5.87E-01,6.29E-01,6.33E-01,5.94E-01,5.87E-01,6.20E-01,5.73E-01,6.49E-01,6.36E-01,5.38E-01,4.69E-01,6.27E-01,6.73E-01,5.28E-01,5.55E-01,6.86E-01,6.52E-01,7.82E-01,6.61E-01,6.32E-01,7.26E-01,6.63E-01,6.90E-01,5.87E-01,6.89E-01,7.72E-01,6.79E-01,6.51E-01,7.07E-01,5.30E-01,5.40E-01,7.65E-01,6.27E-01,5.34E-01,6.50E-01,6.10E-01,6.94E-01,5.71E-01,5.67E-01,6.46E-01,6.58E-01,6.05E-01,6.10E-01,5.63E-01,5.47E-01,5.12E-01,5.17E-01,6.44E-01,6.82E-01,6.51E-01,6.37E-01,6.23E-01,6.25E-01,6.55E-01,6.74E-01,6.30E-01,6.47E-01,6.61E-01,6.68E-01,5.64E-01,6.02E-01,6.57E-01,6.25E-01,6.11E-01,6.80E-01,5.70E-01,6.37E-01,6.20E-01,6.69E-01,6.67E-01,5.81E-01,6.04E-01,5.64E-01,6.79E-01,6.33E-01,5.87E-01,7.30E-01,6.80E-01,6.56E-01,6.32E-01,5.90E-01,6.41E-01,6.20E-01,6.33E-01,7.12E-01,6.06E-01,6.68E-01,6.07E-01,5.67E-01,5.97E-01,6.41E-01,5.91E-01,6.32E-01,5.78E-01,6.54E-01,5.81E-01,6.24E-01,5.80E-01,5.50E-01,5.95E-01,6.90E-01,6.09E-01,6.67E-01,6.80E-01,6.33E-01,5.74E-01,6.56E-01,6.37E-01,6.56E-01,6.96E-01,6.25E-01,7.35E-01,5.62E-01,6.75E-01,7.28E-01,5.80E-01,5.80E-01,6.91E-01,7.04E-01,6.42E-01,7.55E-01,7.61E-01,7.69E-01,6.65E-01,6.78E-01,6.28E-01,6.36E-01,6.19E-01,6.82E-01,6.53E-01,7.54E-01,7.68E-01,6.75E-01,7.28E-01,6.70E-01,6.98E-01,5.93E-01,7.62E-01,5.39E-01,6.26E-01,7.10E-01,7.04E-01,6.59E-01,6.62E-01,6.51E-01,6.91E-01,6.68E-01,6.40E-01,6.14E-01,5.33E-01,6.83E-01,6.84E-01,6.03E-01,6.65E-01,7.12E-01,6.43E-01,6.50E-01,7.03E-01,5.35E-01,6.61E-01,6.49E-01,6.04E-01,5.95E-01,6.90E-01,6.65E-01,6.76E-01,6.40E-01,6.57E-01,6.42E-01,5.94E-01,5.97E-01,5.94E-01,6.53E-01,6.98E-01,6.22E-01,6.32E-01,7.50E-01
006_S_0484,3.99E-01,3.75E-01,5.70E-01,5.43E-01,6.00E-01,6.27E-01,6.30E-01,6.89E-01,6.21E-01,7.30E-01,6.71E-01,6.02E-01,6.54E-01,5.43E-01,6.09E-01,5.94E-01,5.64E-01,6.19E-01,6.50E-01,6.15E-01,6.96E-01,6.51E-01,7.01E-01,6.29E-01,6.62E-01,6.70E-01,6.43E-01,6.17E-01,6.38E-01,6.09E-01,6.95E-01,6.78E-01,5.58E-01,5.85E-01,6.67E-01,6.87E-01,5.91E-01,5.56E-01,7.25E-01,6.67E-01,8.08E-01,7.10E-01,6.93E-01,7.49E-01,7.03E-01,7.11E-01,6.25E-01,7.13E-01,7.89E-01,7.23E-01,6.96E-01,7.55E-01,5.34E-01,5.48E-01,7.93E-01,6.62E-01,5.59E-01,6.84E-01,6.95E-01,7.24E-01,6.33E-01,6.30E-01,6.88E-01,6.83E-01,6.54E-01,6.41E-01,6.04E-01,5.71E-01,5.84E-01,5.73E-01,6.77E-01,7.13E-01,6.96E-01,6.61E-01,6.59E-01,6.80E-01,6.81E-01,6.99E-01,6.63E-01,6.75E-01,6.98E-01,7.09E-01,5.93E-01,6.23E-01,6.98E-01,6.65E-01,6.35E-01,7.24E-01,6.22E-01,6.89E-01,6.36E-01,6.96E-01,6.90E-01,6.08E-01,6.49E-01,6.17E-01,6.89E-01,6.33E-01,6.22E-01,7.64E-01,6.81E-01,6.81E-01,6.58E-01,6.22E-01,7.04E-01,6.66E-01,6.66E-01,7.09E-01,6.47E-01,6.87E-01,6.41E-01,5.96E-01,6.24E-01,6.86E-01,6.18E-01,6.62E-01,6.51E-01,7.10E-01,6.48E-01,6.77E-01,6.12E-01,5.69E-01,6.19E-01,7.15E-01,6.43E-01,6.99E-01,7.11E-01,6.59E-01,6.18E-01,6.39E-01,6.50E-01,7.06E-01,7.06E-01,6.57E-01,7.62E-01,6.30E-01,7.35E-01,7.70E-01,6.33E-01,6.21E-01,7.24E-01,7.23E-01,7.08E-01,7.96E-01,7.81E-01,8.01E-01,6.91E-01,7.00E-01,6.68E-01,6.46E-01,6.24E-01,7.12E-01,6.92E-01,7.56E-01,7.84E-01,6.95E-01,7.47E-01,7.13E-01,6.88E-01,6.18E-01,8.14E-01,5.34E-01,6.23E-01,7.28E-01,7.06E-01,6.96E-01,6.96E-01,6.86E-01,7.07E-01,6.68E-01,6.53E-01,6.59E-01,6.00E-01,6.97E-01,6.98E-01,6.18E-01,6.84E-01,7.41E-01,6.68E-01,7.00E-01,7.25E-01,5.94E-01,6.67E-01,7.00E-01,6.40E-01,6.21E-01,7.07E-01,6.92E-01,7.01E-01,6.89E-01,6.78E-01,6.93E-01,6.30E-01,6.67E-01,5.90E-01,6.68E-01,7.30E-01,6.69E-01,6.58E-01,7.80E-01
006_S_0498,4.01E-01,3.68E-01,5.61E-01,5.22E-01,5.71E-01,6.32E-01,6.48E-01,6.92E-01,6.26E-01,7.14E-01,6.55E-01,5.81E-01,6.55E-01,5.02E-01,5.76E-01,5.69E-01,5.43E-01,6.08E-01,6.27E-01,5.94E-01,7.05E-01,6.42E-01,7.03E-01,6.19E-01,6.69E-01,6.62E-01,6.35E-01,6.05E-01,6.50E-01,6.12E-01,6.87E-01,6.68E-01,5.38E-01,5.22E-01,6.58E-01,6.77E-01,5.77E-01,5.86E-01,7.30E-01,6.63E-01,8.02E-01,7.00E-01,6.76E-01,7.43E-01,7.03E-01,7.22E-01,6.04E-01,7.16E-01,7.89E-01,7.21E-01,7.14E-01,7.65E-01,5.48E-01,5.56E-01,8.14E-01,6.75E-01,5.61E-01,6.76E-01,6.76E-01,7.21E-01,6.08E-01,6.40E-01,7.09E-01,6.67E-01,6.44E-01,6.48E-01,6.14E-01,5.46E-01,5.35E-01,5.61E-01,6.60E-01,7.01E-01,6.78E-01,6.67E-01,6.18E-01,6.47E-01,6.80E-01,7.09E-01,6.75E-01,6.85E-01,6.97E-01,7.34E-01,6.26E-01,6.30E-01,7.02E-01,6.65E-01,6.54E-01,7.17E-01,6.15E-01,6.96E-01,6.29E-01,7.22E-01,7.06E-01,6.40E-01,6.43E-01,5.77E-01,6.87E-01,6.60E-01,6.26E-01,7.57E-01,6.85E-01,6.87E-01,6.51E-01,6.11E-01,6.90E-01,6.56E-01,6.79E-01,7.49E-01,6.49E-01,6.76E-01,6.45E-01,5.71E-01,6.40E-01,6.72E-01,6.23E-01,6.49E-01,6.08E-01,6.71E-01,6.19E-01,6.41E-01,6.13E-01,5.87E-01,6.22E-01,7.11E-01,6.45E-01,7.01E-01,7.28E-01,6.50E-01,6.06E-01,6.97E-01,6.78E-01,7.02E-01,7.10E-01,6.36E-01,7.56E-01,6.00E-01,6.87E-01,7.58E-01,6.24E-01,6.09E-01,7.08E-01,7.10E-01,6.78E-01,7.82E-01,7.99E-01,8.02E-01,7.06E-01,7.02E-01,6.67E-01,6.54E-01,6.20E-01,6.95E-01,6.80E-01,7.68E-01,7.93E-01,6.98E-01,7.62E-01,7.15E-01,7.18E-01,6.26E-01,8.36E-01,5.39E-01,6.59E-01,7.64E-01,7.10E-01,6.84E-01,6.78E-01,6.89E-01,7.20E-01,6.91E-01,6.57E-01,6.61E-01,5.68E-01,6.73E-01,6.76E-01,5.61E-01,6.82E-01,7.40E-01,6.23E-01,6.56E-01,7.30E-01,6.08E-01,7.16E-01,7.01E-01,6.73E-01,6.35E-01,7.34E-01,6.98E-01,6.72E-01,6.91E-01,6.84E-01,6.78E-01,6.34E-01,6.56E-01,5.99E-01,6.92E-01,7.37E-01,6.77E-01,6.65E-01,7.84E-01
006_S_0547,3.97E-01,3.68E-01,5.67E-01,5.35E-01,5.83E-01,6.36E-01,6.24E-01,6.79E-01,6.01E-01,6.98E-01,6.46E-01,5.86E-01,6.48E-01,4.85E-01,5.78E-01,5.74E-01,5.24E-01,6.11E-01,6.36E-01,6.14E-01,6.59E-01,6.33E-01,6.85E-01,6.04E-01,6.39E-01,6.52E-01,6.33E-01,5.98E-01,6.34E-01,5.92E-01,6.72E-01,6.64E-01,5.53E-01,5.17E-01,6.58E-01,6.80E-01,5.84E-01,5.75E-01,7.26E-01,6.65E-01,7.84E-01,6.75E-01,6.59E-01,7.29E-01,6.99E-01,7.09E-01,6.14E-01,7.08E-01,7.72E-01,7.05E-01,6.96E-01,7.47E-01,5.27E-01,5.44E-01,7.79E-01,6.63E-01,5.33E-01,6.76E-01,6.84E-01,7.11E-01,6.07E-01,6.12E-01,6.87E-01,6.77E-01,6.38E-01,6.25E-01,5.97E-01,5.43E-01,5.46E-01,5.55E-01,6.57E-01,6.97E-01,6.73E-01,6.53E-01,6.38E-01,6.79E-01,6.73E-01,6.89E-01,6.60E-01,6.76E-01,6.97E-01,7.02E-01,5.77E-01,6.25E-01,6.97E-01,6.47E-01,6.36E-01,7.18E-01,6.06E-01,6.73E-01,6.35E-01,6.97E-01,6.82E-01,5.84E-01,6.37E-01,5.77E-01,6.78E-01,6.33E-01,5.96E-01,7.49E-01,6.75E-01,6.84E-01,6.52E-01,6.08E-01,6.65E-01,6.40E-01,6.58E-01,7.14E-01,6.37E-01,6.79E-01,6.22E-01,5.80E-01,6.32E-01,6.70E-01,6.31E-01,6.65E-01,6.17E-01,6.87E-01,6.35E-01,6.63E-01,6.27E-01,5.96E-01,6.20E-01,7.10E-01,6.47E-01,6.83E-01,7.07E-01,6.56E-01,5.99E-01,6.65E-01,6.47E-01,6.99E-01,6.96E-01,6.52E-01,7.54E-01,6.20E-01,7.03E-01,7.65E-01,6.20E-01,6.01E-01,7.11E-01,7.13E-01,6.72E-01,7.81E-01,7.77E-01,7.86E-01,6.82E-01,6.92E-01,6.70E-01,6.50E-01,6.11E-01,7.00E-01,6.85E-01,7.71E-01,7.82E-01,6.71E-01,7.49E-01,7.20E-01,7.05E-01,6.16E-01,8.08E-01,5.32E-01,6.29E-01,7.39E-01,6.78E-01,6.90E-01,6.98E-01,6.71E-01,7.12E-01,6.60E-01,6.45E-01,6.55E-01,5.56E-01,6.98E-01,6.46E-01,6.10E-01,6.89E-01,7.31E-01,6.68E-01,5.90E-01,7.16E-01,5.77E-01,6.75E-01,7.09E-01,6.82E-01,6.14E-01,6.88E-01,6.81E-01,6.63E-01,6.83E-01,6.59E-01,6.69E-01,6.42E-01,6.56E-01,5.93E-01,6.71E-01,7.30E-01,6.59E-01,6.72E-01,7.61E-01
006_S_0731,4.02E-01,3.75E-01,5.69E-01,5.47E-01,5.83E-01,6.47E-01,6.37E-01,6.81E-01,6.15E-01,7.22E-01,6.58E-01,5.90E-01,6.53E-01,4.94E-01,5.89E-01,5.78E-01,5.41E-01,6.00E-01,6.28E-01,6.29E-01,6.90E-01,6.52E-01,6.96E-01,6.28E-01,6.67E-01,6.65E-01,6.34E-01,6.06E-01,6.46E-01,6.12E-01,6.93E-01,6.82E-01,5.64E-01,5.35E-01,6.73E-01,6.95E-01,5.81E-01,5.81E-01,7.15E-01,6.68E-01,8.09E-01,6.82E-01,6.85E-01,7.47E-01,6.97E-01,7.14E-01,6.28E-01,6.81E-01,7.82E-01,7.23E-01,6.91E-01,7.48E-01,5.49E-01,5.61E-01,7.81E-01,6.64E-01,5.39E-01,7.03E-01,6.94E-01,7.22E-01,6.05E-01,6.35E-01,7.06E-01,6.78E-01,6.49E-01,6.35E-01,5.96E-01,5.55E-01,5.26E-01,5.57E-01,6.76E-01,7.09E-01,6.77E-01,6.59E-01,6.56E-01,7.05E-01,6.80E-01,7.01E-01,6.66E-01,6.44E-01,6.77E-01,7.13E-01,5.89E-01,6.41E-01,6.93E-01,6.71E-01,6.76E-01,7.34E-01,6.36E-01,6.88E-01,6.32E-01,7.02E-01,6.84E-01,6.16E-01,6.20E-01,6.10E-01,6.82E-01,6.50E-01,6.09E-01,7.66E-01,6.83E-01,6.76E-01,6.53E-01,6.15E-01,6.88E-01,6.57E-01,6.70E-01,7.09E-01,6.62E-01,6.80E-01,6.61E-01,5.77E-01,6.34E-01,6.69E-01,6.26E-01,6.83E-01,6.26E-01,6.97E-01,5.98E-01,6.58E-01,6.22E-01,5.88E-01,6.07E-01,7.20E-01,6.37E-01,6.98E-01,7.21E-01,6.48E-01,6.31E-01,6.70E-01,6.54E-01,7.09E-01,7.15E-01,6.57E-01,7.70E-01,6.20E-01,7.13E-01,7.65E-01,6.27E-01,6.00E-01,7.16E-01,7.12E-01,6.58E-01,7.90E-01,7.97E-01,7.70E-01,6.91E-01,6.94E-01,6.58E-01,6.50E-01,6.05E-01,7.03E-01,7.05E-01,7.76E-01,7.91E-01,7.00E-01,7.36E-01,6.94E-01,6.68E-01,6.15E-01,8.03E-01,5.40E-01,6.40E-01,7.49E-01,6.75E-01,6.84E-01,6.97E-01,6.95E-01,7.26E-01,6.83E-01,6.60E-01,6.60E-01,5.90E-01,6.97E-01,6.62E-01,6.10E-01,6.69E-01,7.41E-01,6.69E-01,6.99E-01,7.48E-01,5.93E-01,6.82E-01,7.29E-01,7.08E-01,6.21E-01,6.84E-01,6.92E-01,6.87E-01,6.94E-01,6.87E-01,6.91E-01,6.50E-01,6.69E-01,6.00E-01,6.70E-01,7.31E-01,6.74E-01,7.01E-01,7.93E-01
007_S_0316,3.99E-01,3.65E-01,5.68E-01,5.42E-01,5.75E-01,6.33E-01,6.37E-01,6.85E-01,6.16E-01,7.06E-01,6.48E-01,5.91E-01,6.42E-01,5.04E-01,5.74E-01,5.83E-01,5.39E-01,6.06E-01,6.42E-01,6.20E-01,6.92E-01,6.34E-01,6.94E-01,6.18E-01,6.48E-01,6.50E-01,6.32E-01,5.85E-01,6.32E-01,6.03E-01,6.79E-01,6.61E-01,5.53E-01,5.42E-01,6.47E-01,6.92E-01,5.85E-01,5.87E-01,7.22E-01,6.67E-01,7.87E-01,6.89E-01,6.67E-01,7.29E-01,6.88E-01,7.18E-01,6.23E-01,7.06E-01,7.70E-01,7.19E-01,7.00E-01,7.53E-01,5.54E-01,5.49E-01,7.92E-01,6.69E-01,5.50E-01,6.89E-01,6.53E-01,7.15E-01,6.22E-01,6.24E-01,6.79E-01,6.92E-01,6.24E-01,6.31E-01,6.05E-01,5.79E-01,5.48E-01,5.62E-01,6.58E-01,7.00E-01,6.81E-01,6.53E-01,6.52E-01,6.76E-01,6.73E-01,6.90E-01,6.51E-01,6.65E-01,6.87E-01,7.11E-01,6.15E-01,6.22E-01,6.90E-01,6.68E-01,6.29E-01,7.13E-01,6.13E-01,6.93E-01,6.40E-01,7.03E-01,6.82E-01,5.81E-01,6.51E-01,6.02E-01,6.72E-01,6.26E-01,6.17E-01,7.45E-01,6.70E-01,6.72E-01,6.50E-01,6.17E-01,6.86E-01,6.51E-01,6.60E-01,7.15E-01,6.38E-01,6.62E-01,6.31E-01,5.63E-01,6.18E-01,6.64E-01,6.10E-01,6.58E-01,6.37E-01,6.86E-01,6.44E-01,6.81E-01,6.28E-01,5.72E-01,6.09E-01,7.08E-01,6.31E-01,6.93E-01,7.07E-01,6.61E-01,5.88E-01,6.87E-01,6.48E-01,6.98E-01,7.19E-01,6.47E-01,7.38E-01,5.93E-01,6.77E-01,7.69E-01,6.36E-01,6.20E-01,7.30E-01,7.34E-01,6.57E-01,7.72E-01,7.79E-01,7.71E-01,6.97E-01,7.00E-01,6.44E-01,6.64E-01,6.15E-01,6.92E-01,6.80E-01,7.73E-01,7.65E-01,7.02E-01,7.59E-01,7.10E-01,6.93E-01,6.32E-01,8.25E-01,5.55E-01,6.42E-01,7.24E-01,7.07E-01,6.97E-01,7.00E-01,6.87E-01,7.11E-01,6.53E-01,6.45E-01,6.50E-01,5.87E-01,6.74E-01,6.89E-01,5.94E-01,6.81E-01,7.25E-01,6.57E-01,6.34E-01,7.23E-01,5.91E-01,6.65E-01,7.03E-01,6.70E-01,6.11E-01,6.94E-01,6.74E-01,6.72E-01,6.77E-01,6.83E-01,6.74E-01,6.24E-01,6.50E-01,5.59E-01,6.49E-01,7.27E-01,6.49E-01,6.57E-01,7.56E-01
007_S_1206,3.81E-01,3.52E-01,5.44E-01,5.07E-01,5.59E-01,6.31E-01,6.24E-01,6.78E-01,5.98E-01,7.14E-01,6.44E-01,5.70E-01,6.33E-01,4.82E-01,5.71E-01,5.48E-01,5.18E-01,6.00E-01,6.33E-01,5.99E-01,6.74E-01,6.32E-01,6.89E-01,6.10E-01,6.49E-01,6.55E-01,6.24E-01,6.08E-01,6.32E-01,5.85E-01,6.72E-01,6.61E-01,5.44E-01,5.40E-01,6.52E-01,6.82E-01,5.72E-01,5.78E-01,7.22E-01,6.62E-01,7.88E-01,6.82E-01,6.63E-01,7.17E-01,6.89E-01,7.05E-01,6.23E-01,7.04E-01,7.75E-01,7.05E-01,6.97E-01,7.43E-01,5.37E-01,5.57E-01,7.81E-01,6.60E-01,5.48E-01,6.76E-01,6.65E-01,7.09E-01,6.05E-01,6.22E-01,6.92E-01,6.77E-01,6.43E-01,6.23E-01,5.87E-01,5.48E-01,5.60E-01,5.36E-01,6.64E-01,6.99E-01,6.75E-01,6.45E-01,6.42E-01,6.81E-01,6.73E-01,6.92E-01,6.65E-01,6.50E-01,6.78E-01,6.97E-01,5.89E-01,6.27E-01,6.99E-01,6.43E-01,6.22E-01,7.15E-01,6.15E-01,6.83E-01,6.36E-01,7.01E-01,6.79E-01,6.09E-01,6.45E-01,6.03E-01,6.75E-01,6.31E-01,6.09E-01,7.58E-01,6.63E-01,6.79E-01,6.38E-01,5.88E-01,6.80E-01,6.36E-01,6.68E-01,7.02E-01,6.33E-01,6.72E-01,6.33E-01,5.76E-01,6.37E-01,6.73E-01,6.10E-01,6.76E-01,6.21E-01,6.97E-01,6.34E-01,6.65E-01,6.08E-01,5.92E-01,6.14E-01,7.11E-01,6.26E-01,6.90E-01,7.07E-01,6.61E-01,5.93E-01,6.72E-01,6.55E-01,6.96E-01,7.06E-01,6.32E-01,7.62E-01,6.21E-01,7.16E-01,7.60E-01,6.27E-01,6.30E-01,7.32E-01,7.12E-01,6.44E-01,7.90E-01,7.85E-01,7.73E-01,6.84E-01,6.91E-01,6.56E-01,6.49E-01,6.35E-01,6.88E-01,6.95E-01,7.65E-01,7.95E-01,6.85E-01,7.44E-01,7.08E-01,6.91E-01,6.20E-01,7.98E-01,5.33E-01,6.40E-01,7.44E-01,6.93E-01,6.70E-01,6.96E-01,6.58E-01,7.10E-01,6.67E-01,6.56E-01,6.39E-01,5.75E-01,7.07E-01,6.97E-01,6.23E-01,6.74E-01,7.29E-01,6.62E-01,6.76E-01,7.18E-01,5.85E-01,6.52E-01,7.12E-01,6.53E-01,6.12E-01,6.76E-01,6.75E-01,6.75E-01,6.69E-01,6.62E-01,6.80E-01,6.36E-01,6.41E-01,5.90E-01,6.70E-01,7.13E-01,6.59E-01,6.80E-01,7.61E-01
007_S_4911,3.59E-01,3.34E-01,5.21E-01,4.85E-01,5.33E-01,5.99E-01,5.99E-01,6.50E-01,5.66E-01,6.59E-01,6.13E-01,5.25E-01,6.06E-01,4.50E-01,5.30E-01,5.29E-01,4.74E-01,5.56E-01,5.78E-01,5.74E-01,6.55E-01,6.07E-01,6.49E-01,5.87E-01,6.35E-01,6.19E-01,6.04E-01,5.58E-01,6.20E-01,5.57E-01,6.43E-01,6.38E-01,4.79E-01,4.73E-01,6.23E-01,6.45E-01,5.27E-01,5.24E-01,7.03E-01,6.27E-01,7.69E-01,6.64E-01,6.46E-01,6.94E-01,6.73E-01,6.78E-01,5.79E-01,6.72E-01,7.55E-01,7.02E-01,6.67E-01,7.25E-01,5.38E-01,5.27E-01,7.70E-01,6.52E-01,5.26E-01,6.53E-01,6.28E-01,6.90E-01,5.65E-01,5.92E-01,6.75E-01,6.48E-01,6.12E-01,6.02E-01,5.67E-01,5.36E-01,5.07E-01,5.26E-01,6.34E-01,6.79E-01,6.41E-01,6.27E-01,6.07E-01,6.47E-01,6.46E-01,6.60E-01,6.26E-01,6.39E-01,6.60E-01,6.78E-01,5.92E-01,6.10E-01,6.65E-01,6.44E-01,5.77E-01,6.76E-01,5.73E-01,6.53E-01,6.07E-01,6.86E-01,6.68E-01,5.45E-01,6.06E-01,5.66E-01,6.45E-01,6.21E-01,5.85E-01,7.55E-01,6.44E-01,6.30E-01,6.10E-01,5.53E-01,6.38E-01,5.92E-01,6.18E-01,6.75E-01,6.04E-01,6.15E-01,6.01E-01,5.02E-01,5.92E-01,6.28E-01,6.13E-01,6.22E-01,5.43E-01,6.76E-01,6.19E-01,6.47E-01,5.77E-01,5.73E-01,5.82E-01,6.74E-01,6.08E-01,6.47E-01,6.65E-01,6.18E-01,5.59E-01,6.41E-01,6.14E-01,6.51E-01,6.59E-01,5.97E-01,7.33E-01,5.40E-01,6.80E-01,7.43E-01,6.14E-01,5.62E-01,6.98E-01,6.93E-01,6.15E-01,7.53E-01,7.54E-01,7.75E-01,6.55E-01,6.64E-01,6.44E-01,6.44E-01,5.97E-01,6.82E-01,6.48E-01,7.41E-01,7.53E-01,6.62E-01,7.34E-01,6.90E-01,6.68E-01,5.79E-01,7.98E-01,5.32E-01,6.35E-01,6.96E-01,6.39E-01,6.40E-01,6.38E-01,6.31E-01,6.99E-01,6.37E-01,6.21E-01,6.03E-01,5.19E-01,6.54E-01,6.05E-01,5.50E-01,6.47E-01,6.99E-01,6.24E-01,6.60E-01,6.92E-01,5.64E-01,6.64E-01,6.55E-01,6.41E-01,5.81E-01,6.84E-01,6.58E-01,6.38E-01,6.33E-01,6.79E-01,6.21E-01,5.82E-01,6.23E-01,5.19E-01,6.18E-01,6.79E-01,6.33E-01,6.14E-01,7.25E-01
007_S_5196,3.95E-01,3.66E-01,5.66E-01,5.36E-01,5.62E-01,6.37E-01,6.36E-01,6.82E-01,6.06E-01,7.22E-01,6.51E-01,5.68E-01,6.44E-01,4.92E-01,5.67E-01,5.69E-01,5.35E-01,5.94E-01,6.10E-01,5.86E-01,6.88E-01,6.49E-01,6.92E-01,6.29E-01,6.46E-01,6.50E-01,6.35E-01,5.94E-01,6.52E-01,5.89E-01,6.71E-01,6.68E-01,5.40E-01,5.09E-01,6.56E-01,6.73E-01,5.61E-01,5.48E-01,7.08E-01,6.68E-01,7.94E-01,6.89E-01,6.71E-01,7.18E-01,6.87E-01,7.27E-01,6.12E-01,7.03E-01,7.75E-01,7.20E-01,7.17E-01,7.70E-01,5.65E-01,5.58E-01,7.88E-01,6.80E-01,5.51E-01,6.57E-01,6.54E-01,7.17E-01,5.83E-01,6.22E-01,6.95E-01,6.75E-01,6.38E-01,6.23E-01,6.00E-01,5.43E-01,5.25E-01,5.50E-01,6.57E-01,6.90E-01,6.52E-01,6.45E-01,6.38E-01,6.73E-01,6.73E-01,6.97E-01,6.42E-01,6.93E-01,6.89E-01,7.18E-01,6.10E-01,6.16E-01,6.94E-01,6.65E-01,6.05E-01,7.16E-01,5.99E-01,6.86E-01,5.98E-01,7.32E-01,7.04E-01,5.85E-01,6.38E-01,5.83E-01,6.92E-01,6.75E-01,6.20E-01,7.69E-01,6.80E-01,6.68E-01,6.36E-01,5.87E-01,6.54E-01,6.20E-01,6.66E-01,7.10E-01,6.37E-01,6.83E-01,6.17E-01,5.52E-01,6.06E-01,6.38E-01,6.32E-01,6.36E-01,5.67E-01,6.86E-01,6.12E-01,6.17E-01,5.89E-01,5.76E-01,5.99E-01,7.19E-01,6.27E-01,6.99E-01,7.05E-01,6.49E-01,6.03E-01,6.78E-01,6.43E-01,6.85E-01,6.97E-01,6.45E-01,7.04E-01,5.68E-01,6.77E-01,7.59E-01,5.95E-01,5.85E-01,7.18E-01,7.18E-01,6.68E-01,7.87E-01,7.73E-01,7.74E-01,6.94E-01,6.99E-01,6.60E-01,6.53E-01,6.22E-01,7.07E-01,6.96E-01,7.79E-01,8.15E-01,7.14E-01,7.84E-01,7.47E-01,7.29E-01,6.43E-01,8.14E-01,5.53E-01,6.55E-01,7.48E-01,6.61E-01,6.83E-01,6.78E-01,6.67E-01,7.09E-01,6.65E-01,6.44E-01,6.34E-01,5.41E-01,6.99E-01,6.82E-01,5.90E-01,6.93E-01,7.27E-01,6.63E-01,6.92E-01,7.18E-01,5.48E-01,6.82E-01,6.86E-01,6.87E-01,6.11E-01,7.31E-01,7.10E-01,6.97E-01,6.85E-01,7.02E-01,6.59E-01,6.24E-01,6.33E-01,6.26E-01,7.02E-01,7.35E-01,6.63E-01,6.59E-01,7.61E-01
009_S_0751,3.86E-01,3.53E-01,5.32E-01,4.95E-01,5.54E-01,6.16E-01,6.30E-01,6.72E-01,5.93E-01,6.98E-01,6.39E-01,5.55E-01,6.32E-01,4.62E-01,5.55E-01,5.38E-01,4.95E-01,5.68E-01,6.05E-01,5.88E-01,6.68E-01,6.37E-01,6.81E-01,5.92E-01,6.35E-01,6.40E-01,6.13E-01,5.79E-01,6.37E-01,5.77E-01,6.65E-01,6.56E-01,5.03E-01,5.02E-01,6.38E-01,6.57E-01,5.35E-01,5.29E-01,7.10E-01,6.48E-01,7.80E-01,6.86E-01,6.54E-01,7.25E-01,6.76E-01,6.97E-01,5.82E-01,6.88E-01,7.67E-01,7.01E-01,6.74E-01,7.35E-01,5.38E-01,5.38E-01,7.78E-01,6.44E-01,5.26E-01,6.67E-01,6.35E-01,7.11E-01,5.81E-01,5.99E-01,6.75E-01,6.56E-01,6.00E-01,6.14E-01,5.81E-01,5.30E-01,5.25E-01,5.40E-01,6.45E-01,6.97E-01,6.58E-01,6.45E-01,6.35E-01,6.47E-01,6.73E-01,6.95E-01,6.47E-01,6.53E-01,6.86E-01,6.80E-01,5.77E-01,6.20E-01,6.80E-01,6.44E-01,6.20E-01,7.03E-01,5.94E-01,6.83E-01,5.99E-01,6.98E-01,6.93E-01,5.88E-01,6.35E-01,5.78E-01,6.58E-01,6.43E-01,6.13E-01,7.46E-01,6.73E-01,6.79E-01,6.30E-01,5.88E-01,6.68E-01,6.27E-01,6.70E-01,7.12E-01,6.42E-01,6.50E-01,6.39E-01,5.23E-01,6.22E-01,6.64E-01,6.09E-01,6.67E-01,6.11E-01,6.85E-01,5.90E-01,6.36E-01,6.04E-01,5.75E-01,6.31E-01,7.16E-01,6.35E-01,7.03E-01,7.14E-01,6.68E-01,6.24E-01,6.71E-01,6.74E-01,6.95E-01,6.80E-01,6.30E-01,7.46E-01,5.83E-01,6.95E-01,7.59E-01,6.14E-01,5.92E-01,7.10E-01,7.17E-01,6.58E-01,7.72E-01,7.86E-01,7.86E-01,6.92E-01,7.04E-01,6.76E-01,6.31E-01,6.29E-01,7.02E-01,6.77E-01,7.65E-01,7.77E-01,6.90E-01,7.47E-01,7.04E-01,6.88E-01,6.08E-01,8.15E-01,5.56E-01,6.63E-01,7.47E-01,6.83E-01,6.91E-01,6.65E-01,6.56E-01,7.03E-01,6.69E-01,6.56E-01,6.45E-01,5.76E-01,6.50E-01,6.79E-01,5.91E-01,6.82E-01,7.31E-01,6.53E-01,6.24E-01,7.26E-01,5.84E-01,6.87E-01,6.94E-01,6.82E-01,6.32E-01,7.06E-01,6.96E-01,6.81E-01,6.81E-01,6.78E-01,6.72E-01,6.18E-01,6.32E-01,5.82E-01,6.64E-01,7.34E-01,6.76E-01,6.64E-01,7.65E-01
009_S_1354,3.76E-01,3.44E-01,5.33E-01,5.12E-01,5.57E-01,6.35E-01,6.13E-01,6.61E-01,5.89E-01,7.09E-01,6.37E-01,5.75E-01,6.30E-01,4.75E-01,5.53E-01,5.55E-01,5.14E-01,6.00E-01,6.02E-01,6.05E-01,6.82E-01,6.21E-01,6.78E-01,5.99E-01,6.48E-01,6.50E-01,6.12E-01,5.79E-01,6.33E-01,5.72E-01,6.71E-01,6.49E-01,5.25E-01,5.17E-01,6.49E-01,6.82E-01,5.53E-01,5.43E-01,7.04E-01,6.39E-01,7.88E-01,6.83E-01,6.59E-01,7.21E-01,6.91E-01,7.16E-01,6.09E-01,6.94E-01,7.79E-01,7.14E-01,6.92E-01,7.57E-01,5.19E-01,5.28E-01,7.77E-01,6.52E-01,5.50E-01,6.80E-01,6.55E-01,7.09E-01,6.09E-01,6.11E-01,6.78E-01,6.66E-01,6.22E-01,6.20E-01,5.83E-01,5.69E-01,5.36E-01,5.41E-01,6.62E-01,6.89E-01,6.65E-01,6.38E-01,6.39E-01,6.71E-01,6.69E-01,6.86E-01,6.61E-01,6.86E-01,6.87E-01,7.15E-01,6.03E-01,6.12E-01,6.76E-01,6.74E-01,6.30E-01,7.17E-01,6.26E-01,6.92E-01,6.48E-01,7.25E-01,6.83E-01,5.95E-01,6.15E-01,5.95E-01,6.59E-01,6.29E-01,6.05E-01,7.48E-01,6.72E-01,6.64E-01,6.47E-01,5.99E-01,6.79E-01,6.51E-01,6.61E-01,7.08E-01,6.67E-01,6.68E-01,6.60E-01,5.74E-01,6.33E-01,6.68E-01,6.33E-01,6.70E-01,6.25E-01,6.82E-01,6.18E-01,6.69E-01,6.11E-01,6.00E-01,6.07E-01,7.11E-01,6.28E-01,6.91E-01,7.03E-01,6.54E-01,5.77E-01,6.63E-01,6.59E-01,7.00E-01,7.15E-01,6.33E-01,7.48E-01,5.95E-01,7.12E-01,7.69E-01,6.43E-01,5.95E-01,7.28E-01,7.08E-01,6.51E-01,7.67E-01,7.81E-01,7.92E-01,6.93E-01,7.05E-01,6.77E-01,6.68E-01,6.00E-01,6.95E-01,6.78E-01,7.70E-01,7.77E-01,6.99E-01,7.57E-01,7.24E-01,6.98E-01,6.06E-01,8.14E-01,5.43E-01,6.49E-01,7.44E-01,6.91E-01,6.65E-01,7.00E-01,6.73E-01,7.02E-01,6.54E-01,6.25E-01,6.37E-01,5.91E-01,6.79E-01,6.70E-01,6.00E-01,6.89E-01,7.42E-01,6.71E-01,6.91E-01,7.32E-01,5.96E-01,6.84E-01,7.00E-01,6.97E-01,6.41E-01,7.02E-01,6.86E-01,6.90E-01,6.67E-01,6.84E-01,6.86E-01,6.07E-01,6.51E-01,5.76E-01,6.86E-01,7.28E-01,6.72E-01,6.70E-01,7.61E-01
009_S_5027,3.83E-01,3.54E-01,5.44E-01,5.12E-01,5.41E-01,6.16E-01,6.23E-01,6.76E-01,6.03E-01,6.84E-01,6.35E-01,5.67E-01,6.38E-01,4.94E-01,5.66E-01,5.62E-01,5.30E-01,6.01E-01,6.25E-01,5.69E-01,6.65E-01,6.20E-01,6.79E-01,5.87E-01,6.41E-01,6.43E-01,6.08E-01,5.73E-01,6.26E-01,5.75E-01,6.63E-01,6.56E-01,5.41E-01,5.28E-01,6.41E-01,6.82E-01,5.80E-01,5.86E-01,7.04E-01,6.44E-01,7.66E-01,6.64E-01,6.42E-01,7.14E-01,6.93E-01,6.99E-01,5.90E-01,6.76E-01,7.71E-01,7.13E-01,7.02E-01,7.60E-01,5.45E-01,5.31E-01,7.88E-01,6.58E-01,5.47E-01,6.81E-01,6.37E-01,7.04E-01,6.07E-01,5.88E-01,6.50E-01,6.65E-01,6.07E-01,6.24E-01,5.76E-01,5.69E-01,5.40E-01,5.40E-01,6.47E-01,6.89E-01,6.61E-01,6.49E-01,6.19E-01,6.60E-01,6.53E-01,6.88E-01,6.51E-01,6.71E-01,6.62E-01,6.83E-01,6.03E-01,5.98E-01,6.63E-01,6.38E-01,6.09E-01,6.88E-01,5.99E-01,6.93E-01,6.25E-01,6.95E-01,6.70E-01,5.95E-01,6.15E-01,5.96E-01,6.75E-01,6.19E-01,5.99E-01,7.37E-01,6.57E-01,6.49E-01,6.27E-01,5.82E-01,6.56E-01,6.17E-01,6.44E-01,7.00E-01,6.29E-01,6.52E-01,6.33E-01,5.63E-01,6.29E-01,6.65E-01,6.50E-01,6.66E-01,6.39E-01,6.96E-01,6.27E-01,6.92E-01,6.15E-01,6.16E-01,6.34E-01,7.06E-01,6.38E-01,6.84E-01,7.04E-01,6.63E-01,5.97E-01,6.74E-01,6.59E-01,7.02E-01,7.04E-01,6.32E-01,7.46E-01,5.95E-01,7.09E-01,7.73E-01,6.28E-01,6.02E-01,7.26E-01,7.11E-01,6.67E-01,7.82E-01,7.84E-01,7.71E-01,7.09E-01,6.96E-01,6.77E-01,6.76E-01,6.19E-01,6.96E-01,6.79E-01,7.57E-01,7.93E-01,6.85E-01,7.64E-01,7.35E-01,7.15E-01,5.89E-01,8.10E-01,5.48E-01,6.52E-01,7.39E-01,6.86E-01,6.82E-01,6.92E-01,6.66E-01,6.90E-01,6.61E-01,6.50E-01,6.47E-01,5.80E-01,6.70E-01,6.72E-01,6.09E-01,6.59E-01,7.07E-01,6.62E-01,6.55E-01,7.02E-01,6.06E-01,6.77E-01,6.93E-01,6.85E-01,6.25E-01,6.91E-01,6.86E-01,6.69E-01,6.81E-01,6.93E-01,6.56E-01,6.00E-01,6.34E-01,5.80E-01,6.48E-01,7.18E-01,6.61E-01,6.64E-01,7.49E-01
009_S_5037,3.89E-01,3.66E-01,5.60E-01,5.16E-01,5.48E-01,6.24E-01,6.32E-01,6.71E-01,6.07E-01,6.87E-01,6.36E-01,5.59E-01,6.26E-01,4.67E-01,5.50E-01,5.63E-01,5.22E-01,5.93E-01,6.25E-01,6.16E-01,6.70E-01,6.25E-01,6.80E-01,5.99E-01,6.39E-01,6.40E-01,6.05E-01,5.73E-01,6.25E-01,5.85E-01,6.65E-01,6.68E-01,5.31E-01,5.08E-01,6.43E-01,6.79E-01,5.68E-01,5.79E-01,7.00E-01,6.62E-01,7.77E-01,6.70E-01,6.58E-01,7.16E-01,6.60E-01,7.04E-01,6.05E-01,6.83E-01,7.66E-01,6.95E-01,6.95E-01,7.48E-01,5.67E-01,5.52E-01,7.81E-01,6.60E-01,5.28E-01,6.61E-01,6.35E-01,7.06E-01,5.86E-01,6.01E-01,6.76E-01,6.52E-01,6.07E-01,6.01E-01,5.98E-01,5.48E-01,5.18E-01,5.31E-01,6.33E-01,6.86E-01,6.42E-01,6.33E-01,6.28E-01,6.45E-01,6.42E-01,6.84E-01,6.55E-01,6.75E-01,6.65E-01,6.90E-01,5.90E-01,6.24E-01,6.61E-01,6.53E-01,6.01E-01,6.97E-01,5.94E-01,6.45E-01,6.11E-01,6.90E-01,6.71E-01,5.61E-01,6.24E-01,5.63E-01,6.59E-01,6.44E-01,5.98E-01,7.52E-01,6.73E-01,6.71E-01,6.35E-01,5.74E-01,6.60E-01,6.10E-01,6.49E-01,7.16E-01,6.29E-01,6.46E-01,6.17E-01,5.51E-01,6.23E-01,6.51E-01,6.10E-01,6.48E-01,6.13E-01,6.88E-01,6.44E-01,6.63E-01,6.18E-01,5.79E-01,6.30E-01,7.01E-01,6.26E-01,6.86E-01,6.93E-01,6.41E-01,5.78E-01,6.71E-01,6.48E-01,6.80E-01,6.89E-01,6.40E-01,7.23E-01,5.88E-01,6.82E-01,7.57E-01,6.13E-01,6.12E-01,7.12E-01,7.09E-01,6.34E-01,7.82E-01,7.77E-01,7.80E-01,6.78E-01,6.77E-01,6.60E-01,6.39E-01,6.14E-01,6.75E-01,6.63E-01,7.50E-01,7.77E-01,6.79E-01,7.43E-01,7.15E-01,6.97E-01,6.02E-01,8.04E-01,5.64E-01,6.58E-01,7.46E-01,6.50E-01,6.78E-01,6.59E-01,6.61E-01,6.98E-01,6.39E-01,6.55E-01,6.49E-01,5.74E-01,6.81E-01,6.42E-01,5.80E-01,6.61E-01,7.09E-01,6.28E-01,6.43E-01,7.00E-01,5.70E-01,6.53E-01,6.67E-01,6.47E-01,6.02E-01,6.95E-01,6.64E-01,6.62E-01,6.72E-01,6.90E-01,6.54E-01,6.16E-01,6.24E-01,5.74E-01,6.62E-01,7.20E-01,6.52E-01,6.51E-01,7.52E-01
009_S_5224,3.69E-01,3.39E-01,5.27E-01,5.02E-01,5.34E-01,5.97E-01,6.14E-01,6.56E-01,5.79E-01,6.85E-01,6.18E-01,5.47E-01,6.16E-01,4.35E-01,5.33E-01,5.27E-01,4.88E-01,5.66E-01,5.98E-01,5.75E-01,6.49E-01,6.02E-01,6.58E-01,5.69E-01,6.24E-01,6.27E-01,5.89E-01,5.40E-01,6.26E-01,5.55E-01,6.41E-01,6.49E-01,4.84E-01,4.94E-01,6.15E-01,6.60E-01,5.27E-01,5.31E-01,6.91E-01,6.27E-01,7.70E-01,6.56E-01,6.41E-01,7.17E-01,6.71E-01,6.87E-01,5.67E-01,6.76E-01,7.55E-01,6.78E-01,6.67E-01,7.20E-01,5.45E-01,5.28E-01,7.67E-01,6.29E-01,5.16E-01,6.62E-01,6.21E-01,6.84E-01,5.56E-01,5.63E-01,6.45E-01,6.26E-01,5.95E-01,5.95E-01,5.65E-01,4.91E-01,5.03E-01,5.34E-01,6.19E-01,6.84E-01,6.54E-01,6.17E-01,5.93E-01,6.27E-01,6.49E-01,6.71E-01,6.35E-01,6.41E-01,6.66E-01,6.81E-01,5.75E-01,6.07E-01,6.62E-01,6.32E-01,6.10E-01,6.90E-01,5.64E-01,6.41E-01,6.19E-01,6.71E-01,6.55E-01,5.85E-01,5.89E-01,5.84E-01,6.60E-01,6.38E-01,5.90E-01,7.20E-01,6.58E-01,6.49E-01,6.22E-01,5.77E-01,6.43E-01,6.23E-01,6.39E-01,7.07E-01,6.17E-01,6.51E-01,6.08E-01,5.23E-01,5.98E-01,6.20E-01,6.02E-01,6.41E-01,5.82E-01,6.63E-01,6.10E-01,6.42E-01,6.13E-01,5.84E-01,6.12E-01,6.90E-01,6.05E-01,6.57E-01,6.95E-01,6.27E-01,5.49E-01,6.63E-01,6.46E-01,6.71E-01,6.92E-01,6.18E-01,7.31E-01,5.63E-01,6.68E-01,7.49E-01,6.26E-01,5.90E-01,7.00E-01,6.97E-01,6.47E-01,7.39E-01,7.60E-01,7.69E-01,6.70E-01,6.80E-01,6.55E-01,6.42E-01,5.77E-01,6.82E-01,6.46E-01,7.52E-01,7.77E-01,6.75E-01,7.28E-01,7.00E-01,6.76E-01,5.76E-01,7.99E-01,5.34E-01,6.47E-01,7.24E-01,6.72E-01,6.73E-01,6.37E-01,6.51E-01,6.80E-01,6.45E-01,6.34E-01,6.29E-01,5.33E-01,6.72E-01,6.54E-01,5.75E-01,6.45E-01,7.20E-01,6.47E-01,6.55E-01,7.14E-01,5.66E-01,6.70E-01,6.71E-01,6.22E-01,5.89E-01,6.69E-01,6.65E-01,6.52E-01,6.62E-01,6.67E-01,6.48E-01,5.84E-01,6.12E-01,5.81E-01,6.51E-01,6.95E-01,6.52E-01,6.45E-01,7.65E-01
009_S_5252,3.87E-01,3.62E-01,5.52E-01,5.31E-01,5.69E-01,6.42E-01,6.33E-01,6.84E-01,6.08E-01,7.16E-01,6.54E-01,5.88E-01,6.44E-01,4.71E-01,5.76E-01,5.80E-01,5.38E-01,6.07E-01,6.16E-01,6.16E-01,6.92E-01,6.47E-01,6.94E-01,6.12E-01,6.44E-01,6.56E-01,6.34E-01,6.01E-01,6.43E-01,5.86E-01,6.67E-01,6.80E-01,5.37E-01,5.64E-01,6.62E-01,6.88E-01,5.66E-01,5.52E-01,7.32E-01,6.74E-01,7.98E-01,6.96E-01,6.67E-01,7.29E-01,7.16E-01,7.17E-01,6.16E-01,7.04E-01,7.84E-01,7.23E-01,7.08E-01,7.75E-01,5.47E-01,5.47E-01,7.95E-01,6.81E-01,5.39E-01,6.82E-01,6.60E-01,7.37E-01,6.41E-01,6.23E-01,7.04E-01,6.78E-01,6.44E-01,6.41E-01,6.00E-01,5.95E-01,5.45E-01,5.57E-01,6.63E-01,7.17E-01,6.78E-01,6.61E-01,6.48E-01,6.98E-01,6.94E-01,7.02E-01,6.67E-01,7.01E-01,6.98E-01,7.15E-01,5.96E-01,6.41E-01,7.15E-01,6.65E-01,6.31E-01,7.32E-01,6.16E-01,6.91E-01,6.46E-01,7.21E-01,6.92E-01,6.04E-01,6.49E-01,6.23E-01,6.83E-01,6.63E-01,6.15E-01,7.71E-01,6.74E-01,6.80E-01,6.47E-01,6.03E-01,6.84E-01,6.51E-01,6.74E-01,7.25E-01,6.59E-01,6.84E-01,6.53E-01,5.75E-01,6.41E-01,6.77E-01,6.60E-01,6.76E-01,6.18E-01,7.04E-01,6.39E-01,6.98E-01,6.27E-01,6.08E-01,6.24E-01,7.16E-01,6.41E-01,6.99E-01,7.12E-01,6.54E-01,6.05E-01,6.98E-01,6.65E-01,7.05E-01,7.14E-01,6.52E-01,7.59E-01,6.15E-01,6.87E-01,7.63E-01,6.30E-01,5.94E-01,7.33E-01,7.31E-01,6.67E-01,7.84E-01,7.94E-01,8.06E-01,7.08E-01,7.17E-01,6.70E-01,6.81E-01,6.46E-01,7.05E-01,7.10E-01,7.81E-01,7.77E-01,7.07E-01,7.75E-01,7.41E-01,7.39E-01,6.17E-01,8.19E-01,5.58E-01,6.66E-01,7.57E-01,7.16E-01,6.87E-01,6.72E-01,7.11E-01,7.20E-01,6.75E-01,6.62E-01,6.61E-01,5.90E-01,7.01E-01,6.73E-01,6.33E-01,6.91E-01,7.36E-01,6.66E-01,6.94E-01,7.39E-01,6.05E-01,6.92E-01,7.07E-01,7.10E-01,6.26E-01,7.37E-01,7.02E-01,7.01E-01,6.95E-01,6.90E-01,6.72E-01,6.32E-01,6.51E-01,5.97E-01,6.66E-01,7.47E-01,6.78E-01,6.63E-01,7.84E-01
010_S_0472,3.89E-01,3.65E-01,5.55E-01,5.38E-01,5.63E-01,6.37E-01,6.29E-01,6.79E-01,6.08E-01,7.04E-01,6.50E-01,5.94E-01,6.43E-01,4.89E-01,5.74E-01,5.97E-01,5.37E-01,6.05E-01,6.31E-01,6.11E-01,6.86E-01,6.46E-01,6.92E-01,6.24E-01,6.52E-01,6.54E-01,6.36E-01,6.03E-01,6.52E-01,5.94E-01,6.83E-01,6.64E-01,5.47E-01,5.18E-01,6.58E-01,6.86E-01,5.53E-01,5.78E-01,7.12E-01,6.75E-01,7.93E-01,6.87E-01,6.68E-01,7.42E-01,7.00E-01,7.13E-01,6.15E-01,7.04E-01,7.75E-01,7.15E-01,6.95E-01,7.46E-01,5.30E-01,5.44E-01,7.82E-01,6.74E-01,5.67E-01,6.75E-01,6.63E-01,7.15E-01,6.06E-01,6.23E-01,6.89E-01,6.88E-01,6.26E-01,6.32E-01,5.90E-01,5.63E-01,5.72E-01,5.50E-01,6.65E-01,7.08E-01,6.76E-01,6.47E-01,6.23E-01,6.76E-01,6.74E-01,6.99E-01,6.56E-01,6.73E-01,6.95E-01,7.05E-01,5.94E-01,6.14E-01,6.88E-01,6.73E-01,6.27E-01,7.22E-01,6.26E-01,6.89E-01,6.54E-01,7.08E-01,7.02E-01,6.11E-01,6.48E-01,6.27E-01,6.73E-01,6.38E-01,6.28E-01,7.42E-01,6.76E-01,6.85E-01,6.57E-01,6.12E-01,6.87E-01,6.52E-01,6.67E-01,7.06E-01,6.56E-01,6.71E-01,6.43E-01,5.86E-01,6.44E-01,6.59E-01,6.40E-01,6.81E-01,6.28E-01,6.99E-01,6.35E-01,6.68E-01,6.17E-01,6.00E-01,6.32E-01,7.21E-01,6.52E-01,7.01E-01,7.10E-01,6.72E-01,6.00E-01,6.76E-01,6.70E-01,6.99E-01,6.79E-01,6.43E-01,7.48E-01,6.30E-01,7.03E-01,7.64E-01,6.34E-01,6.03E-01,7.16E-01,7.24E-01,6.64E-01,7.75E-01,7.77E-01,7.83E-01,6.96E-01,6.90E-01,6.59E-01,6.84E-01,6.43E-01,7.06E-01,6.87E-01,7.65E-01,7.84E-01,6.96E-01,7.49E-01,7.08E-01,6.89E-01,6.19E-01,8.05E-01,5.43E-01,6.49E-01,7.39E-01,7.00E-01,6.92E-01,6.93E-01,6.69E-01,7.07E-01,6.80E-01,6.56E-01,6.53E-01,5.65E-01,7.09E-01,6.95E-01,6.40E-01,6.73E-01,7.36E-01,6.79E-01,6.27E-01,7.36E-01,5.73E-01,6.90E-01,7.07E-01,6.71E-01,6.16E-01,6.86E-01,6.87E-01,6.96E-01,6.86E-01,6.72E-01,6.83E-01,6.37E-01,6.70E-01,5.95E-01,6.62E-01,7.26E-01,6.78E-01,6.81E-01,7.85E-01
011_S_0003,4.12E-01,3.81E-01,5.76E-01,5.47E-01,5.87E-01,6.51E-01,6.41E-01,6.93E-01,6.16E-01,6.89E-01,6.59E-01,5.83E-01,6.58E-01,5.27E-01,5.95E-01,6.02E-01,5.58E-01,6.36E-01,6.35E-01,6.39E-01,6.85E-01,6.26E-01,6.86E-01,5.92E-01,6.57E-01,6.49E-01,6.28E-01,6.13E-01,6.33E-01,6.16E-01,6.79E-01,6.97E-01,5.46E-01,5.30E-01,6.70E-01,6.98E-01,5.73E-01,5.87E-01,7.36E-01,6.69E-01,7.60E-01,6.77E-01,6.65E-01,7.32E-01,7.10E-01,7.27E-01,6.17E-01,7.06E-01,7.59E-01,7.15E-01,6.87E-01,7.44E-01,5.22E-01,5.35E-01,7.89E-01,6.42E-01,5.51E-01,6.99E-01,6.61E-01,7.13E-01,6.23E-01,6.20E-01,6.91E-01,6.72E-01,6.46E-01,6.33E-01,6.00E-01,5.87E-01,5.51E-01,5.71E-01,6.68E-01,7.07E-01,6.83E-01,6.57E-01,6.32E-01,6.60E-01,6.80E-01,6.97E-01,6.69E-01,6.59E-01,7.04E-01,7.05E-01,5.80E-01,6.20E-01,6.78E-01,6.55E-01,6.46E-01,7.25E-01,6.04E-01,6.97E-01,6.49E-01,7.07E-01,7.01E-01,6.03E-01,6.35E-01,6.01E-01,6.63E-01,6.06E-01,5.91E-01,7.53E-01,6.62E-01,6.65E-01,6.47E-01,5.98E-01,6.91E-01,6.47E-01,6.57E-01,6.96E-01,6.48E-01,6.57E-01,6.45E-01,5.63E-01,6.36E-01,6.67E-01,6.42E-01,6.81E-01,6.53E-01,6.97E-01,6.20E-01,6.75E-01,6.24E-01,5.91E-01,6.16E-01,7.04E-01,6.08E-01,6.90E-01,6.99E-01,6.61E-01,5.95E-01,6.78E-01,6.40E-01,6.96E-01,7.03E-01,6.29E-01,7.29E-01,5.86E-01,6.83E-01,7.63E-01,6.26E-01,5.96E-01,7.28E-01,7.14E-01,6.63E-01,7.51E-01,7.73E-01,7.79E-01,6.94E-01,7.09E-01,6.69E-01,6.84E-01,6.30E-01,6.96E-01,6.81E-01,7.75E-01,7.70E-01,7.01E-01,7.45E-01,6.97E-01,6.91E-01,6.22E-01,8.01E-01,5.38E-01,6.38E-01,7.09E-01,6.98E-01,6.87E-01,7.02E-01,6.79E-01,7.07E-01,6.48E-01,6.45E-01,6.37E-01,5.70E-01,6.84E-01,6.82E-01,6.07E-01,6.93E-01,7.39E-01,6.54E-01,6.51E-01,7.25E-01,5.94E-01,6.69E-01,6.95E-01,6.89E-01,6.38E-01,6.94E-01,6.81E-01,6.86E-01,6.69E-01,6.66E-01,6.67E-01,6.22E-01,6.38E-01,5.81E-01,6.07E-01,7.05E-01,6.50E-01,6.37E-01,7.53E-01
011_S_0005,3.81E-01,3.53E-01,5.52E-01,5.35E-01,5.65E-01,6.32E-01,6.18E-01,6.72E-01,5.97E-01,7.14E-01,6.47E-01,5.75E-01,6.42E-01,4.74E-01,5.61E-01,5.65E-01,5.12E-01,5.89E-01,6.08E-01,6.04E-01,6.92E-01,6.33E-01,6.82E-01,6.05E-01,6.39E-01,6.52E-01,6.23E-01,5.81E-01,6.32E-01,5.83E-01,6.76E-01,6.71E-01,5.27E-01,5.15E-01,6.60E-01,6.87E-01,5.63E-01,5.60E-01,7.14E-01,6.52E-01,7.95E-01,6.74E-01,6.61E-01,7.20E-01,6.87E-01,7.25E-01,6.02E-01,6.93E-01,7.70E-01,7.14E-01,6.68E-01,7.36E-01,5.21E-01,5.38E-01,7.69E-01,6.53E-01,5.47E-01,6.83E-01,6.76E-01,7.05E-01,6.14E-01,6.09E-01,6.72E-01,6.41E-01,6.32E-01,6.18E-01,5.81E-01,5.42E-01,5.32E-01,5.39E-01,6.64E-01,7.04E-01,6.75E-01,6.38E-01,6.44E-01,6.57E-01,6.78E-01,6.97E-01,6.51E-01,6.55E-01,6.77E-01,7.00E-01,5.72E-01,6.11E-01,6.91E-01,6.47E-01,6.19E-01,7.12E-01,6.12E-01,6.82E-01,6.58E-01,6.91E-01,6.91E-01,6.13E-01,6.18E-01,6.08E-01,6.79E-01,6.21E-01,6.17E-01,7.65E-01,6.72E-01,6.74E-01,6.53E-01,6.15E-01,7.02E-01,6.65E-01,6.64E-01,7.04E-01,6.59E-01,6.76E-01,6.53E-01,5.67E-01,6.34E-01,6.71E-01,6.32E-01,6.72E-01,6.28E-01,7.02E-01,6.40E-01,6.82E-01,6.32E-01,5.69E-01,6.03E-01,7.11E-01,6.17E-01,6.89E-01,7.10E-01,6.62E-01,5.98E-01,6.58E-01,6.59E-01,6.99E-01,7.18E-01,6.39E-01,7.40E-01,6.11E-01,7.08E-01,7.66E-01,6.31E-01,6.07E-01,7.43E-01,7.19E-01,6.78E-01,7.87E-01,7.95E-01,7.82E-01,6.84E-01,7.03E-01,6.66E-01,6.47E-01,6.23E-01,6.98E-01,6.93E-01,7.70E-01,7.79E-01,7.00E-01,7.42E-01,6.93E-01,6.84E-01,6.15E-01,7.90E-01,5.36E-01,6.43E-01,7.41E-01,6.97E-01,7.07E-01,6.94E-01,6.56E-01,6.94E-01,6.63E-01,6.50E-01,6.48E-01,5.74E-01,6.96E-01,6.86E-01,5.99E-01,6.71E-01,7.24E-01,6.76E-01,6.73E-01,7.22E-01,5.97E-01,6.71E-01,7.08E-01,6.87E-01,6.30E-01,6.90E-01,6.93E-01,6.86E-01,6.86E-01,6.74E-01,6.64E-01,6.16E-01,6.46E-01,6.03E-01,6.63E-01,7.38E-01,6.59E-01,6.81E-01,7.60E-01
011_S_0008,3.87E-01,3.56E-01,5.50E-01,5.35E-01,5.68E-01,6.45E-01,6.34E-01,6.78E-01,6.03E-01,7.24E-01,6.56E-01,5.99E-01,6.41E-01,4.74E-01,5.63E-01,5.70E-01,5.32E-01,5.96E-01,6.43E-01,6.15E-01,6.79E-01,6.35E-01,6.92E-01,6.24E-01,6.51E-01,6.49E-01,6.10E-01,5.99E-01,6.50E-01,5.83E-01,6.79E-01,6.75E-01,5.55E-01,5.31E-01,6.60E-01,6.80E-01,5.64E-01,5.85E-01,7.28E-01,6.67E-01,8.00E-01,6.88E-01,6.74E-01,7.28E-01,6.96E-01,7.19E-01,6.08E-01,7.03E-01,7.70E-01,7.14E-01,6.85E-01,7.42E-01,5.38E-01,5.43E-01,7.85E-01,6.67E-01,5.51E-01,6.92E-01,6.39E-01,7.15E-01,6.11E-01,6.20E-01,6.90E-01,6.76E-01,6.31E-01,6.27E-01,5.83E-01,5.71E-01,5.35E-01,5.37E-01,6.60E-01,7.10E-01,6.79E-01,6.50E-01,6.48E-01,6.67E-01,6.86E-01,7.01E-01,6.70E-01,6.74E-01,6.98E-01,7.21E-01,6.09E-01,6.13E-01,7.03E-01,6.64E-01,6.34E-01,7.20E-01,6.16E-01,6.90E-01,6.39E-01,7.05E-01,6.92E-01,6.29E-01,6.24E-01,6.15E-01,6.90E-01,6.43E-01,6.17E-01,7.53E-01,6.70E-01,6.74E-01,6.51E-01,6.03E-01,7.01E-01,6.61E-01,6.62E-01,7.12E-01,6.68E-01,7.19E-01,6.57E-01,5.87E-01,6.61E-01,6.50E-01,6.31E-01,6.67E-01,6.62E-01,6.97E-01,6.49E-01,6.51E-01,6.36E-01,5.96E-01,6.33E-01,7.01E-01,6.41E-01,6.99E-01,7.25E-01,6.28E-01,5.95E-01,6.82E-01,6.59E-01,7.13E-01,7.29E-01,6.43E-01,7.36E-01,6.25E-01,7.03E-01,7.83E-01,6.41E-01,6.08E-01,7.20E-01,7.17E-01,6.81E-01,7.87E-01,7.96E-01,7.79E-01,6.91E-01,7.06E-01,6.77E-01,6.64E-01,6.17E-01,7.05E-01,6.91E-01,7.66E-01,7.97E-01,7.02E-01,7.44E-01,7.06E-01,6.99E-01,6.26E-01,8.06E-01,5.33E-01,6.42E-01,7.50E-01,6.89E-01,6.71E-01,7.00E-01,6.51E-01,7.14E-01,6.77E-01,6.46E-01,6.40E-01,5.96E-01,6.72E-01,6.86E-01,6.04E-01,6.88E-01,7.32E-01,6.68E-01,6.94E-01,7.37E-01,6.21E-01,6.85E-01,7.01E-01,6.81E-01,6.41E-01,7.10E-01,6.88E-01,6.98E-01,6.97E-01,6.97E-01,6.79E-01,6.35E-01,6.43E-01,6.28E-01,6.58E-01,7.37E-01,6.62E-01,6.96E-01,7.68E-01
011_S_0010,3.95E-01,3.64E-01,5.55E-01,5.39E-01,5.73E-01,6.43E-01,6.32E-01,6.82E-01,6.09E-01,7.21E-01,6.50E-01,5.84E-01,6.53E-01,5.03E-01,5.90E-01,5.85E-01,5.56E-01,6.32E-01,6.48E-01,6.08E-01,6.92E-01,6.46E-01,6.95E-01,6.25E-01,6.57E-01,6.57E-01,6.21E-01,6.09E-01,6.39E-01,5.98E-01,6.75E-01,6.72E-01,5.50E-01,5.30E-01,6.68E-01,6.77E-01,5.84E-01,5.93E-01,7.33E-01,6.71E-01,8.02E-01,6.84E-01,6.67E-01,7.35E-01,7.04E-01,7.26E-01,6.22E-01,7.02E-01,7.74E-01,7.15E-01,6.77E-01,7.45E-01,5.32E-01,5.41E-01,7.76E-01,6.56E-01,5.63E-01,7.09E-01,7.01E-01,7.29E-01,6.29E-01,6.23E-01,6.95E-01,6.87E-01,6.39E-01,6.32E-01,5.89E-01,5.83E-01,5.67E-01,5.62E-01,6.62E-01,6.96E-01,6.72E-01,6.50E-01,6.49E-01,6.78E-01,6.70E-01,7.12E-01,6.69E-01,6.66E-01,6.88E-01,7.15E-01,5.90E-01,6.29E-01,6.89E-01,6.56E-01,6.30E-01,7.20E-01,6.27E-01,6.98E-01,6.48E-01,7.08E-01,7.04E-01,6.24E-01,6.27E-01,6.13E-01,6.74E-01,6.35E-01,6.31E-01,7.67E-01,6.71E-01,6.78E-01,6.47E-01,6.03E-01,6.80E-01,6.52E-01,6.56E-01,7.06E-01,6.39E-01,6.77E-01,6.41E-01,5.80E-01,6.47E-01,6.63E-01,6.59E-01,6.79E-01,6.38E-01,7.10E-01,6.35E-01,7.01E-01,6.32E-01,6.17E-01,6.20E-01,7.07E-01,6.37E-01,6.88E-01,7.04E-01,6.57E-01,5.86E-01,6.51E-01,6.50E-01,6.93E-01,7.12E-01,6.37E-01,7.53E-01,6.38E-01,6.75E-01,7.73E-01,6.47E-01,6.27E-01,7.18E-01,7.24E-01,7.07E-01,7.88E-01,7.76E-01,7.87E-01,6.94E-01,7.09E-01,7.08E-01,6.81E-01,6.39E-01,7.01E-01,6.79E-01,7.75E-01,7.85E-01,6.97E-01,7.47E-01,7.00E-01,6.98E-01,6.10E-01,7.84E-01,5.40E-01,6.42E-01,7.43E-01,6.53E-01,6.95E-01,7.04E-01,6.61E-01,7.06E-01,6.57E-01,6.32E-01,6.47E-01,5.69E-01,6.79E-01,7.00E-01,5.97E-01,6.91E-01,7.28E-01,6.85E-01,7.17E-01,7.28E-01,6.18E-01,6.70E-01,6.93E-01,6.70E-01,6.22E-01,7.09E-01,6.89E-01,6.95E-01,6.75E-01,6.62E-01,6.56E-01,6.20E-01,6.63E-01,5.85E-01,6.49E-01,7.14E-01,6.43E-01,6.59E-01,7.78E-01
011_S_0016,3.93E-01,3.68E-01,5.64E-01,5.40E-01,5.85E-01,6.43E-01,6.42E-01,6.86E-01,6.15E-01,7.25E-01,6.59E-01,5.94E-01,6.37E-01,4.89E-01,5.63E-01,5.53E-01,5.41E-01,5.94E-01,6.28E-01,6.14E-01,6.92E-01,6.44E-01,6.92E-01,6.22E-01,6.52E-01,6.65E-01,6.34E-01,5.95E-01,6.44E-01,5.99E-01,6.93E-01,6.87E-01,5.50E-01,5.31E-01,6.52E-01,6.57E-01,5.70E-01,5.69E-01,7.26E-01,6.67E-01,8.03E-01,6.91E-01,6.73E-01,7.30E-01,6.94E-01,7.20E-01,6.17E-01,7.14E-01,7.81E-01,7.06E-01,6.93E-01,7.47E-01,5.46E-01,5.52E-01,7.91E-01,6.58E-01,5.61E-01,6.89E-01,6.91E-01,7.14E-01,6.03E-01,6.20E-01,6.96E-01,6.83E-01,6.31E-01,6.22E-01,6.00E-01,5.41E-01,5.30E-01,5.55E-01,6.58E-01,7.08E-01,6.73E-01,6.42E-01,6.54E-01,6.47E-01,6.79E-01,6.93E-01,6.60E-01,6.66E-01,6.80E-01,6.98E-01,5.95E-01,6.13E-01,6.86E-01,6.70E-01,6.49E-01,7.10E-01,6.00E-01,6.51E-01,6.29E-01,6.89E-01,6.68E-01,6.04E-01,6.34E-01,6.11E-01,6.88E-01,6.43E-01,6.19E-01,7.58E-01,6.71E-01,6.67E-01,6.64E-01,6.15E-01,6.96E-01,6.68E-01,6.66E-01,7.15E-01,6.61E-01,6.86E-01,6.53E-01,5.84E-01,6.44E-01,6.95E-01,6.12E-01,6.63E-01,6.33E-01,6.80E-01,6.39E-01,6.32E-01,6.19E-01,5.92E-01,6.35E-01,7.18E-01,6.42E-01,6.95E-01,7.13E-01,6.70E-01,5.96E-01,6.84E-01,6.61E-01,7.24E-01,7.12E-01,6.52E-01,7.48E-01,6.18E-01,6.87E-01,7.74E-01,6.33E-01,5.94E-01,7.40E-01,7.22E-01,6.20E-01,8.18E-01,7.81E-01,7.80E-01,6.88E-01,6.89E-01,6.55E-01,6.50E-01,6.39E-01,7.06E-01,7.06E-01,7.60E-01,7.85E-01,6.88E-01,7.53E-01,7.06E-01,6.92E-01,6.19E-01,8.14E-01,5.39E-01,6.38E-01,7.43E-01,6.61E-01,6.84E-01,6.97E-01,7.07E-01,6.96E-01,6.65E-01,6.49E-01,6.44E-01,6.02E-01,6.85E-01,6.86E-01,5.88E-01,6.73E-01,7.37E-01,6.54E-01,6.47E-01,7.29E-01,5.97E-01,6.53E-01,7.18E-01,6.44E-01,6.20E-01,6.87E-01,6.84E-01,6.77E-01,6.85E-01,6.75E-01,6.65E-01,6.33E-01,6.57E-01,6.20E-01,6.61E-01,7.20E-01,6.60E-01,6.68E-01,7.68E-01
011_S_0023,4.05E-01,3.71E-01,5.59E-01,5.36E-01,5.68E-01,6.52E-01,6.38E-01,6.87E-01,6.12E-01,7.27E-01,6.64E-01,5.95E-01,6.39E-01,5.05E-01,6.01E-01,5.97E-01,5.45E-01,6.11E-01,6.36E-01,6.07E-01,6.76E-01,6.51E-01,7.01E-01,6.25E-01,6.59E-01,6.66E-01,6.20E-01,6.12E-01,6.48E-01,6.04E-01,6.96E-01,6.75E-01,5.63E-01,5.76E-01,6.76E-01,6.99E-01,5.98E-01,5.90E-01,7.34E-01,6.66E-01,8.03E-01,6.89E-01,6.77E-01,7.21E-01,6.99E-01,7.07E-01,6.21E-01,7.05E-01,7.80E-01,7.12E-01,6.76E-01,7.38E-01,5.36E-01,5.58E-01,7.79E-01,6.57E-01,5.58E-01,6.89E-01,6.76E-01,7.30E-01,6.21E-01,6.10E-01,6.89E-01,6.73E-01,6.41E-01,6.31E-01,5.90E-01,5.51E-01,5.48E-01,5.46E-01,6.70E-01,7.11E-01,6.78E-01,6.51E-01,6.55E-01,6.59E-01,6.88E-01,7.02E-01,6.71E-01,6.56E-01,6.77E-01,7.00E-01,5.90E-01,6.15E-01,6.97E-01,6.49E-01,6.65E-01,7.17E-01,6.03E-01,6.88E-01,6.44E-01,7.00E-01,6.94E-01,6.07E-01,6.37E-01,6.24E-01,6.83E-01,6.48E-01,6.31E-01,7.53E-01,6.77E-01,6.74E-01,6.59E-01,6.21E-01,7.00E-01,6.70E-01,6.68E-01,7.08E-01,6.66E-01,6.84E-01,6.61E-01,5.86E-01,6.39E-01,6.75E-01,6.18E-01,6.72E-01,6.21E-01,7.00E-01,6.26E-01,6.60E-01,6.29E-01,5.85E-01,6.12E-01,7.14E-01,6.49E-01,7.02E-01,7.16E-01,6.59E-01,6.18E-01,6.68E-01,6.61E-01,7.22E-01,7.22E-01,6.38E-01,7.64E-01,6.13E-01,7.04E-01,7.75E-01,6.23E-01,6.21E-01,7.31E-01,7.17E-01,6.46E-01,7.80E-01,7.90E-01,7.90E-01,6.91E-01,6.99E-01,6.60E-01,6.46E-01,6.42E-01,7.01E-01,6.93E-01,7.71E-01,7.88E-01,7.04E-01,7.44E-01,6.95E-01,6.88E-01,6.11E-01,7.92E-01,5.47E-01,6.38E-01,7.54E-01,6.83E-01,6.93E-01,7.03E-01,6.88E-01,7.04E-01,6.71E-01,6.45E-01,6.46E-01,6.06E-01,6.85E-01,6.89E-01,6.09E-01,6.78E-01,7.38E-01,6.59E-01,6.40E-01,7.45E-01,6.10E-01,6.70E-01,7.04E-01,6.51E-01,6.43E-01,6.88E-01,6.95E-01,6.73E-01,6.99E-01,6.78E-01,6.77E-01,6.33E-01,6.87E-01,6.13E-01,6.73E-01,7.09E-01,6.71E-01,6.83E-01,7.65E-01
011_S_4845,3.93E-01,3.77E-01,5.51E-01,5.30E-01,5.56E-01,6.31E-01,6.30E-01,6.82E-01,6.15E-01,7.05E-01,6.53E-01,5.71E-01,6.44E-01,4.85E-01,5.57E-01,5.80E-01,5.22E-01,5.87E-01,6.17E-01,6.26E-01,6.68E-01,6.27E-01,6.87E-01,6.05E-01,6.41E-01,6.40E-01,6.15E-01,5.78E-01,6.29E-01,5.80E-01,6.60E-01,6.53E-01,5.27E-01,4.93E-01,6.48E-01,6.91E-01,5.56E-01,5.64E-01,7.22E-01,6.65E-01,7.84E-01,6.82E-01,6.55E-01,7.35E-01,6.81E-01,7.04E-01,6.03E-01,6.83E-01,7.69E-01,7.01E-01,6.78E-01,7.31E-01,5.49E-01,5.41E-01,7.75E-01,6.50E-01,5.23E-01,6.73E-01,6.70E-01,7.16E-01,5.81E-01,6.12E-01,6.55E-01,6.75E-01,6.30E-01,6.15E-01,5.78E-01,5.39E-01,5.39E-01,5.40E-01,6.56E-01,6.89E-01,6.66E-01,6.42E-01,6.27E-01,6.47E-01,6.49E-01,6.84E-01,6.60E-01,6.52E-01,6.80E-01,6.84E-01,5.67E-01,6.14E-01,6.66E-01,6.50E-01,5.94E-01,6.99E-01,5.78E-01,6.66E-01,6.25E-01,6.92E-01,6.67E-01,6.01E-01,5.91E-01,5.71E-01,6.67E-01,6.19E-01,5.88E-01,7.54E-01,6.45E-01,6.48E-01,6.21E-01,5.66E-01,6.77E-01,6.20E-01,6.31E-01,7.08E-01,6.21E-01,6.54E-01,6.26E-01,5.32E-01,6.29E-01,6.60E-01,6.24E-01,6.79E-01,6.04E-01,6.85E-01,6.20E-01,6.47E-01,6.18E-01,5.87E-01,6.24E-01,6.96E-01,6.09E-01,6.90E-01,6.86E-01,6.48E-01,5.74E-01,6.65E-01,6.36E-01,6.70E-01,7.01E-01,6.35E-01,7.28E-01,5.75E-01,6.86E-01,7.59E-01,6.07E-01,6.02E-01,7.11E-01,7.07E-01,6.49E-01,7.58E-01,7.81E-01,7.75E-01,6.72E-01,6.92E-01,6.67E-01,6.28E-01,6.19E-01,6.87E-01,6.75E-01,7.65E-01,7.87E-01,6.74E-01,7.50E-01,6.96E-01,6.87E-01,5.84E-01,7.96E-01,5.43E-01,6.43E-01,7.36E-01,6.55E-01,6.91E-01,6.64E-01,6.62E-01,7.00E-01,6.46E-01,6.43E-01,6.27E-01,5.26E-01,6.83E-01,6.84E-01,5.96E-01,6.48E-01,7.20E-01,6.38E-01,5.91E-01,6.99E-01,5.59E-01,6.71E-01,6.63E-01,6.49E-01,6.06E-01,6.79E-01,6.71E-01,6.62E-01,6.64E-01,6.62E-01,6.50E-01,5.94E-01,5.95E-01,5.81E-01,6.31E-01,7.26E-01,6.43E-01,6.32E-01,7.60E-01
011_S_4906,3.82E-01,3.55E-01,5.46E-01,5.20E-01,5.52E-01,6.21E-01,6.33E-01,6.73E-01,6.02E-01,6.90E-01,6.46E-01,5.69E-01,6.33E-01,4.67E-01,5.67E-01,5.53E-01,5.22E-01,5.79E-01,6.14E-01,6.05E-01,6.92E-01,6.22E-01,6.85E-01,6.11E-01,6.59E-01,6.54E-01,6.11E-01,5.89E-01,6.28E-01,5.78E-01,6.46E-01,6.71E-01,5.42E-01,5.20E-01,6.47E-01,6.74E-01,5.53E-01,5.59E-01,7.16E-01,6.58E-01,7.78E-01,6.78E-01,6.60E-01,7.23E-01,6.72E-01,6.98E-01,6.01E-01,6.93E-01,7.69E-01,6.99E-01,6.80E-01,7.31E-01,5.39E-01,5.36E-01,7.70E-01,6.65E-01,5.46E-01,6.74E-01,6.29E-01,7.00E-01,5.90E-01,6.03E-01,6.90E-01,6.67E-01,6.21E-01,6.17E-01,5.76E-01,5.59E-01,5.26E-01,5.31E-01,6.56E-01,6.83E-01,6.59E-01,6.43E-01,6.25E-01,6.52E-01,6.61E-01,6.81E-01,6.46E-01,6.51E-01,6.62E-01,6.91E-01,5.96E-01,6.25E-01,6.97E-01,6.35E-01,6.21E-01,7.07E-01,6.00E-01,6.69E-01,6.29E-01,7.07E-01,6.86E-01,5.96E-01,6.30E-01,5.80E-01,6.56E-01,6.23E-01,5.97E-01,7.38E-01,6.68E-01,6.56E-01,6.38E-01,5.81E-01,6.49E-01,6.28E-01,6.43E-01,6.97E-01,6.42E-01,6.49E-01,6.28E-01,5.55E-01,6.27E-01,6.62E-01,6.32E-01,6.56E-01,5.91E-01,6.87E-01,6.21E-01,6.32E-01,5.99E-01,5.88E-01,6.32E-01,7.04E-01,6.21E-01,6.88E-01,6.96E-01,6.63E-01,5.96E-01,6.45E-01,6.40E-01,6.94E-01,6.94E-01,6.36E-01,7.53E-01,6.03E-01,6.95E-01,7.45E-01,6.10E-01,5.87E-01,7.08E-01,7.17E-01,6.75E-01,7.67E-01,7.86E-01,7.66E-01,6.76E-01,6.80E-01,6.59E-01,6.40E-01,6.34E-01,6.93E-01,6.74E-01,7.63E-01,7.70E-01,6.90E-01,7.28E-01,7.00E-01,6.76E-01,5.90E-01,7.86E-01,5.38E-01,6.42E-01,7.30E-01,6.76E-01,6.72E-01,6.93E-01,6.77E-01,7.16E-01,6.68E-01,6.45E-01,6.46E-01,5.61E-01,6.86E-01,6.74E-01,6.10E-01,6.62E-01,7.18E-01,6.77E-01,6.61E-01,7.15E-01,5.72E-01,6.60E-01,6.71E-01,6.66E-01,6.23E-01,6.87E-01,6.79E-01,6.73E-01,6.64E-01,6.70E-01,6.63E-01,5.95E-01,6.33E-01,5.82E-01,6.45E-01,7.13E-01,6.48E-01,6.63E-01,7.50E-01
011_S_4949,3.79E-01,3.45E-01,5.30E-01,4.87E-01,5.43E-01,6.17E-01,6.21E-01,6.65E-01,5.87E-01,7.01E-01,6.30E-01,5.35E-01,6.29E-01,4.53E-01,5.62E-01,5.29E-01,4.83E-01,5.51E-01,5.98E-01,5.68E-01,6.80E-01,6.31E-01,6.81E-01,6.00E-01,6.50E-01,6.32E-01,6.21E-01,5.49E-01,6.33E-01,5.69E-01,6.61E-01,6.51E-01,5.02E-01,4.83E-01,6.35E-01,6.49E-01,5.25E-01,5.05E-01,7.02E-01,6.50E-01,7.96E-01,6.77E-01,6.56E-01,7.18E-01,6.91E-01,6.97E-01,5.89E-01,7.00E-01,7.69E-01,7.12E-01,7.02E-01,7.54E-01,5.50E-01,5.42E-01,7.86E-01,6.47E-01,5.30E-01,6.73E-01,6.79E-01,7.11E-01,5.55E-01,6.13E-01,6.66E-01,6.74E-01,6.24E-01,6.07E-01,5.74E-01,5.02E-01,4.78E-01,5.39E-01,6.50E-01,6.91E-01,6.59E-01,6.36E-01,6.20E-01,6.48E-01,6.74E-01,6.90E-01,6.57E-01,6.73E-01,6.83E-01,6.92E-01,5.98E-01,6.21E-01,6.87E-01,6.46E-01,6.04E-01,7.16E-01,5.79E-01,6.78E-01,6.08E-01,6.95E-01,6.76E-01,5.92E-01,6.32E-01,5.64E-01,6.82E-01,6.41E-01,5.91E-01,7.56E-01,6.57E-01,6.62E-01,6.23E-01,5.63E-01,6.67E-01,6.22E-01,6.36E-01,6.95E-01,6.35E-01,6.83E-01,6.24E-01,4.91E-01,6.09E-01,6.79E-01,6.16E-01,6.54E-01,6.00E-01,6.94E-01,6.10E-01,6.23E-01,5.75E-01,5.69E-01,5.91E-01,6.96E-01,6.40E-01,6.96E-01,7.03E-01,6.45E-01,5.96E-01,6.63E-01,6.38E-01,6.84E-01,6.99E-01,6.16E-01,7.49E-01,5.73E-01,7.10E-01,7.60E-01,5.95E-01,5.60E-01,7.24E-01,7.20E-01,6.59E-01,7.76E-01,8.00E-01,7.87E-01,6.99E-01,6.98E-01,6.57E-01,6.57E-01,6.40E-01,7.07E-01,6.93E-01,7.72E-01,7.77E-01,7.00E-01,7.45E-01,7.28E-01,7.09E-01,6.19E-01,8.19E-01,5.52E-01,6.39E-01,7.39E-01,6.92E-01,6.92E-01,6.84E-01,6.74E-01,7.07E-01,6.68E-01,6.37E-01,6.24E-01,4.94E-01,6.85E-01,6.94E-01,6.06E-01,6.83E-01,7.36E-01,6.62E-01,6.70E-01,7.08E-01,5.85E-01,6.86E-01,6.95E-01,6.42E-01,6.28E-01,6.97E-01,6.92E-01,6.77E-01,6.93E-01,7.13E-01,6.77E-01,6.33E-01,6.45E-01,6.20E-01,6.45E-01,7.32E-01,6.65E-01,6.68E-01,7.68E-01
012_S_0637,3.79E-01,3.53E-01,5.52E-01,5.24E-01,5.51E-01,6.34E-01,6.27E-01,6.78E-01,6.03E-01,7.08E-01,6.52E-01,5.71E-01,6.34E-01,4.90E-01,5.75E-01,5.77E-01,5.29E-01,6.08E-01,6.41E-01,6.07E-01,6.80E-01,6.35E-01,6.86E-01,6.21E-01,6.44E-01,6.44E-01,6.24E-01,5.97E-01,6.36E-01,5.81E-01,6.77E-01,6.65E-01,5.39E-01,5.13E-01,6.52E-01,6.68E-01,5.77E-01,5.63E-01,7.26E-01,6.70E-01,8.06E-01,6.85E-01,6.60E-01,7.43E-01,6.94E-01,7.22E-01,6.10E-01,6.84E-01,7.73E-01,7.01E-01,6.83E-01,7.42E-01,5.27E-01,5.39E-01,7.82E-01,6.47E-01,5.46E-01,6.79E-01,6.82E-01,7.12E-01,5.96E-01,6.26E-01,6.98E-01,6.71E-01,6.35E-01,6.21E-01,5.83E-01,5.36E-01,5.14E-01,5.37E-01,6.64E-01,6.88E-01,6.69E-01,6.47E-01,6.36E-01,6.48E-01,6.72E-01,6.90E-01,6.48E-01,6.37E-01,6.86E-01,6.80E-01,5.76E-01,6.04E-01,6.83E-01,6.53E-01,6.35E-01,7.13E-01,6.07E-01,6.77E-01,6.38E-01,7.07E-01,6.96E-01,5.88E-01,6.17E-01,5.97E-01,6.93E-01,6.34E-01,6.10E-01,7.56E-01,6.65E-01,6.78E-01,6.52E-01,6.12E-01,6.85E-01,6.55E-01,6.77E-01,7.23E-01,6.58E-01,7.03E-01,6.38E-01,5.75E-01,6.42E-01,6.56E-01,6.21E-01,6.67E-01,6.09E-01,7.00E-01,6.29E-01,6.57E-01,6.24E-01,6.03E-01,6.05E-01,7.17E-01,6.39E-01,6.97E-01,6.99E-01,6.45E-01,6.10E-01,6.75E-01,6.61E-01,7.00E-01,7.21E-01,6.49E-01,7.55E-01,6.08E-01,6.92E-01,7.69E-01,6.25E-01,5.98E-01,7.28E-01,7.19E-01,6.51E-01,7.81E-01,7.81E-01,7.99E-01,6.92E-01,7.02E-01,6.72E-01,6.62E-01,6.30E-01,6.95E-01,6.84E-01,7.62E-01,7.83E-01,6.80E-01,7.45E-01,7.02E-01,6.81E-01,5.98E-01,7.96E-01,5.27E-01,6.26E-01,7.33E-01,6.96E-01,6.91E-01,6.91E-01,6.72E-01,7.23E-01,6.74E-01,6.40E-01,6.47E-01,5.69E-01,7.09E-01,6.45E-01,6.08E-01,6.63E-01,7.53E-01,6.58E-01,6.84E-01,7.27E-01,5.70E-01,6.83E-01,7.07E-01,6.82E-01,6.13E-01,6.63E-01,6.70E-01,6.71E-01,6.81E-01,6.71E-01,6.71E-01,6.04E-01,6.63E-01,6.28E-01,6.60E-01,7.30E-01,6.72E-01,6.76E-01,7.82E-01
012_S_0720,4.10E-01,3.78E-01,5.70E-01,5.32E-01,5.76E-01,6.47E-01,6.39E-01,6.90E-01,6.19E-01,7.03E-01,6.55E-01,5.96E-01,6.59E-01,5.05E-01,5.86E-01,5.79E-01,5.29E-01,6.11E-01,6.41E-01,6.18E-01,6.95E-01,6.35E-01,6.93E-01,6.24E-01,6.51E-01,6.60E-01,6.45E-01,6.06E-01,6.31E-01,6.14E-01,6.79E-01,6.84E-01,5.66E-01,5.48E-01,6.73E-01,6.98E-01,5.76E-01,5.90E-01,7.15E-01,6.63E-01,7.93E-01,6.85E-01,6.62E-01,7.43E-01,7.00E-01,7.10E-01,6.18E-01,7.16E-01,7.76E-01,7.19E-01,6.73E-01,7.35E-01,5.33E-01,5.61E-01,7.76E-01,6.62E-01,5.48E-01,6.94E-01,6.73E-01,7.18E-01,6.11E-01,6.26E-01,6.95E-01,6.84E-01,6.47E-01,6.34E-01,5.99E-01,5.70E-01,5.71E-01,5.76E-01,6.82E-01,7.09E-01,6.73E-01,6.54E-01,6.21E-01,6.74E-01,6.65E-01,6.91E-01,6.66E-01,6.67E-01,6.92E-01,7.02E-01,5.75E-01,6.25E-01,6.83E-01,6.72E-01,6.55E-01,7.33E-01,6.01E-01,6.92E-01,6.53E-01,6.98E-01,6.76E-01,6.09E-01,6.54E-01,5.95E-01,6.68E-01,6.05E-01,5.92E-01,7.48E-01,6.73E-01,6.67E-01,6.45E-01,5.97E-01,6.65E-01,6.45E-01,6.49E-01,7.09E-01,6.40E-01,6.62E-01,6.39E-01,5.74E-01,6.39E-01,6.53E-01,6.42E-01,6.48E-01,5.99E-01,6.70E-01,6.32E-01,5.99E-01,6.13E-01,5.87E-01,5.91E-01,7.12E-01,6.23E-01,6.85E-01,6.85E-01,6.62E-01,5.87E-01,6.54E-01,6.32E-01,6.99E-01,6.87E-01,6.36E-01,7.43E-01,5.98E-01,7.07E-01,7.57E-01,6.26E-01,5.95E-01,7.05E-01,7.07E-01,6.88E-01,7.76E-01,7.74E-01,7.87E-01,6.91E-01,7.14E-01,6.62E-01,6.63E-01,6.30E-01,7.11E-01,6.85E-01,7.66E-01,7.70E-01,6.85E-01,7.39E-01,6.85E-01,6.75E-01,5.99E-01,7.72E-01,5.10E-01,6.09E-01,7.26E-01,6.92E-01,6.93E-01,6.60E-01,6.65E-01,6.99E-01,6.55E-01,6.43E-01,6.43E-01,5.36E-01,6.88E-01,7.06E-01,5.76E-01,6.71E-01,7.40E-01,6.64E-01,6.67E-01,7.23E-01,5.84E-01,6.70E-01,7.09E-01,6.99E-01,6.13E-01,6.73E-01,6.79E-01,6.84E-01,6.80E-01,6.52E-01,6.71E-01,6.33E-01,6.51E-01,5.57E-01,6.10E-01,7.34E-01,6.42E-01,6.56E-01,7.60E-01
013_S_4616,3.90E-01,3.53E-01,5.47E-01,5.14E-01,5.58E-01,6.26E-01,6.31E-01,6.75E-01,6.05E-01,6.92E-01,6.40E-01,5.69E-01,6.25E-01,4.75E-01,5.61E-01,5.63E-01,5.15E-01,5.96E-01,6.10E-01,5.84E-01,6.79E-01,6.15E-01,6.78E-01,5.91E-01,6.33E-01,6.43E-01,6.21E-01,5.93E-01,6.38E-01,5.93E-01,6.71E-01,6.62E-01,5.22E-01,4.79E-01,6.50E-01,6.75E-01,5.54E-01,5.37E-01,7.15E-01,6.47E-01,7.84E-01,6.81E-01,6.56E-01,7.24E-01,6.89E-01,7.07E-01,5.88E-01,6.92E-01,7.71E-01,7.09E-01,6.86E-01,7.33E-01,5.42E-01,5.54E-01,7.83E-01,6.57E-01,5.37E-01,6.76E-01,6.70E-01,6.85E-01,6.30E-01,6.15E-01,6.84E-01,6.44E-01,6.30E-01,6.15E-01,5.88E-01,5.38E-01,5.33E-01,5.48E-01,6.56E-01,6.91E-01,6.58E-01,6.38E-01,6.17E-01,6.72E-01,6.68E-01,6.83E-01,6.38E-01,6.45E-01,6.76E-01,6.86E-01,5.90E-01,6.09E-01,6.88E-01,6.35E-01,6.07E-01,7.11E-01,6.01E-01,6.89E-01,6.55E-01,6.95E-01,6.70E-01,6.04E-01,6.25E-01,5.74E-01,6.89E-01,6.45E-01,6.02E-01,7.52E-01,6.68E-01,6.87E-01,6.33E-01,6.04E-01,6.71E-01,6.53E-01,6.67E-01,7.26E-01,6.34E-01,6.81E-01,6.25E-01,5.65E-01,6.05E-01,6.32E-01,6.21E-01,6.45E-01,6.12E-01,6.83E-01,6.24E-01,6.72E-01,5.81E-01,5.76E-01,6.13E-01,6.85E-01,6.03E-01,6.62E-01,6.99E-01,6.60E-01,5.46E-01,6.71E-01,6.51E-01,6.85E-01,7.05E-01,6.42E-01,7.36E-01,5.87E-01,6.75E-01,7.69E-01,6.04E-01,5.91E-01,7.19E-01,7.01E-01,6.42E-01,7.78E-01,7.82E-01,7.66E-01,6.84E-01,6.97E-01,6.48E-01,6.71E-01,6.22E-01,6.97E-01,6.77E-01,7.63E-01,7.79E-01,6.84E-01,7.28E-01,6.93E-01,6.76E-01,6.24E-01,7.88E-01,5.41E-01,6.35E-01,7.55E-01,6.44E-01,6.72E-01,6.92E-01,6.68E-01,6.88E-01,6.36E-01,6.49E-01,6.39E-01,5.91E-01,6.65E-01,6.62E-01,5.96E-01,6.66E-01,7.21E-01,6.76E-01,6.41E-01,7.24E-01,5.63E-01,6.61E-01,6.81E-01,6.91E-01,6.13E-01,6.83E-01,6.88E-01,6.68E-01,6.66E-01,6.63E-01,6.44E-01,6.09E-01,6.44E-01,6.02E-01,6.62E-01,7.17E-01,6.38E-01,6.40E-01,7.54E-01
014_S_0519,3.98E-01,3.70E-01,5.72E-01,5.48E-01,5.85E-01,6.48E-01,6.31E-01,6.84E-01,6.07E-01,7.18E-01,6.55E-01,5.67E-01,6.49E-01,4.99E-01,5.73E-01,5.64E-01,5.35E-01,6.00E-01,6.16E-01,6.06E-01,6.87E-01,6.26E-01,6.85E-01,6.03E-01,6.61E-01,6.50E-01,6.24E-01,5.99E-01,6.44E-01,5.94E-01,6.78E-01,6.74E-01,5.37E-01,5.34E-01,6.52E-01,6.83E-01,5.72E-01,5.88E-01,7.38E-01,6.67E-01,7.97E-01,6.82E-01,6.69E-01,7.23E-01,7.13E-01,7.12E-01,6.15E-01,7.08E-01,7.80E-01,7.13E-01,6.86E-01,7.50E-01,5.59E-01,5.59E-01,7.96E-01,6.63E-01,5.56E-01,6.85E-01,6.82E-01,7.26E-01,6.14E-01,6.23E-01,6.90E-01,6.60E-01,6.34E-01,6.30E-01,6.13E-01,5.75E-01,5.49E-01,5.48E-01,6.56E-01,6.86E-01,6.70E-01,6.46E-01,6.50E-01,6.73E-01,6.83E-01,6.98E-01,6.60E-01,6.43E-01,6.80E-01,6.61E-01,6.04E-01,6.29E-01,6.92E-01,6.49E-01,6.10E-01,7.00E-01,6.14E-01,6.75E-01,6.51E-01,6.89E-01,6.68E-01,5.97E-01,6.25E-01,6.14E-01,6.92E-01,6.24E-01,6.09E-01,7.56E-01,6.87E-01,6.79E-01,6.57E-01,6.19E-01,6.96E-01,6.56E-01,6.63E-01,7.10E-01,6.46E-01,7.02E-01,6.47E-01,5.61E-01,6.34E-01,6.78E-01,6.58E-01,6.71E-01,6.00E-01,7.02E-01,6.19E-01,6.79E-01,6.03E-01,5.78E-01,6.49E-01,6.95E-01,6.18E-01,6.78E-01,7.10E-01,6.42E-01,5.66E-01,6.70E-01,6.54E-01,6.76E-01,7.09E-01,6.35E-01,7.42E-01,6.06E-01,6.88E-01,7.59E-01,5.88E-01,5.96E-01,7.30E-01,7.05E-01,6.61E-01,7.78E-01,7.78E-01,7.81E-01,7.02E-01,7.06E-01,6.88E-01,6.78E-01,6.31E-01,6.91E-01,6.86E-01,7.63E-01,7.88E-01,6.82E-01,7.66E-01,7.02E-01,6.77E-01,5.99E-01,8.20E-01,5.48E-01,6.25E-01,7.34E-01,6.81E-01,6.88E-01,7.03E-01,6.64E-01,6.98E-01,6.61E-01,6.57E-01,6.55E-01,5.88E-01,6.74E-01,6.54E-01,6.04E-01,6.63E-01,7.39E-01,6.74E-01,6.73E-01,7.03E-01,5.94E-01,6.83E-01,6.82E-01,6.88E-01,6.12E-01,6.63E-01,6.69E-01,6.49E-01,6.73E-01,6.68E-01,6.59E-01,6.26E-01,6.58E-01,6.03E-01,6.52E-01,7.04E-01,6.48E-01,6.60E-01,7.51E-01
014_S_0520,3.83E-01,3.53E-01,5.42E-01,5.15E-01,5.74E-01,6.30E-01,6.29E-01,6.71E-01,5.96E-01,7.20E-01,6.38E-01,5.65E-01,6.38E-01,4.69E-01,5.80E-01,5.67E-01,5.24E-01,5.99E-01,6.29E-01,6.00E-01,6.91E-01,6.44E-01,6.92E-01,6.28E-01,6.49E-01,6.51E-01,6.34E-01,5.91E-01,6.39E-01,5.89E-01,6.78E-01,6.67E-01,5.22E-01,5.25E-01,6.64E-01,6.87E-01,5.72E-01,5.79E-01,7.28E-01,6.73E-01,8.06E-01,6.95E-01,6.69E-01,7.32E-01,6.93E-01,7.22E-01,6.18E-01,7.12E-01,7.80E-01,7.23E-01,6.98E-01,7.54E-01,5.10E-01,5.35E-01,7.79E-01,6.66E-01,5.63E-01,6.85E-01,6.73E-01,7.23E-01,5.97E-01,6.23E-01,7.07E-01,6.71E-01,6.43E-01,6.32E-01,6.03E-01,5.58E-01,5.38E-01,5.48E-01,6.75E-01,7.06E-01,6.77E-01,6.56E-01,6.65E-01,6.87E-01,6.89E-01,6.97E-01,6.67E-01,6.81E-01,7.04E-01,7.10E-01,5.89E-01,6.33E-01,7.07E-01,6.58E-01,6.33E-01,7.14E-01,6.07E-01,6.95E-01,6.42E-01,7.23E-01,7.03E-01,6.04E-01,6.49E-01,6.14E-01,6.82E-01,6.26E-01,6.29E-01,7.73E-01,6.76E-01,6.84E-01,6.50E-01,6.18E-01,6.83E-01,6.60E-01,6.72E-01,7.11E-01,6.63E-01,6.85E-01,6.55E-01,5.61E-01,6.43E-01,6.78E-01,6.40E-01,6.83E-01,6.28E-01,7.10E-01,6.50E-01,6.74E-01,6.30E-01,6.03E-01,6.24E-01,7.27E-01,6.43E-01,6.97E-01,7.15E-01,6.75E-01,6.11E-01,6.69E-01,6.55E-01,7.20E-01,7.16E-01,6.65E-01,7.67E-01,6.28E-01,7.35E-01,7.69E-01,6.32E-01,6.04E-01,7.32E-01,7.34E-01,6.80E-01,8.03E-01,7.90E-01,7.98E-01,6.91E-01,7.16E-01,6.77E-01,6.77E-01,6.39E-01,7.12E-01,7.09E-01,7.76E-01,7.95E-01,7.05E-01,7.58E-01,7.11E-01,6.86E-01,5.78E-01,7.92E-01,5.40E-01,6.44E-01,7.40E-01,6.85E-01,6.96E-01,7.00E-01,7.26E-01,7.29E-01,6.80E-01,6.68E-01,6.68E-01,5.93E-01,6.94E-01,6.62E-01,6.21E-01,6.74E-01,7.39E-01,6.62E-01,6.99E-01,7.47E-01,6.07E-01,6.80E-01,7.03E-01,7.05E-01,6.32E-01,7.07E-01,6.95E-01,6.91E-01,6.96E-01,6.90E-01,6.84E-01,6.49E-01,6.74E-01,6.15E-01,6.62E-01,7.32E-01,6.71E-01,6.69E-01,7.89E-01
016_S_1263,4.03E-01,3.63E-01,5.52E-01,5.25E-01,5.72E-01,6.33E-01,6.36E-01,6.87E-01,6.09E-01,7.11E-01,6.46E-01,5.71E-01,6.48E-01,5.01E-01,5.92E-01,5.72E-01,5.21E-01,6.08E-01,6.38E-01,6.08E-01,6.84E-01,6.30E-01,6.81E-01,5.96E-01,6.58E-01,6.58E-01,6.32E-01,6.04E-01,6.35E-01,6.05E-01,6.71E-01,6.62E-01,5.24E-01,5.44E-01,6.63E-01,6.96E-01,5.72E-01,5.61E-01,7.26E-01,6.65E-01,7.93E-01,6.79E-01,6.67E-01,7.29E-01,7.06E-01,7.30E-01,6.18E-01,6.77E-01,7.75E-01,7.11E-01,6.84E-01,7.59E-01,5.59E-01,5.64E-01,7.87E-01,6.49E-01,5.59E-01,6.79E-01,6.50E-01,7.21E-01,6.06E-01,6.34E-01,6.77E-01,6.67E-01,6.44E-01,6.37E-01,5.96E-01,5.89E-01,5.38E-01,5.46E-01,6.59E-01,6.98E-01,6.76E-01,6.49E-01,6.52E-01,6.76E-01,6.72E-01,7.01E-01,6.64E-01,6.52E-01,6.98E-01,6.92E-01,5.88E-01,6.30E-01,6.79E-01,6.45E-01,6.26E-01,7.13E-01,6.14E-01,6.80E-01,6.43E-01,7.03E-01,6.84E-01,5.87E-01,6.49E-01,6.09E-01,6.56E-01,6.46E-01,5.96E-01,7.64E-01,6.77E-01,6.67E-01,6.48E-01,6.08E-01,6.89E-01,6.50E-01,6.61E-01,7.03E-01,6.46E-01,6.56E-01,6.49E-01,5.52E-01,6.49E-01,6.77E-01,6.62E-01,6.69E-01,6.20E-01,6.92E-01,6.36E-01,6.84E-01,6.25E-01,6.11E-01,6.25E-01,7.17E-01,6.45E-01,6.90E-01,7.00E-01,6.60E-01,6.07E-01,6.75E-01,6.49E-01,6.95E-01,7.24E-01,6.43E-01,7.50E-01,6.21E-01,7.12E-01,7.90E-01,6.29E-01,5.93E-01,7.25E-01,7.18E-01,6.41E-01,7.95E-01,7.75E-01,7.90E-01,7.00E-01,6.97E-01,6.81E-01,6.93E-01,6.35E-01,6.93E-01,7.40E-01,7.69E-01,8.02E-01,6.77E-01,7.66E-01,6.99E-01,6.81E-01,5.99E-01,8.04E-01,5.43E-01,6.33E-01,7.47E-01,7.05E-01,7.00E-01,6.48E-01,6.83E-01,7.23E-01,6.72E-01,6.57E-01,6.47E-01,5.84E-01,6.75E-01,6.53E-01,6.02E-01,6.74E-01,7.18E-01,6.63E-01,6.77E-01,7.35E-01,6.06E-01,6.84E-01,7.05E-01,6.83E-01,6.27E-01,6.88E-01,6.83E-01,6.75E-01,6.82E-01,6.74E-01,6.53E-01,6.34E-01,6.42E-01,5.62E-01,6.37E-01,7.22E-01,6.50E-01,6.52E-01,7.44E-01
016_S_4583,3.76E-01,3.41E-01,5.38E-01,5.01E-01,5.49E-01,6.18E-01,6.18E-01,6.62E-01,5.78E-01,6.81E-01,6.27E-01,5.41E-01,6.22E-01,4.48E-01,5.38E-01,5.37E-01,5.03E-01,5.72E-01,6.05E-01,5.91E-01,6.83E-01,6.31E-01,6.67E-01,5.98E-01,6.32E-01,6.38E-01,6.09E-01,5.69E-01,6.18E-01,5.76E-01,6.60E-01,6.54E-01,5.27E-01,4.96E-01,6.35E-01,6.59E-01,5.69E-01,5.40E-01,7.03E-01,6.59E-01,7.89E-01,6.84E-01,6.59E-01,7.29E-01,6.87E-01,6.90E-01,5.93E-01,7.06E-01,7.70E-01,6.99E-01,6.73E-01,7.44E-01,5.36E-01,5.65E-01,7.77E-01,6.50E-01,5.27E-01,6.68E-01,6.66E-01,6.84E-01,6.05E-01,6.11E-01,6.99E-01,6.72E-01,6.19E-01,6.06E-01,5.88E-01,5.30E-01,5.00E-01,5.36E-01,6.76E-01,6.77E-01,6.63E-01,6.44E-01,6.33E-01,6.57E-01,6.59E-01,6.90E-01,6.58E-01,6.58E-01,6.72E-01,6.99E-01,5.99E-01,6.23E-01,6.95E-01,6.48E-01,5.93E-01,7.11E-01,6.07E-01,6.69E-01,5.97E-01,7.05E-01,6.77E-01,5.98E-01,6.43E-01,5.73E-01,6.83E-01,6.43E-01,6.02E-01,7.62E-01,6.78E-01,6.69E-01,6.39E-01,5.96E-01,6.73E-01,6.28E-01,6.75E-01,7.13E-01,6.41E-01,6.64E-01,6.00E-01,5.36E-01,5.92E-01,6.46E-01,5.58E-01,6.15E-01,5.94E-01,6.72E-01,6.16E-01,6.42E-01,5.91E-01,5.28E-01,6.13E-01,6.92E-01,6.14E-01,6.76E-01,6.89E-01,6.61E-01,5.85E-01,6.76E-01,6.60E-01,7.00E-01,6.79E-01,6.34E-01,7.17E-01,5.89E-01,6.93E-01,7.43E-01,6.18E-01,5.77E-01,7.00E-01,7.22E-01,6.29E-01,7.83E-01,7.65E-01,7.77E-01,6.68E-01,6.94E-01,6.47E-01,6.28E-01,5.81E-01,6.97E-01,6.66E-01,7.57E-01,7.68E-01,6.67E-01,7.35E-01,6.92E-01,6.84E-01,6.12E-01,8.03E-01,5.51E-01,6.57E-01,7.57E-01,7.01E-01,6.57E-01,6.93E-01,6.49E-01,7.00E-01,6.52E-01,6.80E-01,6.45E-01,5.67E-01,7.00E-01,6.65E-01,5.66E-01,6.44E-01,7.35E-01,6.31E-01,6.83E-01,7.28E-01,5.36E-01,6.48E-01,6.87E-01,6.25E-01,5.90E-01,6.78E-01,6.74E-01,6.66E-01,6.73E-01,6.74E-01,6.65E-01,5.96E-01,6.53E-01,6.13E-01,6.63E-01,7.35E-01,6.68E-01,6.71E-01,7.67E-01
016_S_4638,3.80E-01,3.55E-01,5.56E-01,5.15E-01,5.57E-01,6.30E-01,6.33E-01,6.81E-01,6.01E-01,7.10E-01,6.43E-01,5.76E-01,6.39E-01,4.62E-01,5.48E-01,5.52E-01,5.03E-01,5.82E-01,6.22E-01,5.96E-01,6.88E-01,6.46E-01,6.87E-01,6.15E-01,6.45E-01,6.58E-01,6.10E-01,5.73E-01,6.43E-01,5.74E-01,6.73E-01,6.66E-01,5.27E-01,5.04E-01,6.42E-01,6.55E-01,5.68E-01,5.27E-01,7.05E-01,6.63E-01,7.99E-01,6.83E-01,6.63E-01,7.25E-01,6.90E-01,7.08E-01,5.97E-01,6.96E-01,7.68E-01,7.11E-01,7.03E-01,7.61E-01,5.59E-01,5.59E-01,7.88E-01,6.69E-01,5.57E-01,6.56E-01,6.73E-01,7.20E-01,5.94E-01,6.23E-01,6.76E-01,6.79E-01,6.06E-01,6.17E-01,5.93E-01,5.34E-01,5.19E-01,5.46E-01,6.48E-01,6.97E-01,6.69E-01,6.52E-01,6.22E-01,6.70E-01,6.78E-01,6.91E-01,6.45E-01,6.93E-01,6.84E-01,7.14E-01,6.12E-01,6.36E-01,6.90E-01,6.80E-01,6.20E-01,7.03E-01,5.79E-01,6.73E-01,6.10E-01,7.21E-01,6.88E-01,5.79E-01,6.55E-01,5.92E-01,6.82E-01,6.64E-01,6.34E-01,7.46E-01,6.88E-01,6.58E-01,6.40E-01,5.83E-01,6.79E-01,6.42E-01,6.71E-01,7.17E-01,6.48E-01,6.79E-01,6.31E-01,5.55E-01,5.93E-01,6.30E-01,6.22E-01,6.21E-01,6.16E-01,6.67E-01,6.07E-01,6.32E-01,5.95E-01,5.60E-01,6.16E-01,7.12E-01,6.22E-01,6.97E-01,6.98E-01,6.58E-01,5.86E-01,6.62E-01,6.65E-01,7.01E-01,6.84E-01,6.34E-01,7.43E-01,6.08E-01,6.68E-01,7.71E-01,6.13E-01,6.00E-01,7.04E-01,7.14E-01,6.39E-01,7.91E-01,7.86E-01,7.81E-01,6.84E-01,6.89E-01,6.44E-01,6.45E-01,6.04E-01,7.09E-01,6.85E-01,7.70E-01,7.96E-01,7.05E-01,7.73E-01,7.18E-01,7.15E-01,6.14E-01,8.09E-01,5.70E-01,6.71E-01,7.56E-01,6.75E-01,6.71E-01,6.73E-01,6.62E-01,6.99E-01,6.68E-01,6.51E-01,6.29E-01,5.52E-01,6.67E-01,6.83E-01,5.47E-01,6.78E-01,7.40E-01,6.46E-01,6.67E-01,7.06E-01,5.51E-01,6.68E-01,6.71E-01,6.14E-01,6.17E-01,7.20E-01,6.94E-01,6.72E-01,6.68E-01,6.96E-01,6.70E-01,6.33E-01,6.52E-01,5.94E-01,6.97E-01,7.16E-01,6.72E-01,6.76E-01,7.61E-01
016_S_4688,3.76E-01,3.44E-01,5.36E-01,5.08E-01,5.45E-01,6.10E-01,6.22E-01,6.59E-01,5.82E-01,6.94E-01,6.29E-01,5.52E-01,6.16E-01,4.60E-01,5.52E-01,5.36E-01,4.87E-01,5.69E-01,5.96E-01,5.99E-01,6.70E-01,6.20E-01,6.73E-01,5.92E-01,6.34E-01,6.33E-01,6.23E-01,5.69E-01,6.37E-01,5.70E-01,6.56E-01,6.39E-01,5.17E-01,4.93E-01,6.31E-01,6.28E-01,5.54E-01,5.53E-01,7.02E-01,6.48E-01,7.88E-01,6.61E-01,6.47E-01,7.11E-01,6.73E-01,6.88E-01,6.02E-01,6.74E-01,7.65E-01,6.95E-01,6.77E-01,7.59E-01,5.46E-01,5.49E-01,7.72E-01,6.49E-01,5.41E-01,6.66E-01,6.49E-01,6.85E-01,5.86E-01,5.93E-01,6.72E-01,6.47E-01,5.91E-01,6.05E-01,6.01E-01,5.24E-01,4.93E-01,5.36E-01,6.34E-01,6.90E-01,6.59E-01,6.32E-01,6.06E-01,6.53E-01,6.58E-01,6.71E-01,6.45E-01,6.91E-01,6.68E-01,6.95E-01,6.09E-01,6.23E-01,6.91E-01,6.44E-01,6.05E-01,7.04E-01,5.89E-01,6.55E-01,5.95E-01,6.94E-01,6.80E-01,6.07E-01,6.32E-01,6.12E-01,6.76E-01,6.55E-01,6.22E-01,7.40E-01,6.79E-01,6.56E-01,6.22E-01,5.74E-01,6.30E-01,6.07E-01,6.49E-01,7.05E-01,6.20E-01,6.67E-01,6.14E-01,5.69E-01,6.14E-01,6.29E-01,6.14E-01,6.54E-01,5.90E-01,6.74E-01,6.19E-01,6.63E-01,6.07E-01,5.75E-01,6.08E-01,7.02E-01,6.17E-01,6.85E-01,6.95E-01,6.55E-01,5.72E-01,6.43E-01,6.47E-01,6.83E-01,6.63E-01,6.49E-01,7.36E-01,5.78E-01,6.99E-01,7.45E-01,6.11E-01,5.74E-01,6.92E-01,7.13E-01,6.37E-01,7.65E-01,7.74E-01,7.75E-01,6.73E-01,6.80E-01,6.33E-01,6.47E-01,6.12E-01,6.94E-01,6.67E-01,7.48E-01,7.75E-01,6.79E-01,7.60E-01,7.24E-01,7.06E-01,6.02E-01,8.10E-01,5.59E-01,6.60E-01,7.47E-01,6.95E-01,6.61E-01,6.65E-01,6.19E-01,7.17E-01,6.64E-01,6.45E-01,6.45E-01,5.36E-01,6.73E-01,6.50E-01,5.64E-01,6.89E-01,7.10E-01,6.43E-01,6.50E-01,7.07E-01,5.58E-01,6.51E-01,6.64E-01,6.59E-01,5.99E-01,6.93E-01,6.83E-01,6.59E-01,6.71E-01,6.92E-01,6.36E-01,6.39E-01,6.22E-01,5.90E-01,6.89E-01,7.33E-01,6.41E-01,6.39E-01,7.67E-01
016_S_4887,3.80E-01,3.49E-01,5.50E-01,5.16E-01,5.58E-01,6.13E-01,6.24E-01,6.65E-01,5.88E-01,6.87E-01,6.28E-01,5.71E-01,6.02E-01,4.57E-01,5.44E-01,5.29E-01,4.94E-01,5.73E-01,5.80E-01,5.85E-01,6.58E-01,6.25E-01,6.69E-01,6.01E-01,6.37E-01,6.37E-01,6.16E-01,5.69E-01,6.34E-01,5.76E-01,6.56E-01,6.46E-01,5.29E-01,5.19E-01,6.34E-01,6.39E-01,5.35E-01,5.48E-01,6.95E-01,6.56E-01,7.81E-01,6.64E-01,6.53E-01,7.07E-01,6.63E-01,6.84E-01,5.89E-01,6.73E-01,7.67E-01,6.88E-01,6.71E-01,7.39E-01,5.54E-01,5.55E-01,7.75E-01,6.47E-01,5.63E-01,6.69E-01,6.35E-01,7.04E-01,5.70E-01,5.96E-01,6.69E-01,6.46E-01,6.07E-01,6.10E-01,5.91E-01,5.54E-01,5.06E-01,5.30E-01,6.48E-01,7.01E-01,6.48E-01,6.34E-01,6.23E-01,6.54E-01,6.56E-01,6.67E-01,6.42E-01,6.71E-01,6.65E-01,6.91E-01,5.98E-01,6.29E-01,6.86E-01,6.49E-01,6.07E-01,6.83E-01,5.88E-01,6.44E-01,6.17E-01,6.92E-01,6.66E-01,6.13E-01,6.27E-01,6.19E-01,6.68E-01,6.45E-01,6.24E-01,7.44E-01,6.80E-01,6.60E-01,6.34E-01,5.81E-01,6.80E-01,6.30E-01,6.59E-01,7.05E-01,6.34E-01,6.54E-01,6.35E-01,5.55E-01,5.97E-01,6.48E-01,6.04E-01,6.39E-01,5.82E-01,6.49E-01,5.99E-01,6.37E-01,5.93E-01,5.77E-01,5.74E-01,6.97E-01,6.37E-01,6.78E-01,6.95E-01,6.59E-01,5.97E-01,6.59E-01,6.65E-01,6.95E-01,6.90E-01,6.38E-01,7.46E-01,5.91E-01,6.96E-01,7.39E-01,6.22E-01,5.94E-01,6.89E-01,7.11E-01,6.22E-01,7.71E-01,7.69E-01,7.80E-01,6.71E-01,6.78E-01,6.43E-01,6.45E-01,6.14E-01,6.93E-01,6.77E-01,7.54E-01,7.82E-01,6.70E-01,7.52E-01,7.17E-01,6.91E-01,6.16E-01,8.07E-01,5.56E-01,6.78E-01,7.44E-01,6.72E-01,6.50E-01,6.60E-01,6.58E-01,6.89E-01,6.54E-01,6.52E-01,6.53E-01,5.56E-01,6.67E-01,6.56E-01,5.86E-01,6.82E-01,7.10E-01,6.49E-01,6.40E-01,7.08E-01,5.94E-01,6.64E-01,6.77E-01,6.49E-01,6.06E-01,6.98E-01,6.85E-01,6.63E-01,6.71E-01,7.01E-01,6.68E-01,6.49E-01,6.27E-01,5.79E-01,6.93E-01,7.10E-01,6.50E-01,6.69E-01,7.52E-01
016_S_4951,3.76E-01,3.43E-01,5.36E-01,4.98E-01,5.57E-01,6.24E-01,6.25E-01,6.68E-01,5.90E-01,7.02E-01,6.34E-01,5.53E-01,6.18E-01,4.72E-01,5.53E-01,5.53E-01,5.01E-01,5.78E-01,5.91E-01,5.97E-01,6.81E-01,6.39E-01,6.87E-01,6.17E-01,6.41E-01,6.39E-01,6.30E-01,5.88E-01,6.26E-01,5.72E-01,6.68E-01,6.57E-01,5.00E-01,5.04E-01,6.38E-01,6.65E-01,5.42E-01,5.45E-01,7.13E-01,6.63E-01,8.00E-01,6.81E-01,6.60E-01,7.24E-01,6.73E-01,6.99E-01,6.00E-01,7.02E-01,7.66E-01,7.00E-01,7.07E-01,7.67E-01,5.45E-01,5.41E-01,7.91E-01,6.58E-01,5.48E-01,6.55E-01,6.52E-01,7.11E-01,5.96E-01,6.18E-01,6.90E-01,6.69E-01,5.88E-01,6.17E-01,5.96E-01,5.35E-01,5.37E-01,5.40E-01,6.52E-01,6.99E-01,6.55E-01,6.43E-01,6.32E-01,6.67E-01,6.67E-01,6.92E-01,6.63E-01,7.00E-01,6.96E-01,7.16E-01,6.12E-01,6.36E-01,7.05E-01,6.67E-01,6.16E-01,7.10E-01,6.00E-01,6.81E-01,6.20E-01,7.16E-01,7.13E-01,5.94E-01,6.47E-01,5.89E-01,6.75E-01,6.58E-01,6.19E-01,7.53E-01,6.86E-01,6.72E-01,6.37E-01,5.73E-01,6.74E-01,6.38E-01,6.64E-01,7.14E-01,6.48E-01,6.77E-01,6.39E-01,5.47E-01,6.19E-01,6.63E-01,6.14E-01,6.52E-01,6.23E-01,6.80E-01,5.97E-01,6.53E-01,5.98E-01,5.80E-01,5.92E-01,7.20E-01,6.51E-01,6.97E-01,7.10E-01,6.61E-01,5.99E-01,6.74E-01,6.55E-01,6.88E-01,6.77E-01,6.24E-01,6.96E-01,5.90E-01,6.90E-01,7.46E-01,6.20E-01,5.80E-01,7.11E-01,7.24E-01,6.46E-01,7.88E-01,7.91E-01,7.84E-01,6.85E-01,6.87E-01,6.64E-01,6.50E-01,6.15E-01,7.00E-01,6.89E-01,7.60E-01,7.94E-01,7.02E-01,7.73E-01,7.37E-01,7.22E-01,6.25E-01,8.22E-01,5.56E-01,6.57E-01,7.42E-01,6.50E-01,6.93E-01,6.80E-01,6.62E-01,7.13E-01,6.73E-01,6.54E-01,6.55E-01,5.75E-01,6.91E-01,6.93E-01,6.10E-01,6.86E-01,7.36E-01,6.61E-01,6.64E-01,7.23E-01,5.91E-01,6.90E-01,6.88E-01,6.82E-01,6.27E-01,7.39E-01,7.05E-01,6.95E-01,6.93E-01,7.07E-01,6.82E-01,6.47E-01,6.63E-01,6.20E-01,6.81E-01,7.38E-01,6.63E-01,6.97E-01,7.66E-01
016_S_4952,3.70E-01,3.43E-01,5.30E-01,4.99E-01,5.51E-01,6.23E-01,6.15E-01,6.60E-01,5.87E-01,7.10E-01,6.30E-01,5.57E-01,6.24E-01,4.48E-01,5.45E-01,5.62E-01,4.75E-01,5.81E-01,5.98E-01,5.80E-01,6.92E-01,6.48E-01,6.90E-01,6.16E-01,6.55E-01,6.52E-01,6.09E-01,5.73E-01,6.24E-01,5.72E-01,6.64E-01,6.74E-01,5.01E-01,5.19E-01,6.40E-01,6.86E-01,5.50E-01,5.13E-01,7.13E-01,6.61E-01,8.02E-01,6.84E-01,6.60E-01,7.27E-01,6.85E-01,6.91E-01,5.92E-01,6.99E-01,7.77E-01,7.06E-01,6.97E-01,7.64E-01,5.40E-01,5.41E-01,7.86E-01,6.69E-01,5.26E-01,6.51E-01,6.52E-01,7.06E-01,6.03E-01,6.25E-01,6.87E-01,6.63E-01,6.25E-01,6.15E-01,6.00E-01,5.29E-01,5.20E-01,5.40E-01,6.57E-01,6.91E-01,6.59E-01,6.37E-01,6.31E-01,6.36E-01,6.74E-01,6.91E-01,6.56E-01,6.91E-01,6.92E-01,7.14E-01,5.89E-01,6.24E-01,7.13E-01,6.59E-01,5.92E-01,7.12E-01,5.87E-01,6.67E-01,6.27E-01,7.10E-01,6.77E-01,5.89E-01,6.41E-01,5.76E-01,6.83E-01,6.51E-01,6.31E-01,7.58E-01,6.70E-01,6.75E-01,6.42E-01,5.90E-01,6.88E-01,6.35E-01,6.72E-01,7.09E-01,6.50E-01,6.80E-01,6.34E-01,4.99E-01,6.16E-01,6.54E-01,6.21E-01,6.61E-01,6.11E-01,6.80E-01,5.88E-01,6.73E-01,5.87E-01,5.60E-01,6.06E-01,7.30E-01,6.25E-01,6.97E-01,7.04E-01,6.52E-01,6.04E-01,6.66E-01,6.55E-01,7.09E-01,7.06E-01,6.13E-01,7.23E-01,5.69E-01,6.86E-01,7.36E-01,5.95E-01,5.53E-01,7.04E-01,7.27E-01,6.44E-01,7.97E-01,7.86E-01,7.91E-01,6.94E-01,6.98E-01,6.67E-01,6.52E-01,6.35E-01,7.05E-01,6.76E-01,7.63E-01,7.71E-01,7.03E-01,7.60E-01,7.42E-01,7.04E-01,6.01E-01,8.26E-01,5.37E-01,6.47E-01,7.40E-01,6.70E-01,6.73E-01,6.68E-01,6.81E-01,7.14E-01,6.73E-01,6.30E-01,6.46E-01,5.58E-01,6.80E-01,6.66E-01,6.02E-01,6.81E-01,7.47E-01,6.46E-01,5.91E-01,7.08E-01,5.79E-01,6.82E-01,6.95E-01,6.76E-01,6.37E-01,7.07E-01,6.96E-01,6.80E-01,6.81E-01,6.91E-01,6.61E-01,6.38E-01,6.48E-01,6.13E-01,6.95E-01,7.42E-01,6.83E-01,6.67E-01,7.59E-01
016_S_5057,3.84E-01,3.52E-01,5.46E-01,5.22E-01,5.63E-01,6.18E-01,6.21E-01,6.71E-01,5.95E-01,7.09E-01,6.37E-01,5.65E-01,6.14E-01,4.50E-01,5.42E-01,5.55E-01,4.87E-01,5.58E-01,5.84E-01,5.93E-01,6.88E-01,6.37E-01,6.86E-01,6.00E-01,6.46E-01,6.42E-01,6.09E-01,5.68E-01,6.36E-01,5.77E-01,6.64E-01,6.59E-01,5.22E-01,5.10E-01,6.43E-01,6.89E-01,5.49E-01,5.27E-01,6.96E-01,6.54E-01,7.92E-01,6.71E-01,6.37E-01,7.20E-01,6.73E-01,6.86E-01,6.03E-01,6.78E-01,7.64E-01,7.02E-01,7.03E-01,7.60E-01,5.59E-01,5.50E-01,7.91E-01,6.62E-01,5.59E-01,6.65E-01,6.56E-01,6.96E-01,5.65E-01,5.99E-01,6.80E-01,6.61E-01,6.04E-01,6.19E-01,6.05E-01,5.35E-01,5.15E-01,5.37E-01,6.49E-01,6.90E-01,6.55E-01,6.45E-01,6.20E-01,6.50E-01,6.64E-01,6.80E-01,6.42E-01,6.95E-01,6.80E-01,7.09E-01,6.00E-01,6.30E-01,6.83E-01,6.54E-01,5.77E-01,7.08E-01,5.92E-01,6.43E-01,5.93E-01,6.99E-01,6.93E-01,5.73E-01,6.24E-01,6.08E-01,6.72E-01,6.54E-01,6.20E-01,7.59E-01,6.68E-01,6.43E-01,6.29E-01,5.69E-01,6.60E-01,6.09E-01,6.56E-01,6.92E-01,6.26E-01,6.47E-01,6.19E-01,5.02E-01,5.77E-01,6.11E-01,5.83E-01,6.43E-01,5.85E-01,6.59E-01,5.79E-01,6.26E-01,5.77E-01,5.37E-01,5.94E-01,6.87E-01,5.94E-01,6.70E-01,6.86E-01,6.44E-01,5.47E-01,6.45E-01,6.41E-01,6.90E-01,6.84E-01,6.14E-01,7.16E-01,5.69E-01,6.47E-01,7.41E-01,5.84E-01,5.31E-01,7.18E-01,6.91E-01,6.16E-01,7.86E-01,7.76E-01,7.64E-01,6.73E-01,6.77E-01,6.36E-01,6.13E-01,5.86E-01,6.86E-01,6.58E-01,7.56E-01,7.82E-01,6.94E-01,7.67E-01,7.24E-01,7.13E-01,6.00E-01,8.17E-01,5.59E-01,6.66E-01,7.25E-01,6.56E-01,6.29E-01,6.50E-01,6.28E-01,7.01E-01,6.63E-01,6.32E-01,6.20E-01,5.46E-01,6.56E-01,6.56E-01,5.34E-01,6.77E-01,7.29E-01,6.14E-01,6.35E-01,6.96E-01,5.43E-01,6.74E-01,6.62E-01,6.62E-01,5.89E-01,7.26E-01,6.87E-01,6.87E-01,6.51E-01,6.98E-01,6.64E-01,6.13E-01,6.25E-01,5.79E-01,6.52E-01,7.05E-01,6.59E-01,6.07E-01,7.63E-01
016_S_5251,3.73E-01,3.44E-01,5.29E-01,5.02E-01,5.66E-01,6.20E-01,6.14E-01,6.57E-01,5.86E-01,6.97E-01,6.28E-01,5.68E-01,6.23E-01,4.55E-01,5.57E-01,5.56E-01,5.06E-01,5.85E-01,6.20E-01,5.84E-01,6.68E-01,6.27E-01,6.73E-01,6.13E-01,6.39E-01,6.43E-01,6.17E-01,5.89E-01,6.29E-01,5.77E-01,6.74E-01,6.65E-01,5.32E-01,4.92E-01,6.49E-01,6.75E-01,5.47E-01,5.41E-01,7.10E-01,6.54E-01,7.86E-01,6.72E-01,6.52E-01,7.22E-01,6.71E-01,7.03E-01,6.09E-01,6.99E-01,7.71E-01,7.05E-01,6.82E-01,7.40E-01,5.30E-01,5.50E-01,7.68E-01,6.52E-01,5.42E-01,6.78E-01,6.49E-01,6.96E-01,6.05E-01,6.29E-01,6.64E-01,6.66E-01,6.25E-01,6.14E-01,6.03E-01,5.27E-01,5.53E-01,5.41E-01,6.52E-01,6.89E-01,6.59E-01,6.40E-01,6.38E-01,6.47E-01,6.59E-01,6.70E-01,6.36E-01,6.79E-01,6.91E-01,7.22E-01,5.95E-01,6.17E-01,6.86E-01,6.56E-01,6.34E-01,7.10E-01,6.14E-01,6.81E-01,6.44E-01,7.06E-01,6.82E-01,5.84E-01,6.31E-01,6.07E-01,6.70E-01,6.51E-01,6.13E-01,7.53E-01,6.73E-01,6.56E-01,6.35E-01,5.86E-01,6.65E-01,6.33E-01,6.60E-01,7.07E-01,6.30E-01,6.61E-01,6.26E-01,5.51E-01,6.29E-01,6.81E-01,6.20E-01,6.46E-01,5.94E-01,6.85E-01,6.27E-01,6.47E-01,6.01E-01,5.67E-01,6.37E-01,7.07E-01,6.37E-01,6.92E-01,6.89E-01,6.47E-01,5.89E-01,6.82E-01,6.40E-01,6.84E-01,6.88E-01,6.54E-01,7.36E-01,6.09E-01,6.85E-01,7.56E-01,6.25E-01,5.95E-01,7.21E-01,7.08E-01,6.47E-01,7.65E-01,7.76E-01,7.96E-01,6.79E-01,6.77E-01,6.57E-01,6.74E-01,6.34E-01,6.91E-01,6.97E-01,7.46E-01,7.79E-01,6.83E-01,7.47E-01,7.13E-01,7.01E-01,6.07E-01,7.81E-01,5.47E-01,6.47E-01,7.29E-01,6.96E-01,6.81E-01,6.75E-01,6.77E-01,7.18E-01,6.63E-01,6.47E-01,6.43E-01,5.62E-01,6.76E-01,6.56E-01,5.99E-01,6.92E-01,7.26E-01,6.52E-01,6.40E-01,7.19E-01,5.74E-01,6.80E-01,7.03E-01,6.91E-01,6.06E-01,7.21E-01,6.93E-01,6.87E-01,6.84E-01,6.87E-01,6.68E-01,6.29E-01,6.21E-01,5.95E-01,6.79E-01,7.24E-01,6.42E-01,6.52E-01,7.57E-01
018_S_0043,3.88E-01,3.48E-01,5.41E-01,5.07E-01,5.52E-01,6.30E-01,6.22E-01,6.70E-01,5.95E-01,7.02E-01,6.30E-01,5.69E-01,6.27E-01,4.78E-01,5.58E-01,5.57E-01,5.32E-01,5.87E-01,6.19E-01,5.82E-01,6.66E-01,6.29E-01,6.85E-01,6.03E-01,6.42E-01,6.43E-01,6.10E-01,5.84E-01,6.43E-01,5.83E-01,6.66E-01,6.61E-01,5.22E-01,5.16E-01,6.38E-01,6.63E-01,5.78E-01,5.70E-01,7.12E-01,6.49E-01,7.92E-01,6.72E-01,6.53E-01,7.17E-01,6.80E-01,7.08E-01,6.03E-01,6.89E-01,7.72E-01,7.06E-01,6.87E-01,7.51E-01,5.37E-01,5.43E-01,7.92E-01,6.57E-01,5.37E-01,6.54E-01,6.29E-01,7.29E-01,5.99E-01,6.05E-01,6.87E-01,6.74E-01,6.29E-01,6.18E-01,5.80E-01,5.49E-01,5.26E-01,5.49E-01,6.56E-01,6.97E-01,6.48E-01,6.41E-01,6.29E-01,6.62E-01,6.65E-01,6.85E-01,6.53E-01,6.52E-01,7.05E-01,7.02E-01,6.08E-01,6.02E-01,6.80E-01,6.63E-01,6.20E-01,7.18E-01,6.12E-01,6.63E-01,6.35E-01,7.20E-01,6.90E-01,5.90E-01,6.33E-01,5.96E-01,6.67E-01,6.43E-01,6.13E-01,7.60E-01,6.63E-01,6.69E-01,6.40E-01,5.89E-01,6.79E-01,6.54E-01,6.58E-01,6.99E-01,6.37E-01,6.68E-01,6.44E-01,5.51E-01,6.33E-01,6.72E-01,6.03E-01,6.57E-01,6.15E-01,6.81E-01,6.01E-01,6.28E-01,6.12E-01,5.85E-01,6.48E-01,7.08E-01,6.38E-01,6.77E-01,6.95E-01,6.61E-01,5.75E-01,6.72E-01,6.61E-01,7.05E-01,6.93E-01,6.41E-01,7.45E-01,5.88E-01,6.89E-01,7.59E-01,6.25E-01,6.02E-01,7.16E-01,7.08E-01,6.45E-01,7.86E-01,7.77E-01,7.71E-01,6.70E-01,6.83E-01,6.42E-01,6.60E-01,6.20E-01,6.94E-01,6.88E-01,7.75E-01,7.64E-01,6.90E-01,7.53E-01,7.08E-01,6.89E-01,6.44E-01,8.19E-01,5.56E-01,6.50E-01,7.51E-01,6.63E-01,6.81E-01,6.87E-01,6.65E-01,7.10E-01,6.63E-01,6.38E-01,6.41E-01,5.76E-01,6.95E-01,6.46E-01,5.94E-01,6.83E-01,7.16E-01,6.32E-01,6.90E-01,7.29E-01,5.95E-01,6.79E-01,7.01E-01,6.93E-01,6.18E-01,6.92E-01,6.98E-01,6.84E-01,6.80E-01,7.03E-01,6.88E-01,6.17E-01,6.62E-01,5.96E-01,6.57E-01,7.22E-01,6.56E-01,6.76E-01,7.72E-01
018_S_0055,3.85E-01,3.69E-01,5.57E-01,5.28E-01,5.69E-01,6.41E-01,6.32E-01,6.78E-01,6.10E-01,7.06E-01,6.53E-01,5.75E-01,6.42E-01,5.08E-01,5.75E-01,5.76E-01,5.43E-01,6.06E-01,6.35E-01,6.05E-01,6.73E-01,6.33E-01,6.92E-01,6.15E-01,6.51E-01,6.54E-01,6.24E-01,5.93E-01,6.34E-01,5.85E-01,6.74E-01,6.56E-01,5.44E-01,5.23E-01,6.57E-01,7.11E-01,5.76E-01,5.90E-01,7.12E-01,6.70E-01,7.87E-01,6.88E-01,6.73E-01,7.23E-01,6.79E-01,7.11E-01,6.12E-01,6.89E-01,7.76E-01,7.16E-01,6.92E-01,7.38E-01,5.37E-01,5.37E-01,7.91E-01,6.49E-01,5.60E-01,6.76E-01,6.46E-01,7.18E-01,6.31E-01,6.10E-01,6.79E-01,6.55E-01,6.19E-01,6.29E-01,5.94E-01,5.57E-01,5.42E-01,5.50E-01,6.59E-01,7.00E-01,6.69E-01,6.55E-01,6.36E-01,6.72E-01,6.75E-01,6.87E-01,6.62E-01,6.52E-01,6.82E-01,7.09E-01,5.97E-01,6.14E-01,6.85E-01,6.56E-01,6.27E-01,7.12E-01,6.02E-01,6.65E-01,6.12E-01,7.13E-01,6.75E-01,6.00E-01,6.40E-01,5.97E-01,6.66E-01,6.26E-01,6.13E-01,7.45E-01,6.66E-01,6.78E-01,6.31E-01,5.89E-01,6.81E-01,6.42E-01,6.54E-01,7.07E-01,6.55E-01,6.59E-01,6.40E-01,5.62E-01,6.43E-01,6.66E-01,6.10E-01,6.86E-01,6.26E-01,6.99E-01,6.35E-01,6.44E-01,6.22E-01,5.77E-01,6.17E-01,7.10E-01,6.36E-01,6.93E-01,6.98E-01,6.66E-01,5.89E-01,6.50E-01,6.51E-01,6.92E-01,7.17E-01,6.58E-01,7.42E-01,6.02E-01,7.22E-01,7.75E-01,6.27E-01,6.08E-01,7.21E-01,7.27E-01,6.68E-01,7.75E-01,7.92E-01,7.75E-01,6.71E-01,6.87E-01,6.59E-01,6.32E-01,6.45E-01,6.96E-01,6.97E-01,7.74E-01,7.91E-01,7.03E-01,7.44E-01,7.04E-01,6.76E-01,6.06E-01,8.02E-01,5.46E-01,6.46E-01,7.36E-01,6.95E-01,7.02E-01,7.07E-01,6.89E-01,6.96E-01,6.65E-01,6.43E-01,6.44E-01,5.94E-01,6.90E-01,6.94E-01,6.05E-01,6.65E-01,7.17E-01,6.43E-01,7.03E-01,7.21E-01,5.92E-01,6.76E-01,6.94E-01,6.38E-01,6.15E-01,7.10E-01,6.82E-01,6.77E-01,6.81E-01,6.80E-01,6.54E-01,6.12E-01,6.36E-01,5.86E-01,6.57E-01,7.32E-01,6.65E-01,6.68E-01,7.55E-01
018_S_0286,4.09E-01,3.86E-01,5.76E-01,5.47E-01,5.85E-01,6.39E-01,6.38E-01,6.88E-01,6.23E-01,7.18E-01,6.60E-01,5.85E-01,6.63E-01,5.06E-01,5.76E-01,5.83E-01,5.54E-01,6.23E-01,6.15E-01,5.92E-01,6.81E-01,6.28E-01,6.90E-01,6.09E-01,6.54E-01,6.56E-01,6.28E-01,5.99E-01,6.28E-01,6.00E-01,6.70E-01,6.62E-01,5.57E-01,5.41E-01,6.59E-01,7.01E-01,5.66E-01,5.96E-01,7.18E-01,6.62E-01,7.80E-01,6.92E-01,6.67E-01,7.27E-01,7.01E-01,7.16E-01,6.14E-01,7.08E-01,7.77E-01,7.12E-01,6.75E-01,7.43E-01,5.39E-01,5.44E-01,7.79E-01,6.50E-01,5.43E-01,6.83E-01,6.77E-01,7.16E-01,6.37E-01,6.25E-01,6.95E-01,6.86E-01,6.36E-01,6.30E-01,5.78E-01,5.41E-01,5.44E-01,5.52E-01,6.62E-01,7.07E-01,6.78E-01,6.61E-01,6.57E-01,6.41E-01,6.80E-01,7.05E-01,6.65E-01,6.65E-01,6.68E-01,7.12E-01,6.01E-01,6.05E-01,6.80E-01,6.31E-01,6.13E-01,7.04E-01,5.94E-01,6.73E-01,6.43E-01,6.89E-01,6.78E-01,6.14E-01,6.32E-01,5.91E-01,6.73E-01,6.16E-01,5.90E-01,7.48E-01,6.66E-01,6.55E-01,6.35E-01,5.95E-01,6.76E-01,6.45E-01,6.52E-01,6.99E-01,6.27E-01,6.66E-01,6.41E-01,5.65E-01,6.07E-01,6.30E-01,6.69E-01,6.75E-01,6.25E-01,6.84E-01,6.32E-01,6.67E-01,6.28E-01,6.14E-01,6.27E-01,7.08E-01,6.30E-01,6.94E-01,6.99E-01,6.67E-01,5.95E-01,6.70E-01,6.47E-01,7.17E-01,7.02E-01,6.35E-01,7.37E-01,5.92E-01,6.91E-01,7.73E-01,6.26E-01,6.02E-01,7.19E-01,7.21E-01,6.30E-01,7.77E-01,7.76E-01,7.82E-01,6.96E-01,7.04E-01,6.96E-01,6.84E-01,6.24E-01,6.92E-01,6.77E-01,7.59E-01,7.60E-01,6.68E-01,7.35E-01,6.91E-01,6.84E-01,6.30E-01,7.92E-01,5.46E-01,6.43E-01,7.20E-01,7.17E-01,6.83E-01,6.86E-01,6.68E-01,7.06E-01,6.61E-01,6.39E-01,6.45E-01,5.97E-01,6.72E-01,6.71E-01,6.18E-01,6.62E-01,7.27E-01,6.54E-01,6.49E-01,7.25E-01,5.81E-01,6.82E-01,6.83E-01,6.31E-01,6.14E-01,6.92E-01,6.81E-01,6.81E-01,6.69E-01,6.69E-01,6.36E-01,6.08E-01,6.37E-01,5.81E-01,6.31E-01,7.10E-01,6.69E-01,6.37E-01,7.67E-01
018_S_4733,4.20E-01,3.88E-01,5.66E-01,5.47E-01,5.80E-01,6.41E-01,6.47E-01,6.92E-01,6.24E-01,7.23E-01,6.63E-01,5.89E-01,6.41E-01,5.15E-01,5.81E-01,5.80E-01,5.36E-01,5.92E-01,6.27E-01,6.06E-01,7.01E-01,6.26E-01,6.95E-01,6.21E-01,6.45E-01,6.58E-01,6.16E-01,5.85E-01,6.39E-01,6.09E-01,6.84E-01,6.64E-01,5.44E-01,5.15E-01,6.55E-01,7.20E-01,5.40E-01,5.74E-01,7.03E-01,6.62E-01,7.95E-01,6.91E-01,6.59E-01,7.29E-01,6.86E-01,7.16E-01,5.96E-01,6.99E-01,7.79E-01,7.10E-01,6.95E-01,7.40E-01,5.48E-01,5.50E-01,7.89E-01,6.73E-01,5.49E-01,6.80E-01,6.21E-01,7.27E-01,6.13E-01,6.15E-01,6.93E-01,6.59E-01,6.09E-01,6.30E-01,5.96E-01,5.54E-01,5.46E-01,5.65E-01,6.47E-01,7.01E-01,6.70E-01,6.55E-01,6.30E-01,6.62E-01,6.55E-01,6.87E-01,6.65E-01,6.73E-01,6.92E-01,7.04E-01,5.97E-01,6.25E-01,6.85E-01,6.35E-01,6.43E-01,7.12E-01,6.03E-01,6.69E-01,6.33E-01,7.20E-01,6.83E-01,6.04E-01,6.24E-01,5.93E-01,6.88E-01,6.44E-01,5.98E-01,7.61E-01,6.82E-01,6.86E-01,6.55E-01,6.15E-01,6.90E-01,6.54E-01,6.71E-01,7.21E-01,6.33E-01,6.88E-01,6.34E-01,5.86E-01,6.05E-01,6.31E-01,5.97E-01,6.55E-01,5.99E-01,6.88E-01,5.92E-01,6.33E-01,5.97E-01,5.70E-01,6.10E-01,7.08E-01,6.35E-01,6.95E-01,7.09E-01,6.37E-01,5.97E-01,6.59E-01,6.67E-01,7.11E-01,6.76E-01,6.40E-01,7.37E-01,5.83E-01,6.83E-01,7.64E-01,6.32E-01,6.07E-01,6.98E-01,7.17E-01,6.38E-01,7.66E-01,7.86E-01,7.82E-01,6.73E-01,6.88E-01,6.58E-01,6.42E-01,6.30E-01,6.84E-01,6.62E-01,7.64E-01,7.86E-01,6.88E-01,7.38E-01,7.18E-01,7.00E-01,6.18E-01,8.08E-01,5.32E-01,6.55E-01,7.58E-01,7.18E-01,6.96E-01,6.36E-01,6.88E-01,7.01E-01,6.66E-01,6.57E-01,6.61E-01,5.87E-01,6.71E-01,6.52E-01,5.71E-01,6.61E-01,7.14E-01,6.31E-01,6.69E-01,7.17E-01,5.71E-01,6.79E-01,6.72E-01,6.46E-01,6.08E-01,7.01E-01,6.87E-01,6.79E-01,6.77E-01,6.77E-01,6.48E-01,6.17E-01,6.62E-01,6.23E-01,6.82E-01,7.14E-01,6.72E-01,6.59E-01,7.66E-01
019_S_5012,4.10E-01,3.85E-01,5.83E-01,5.38E-01,5.70E-01,6.31E-01,6.44E-01,6.93E-01,6.22E-01,7.17E-01,6.63E-01,5.73E-01,6.48E-01,5.03E-01,5.70E-01,5.86E-01,5.09E-01,6.04E-01,6.40E-01,5.93E-01,6.92E-01,6.27E-01,6.93E-01,6.05E-01,6.48E-01,6.63E-01,6.24E-01,5.95E-01,6.49E-01,6.10E-01,6.81E-01,6.61E-01,5.53E-01,5.24E-01,6.70E-01,6.96E-01,5.97E-01,5.81E-01,7.09E-01,6.49E-01,7.94E-01,6.89E-01,6.66E-01,7.45E-01,6.91E-01,7.07E-01,5.99E-01,7.02E-01,7.79E-01,7.14E-01,6.87E-01,7.42E-01,5.59E-01,5.49E-01,7.79E-01,6.50E-01,5.72E-01,6.70E-01,6.43E-01,7.25E-01,6.33E-01,6.00E-01,7.07E-01,6.52E-01,6.16E-01,6.17E-01,5.93E-01,5.35E-01,5.44E-01,5.46E-01,6.42E-01,6.96E-01,6.68E-01,6.55E-01,6.27E-01,6.78E-01,6.66E-01,6.88E-01,6.34E-01,6.55E-01,6.50E-01,6.99E-01,5.98E-01,6.17E-01,6.79E-01,6.55E-01,6.15E-01,7.08E-01,5.96E-01,6.73E-01,6.38E-01,6.77E-01,6.14E-01,5.98E-01,6.39E-01,5.87E-01,6.88E-01,6.36E-01,5.91E-01,7.48E-01,6.80E-01,6.84E-01,6.46E-01,6.06E-01,6.70E-01,6.37E-01,6.58E-01,7.09E-01,6.23E-01,6.72E-01,6.15E-01,5.83E-01,5.99E-01,6.28E-01,6.16E-01,6.28E-01,6.09E-01,6.66E-01,6.17E-01,6.33E-01,6.16E-01,5.64E-01,6.17E-01,6.99E-01,6.19E-01,6.82E-01,6.99E-01,6.32E-01,5.51E-01,6.58E-01,6.52E-01,6.98E-01,7.21E-01,6.38E-01,7.35E-01,6.10E-01,6.93E-01,7.58E-01,6.32E-01,5.76E-01,6.95E-01,7.10E-01,6.39E-01,7.86E-01,7.68E-01,7.66E-01,6.67E-01,6.86E-01,6.66E-01,6.53E-01,6.06E-01,6.74E-01,6.59E-01,7.57E-01,7.91E-01,6.74E-01,7.24E-01,6.84E-01,6.68E-01,6.10E-01,7.89E-01,5.41E-01,6.45E-01,7.34E-01,6.47E-01,6.73E-01,6.51E-01,6.85E-01,6.84E-01,6.50E-01,6.50E-01,6.41E-01,5.62E-01,6.59E-01,6.40E-01,5.72E-01,6.57E-01,7.20E-01,6.37E-01,6.86E-01,7.15E-01,5.55E-01,6.73E-01,6.73E-01,6.62E-01,5.96E-01,6.91E-01,6.71E-01,6.72E-01,6.72E-01,6.60E-01,6.47E-01,6.16E-01,6.43E-01,6.00E-01,6.69E-01,7.32E-01,6.42E-01,6.66E-01,7.72E-01
019_S_5019,3.91E-01,3.55E-01,5.59E-01,5.24E-01,5.70E-01,6.32E-01,6.38E-01,6.90E-01,6.04E-01,7.10E-01,6.48E-01,5.69E-01,6.41E-01,4.85E-01,5.73E-01,5.80E-01,5.01E-01,5.82E-01,6.22E-01,6.11E-01,6.78E-01,6.31E-01,6.89E-01,6.17E-01,6.47E-01,6.45E-01,6.37E-01,6.06E-01,6.51E-01,5.98E-01,6.72E-01,6.87E-01,5.04E-01,5.10E-01,6.59E-01,6.73E-01,5.52E-01,5.46E-01,7.05E-01,6.52E-01,7.94E-01,6.83E-01,6.55E-01,7.26E-01,7.00E-01,7.16E-01,6.12E-01,6.78E-01,7.75E-01,7.06E-01,7.04E-01,7.58E-01,5.45E-01,5.52E-01,7.91E-01,6.63E-01,5.44E-01,6.67E-01,6.51E-01,7.09E-01,6.42E-01,6.17E-01,6.76E-01,6.91E-01,6.41E-01,6.30E-01,5.83E-01,5.59E-01,5.58E-01,5.47E-01,6.43E-01,6.89E-01,6.55E-01,6.52E-01,6.31E-01,6.60E-01,6.82E-01,6.88E-01,6.55E-01,6.66E-01,6.78E-01,7.10E-01,5.99E-01,6.10E-01,6.90E-01,6.56E-01,6.42E-01,7.11E-01,6.20E-01,6.90E-01,6.52E-01,7.15E-01,6.82E-01,5.88E-01,6.21E-01,5.81E-01,6.93E-01,6.53E-01,6.17E-01,7.62E-01,6.87E-01,6.70E-01,6.54E-01,6.05E-01,6.68E-01,6.55E-01,6.74E-01,7.31E-01,6.57E-01,6.91E-01,6.47E-01,5.59E-01,6.21E-01,6.81E-01,6.23E-01,6.39E-01,5.73E-01,6.69E-01,6.11E-01,6.24E-01,5.79E-01,5.47E-01,6.04E-01,7.01E-01,6.11E-01,6.71E-01,7.03E-01,5.98E-01,5.42E-01,6.70E-01,6.54E-01,7.08E-01,6.96E-01,6.42E-01,7.37E-01,6.03E-01,6.86E-01,7.66E-01,6.14E-01,5.66E-01,7.09E-01,7.11E-01,6.43E-01,7.85E-01,7.63E-01,7.67E-01,6.78E-01,6.93E-01,6.68E-01,6.37E-01,6.26E-01,6.82E-01,6.63E-01,7.64E-01,8.06E-01,6.80E-01,7.57E-01,7.11E-01,7.07E-01,6.04E-01,8.02E-01,5.48E-01,6.49E-01,7.44E-01,6.99E-01,6.81E-01,6.77E-01,6.78E-01,6.92E-01,6.66E-01,6.42E-01,6.44E-01,5.45E-01,6.59E-01,6.46E-01,5.86E-01,6.75E-01,7.26E-01,6.48E-01,6.70E-01,7.35E-01,5.89E-01,6.78E-01,7.07E-01,6.82E-01,6.34E-01,6.72E-01,6.86E-01,6.63E-01,6.69E-01,6.80E-01,6.63E-01,6.05E-01,6.45E-01,6.27E-01,6.78E-01,7.02E-01,6.49E-01,6.67E-01,7.68E-01
020_S_0097,3.96E-01,3.58E-01,5.44E-01,5.18E-01,5.65E-01,6.27E-01,6.31E-01,6.77E-01,6.01E-01,7.05E-01,6.52E-01,5.72E-01,6.41E-01,4.88E-01,5.76E-01,5.82E-01,5.27E-01,5.98E-01,6.26E-01,6.06E-01,6.81E-01,6.45E-01,6.97E-01,6.24E-01,6.46E-01,6.61E-01,6.26E-01,6.05E-01,6.47E-01,5.97E-01,6.83E-01,6.73E-01,5.34E-01,5.14E-01,6.62E-01,6.94E-01,5.80E-01,5.71E-01,7.21E-01,6.70E-01,7.98E-01,6.94E-01,6.74E-01,7.41E-01,6.92E-01,7.18E-01,6.13E-01,6.89E-01,7.81E-01,7.16E-01,6.96E-01,7.71E-01,5.51E-01,5.56E-01,7.88E-01,6.69E-01,5.42E-01,6.89E-01,6.62E-01,7.19E-01,6.18E-01,6.16E-01,6.93E-01,7.00E-01,6.40E-01,6.31E-01,5.93E-01,5.46E-01,5.50E-01,5.47E-01,6.68E-01,6.96E-01,6.65E-01,6.58E-01,6.45E-01,6.83E-01,6.80E-01,7.00E-01,6.73E-01,6.82E-01,6.93E-01,7.07E-01,6.05E-01,6.23E-01,6.94E-01,6.63E-01,6.27E-01,7.12E-01,5.93E-01,6.87E-01,6.35E-01,7.13E-01,6.99E-01,5.99E-01,6.49E-01,6.06E-01,6.76E-01,6.30E-01,6.22E-01,7.68E-01,6.72E-01,6.69E-01,6.46E-01,5.96E-01,6.79E-01,6.51E-01,6.65E-01,7.05E-01,6.53E-01,6.72E-01,6.51E-01,5.60E-01,6.38E-01,6.72E-01,6.67E-01,6.74E-01,6.10E-01,7.10E-01,6.17E-01,6.70E-01,6.27E-01,6.17E-01,6.10E-01,7.19E-01,6.52E-01,6.91E-01,7.12E-01,6.65E-01,5.89E-01,6.69E-01,6.54E-01,7.13E-01,7.11E-01,6.41E-01,7.53E-01,6.17E-01,7.12E-01,7.67E-01,6.24E-01,6.08E-01,7.07E-01,7.24E-01,6.80E-01,7.78E-01,7.85E-01,8.01E-01,6.99E-01,7.11E-01,6.88E-01,6.82E-01,6.44E-01,7.09E-01,6.84E-01,7.72E-01,7.98E-01,7.01E-01,7.78E-01,7.22E-01,7.04E-01,6.19E-01,8.11E-01,5.57E-01,6.51E-01,7.53E-01,6.88E-01,6.93E-01,6.95E-01,6.95E-01,6.96E-01,6.72E-01,6.48E-01,6.55E-01,5.94E-01,7.10E-01,6.82E-01,6.03E-01,6.94E-01,7.35E-01,6.70E-01,6.83E-01,7.35E-01,6.04E-01,6.92E-01,7.02E-01,6.94E-01,6.23E-01,6.90E-01,6.87E-01,6.76E-01,6.86E-01,7.00E-01,6.65E-01,6.14E-01,6.42E-01,5.85E-01,6.57E-01,7.28E-01,6.66E-01,6.68E-01,7.49E-01
020_S_0213,3.90E-01,3.56E-01,5.43E-01,5.16E-01,5.61E-01,6.35E-01,6.29E-01,6.77E-01,6.00E-01,7.20E-01,6.47E-01,5.69E-01,6.28E-01,4.79E-01,5.67E-01,5.72E-01,5.22E-01,5.90E-01,6.37E-01,6.15E-01,6.80E-01,6.40E-01,6.91E-01,6.14E-01,6.49E-01,6.45E-01,6.25E-01,6.00E-01,6.34E-01,5.89E-01,6.80E-01,6.71E-01,5.40E-01,5.26E-01,6.54E-01,6.87E-01,5.71E-01,5.67E-01,7.20E-01,6.72E-01,7.91E-01,6.82E-01,6.58E-01,7.35E-01,6.79E-01,7.16E-01,5.87E-01,6.76E-01,7.76E-01,7.16E-01,6.87E-01,7.52E-01,5.36E-01,5.39E-01,7.86E-01,6.56E-01,5.47E-01,6.78E-01,6.41E-01,7.21E-01,6.08E-01,6.21E-01,6.79E-01,6.76E-01,6.36E-01,6.16E-01,5.89E-01,5.57E-01,5.18E-01,5.42E-01,6.59E-01,6.97E-01,6.74E-01,6.40E-01,6.36E-01,6.33E-01,6.73E-01,6.85E-01,6.44E-01,6.61E-01,6.95E-01,6.93E-01,5.86E-01,6.14E-01,6.90E-01,6.46E-01,6.25E-01,7.05E-01,5.80E-01,6.54E-01,6.33E-01,7.08E-01,6.98E-01,6.10E-01,6.36E-01,6.11E-01,6.84E-01,6.45E-01,6.18E-01,7.45E-01,6.74E-01,6.59E-01,6.42E-01,5.87E-01,6.88E-01,6.48E-01,6.64E-01,7.04E-01,6.57E-01,7.11E-01,6.45E-01,5.56E-01,6.33E-01,6.74E-01,6.22E-01,6.59E-01,6.30E-01,6.93E-01,6.38E-01,6.66E-01,6.23E-01,5.94E-01,6.10E-01,7.22E-01,6.52E-01,6.96E-01,7.04E-01,6.49E-01,6.12E-01,6.77E-01,6.57E-01,7.10E-01,7.14E-01,6.36E-01,7.46E-01,6.13E-01,6.98E-01,7.70E-01,6.33E-01,5.84E-01,7.17E-01,7.13E-01,6.42E-01,7.73E-01,7.80E-01,7.75E-01,6.78E-01,6.83E-01,6.47E-01,6.68E-01,6.21E-01,6.86E-01,6.79E-01,7.76E-01,7.91E-01,6.83E-01,7.45E-01,7.06E-01,6.83E-01,6.14E-01,7.98E-01,5.34E-01,6.42E-01,7.48E-01,6.87E-01,6.67E-01,6.87E-01,6.73E-01,7.21E-01,6.65E-01,6.38E-01,6.50E-01,5.80E-01,6.73E-01,6.58E-01,5.89E-01,6.72E-01,7.16E-01,6.44E-01,6.54E-01,7.22E-01,5.99E-01,6.68E-01,7.10E-01,6.77E-01,6.22E-01,6.93E-01,6.88E-01,6.72E-01,6.88E-01,6.69E-01,6.61E-01,6.30E-01,6.44E-01,6.21E-01,6.61E-01,7.26E-01,6.62E-01,6.64E-01,7.71E-01
021_S_0159,3.77E-01,3.41E-01,5.37E-01,5.08E-01,5.57E-01,6.27E-01,6.13E-01,6.64E-01,5.80E-01,6.89E-01,6.31E-01,5.67E-01,6.14E-01,4.52E-01,5.47E-01,5.37E-01,4.98E-01,5.90E-01,5.93E-01,5.83E-01,6.66E-01,6.23E-01,6.74E-01,5.98E-01,6.32E-01,6.44E-01,6.22E-01,5.78E-01,6.26E-01,5.73E-01,6.70E-01,6.60E-01,5.12E-01,4.94E-01,6.44E-01,6.70E-01,5.47E-01,5.54E-01,7.03E-01,6.62E-01,7.88E-01,6.73E-01,6.64E-01,7.17E-01,6.96E-01,7.06E-01,5.96E-01,6.96E-01,7.67E-01,6.95E-01,6.63E-01,7.16E-01,5.24E-01,5.45E-01,7.44E-01,6.34E-01,5.30E-01,6.77E-01,6.51E-01,6.97E-01,6.11E-01,6.09E-01,6.66E-01,6.48E-01,6.36E-01,6.03E-01,6.01E-01,5.24E-01,5.30E-01,5.42E-01,6.58E-01,6.88E-01,6.43E-01,6.37E-01,6.31E-01,6.57E-01,6.56E-01,6.79E-01,6.54E-01,6.50E-01,6.75E-01,6.75E-01,5.87E-01,6.21E-01,6.94E-01,6.49E-01,6.01E-01,7.07E-01,6.01E-01,6.85E-01,6.42E-01,6.85E-01,6.78E-01,5.77E-01,6.38E-01,5.75E-01,6.69E-01,6.15E-01,5.92E-01,7.60E-01,6.66E-01,6.73E-01,6.45E-01,5.95E-01,6.71E-01,6.49E-01,6.47E-01,6.92E-01,6.35E-01,6.58E-01,6.31E-01,5.56E-01,6.20E-01,6.86E-01,6.44E-01,6.49E-01,6.42E-01,7.08E-01,6.49E-01,7.26E-01,5.84E-01,6.14E-01,6.08E-01,6.79E-01,6.10E-01,6.57E-01,6.92E-01,6.45E-01,5.54E-01,6.72E-01,6.48E-01,6.70E-01,7.00E-01,6.30E-01,7.47E-01,6.27E-01,6.80E-01,7.69E-01,6.08E-01,5.88E-01,7.29E-01,7.13E-01,6.49E-01,7.62E-01,7.74E-01,7.74E-01,6.96E-01,6.87E-01,6.55E-01,6.89E-01,6.45E-01,6.91E-01,6.88E-01,7.44E-01,7.74E-01,6.65E-01,7.18E-01,6.58E-01,6.67E-01,6.11E-01,7.64E-01,5.53E-01,6.26E-01,7.28E-01,6.82E-01,6.80E-01,6.88E-01,6.54E-01,6.88E-01,6.36E-01,6.52E-01,6.40E-01,5.17E-01,6.64E-01,6.80E-01,5.99E-01,6.44E-01,7.32E-01,7.04E-01,6.80E-01,7.16E-01,5.80E-01,6.58E-01,6.50E-01,6.91E-01,5.96E-01,6.74E-01,6.68E-01,6.75E-01,6.60E-01,6.51E-01,6.66E-01,6.03E-01,6.47E-01,5.36E-01,6.36E-01,7.14E-01,6.31E-01,6.18E-01,7.47E-01
021_S_0984,3.64E-01,3.34E-01,5.31E-01,5.05E-01,5.43E-01,6.20E-01,6.11E-01,6.53E-01,5.75E-01,6.78E-01,6.18E-01,5.51E-01,6.22E-01,4.49E-01,5.54E-01,5.40E-01,4.91E-01,5.82E-01,6.01E-01,5.93E-01,6.55E-01,6.06E-01,6.68E-01,5.81E-01,6.20E-01,6.19E-01,6.13E-01,5.89E-01,6.29E-01,5.60E-01,6.53E-01,6.47E-01,5.12E-01,4.95E-01,6.21E-01,6.75E-01,5.49E-01,5.46E-01,7.13E-01,6.53E-01,7.59E-01,6.53E-01,6.52E-01,7.12E-01,6.86E-01,6.98E-01,6.02E-01,6.89E-01,7.39E-01,6.89E-01,6.63E-01,7.36E-01,5.12E-01,5.37E-01,7.62E-01,6.44E-01,5.27E-01,6.64E-01,6.39E-01,6.98E-01,6.00E-01,6.06E-01,6.83E-01,6.56E-01,6.15E-01,6.02E-01,5.73E-01,5.45E-01,5.24E-01,5.27E-01,6.58E-01,6.81E-01,6.68E-01,6.24E-01,6.20E-01,6.68E-01,6.74E-01,6.81E-01,6.44E-01,6.51E-01,6.77E-01,6.92E-01,5.55E-01,6.08E-01,6.76E-01,6.26E-01,6.14E-01,6.92E-01,5.86E-01,6.75E-01,6.23E-01,6.94E-01,6.84E-01,6.02E-01,6.23E-01,6.04E-01,6.63E-01,6.37E-01,5.96E-01,7.59E-01,6.57E-01,6.57E-01,6.37E-01,5.91E-01,6.70E-01,6.39E-01,6.65E-01,7.11E-01,6.41E-01,6.49E-01,6.38E-01,5.55E-01,6.08E-01,6.48E-01,6.52E-01,6.50E-01,6.00E-01,6.78E-01,6.38E-01,6.74E-01,6.04E-01,6.11E-01,6.08E-01,6.88E-01,6.06E-01,6.71E-01,6.93E-01,6.50E-01,5.57E-01,6.41E-01,6.44E-01,6.85E-01,6.78E-01,6.41E-01,7.56E-01,5.98E-01,6.96E-01,7.64E-01,6.38E-01,5.94E-01,7.21E-01,7.03E-01,6.49E-01,7.57E-01,7.62E-01,7.72E-01,6.72E-01,6.99E-01,6.68E-01,6.73E-01,6.12E-01,6.84E-01,6.76E-01,7.58E-01,7.69E-01,6.73E-01,7.31E-01,6.82E-01,6.69E-01,6.03E-01,7.83E-01,5.18E-01,6.29E-01,7.32E-01,6.34E-01,6.78E-01,6.90E-01,6.67E-01,6.90E-01,6.26E-01,6.37E-01,6.32E-01,5.69E-01,6.36E-01,6.83E-01,6.05E-01,6.65E-01,7.25E-01,6.70E-01,6.68E-01,7.21E-01,6.00E-01,6.58E-01,6.92E-01,6.68E-01,6.13E-01,6.93E-01,6.75E-01,6.73E-01,6.62E-01,6.68E-01,6.62E-01,6.15E-01,6.36E-01,5.43E-01,6.59E-01,7.06E-01,6.45E-01,6.39E-01,7.48E-01
021_S_1109,3.66E-01,3.35E-01,5.31E-01,5.01E-01,5.47E-01,6.25E-01,6.16E-01,6.65E-01,5.88E-01,7.03E-01,6.33E-01,5.69E-01,6.25E-01,4.42E-01,5.34E-01,5.35E-01,5.12E-01,5.59E-01,6.11E-01,5.81E-01,6.77E-01,6.21E-01,6.80E-01,5.97E-01,6.38E-01,6.41E-01,6.17E-01,5.63E-01,6.26E-01,5.78E-01,6.73E-01,6.75E-01,5.23E-01,5.01E-01,6.24E-01,6.65E-01,5.42E-01,5.44E-01,7.12E-01,6.44E-01,7.82E-01,6.65E-01,6.51E-01,7.16E-01,6.91E-01,7.01E-01,5.84E-01,6.87E-01,7.65E-01,6.98E-01,6.81E-01,7.35E-01,4.82E-01,5.39E-01,7.77E-01,6.60E-01,5.44E-01,6.59E-01,6.79E-01,7.09E-01,5.64E-01,6.04E-01,6.83E-01,6.39E-01,6.23E-01,6.12E-01,5.71E-01,5.29E-01,5.13E-01,5.23E-01,6.33E-01,6.92E-01,6.62E-01,6.35E-01,6.42E-01,6.69E-01,6.79E-01,6.99E-01,6.54E-01,6.51E-01,6.65E-01,6.71E-01,5.68E-01,6.18E-01,6.80E-01,6.46E-01,6.09E-01,6.92E-01,5.59E-01,6.60E-01,6.22E-01,7.08E-01,6.88E-01,5.84E-01,6.23E-01,5.87E-01,6.80E-01,6.27E-01,6.08E-01,7.56E-01,6.73E-01,6.72E-01,6.56E-01,5.98E-01,6.78E-01,6.61E-01,6.87E-01,7.23E-01,6.72E-01,6.82E-01,6.36E-01,5.48E-01,5.97E-01,6.42E-01,6.17E-01,6.44E-01,6.31E-01,6.89E-01,6.08E-01,6.18E-01,5.99E-01,5.69E-01,5.90E-01,7.03E-01,6.17E-01,6.79E-01,6.99E-01,6.46E-01,5.61E-01,6.61E-01,6.45E-01,6.98E-01,7.31E-01,6.38E-01,7.49E-01,5.97E-01,6.86E-01,7.53E-01,6.04E-01,5.88E-01,7.06E-01,7.05E-01,6.47E-01,7.73E-01,7.82E-01,7.72E-01,6.92E-01,6.87E-01,6.51E-01,6.42E-01,5.90E-01,7.04E-01,6.57E-01,7.64E-01,7.73E-01,6.88E-01,7.24E-01,6.96E-01,6.64E-01,5.80E-01,7.90E-01,5.02E-01,6.15E-01,7.37E-01,6.78E-01,6.70E-01,6.65E-01,6.70E-01,6.98E-01,6.66E-01,6.42E-01,6.32E-01,5.34E-01,6.94E-01,6.81E-01,5.78E-01,6.53E-01,7.21E-01,6.60E-01,6.39E-01,7.23E-01,5.82E-01,6.82E-01,6.82E-01,6.50E-01,6.29E-01,6.71E-01,6.64E-01,6.62E-01,6.74E-01,6.53E-01,6.50E-01,5.98E-01,6.58E-01,6.13E-01,6.62E-01,7.18E-01,6.48E-01,6.59E-01,7.68E-01
021_S_4718,3.83E-01,3.47E-01,5.57E-01,5.33E-01,5.76E-01,6.18E-01,6.23E-01,6.58E-01,5.86E-01,6.84E-01,6.28E-01,5.78E-01,6.14E-01,4.44E-01,5.36E-01,5.21E-01,4.85E-01,5.76E-01,5.83E-01,5.84E-01,6.64E-01,6.16E-01,6.67E-01,5.99E-01,6.32E-01,6.31E-01,6.06E-01,5.54E-01,6.27E-01,5.79E-01,6.73E-01,6.43E-01,5.39E-01,4.66E-01,6.23E-01,6.60E-01,5.41E-01,5.49E-01,6.82E-01,6.36E-01,7.62E-01,6.62E-01,6.42E-01,7.11E-01,6.54E-01,7.00E-01,5.91E-01,6.82E-01,7.60E-01,6.89E-01,6.57E-01,7.23E-01,5.13E-01,5.32E-01,7.55E-01,6.33E-01,5.62E-01,6.58E-01,6.53E-01,6.90E-01,5.37E-01,6.01E-01,6.57E-01,6.39E-01,5.99E-01,5.90E-01,5.85E-01,5.15E-01,4.73E-01,5.41E-01,6.37E-01,6.90E-01,6.43E-01,6.29E-01,6.34E-01,6.27E-01,6.54E-01,6.70E-01,6.32E-01,6.66E-01,6.62E-01,6.64E-01,5.64E-01,6.16E-01,6.99E-01,6.40E-01,6.23E-01,6.84E-01,5.75E-01,6.42E-01,5.95E-01,6.79E-01,6.66E-01,5.60E-01,6.05E-01,5.98E-01,6.66E-01,6.30E-01,5.94E-01,7.43E-01,6.73E-01,6.64E-01,6.39E-01,5.85E-01,6.54E-01,6.01E-01,6.51E-01,6.94E-01,6.10E-01,6.43E-01,6.12E-01,5.38E-01,5.52E-01,6.08E-01,5.64E-01,6.04E-01,5.54E-01,6.38E-01,5.64E-01,5.76E-01,5.71E-01,5.50E-01,5.88E-01,6.85E-01,6.01E-01,6.56E-01,6.89E-01,6.23E-01,5.13E-01,6.48E-01,6.35E-01,6.68E-01,6.77E-01,6.07E-01,7.23E-01,5.66E-01,6.68E-01,7.29E-01,5.95E-01,5.81E-01,6.75E-01,6.79E-01,6.37E-01,7.53E-01,7.81E-01,7.60E-01,6.51E-01,6.63E-01,6.10E-01,6.05E-01,5.67E-01,6.74E-01,6.79E-01,7.55E-01,7.51E-01,6.67E-01,7.28E-01,6.99E-01,6.78E-01,6.11E-01,7.76E-01,5.48E-01,6.35E-01,7.09E-01,6.41E-01,6.58E-01,6.17E-01,6.26E-01,7.10E-01,6.26E-01,6.49E-01,5.94E-01,4.93E-01,6.52E-01,6.50E-01,5.26E-01,6.44E-01,7.17E-01,5.98E-01,6.40E-01,7.06E-01,5.34E-01,6.50E-01,6.59E-01,6.58E-01,5.91E-01,6.66E-01,6.62E-01,6.64E-01,6.54E-01,6.80E-01,6.56E-01,6.04E-01,6.03E-01,5.69E-01,6.35E-01,7.42E-01,6.33E-01,6.46E-01,7.44E-01
021_S_4924,3.76E-01,3.52E-01,5.49E-01,5.25E-01,5.47E-01,6.34E-01,6.18E-01,6.70E-01,5.93E-01,7.06E-01,6.32E-01,5.68E-01,6.15E-01,4.35E-01,5.47E-01,5.34E-01,4.86E-01,5.59E-01,5.79E-01,5.87E-01,6.71E-01,6.24E-01,6.73E-01,5.96E-01,6.28E-01,6.35E-01,6.06E-01,5.53E-01,6.29E-01,5.76E-01,6.55E-01,6.46E-01,5.35E-01,4.89E-01,6.33E-01,6.70E-01,5.67E-01,5.50E-01,6.86E-01,6.35E-01,7.79E-01,6.64E-01,6.53E-01,7.19E-01,6.67E-01,7.10E-01,5.96E-01,6.78E-01,7.59E-01,6.90E-01,6.73E-01,7.30E-01,5.27E-01,5.32E-01,7.62E-01,6.51E-01,5.30E-01,6.22E-01,6.29E-01,6.46E-01,5.82E-01,5.99E-01,6.48E-01,6.39E-01,5.76E-01,6.01E-01,5.66E-01,5.36E-01,4.87E-01,5.25E-01,6.41E-01,6.82E-01,6.49E-01,6.21E-01,6.21E-01,5.85E-01,6.52E-01,6.74E-01,6.32E-01,6.62E-01,6.70E-01,6.87E-01,5.74E-01,6.13E-01,6.50E-01,6.46E-01,5.95E-01,6.81E-01,5.74E-01,6.36E-01,5.96E-01,6.91E-01,6.72E-01,5.90E-01,5.96E-01,5.81E-01,6.85E-01,6.53E-01,6.06E-01,7.58E-01,6.66E-01,6.50E-01,6.38E-01,5.74E-01,6.75E-01,6.28E-01,6.55E-01,7.10E-01,6.32E-01,6.68E-01,5.98E-01,5.28E-01,5.75E-01,6.30E-01,5.87E-01,6.17E-01,5.82E-01,6.63E-01,6.23E-01,6.30E-01,5.76E-01,5.48E-01,5.71E-01,6.79E-01,5.85E-01,6.58E-01,6.82E-01,6.37E-01,5.22E-01,6.50E-01,6.40E-01,6.64E-01,6.59E-01,5.96E-01,7.05E-01,5.65E-01,6.44E-01,7.01E-01,5.75E-01,5.66E-01,6.76E-01,6.84E-01,6.25E-01,7.69E-01,7.68E-01,7.66E-01,6.73E-01,6.74E-01,6.33E-01,6.09E-01,5.92E-01,6.82E-01,6.64E-01,7.44E-01,7.50E-01,6.89E-01,7.56E-01,7.02E-01,6.98E-01,5.96E-01,7.79E-01,5.40E-01,6.51E-01,7.29E-01,6.56E-01,6.47E-01,6.64E-01,6.41E-01,6.84E-01,6.46E-01,6.24E-01,6.21E-01,5.27E-01,6.46E-01,6.58E-01,5.50E-01,6.62E-01,7.09E-01,6.32E-01,6.29E-01,6.95E-01,5.42E-01,6.50E-01,6.39E-01,6.27E-01,5.81E-01,7.19E-01,6.76E-01,6.64E-01,6.26E-01,6.77E-01,6.22E-01,6.10E-01,5.95E-01,5.99E-01,6.68E-01,7.03E-01,6.35E-01,6.05E-01,7.30E-01
022_S_0014,3.85E-01,3.52E-01,5.48E-01,5.29E-01,5.68E-01,6.37E-01,6.27E-01,6.76E-01,6.03E-01,7.12E-01,6.42E-01,5.84E-01,6.41E-01,4.72E-01,5.75E-01,5.73E-01,5.16E-01,6.07E-01,6.26E-01,6.01E-01,6.88E-01,6.44E-01,6.92E-01,6.08E-01,6.52E-01,6.45E-01,6.29E-01,5.90E-01,6.48E-01,5.84E-01,6.83E-01,6.75E-01,5.32E-01,5.57E-01,6.63E-01,6.87E-01,5.71E-01,5.55E-01,7.31E-01,6.55E-01,7.89E-01,6.92E-01,6.71E-01,7.29E-01,7.06E-01,7.24E-01,6.07E-01,7.10E-01,7.78E-01,7.22E-01,7.02E-01,7.67E-01,5.49E-01,5.42E-01,7.97E-01,6.64E-01,5.43E-01,6.71E-01,6.60E-01,7.19E-01,6.07E-01,6.28E-01,7.00E-01,6.74E-01,6.41E-01,6.19E-01,5.87E-01,5.65E-01,5.08E-01,5.49E-01,6.81E-01,7.03E-01,6.73E-01,6.48E-01,6.43E-01,6.87E-01,6.80E-01,7.03E-01,6.68E-01,6.87E-01,6.95E-01,7.21E-01,6.10E-01,6.17E-01,6.88E-01,6.56E-01,6.29E-01,7.19E-01,5.98E-01,6.98E-01,6.40E-01,7.20E-01,6.95E-01,6.02E-01,6.34E-01,5.99E-01,6.84E-01,6.42E-01,6.13E-01,7.64E-01,6.80E-01,6.77E-01,6.58E-01,6.12E-01,6.85E-01,6.57E-01,6.70E-01,7.26E-01,6.68E-01,6.76E-01,6.58E-01,5.74E-01,6.36E-01,6.70E-01,6.47E-01,6.88E-01,6.16E-01,6.96E-01,6.28E-01,6.78E-01,6.31E-01,6.15E-01,6.24E-01,7.34E-01,6.48E-01,7.06E-01,7.17E-01,6.85E-01,5.92E-01,6.70E-01,6.50E-01,7.11E-01,7.11E-01,6.38E-01,7.71E-01,6.54E-01,7.10E-01,7.64E-01,6.45E-01,5.87E-01,7.31E-01,7.25E-01,6.71E-01,7.97E-01,7.89E-01,7.96E-01,7.02E-01,7.15E-01,6.95E-01,6.73E-01,6.34E-01,7.26E-01,7.05E-01,7.80E-01,7.94E-01,7.09E-01,7.75E-01,7.24E-01,7.20E-01,6.23E-01,8.33E-01,5.63E-01,6.53E-01,7.46E-01,6.68E-01,6.99E-01,7.04E-01,7.17E-01,6.96E-01,6.73E-01,6.48E-01,6.53E-01,5.88E-01,6.96E-01,7.08E-01,6.12E-01,7.06E-01,7.35E-01,6.68E-01,6.72E-01,7.37E-01,6.26E-01,7.00E-01,7.11E-01,6.63E-01,6.54E-01,7.21E-01,7.04E-01,6.99E-01,6.95E-01,6.98E-01,6.75E-01,6.26E-01,6.38E-01,5.85E-01,6.83E-01,7.24E-01,6.56E-01,6.60E-01,7.70E-01
022_S_0066,3.84E-01,3.52E-01,5.49E-01,5.17E-01,5.57E-01,6.32E-01,6.23E-01,6.74E-01,5.90E-01,7.09E-01,6.35E-01,5.71E-01,6.33E-01,4.56E-01,5.64E-01,5.58E-01,5.39E-01,5.87E-01,6.22E-01,6.01E-01,6.70E-01,6.22E-01,6.76E-01,6.06E-01,6.41E-01,6.39E-01,6.32E-01,5.79E-01,6.40E-01,5.78E-01,6.68E-01,6.64E-01,5.12E-01,5.25E-01,6.43E-01,6.52E-01,5.73E-01,5.32E-01,7.12E-01,6.39E-01,7.90E-01,6.75E-01,6.63E-01,7.17E-01,6.90E-01,7.07E-01,6.19E-01,6.92E-01,7.66E-01,6.99E-01,6.64E-01,7.26E-01,5.20E-01,5.31E-01,7.78E-01,6.46E-01,5.45E-01,6.76E-01,6.79E-01,7.01E-01,5.98E-01,6.06E-01,6.79E-01,6.76E-01,6.06E-01,6.10E-01,5.83E-01,5.34E-01,5.11E-01,5.44E-01,6.45E-01,6.74E-01,6.70E-01,6.37E-01,6.38E-01,6.65E-01,6.73E-01,6.87E-01,6.49E-01,6.30E-01,6.71E-01,7.06E-01,5.79E-01,6.10E-01,6.76E-01,6.40E-01,6.17E-01,7.13E-01,6.09E-01,6.84E-01,6.36E-01,6.78E-01,6.44E-01,5.86E-01,6.21E-01,6.00E-01,6.78E-01,6.39E-01,6.05E-01,7.72E-01,6.68E-01,6.64E-01,6.53E-01,6.01E-01,6.79E-01,6.53E-01,6.52E-01,6.81E-01,6.55E-01,6.76E-01,6.44E-01,5.58E-01,6.51E-01,6.64E-01,6.25E-01,6.75E-01,6.66E-01,6.94E-01,6.30E-01,6.55E-01,6.28E-01,5.90E-01,6.23E-01,7.02E-01,6.43E-01,6.90E-01,7.13E-01,6.48E-01,5.89E-01,6.44E-01,6.56E-01,7.13E-01,6.87E-01,6.32E-01,7.42E-01,6.31E-01,6.86E-01,7.65E-01,6.38E-01,5.99E-01,7.16E-01,7.07E-01,6.11E-01,7.93E-01,7.70E-01,7.81E-01,6.91E-01,6.87E-01,6.57E-01,6.56E-01,6.21E-01,7.15E-01,6.77E-01,7.54E-01,7.78E-01,6.81E-01,7.42E-01,6.83E-01,6.70E-01,6.31E-01,7.94E-01,5.28E-01,6.32E-01,7.35E-01,6.46E-01,6.51E-01,6.86E-01,6.34E-01,7.12E-01,6.74E-01,6.43E-01,6.33E-01,5.87E-01,6.66E-01,6.62E-01,6.01E-01,6.76E-01,7.36E-01,6.65E-01,6.73E-01,7.42E-01,5.99E-01,6.78E-01,6.96E-01,6.40E-01,6.30E-01,6.81E-01,6.77E-01,6.79E-01,6.70E-01,6.64E-01,6.85E-01,6.31E-01,6.63E-01,5.94E-01,6.38E-01,7.32E-01,6.49E-01,6.64E-01,7.71E-01
022_S_0096,3.72E-01,3.38E-01,5.34E-01,5.01E-01,5.49E-01,6.15E-01,6.17E-01,6.64E-01,5.85E-01,6.92E-01,6.29E-01,5.59E-01,6.21E-01,4.60E-01,5.59E-01,5.48E-01,5.04E-01,5.91E-01,6.17E-01,6.03E-01,6.72E-01,6.17E-01,6.77E-01,5.81E-01,6.34E-01,6.37E-01,6.04E-01,5.68E-01,6.26E-01,5.86E-01,6.67E-01,6.67E-01,5.04E-01,5.20E-01,6.39E-01,6.68E-01,5.55E-01,5.51E-01,7.17E-01,6.43E-01,7.77E-01,6.70E-01,6.42E-01,7.14E-01,6.91E-01,6.89E-01,5.90E-01,6.93E-01,7.60E-01,6.93E-01,6.77E-01,7.42E-01,5.14E-01,5.42E-01,7.78E-01,6.49E-01,5.41E-01,6.56E-01,6.47E-01,7.04E-01,6.08E-01,6.00E-01,6.79E-01,6.57E-01,6.18E-01,5.96E-01,5.79E-01,5.33E-01,5.36E-01,5.49E-01,6.46E-01,6.97E-01,6.69E-01,6.31E-01,6.38E-01,6.67E-01,6.68E-01,6.75E-01,6.55E-01,6.46E-01,6.83E-01,6.78E-01,5.89E-01,6.11E-01,6.82E-01,6.22E-01,6.11E-01,6.99E-01,5.94E-01,7.14E-01,6.53E-01,6.76E-01,6.79E-01,5.93E-01,6.18E-01,5.85E-01,6.59E-01,6.25E-01,5.99E-01,7.50E-01,6.56E-01,6.79E-01,6.42E-01,5.95E-01,6.90E-01,6.49E-01,6.48E-01,7.00E-01,6.36E-01,6.50E-01,6.40E-01,5.58E-01,6.17E-01,6.43E-01,6.58E-01,6.52E-01,6.16E-01,6.98E-01,6.29E-01,6.65E-01,6.30E-01,6.11E-01,6.33E-01,7.02E-01,6.20E-01,6.69E-01,6.82E-01,6.19E-01,5.78E-01,6.56E-01,6.47E-01,6.88E-01,6.93E-01,6.04E-01,7.42E-01,6.12E-01,7.01E-01,7.56E-01,6.19E-01,6.00E-01,7.30E-01,7.02E-01,6.42E-01,7.68E-01,7.72E-01,7.65E-01,6.91E-01,6.95E-01,6.61E-01,6.80E-01,6.00E-01,6.92E-01,6.99E-01,7.66E-01,7.86E-01,6.61E-01,7.40E-01,7.00E-01,6.86E-01,6.34E-01,8.03E-01,5.34E-01,6.38E-01,7.35E-01,6.88E-01,6.76E-01,6.93E-01,6.68E-01,6.93E-01,6.42E-01,6.57E-01,6.46E-01,5.66E-01,7.04E-01,6.70E-01,5.92E-01,6.76E-01,7.07E-01,6.94E-01,6.74E-01,7.25E-01,6.03E-01,6.61E-01,6.87E-01,6.96E-01,6.16E-01,6.84E-01,6.58E-01,6.85E-01,6.67E-01,6.76E-01,6.83E-01,6.36E-01,6.42E-01,5.57E-01,6.42E-01,7.19E-01,6.32E-01,6.56E-01,7.66E-01
022_S_0130,3.79E-01,3.51E-01,5.47E-01,5.23E-01,5.54E-01,6.37E-01,6.19E-01,6.83E-01,5.93E-01,7.19E-01,6.45E-01,5.73E-01,6.41E-01,4.86E-01,5.72E-01,5.64E-01,5.13E-01,5.90E-01,6.17E-01,6.13E-01,6.96E-01,6.43E-01,6.93E-01,6.29E-01,6.50E-01,6.53E-01,6.05E-01,5.92E-01,6.41E-01,5.82E-01,6.83E-01,6.77E-01,5.15E-01,5.12E-01,6.65E-01,6.89E-01,5.57E-01,5.39E-01,7.24E-01,6.59E-01,8.05E-01,6.85E-01,6.71E-01,7.33E-01,7.04E-01,7.22E-01,6.07E-01,6.98E-01,7.70E-01,7.16E-01,6.77E-01,7.55E-01,5.17E-01,5.38E-01,7.85E-01,6.63E-01,5.41E-01,6.62E-01,6.49E-01,7.20E-01,6.03E-01,6.14E-01,6.90E-01,6.76E-01,6.53E-01,6.27E-01,5.94E-01,5.61E-01,5.41E-01,5.44E-01,6.69E-01,7.01E-01,6.77E-01,6.49E-01,6.47E-01,6.85E-01,6.93E-01,7.00E-01,6.71E-01,6.82E-01,6.85E-01,7.15E-01,5.96E-01,6.10E-01,6.90E-01,6.56E-01,6.34E-01,7.19E-01,6.29E-01,6.96E-01,6.42E-01,7.06E-01,7.00E-01,6.00E-01,6.29E-01,6.00E-01,6.87E-01,6.47E-01,6.22E-01,7.57E-01,6.77E-01,6.67E-01,6.45E-01,5.99E-01,7.03E-01,6.54E-01,6.70E-01,7.10E-01,6.65E-01,6.94E-01,6.64E-01,5.47E-01,6.30E-01,6.68E-01,6.52E-01,6.75E-01,6.25E-01,7.04E-01,6.51E-01,6.74E-01,6.30E-01,5.96E-01,6.33E-01,7.25E-01,6.54E-01,7.01E-01,7.26E-01,6.70E-01,6.14E-01,6.81E-01,6.52E-01,7.23E-01,6.93E-01,6.35E-01,7.47E-01,5.98E-01,7.06E-01,7.76E-01,6.28E-01,5.84E-01,7.35E-01,7.33E-01,6.82E-01,7.89E-01,8.05E-01,7.62E-01,7.04E-01,7.04E-01,6.72E-01,6.68E-01,6.45E-01,7.11E-01,6.99E-01,7.80E-01,7.94E-01,6.98E-01,7.64E-01,7.10E-01,7.05E-01,6.20E-01,8.11E-01,5.55E-01,6.63E-01,7.54E-01,7.18E-01,7.07E-01,6.92E-01,6.97E-01,7.25E-01,6.84E-01,6.57E-01,6.62E-01,5.92E-01,6.94E-01,6.94E-01,6.13E-01,7.05E-01,7.40E-01,6.64E-01,6.73E-01,7.38E-01,6.07E-01,6.90E-01,7.13E-01,6.88E-01,6.46E-01,7.12E-01,7.03E-01,6.97E-01,6.99E-01,6.88E-01,6.85E-01,6.41E-01,6.62E-01,6.21E-01,6.78E-01,7.35E-01,6.95E-01,6.74E-01,7.68E-01
022_S_0219,4.03E-01,3.73E-01,5.64E-01,5.29E-01,5.71E-01,6.32E-01,6.33E-01,6.77E-01,6.01E-01,7.05E-01,6.50E-01,5.80E-01,6.30E-01,4.92E-01,5.79E-01,5.74E-01,5.30E-01,5.91E-01,6.25E-01,6.01E-01,6.79E-01,6.14E-01,6.71E-01,5.86E-01,6.45E-01,6.47E-01,6.07E-01,5.78E-01,6.44E-01,6.05E-01,6.76E-01,6.55E-01,5.35E-01,5.03E-01,6.56E-01,6.79E-01,5.80E-01,5.83E-01,6.93E-01,6.47E-01,7.91E-01,6.69E-01,6.60E-01,7.22E-01,6.80E-01,7.09E-01,6.02E-01,7.00E-01,7.71E-01,7.04E-01,6.61E-01,7.32E-01,5.31E-01,5.41E-01,7.74E-01,6.49E-01,5.45E-01,6.87E-01,6.74E-01,7.12E-01,5.80E-01,5.86E-01,6.77E-01,6.48E-01,6.25E-01,6.27E-01,5.93E-01,5.40E-01,5.62E-01,5.58E-01,6.56E-01,6.98E-01,6.69E-01,6.47E-01,6.35E-01,6.46E-01,6.61E-01,6.76E-01,6.48E-01,6.80E-01,6.78E-01,6.91E-01,5.80E-01,6.20E-01,6.85E-01,6.43E-01,6.19E-01,7.10E-01,5.98E-01,6.67E-01,6.23E-01,6.82E-01,6.89E-01,6.00E-01,6.14E-01,6.03E-01,6.57E-01,6.26E-01,5.96E-01,7.50E-01,6.68E-01,6.80E-01,6.44E-01,6.04E-01,6.74E-01,6.31E-01,6.42E-01,6.89E-01,6.27E-01,6.34E-01,6.13E-01,5.82E-01,6.00E-01,6.46E-01,5.93E-01,6.35E-01,5.98E-01,6.85E-01,6.24E-01,6.49E-01,6.14E-01,5.64E-01,6.36E-01,6.84E-01,6.09E-01,6.61E-01,6.94E-01,6.47E-01,5.74E-01,6.67E-01,6.56E-01,6.74E-01,6.91E-01,6.37E-01,7.50E-01,6.16E-01,6.99E-01,7.65E-01,6.27E-01,6.06E-01,6.86E-01,6.94E-01,6.32E-01,7.61E-01,7.70E-01,7.75E-01,6.79E-01,6.79E-01,6.25E-01,6.49E-01,5.99E-01,6.84E-01,6.81E-01,7.64E-01,7.57E-01,6.87E-01,7.41E-01,6.89E-01,6.95E-01,6.21E-01,7.72E-01,5.50E-01,6.46E-01,6.97E-01,6.81E-01,6.92E-01,6.69E-01,6.66E-01,6.88E-01,6.55E-01,6.48E-01,6.37E-01,5.65E-01,6.78E-01,6.72E-01,6.05E-01,6.77E-01,7.28E-01,6.50E-01,6.73E-01,7.13E-01,5.63E-01,6.62E-01,6.63E-01,6.24E-01,5.74E-01,6.89E-01,6.65E-01,6.72E-01,6.65E-01,6.69E-01,6.61E-01,6.18E-01,6.21E-01,5.43E-01,6.26E-01,7.15E-01,6.41E-01,6.48E-01,7.52E-01
022_S_0543,3.82E-01,3.44E-01,5.31E-01,5.07E-01,5.50E-01,6.23E-01,6.24E-01,6.71E-01,5.92E-01,7.20E-01,6.39E-01,5.74E-01,6.13E-01,4.66E-01,5.49E-01,5.54E-01,4.86E-01,5.62E-01,5.96E-01,6.06E-01,6.72E-01,6.19E-01,6.69E-01,5.95E-01,6.36E-01,6.39E-01,6.06E-01,5.67E-01,6.39E-01,5.77E-01,6.66E-01,6.53E-01,5.24E-01,5.00E-01,6.37E-01,6.70E-01,5.59E-01,5.52E-01,6.85E-01,6.51E-01,7.84E-01,6.77E-01,6.47E-01,7.17E-01,6.66E-01,6.86E-01,6.03E-01,6.91E-01,7.70E-01,6.98E-01,6.78E-01,7.34E-01,5.34E-01,5.42E-01,7.84E-01,6.51E-01,5.31E-01,6.81E-01,6.17E-01,7.03E-01,5.80E-01,5.87E-01,6.56E-01,6.73E-01,6.05E-01,6.10E-01,5.84E-01,5.26E-01,5.23E-01,5.44E-01,6.44E-01,6.75E-01,6.39E-01,6.31E-01,6.27E-01,6.34E-01,6.56E-01,6.82E-01,6.37E-01,6.55E-01,6.76E-01,6.93E-01,5.95E-01,6.08E-01,6.73E-01,6.52E-01,6.45E-01,7.00E-01,5.84E-01,6.60E-01,5.85E-01,6.85E-01,6.62E-01,5.79E-01,6.18E-01,6.04E-01,6.92E-01,6.32E-01,6.09E-01,7.36E-01,6.57E-01,6.65E-01,6.31E-01,5.86E-01,6.77E-01,6.36E-01,6.53E-01,7.14E-01,6.32E-01,6.76E-01,6.40E-01,5.55E-01,5.84E-01,6.29E-01,5.86E-01,6.43E-01,5.70E-01,6.33E-01,6.11E-01,6.06E-01,5.94E-01,5.58E-01,5.74E-01,6.77E-01,5.97E-01,6.48E-01,6.81E-01,6.35E-01,5.22E-01,6.52E-01,6.47E-01,6.76E-01,6.96E-01,6.21E-01,7.53E-01,6.03E-01,6.89E-01,7.56E-01,6.05E-01,5.78E-01,6.77E-01,6.90E-01,6.14E-01,7.64E-01,7.61E-01,7.72E-01,6.48E-01,6.62E-01,6.33E-01,6.16E-01,5.75E-01,6.76E-01,6.29E-01,7.52E-01,7.68E-01,6.64E-01,7.49E-01,6.83E-01,6.85E-01,5.78E-01,7.93E-01,5.57E-01,6.33E-01,7.36E-01,6.49E-01,6.74E-01,6.62E-01,6.03E-01,6.81E-01,6.43E-01,6.51E-01,6.47E-01,5.55E-01,6.60E-01,6.68E-01,5.67E-01,6.31E-01,7.19E-01,6.11E-01,6.44E-01,7.03E-01,5.81E-01,6.46E-01,6.78E-01,6.18E-01,5.87E-01,6.78E-01,6.67E-01,6.62E-01,6.55E-01,6.57E-01,6.24E-01,6.06E-01,6.24E-01,5.94E-01,6.44E-01,7.16E-01,6.29E-01,6.33E-01,7.65E-01
023_S_0031,3.70E-01,3.40E-01,5.33E-01,5.15E-01,5.41E-01,6.14E-01,6.19E-01,6.69E-01,5.87E-01,6.83E-01,6.32E-01,5.70E-01,6.27E-01,4.56E-01,5.51E-01,5.54E-01,4.97E-01,5.89E-01,6.13E-01,6.07E-01,6.64E-01,6.19E-01,6.71E-01,6.00E-01,6.36E-01,6.39E-01,5.96E-01,5.82E-01,6.34E-01,5.69E-01,6.70E-01,6.53E-01,5.34E-01,5.15E-01,6.35E-01,6.51E-01,5.50E-01,5.37E-01,7.10E-01,6.43E-01,7.59E-01,6.79E-01,6.55E-01,7.31E-01,6.93E-01,6.91E-01,6.07E-01,6.83E-01,7.49E-01,7.00E-01,6.89E-01,7.47E-01,5.18E-01,5.26E-01,7.96E-01,6.55E-01,5.47E-01,6.68E-01,6.45E-01,7.20E-01,6.00E-01,5.98E-01,6.60E-01,6.62E-01,6.31E-01,6.13E-01,5.70E-01,5.06E-01,5.29E-01,5.48E-01,6.50E-01,6.94E-01,6.68E-01,6.37E-01,6.29E-01,6.59E-01,6.72E-01,6.89E-01,6.59E-01,6.62E-01,6.68E-01,7.04E-01,5.84E-01,6.12E-01,6.77E-01,6.24E-01,6.11E-01,7.01E-01,6.14E-01,6.83E-01,6.35E-01,7.08E-01,6.69E-01,5.88E-01,6.25E-01,5.95E-01,6.62E-01,6.37E-01,5.97E-01,7.49E-01,6.77E-01,6.81E-01,6.45E-01,5.94E-01,6.72E-01,6.49E-01,6.69E-01,7.06E-01,6.56E-01,6.57E-01,6.52E-01,5.62E-01,6.15E-01,6.60E-01,6.28E-01,6.52E-01,6.21E-01,7.04E-01,6.23E-01,6.52E-01,5.99E-01,5.95E-01,6.17E-01,6.99E-01,6.23E-01,6.80E-01,6.97E-01,6.54E-01,5.77E-01,6.62E-01,6.55E-01,6.80E-01,6.98E-01,6.48E-01,7.37E-01,5.92E-01,6.91E-01,7.54E-01,6.23E-01,5.96E-01,7.16E-01,7.09E-01,6.43E-01,7.67E-01,7.72E-01,7.66E-01,6.96E-01,6.99E-01,6.54E-01,6.62E-01,6.35E-01,6.87E-01,6.63E-01,7.56E-01,7.74E-01,6.93E-01,7.54E-01,7.21E-01,6.96E-01,6.06E-01,8.18E-01,5.41E-01,6.41E-01,7.48E-01,6.98E-01,6.88E-01,6.82E-01,6.55E-01,7.02E-01,6.59E-01,6.45E-01,6.35E-01,5.30E-01,6.85E-01,6.80E-01,6.10E-01,6.69E-01,7.22E-01,6.52E-01,6.83E-01,7.27E-01,5.89E-01,6.85E-01,6.90E-01,6.31E-01,6.44E-01,7.11E-01,6.92E-01,6.71E-01,6.66E-01,6.90E-01,6.72E-01,6.20E-01,6.54E-01,5.89E-01,6.73E-01,7.11E-01,6.39E-01,6.60E-01,7.67E-01
023_S_0061,3.65E-01,3.30E-01,5.24E-01,4.92E-01,5.44E-01,6.07E-01,6.11E-01,6.58E-01,5.79E-01,6.82E-01,6.20E-01,5.53E-01,6.10E-01,4.37E-01,5.48E-01,5.33E-01,4.75E-01,5.48E-01,5.92E-01,5.82E-01,6.49E-01,6.06E-01,6.65E-01,5.91E-01,6.24E-01,6.33E-01,5.91E-01,5.53E-01,6.32E-01,5.69E-01,6.58E-01,6.40E-01,5.07E-01,4.83E-01,6.29E-01,6.49E-01,5.42E-01,5.24E-01,6.94E-01,6.46E-01,7.77E-01,6.58E-01,6.28E-01,7.08E-01,6.73E-01,6.91E-01,5.97E-01,6.85E-01,7.55E-01,6.83E-01,6.49E-01,7.31E-01,4.94E-01,5.17E-01,7.64E-01,6.34E-01,5.37E-01,6.73E-01,6.44E-01,6.93E-01,5.58E-01,5.76E-01,6.74E-01,6.50E-01,6.07E-01,5.96E-01,5.67E-01,5.17E-01,5.16E-01,5.20E-01,6.52E-01,6.91E-01,6.59E-01,6.18E-01,6.33E-01,6.40E-01,6.56E-01,6.67E-01,6.53E-01,6.24E-01,6.68E-01,6.67E-01,5.73E-01,5.99E-01,6.71E-01,6.22E-01,6.16E-01,6.78E-01,5.72E-01,6.53E-01,5.95E-01,6.80E-01,6.68E-01,5.57E-01,6.17E-01,5.84E-01,6.55E-01,6.39E-01,6.00E-01,7.44E-01,6.77E-01,6.58E-01,6.36E-01,5.93E-01,6.58E-01,6.49E-01,6.41E-01,7.11E-01,6.25E-01,6.42E-01,6.31E-01,5.49E-01,6.16E-01,6.43E-01,6.16E-01,6.47E-01,6.12E-01,6.66E-01,6.18E-01,5.85E-01,6.05E-01,5.66E-01,6.05E-01,6.66E-01,6.06E-01,6.57E-01,6.82E-01,6.45E-01,5.65E-01,6.43E-01,6.37E-01,6.77E-01,6.89E-01,6.16E-01,7.26E-01,5.80E-01,6.57E-01,7.40E-01,6.19E-01,5.75E-01,6.85E-01,7.11E-01,6.63E-01,7.66E-01,7.63E-01,7.74E-01,6.75E-01,6.74E-01,6.56E-01,6.36E-01,6.13E-01,6.75E-01,6.45E-01,7.37E-01,7.81E-01,6.74E-01,7.28E-01,6.74E-01,6.60E-01,5.81E-01,7.86E-01,5.31E-01,6.26E-01,7.36E-01,6.93E-01,6.70E-01,6.36E-01,6.67E-01,6.87E-01,6.42E-01,6.26E-01,6.30E-01,5.62E-01,6.71E-01,6.72E-01,5.89E-01,6.57E-01,7.24E-01,6.47E-01,6.46E-01,7.28E-01,5.86E-01,6.69E-01,7.16E-01,6.61E-01,6.15E-01,6.43E-01,6.61E-01,6.43E-01,6.57E-01,6.62E-01,6.37E-01,6.13E-01,6.47E-01,5.48E-01,6.55E-01,7.09E-01,6.48E-01,6.61E-01,7.47E-01
023_S_0926,3.98E-01,3.69E-01,5.65E-01,5.39E-01,5.62E-01,6.29E-01,6.31E-01,6.75E-01,5.97E-01,6.94E-01,6.49E-01,5.92E-01,6.41E-01,4.96E-01,5.71E-01,5.82E-01,5.42E-01,6.01E-01,6.31E-01,6.07E-01,6.66E-01,6.48E-01,6.86E-01,6.07E-01,6.58E-01,6.56E-01,6.35E-01,5.83E-01,6.40E-01,5.98E-01,6.78E-01,6.79E-01,5.53E-01,5.51E-01,6.65E-01,7.03E-01,5.84E-01,5.75E-01,7.32E-01,6.56E-01,7.81E-01,6.80E-01,6.76E-01,7.42E-01,7.04E-01,7.15E-01,6.01E-01,7.03E-01,7.76E-01,7.16E-01,6.74E-01,7.55E-01,5.54E-01,5.47E-01,7.78E-01,6.66E-01,5.46E-01,6.90E-01,6.57E-01,7.15E-01,6.18E-01,6.33E-01,6.91E-01,6.69E-01,6.37E-01,6.20E-01,5.91E-01,5.09E-01,5.44E-01,5.56E-01,6.73E-01,7.02E-01,6.85E-01,6.49E-01,6.40E-01,6.94E-01,6.67E-01,6.95E-01,6.81E-01,6.62E-01,7.08E-01,7.03E-01,5.99E-01,6.39E-01,7.06E-01,6.50E-01,6.24E-01,7.26E-01,6.25E-01,7.06E-01,6.71E-01,7.16E-01,6.90E-01,6.18E-01,6.41E-01,6.08E-01,6.59E-01,6.17E-01,6.28E-01,7.66E-01,6.83E-01,6.80E-01,6.51E-01,6.08E-01,6.76E-01,6.55E-01,6.53E-01,7.11E-01,6.57E-01,6.56E-01,6.62E-01,5.82E-01,6.19E-01,6.51E-01,6.60E-01,6.53E-01,6.33E-01,6.85E-01,6.47E-01,6.81E-01,6.31E-01,6.28E-01,6.46E-01,7.07E-01,6.45E-01,6.97E-01,7.10E-01,6.63E-01,6.02E-01,6.66E-01,6.47E-01,6.98E-01,6.96E-01,6.46E-01,7.60E-01,6.10E-01,7.14E-01,7.81E-01,6.62E-01,6.23E-01,7.23E-01,7.06E-01,6.70E-01,7.83E-01,7.75E-01,7.85E-01,7.02E-01,7.15E-01,6.88E-01,6.86E-01,6.28E-01,7.11E-01,6.81E-01,7.64E-01,7.75E-01,7.00E-01,7.48E-01,6.95E-01,6.81E-01,6.57E-01,7.98E-01,5.44E-01,6.45E-01,7.41E-01,6.81E-01,6.90E-01,6.94E-01,6.88E-01,6.99E-01,6.61E-01,6.65E-01,6.43E-01,5.58E-01,6.75E-01,6.76E-01,6.03E-01,7.03E-01,7.31E-01,6.88E-01,6.85E-01,7.25E-01,6.34E-01,6.66E-01,6.97E-01,6.80E-01,6.29E-01,7.02E-01,6.88E-01,7.21E-01,6.71E-01,6.82E-01,6.64E-01,6.36E-01,6.53E-01,5.63E-01,6.46E-01,7.13E-01,6.64E-01,6.86E-01,7.70E-01
023_S_1190,4.04E-01,3.73E-01,5.62E-01,5.47E-01,5.72E-01,6.46E-01,6.39E-01,6.90E-01,6.15E-01,7.13E-01,6.52E-01,5.89E-01,6.39E-01,4.81E-01,5.71E-01,5.73E-01,5.49E-01,5.98E-01,6.31E-01,6.02E-01,6.82E-01,6.43E-01,6.81E-01,6.17E-01,6.42E-01,6.49E-01,6.24E-01,5.93E-01,6.45E-01,6.00E-01,6.84E-01,6.77E-01,5.67E-01,5.45E-01,6.58E-01,6.90E-01,5.83E-01,5.89E-01,7.12E-01,6.74E-01,7.94E-01,6.84E-01,6.69E-01,7.25E-01,6.91E-01,7.02E-01,6.06E-01,6.95E-01,7.74E-01,6.78E-01,6.87E-01,7.49E-01,5.47E-01,5.60E-01,7.79E-01,6.57E-01,5.71E-01,6.82E-01,6.63E-01,7.13E-01,5.65E-01,6.22E-01,6.96E-01,6.76E-01,6.14E-01,6.22E-01,6.02E-01,5.78E-01,5.39E-01,5.51E-01,6.57E-01,6.97E-01,6.66E-01,6.48E-01,6.34E-01,6.30E-01,6.65E-01,6.81E-01,6.69E-01,6.62E-01,6.75E-01,7.02E-01,6.12E-01,6.33E-01,6.94E-01,6.71E-01,6.36E-01,7.10E-01,5.77E-01,6.66E-01,6.19E-01,6.99E-01,6.69E-01,6.12E-01,6.39E-01,6.13E-01,6.69E-01,6.39E-01,6.07E-01,7.49E-01,6.68E-01,6.86E-01,6.47E-01,6.13E-01,6.91E-01,6.52E-01,6.76E-01,7.04E-01,6.65E-01,6.64E-01,6.55E-01,5.81E-01,6.27E-01,6.54E-01,6.10E-01,6.87E-01,6.43E-01,6.83E-01,6.39E-01,6.49E-01,6.06E-01,5.80E-01,6.29E-01,7.07E-01,6.38E-01,6.85E-01,6.84E-01,6.42E-01,6.04E-01,6.80E-01,6.72E-01,6.97E-01,7.33E-01,6.49E-01,7.53E-01,6.30E-01,7.09E-01,7.51E-01,6.29E-01,6.20E-01,7.11E-01,7.16E-01,6.53E-01,7.77E-01,7.78E-01,7.83E-01,6.78E-01,6.88E-01,6.56E-01,6.24E-01,6.32E-01,6.64E-01,6.76E-01,7.66E-01,7.69E-01,6.79E-01,7.48E-01,7.06E-01,6.78E-01,6.24E-01,7.98E-01,5.52E-01,6.32E-01,7.42E-01,6.76E-01,6.75E-01,6.63E-01,6.58E-01,7.11E-01,6.66E-01,6.65E-01,6.56E-01,6.04E-01,6.73E-01,6.95E-01,5.88E-01,6.63E-01,7.36E-01,6.43E-01,6.38E-01,7.25E-01,5.88E-01,6.73E-01,6.93E-01,6.65E-01,6.18E-01,6.70E-01,6.75E-01,6.62E-01,6.83E-01,6.80E-01,6.58E-01,6.26E-01,6.56E-01,5.69E-01,6.63E-01,7.13E-01,6.48E-01,6.61E-01,7.58E-01
023_S_5120,3.90E-01,3.55E-01,5.45E-01,5.13E-01,5.52E-01,6.29E-01,6.27E-01,6.82E-01,5.97E-01,7.00E-01,6.41E-01,5.78E-01,6.28E-01,4.53E-01,5.53E-01,5.28E-01,4.85E-01,5.74E-01,6.00E-01,5.70E-01,6.85E-01,6.30E-01,6.80E-01,6.05E-01,6.32E-01,6.46E-01,6.10E-01,5.63E-01,6.23E-01,5.90E-01,6.53E-01,6.74E-01,5.20E-01,5.06E-01,6.39E-01,6.58E-01,5.42E-01,5.51E-01,6.99E-01,6.62E-01,7.89E-01,6.72E-01,6.58E-01,7.25E-01,6.77E-01,6.88E-01,5.85E-01,7.01E-01,7.77E-01,7.12E-01,6.90E-01,7.34E-01,5.52E-01,5.47E-01,7.74E-01,6.52E-01,5.23E-01,6.74E-01,6.33E-01,7.01E-01,5.88E-01,6.13E-01,6.76E-01,6.76E-01,6.18E-01,6.14E-01,5.84E-01,5.20E-01,5.31E-01,5.47E-01,6.66E-01,6.95E-01,6.63E-01,6.39E-01,6.20E-01,6.40E-01,6.72E-01,6.86E-01,6.38E-01,6.67E-01,6.86E-01,7.13E-01,6.04E-01,6.39E-01,6.95E-01,6.46E-01,6.31E-01,7.05E-01,6.06E-01,6.73E-01,6.08E-01,7.15E-01,6.87E-01,6.03E-01,6.44E-01,5.66E-01,6.82E-01,6.53E-01,6.08E-01,7.37E-01,6.72E-01,6.83E-01,6.40E-01,5.99E-01,6.70E-01,6.33E-01,6.55E-01,7.00E-01,6.41E-01,6.95E-01,6.07E-01,5.19E-01,6.74E-01,6.32E-01,6.00E-01,6.49E-01,6.08E-01,6.69E-01,5.74E-01,6.51E-01,5.75E-01,5.24E-01,6.36E-01,7.16E-01,6.42E-01,6.94E-01,7.13E-01,6.55E-01,5.80E-01,6.57E-01,6.65E-01,6.99E-01,6.96E-01,6.42E-01,7.40E-01,6.08E-01,7.05E-01,7.59E-01,6.01E-01,6.03E-01,7.00E-01,7.14E-01,7.10E-01,7.86E-01,7.95E-01,7.89E-01,6.84E-01,6.84E-01,6.46E-01,6.32E-01,6.13E-01,7.07E-01,6.87E-01,7.58E-01,7.85E-01,7.00E-01,7.52E-01,7.16E-01,7.05E-01,6.30E-01,8.16E-01,5.53E-01,6.53E-01,7.49E-01,6.69E-01,6.92E-01,6.82E-01,6.51E-01,7.10E-01,6.65E-01,6.62E-01,6.55E-01,5.62E-01,6.70E-01,6.76E-01,6.14E-01,7.02E-01,7.28E-01,6.54E-01,6.37E-01,7.20E-01,5.57E-01,6.68E-01,7.07E-01,6.35E-01,5.97E-01,7.09E-01,6.93E-01,6.89E-01,6.89E-01,7.04E-01,6.64E-01,6.47E-01,6.32E-01,6.11E-01,6.66E-01,7.37E-01,6.55E-01,6.84E-01,7.52E-01
023_S_5241,4.00E-01,3.62E-01,5.65E-01,5.22E-01,5.66E-01,6.36E-01,6.32E-01,6.81E-01,6.11E-01,7.07E-01,6.45E-01,5.91E-01,6.37E-01,4.44E-01,5.50E-01,5.22E-01,5.03E-01,5.74E-01,6.17E-01,5.81E-01,6.78E-01,6.42E-01,6.80E-01,6.12E-01,6.45E-01,6.51E-01,6.28E-01,5.79E-01,6.42E-01,5.93E-01,6.81E-01,6.78E-01,5.44E-01,4.93E-01,6.52E-01,6.83E-01,5.53E-01,5.76E-01,7.09E-01,6.62E-01,7.89E-01,6.83E-01,6.73E-01,7.19E-01,6.90E-01,7.01E-01,5.92E-01,6.99E-01,7.68E-01,7.04E-01,7.09E-01,7.78E-01,5.61E-01,5.60E-01,8.07E-01,6.47E-01,5.52E-01,6.91E-01,6.43E-01,7.12E-01,5.57E-01,6.20E-01,6.92E-01,6.82E-01,6.32E-01,6.20E-01,6.08E-01,5.47E-01,5.16E-01,5.44E-01,6.77E-01,7.13E-01,6.71E-01,6.47E-01,6.22E-01,6.57E-01,6.80E-01,7.02E-01,6.51E-01,6.65E-01,6.72E-01,7.10E-01,6.25E-01,6.35E-01,7.05E-01,6.53E-01,6.05E-01,6.96E-01,5.92E-01,6.82E-01,6.04E-01,6.88E-01,6.79E-01,5.88E-01,6.68E-01,6.11E-01,7.00E-01,6.56E-01,5.98E-01,7.77E-01,6.81E-01,6.80E-01,6.63E-01,6.12E-01,7.03E-01,6.52E-01,6.61E-01,7.50E-01,6.45E-01,6.95E-01,6.18E-01,5.60E-01,6.26E-01,6.63E-01,6.14E-01,6.40E-01,6.19E-01,6.82E-01,6.20E-01,6.39E-01,6.14E-01,5.41E-01,6.43E-01,7.18E-01,6.48E-01,6.78E-01,7.11E-01,6.69E-01,6.14E-01,6.83E-01,6.85E-01,7.13E-01,7.09E-01,6.50E-01,7.57E-01,6.04E-01,7.09E-01,7.70E-01,6.32E-01,5.98E-01,7.22E-01,7.16E-01,6.53E-01,7.77E-01,7.87E-01,7.84E-01,6.76E-01,6.80E-01,6.47E-01,6.52E-01,6.27E-01,7.14E-01,6.80E-01,7.55E-01,7.80E-01,6.92E-01,7.77E-01,7.34E-01,7.10E-01,6.08E-01,8.34E-01,5.70E-01,6.51E-01,7.38E-01,6.58E-01,6.66E-01,6.83E-01,6.95E-01,7.11E-01,6.73E-01,6.64E-01,6.68E-01,5.74E-01,6.90E-01,6.94E-01,6.16E-01,6.73E-01,7.28E-01,6.57E-01,6.62E-01,7.17E-01,5.57E-01,6.83E-01,6.89E-01,6.77E-01,6.16E-01,7.06E-01,6.84E-01,6.76E-01,6.86E-01,7.03E-01,6.55E-01,6.24E-01,6.59E-01,6.07E-01,6.81E-01,7.32E-01,6.71E-01,6.82E-01,7.61E-01
024_S_1063,3.71E-01,3.47E-01,5.40E-01,5.15E-01,5.42E-01,6.21E-01,6.16E-01,6.63E-01,5.87E-01,6.95E-01,6.38E-01,5.59E-01,6.24E-01,4.69E-01,5.59E-01,5.54E-01,5.13E-01,5.93E-01,6.21E-01,6.10E-01,6.75E-01,6.25E-01,6.78E-01,6.06E-01,6.39E-01,6.42E-01,6.13E-01,5.74E-01,6.31E-01,5.80E-01,6.61E-01,6.55E-01,5.17E-01,4.96E-01,6.49E-01,6.71E-01,5.75E-01,5.43E-01,7.09E-01,6.55E-01,7.85E-01,6.73E-01,6.50E-01,7.11E-01,6.78E-01,7.08E-01,5.98E-01,6.93E-01,7.69E-01,6.94E-01,6.72E-01,7.52E-01,5.21E-01,5.35E-01,7.75E-01,6.58E-01,5.39E-01,6.72E-01,6.39E-01,7.06E-01,6.04E-01,6.08E-01,6.66E-01,6.67E-01,6.16E-01,6.16E-01,5.81E-01,5.58E-01,5.46E-01,5.51E-01,6.44E-01,6.87E-01,6.53E-01,6.35E-01,6.15E-01,6.56E-01,6.62E-01,6.86E-01,6.52E-01,6.62E-01,6.93E-01,6.84E-01,5.95E-01,6.04E-01,6.81E-01,6.50E-01,6.13E-01,6.95E-01,6.06E-01,6.70E-01,6.23E-01,7.08E-01,6.80E-01,6.10E-01,6.24E-01,5.70E-01,6.61E-01,6.43E-01,6.22E-01,7.57E-01,6.65E-01,6.70E-01,6.42E-01,5.99E-01,6.69E-01,6.42E-01,6.42E-01,6.94E-01,6.37E-01,6.60E-01,6.34E-01,5.42E-01,6.25E-01,6.42E-01,5.97E-01,6.58E-01,6.10E-01,7.09E-01,6.11E-01,6.55E-01,6.05E-01,5.92E-01,5.96E-01,7.07E-01,6.37E-01,6.89E-01,7.04E-01,6.49E-01,5.94E-01,6.76E-01,6.54E-01,6.99E-01,6.72E-01,6.34E-01,7.48E-01,5.90E-01,6.92E-01,7.61E-01,6.17E-01,5.80E-01,7.03E-01,7.18E-01,6.57E-01,7.88E-01,7.77E-01,7.71E-01,6.78E-01,6.87E-01,6.38E-01,6.45E-01,6.34E-01,7.00E-01,6.70E-01,7.79E-01,7.73E-01,6.76E-01,7.48E-01,7.04E-01,6.78E-01,6.06E-01,7.98E-01,5.48E-01,6.46E-01,7.36E-01,6.99E-01,6.54E-01,6.91E-01,6.68E-01,7.02E-01,6.60E-01,6.37E-01,6.38E-01,5.77E-01,7.09E-01,6.83E-01,6.05E-01,6.75E-01,7.16E-01,6.62E-01,6.80E-01,7.24E-01,5.77E-01,6.53E-01,6.84E-01,6.16E-01,6.12E-01,6.76E-01,6.68E-01,6.64E-01,6.76E-01,6.90E-01,6.59E-01,6.13E-01,6.52E-01,5.87E-01,6.70E-01,7.19E-01,6.65E-01,6.70E-01,7.69E-01
024_S_1171,3.98E-01,3.67E-01,5.59E-01,5.32E-01,5.67E-01,6.38E-01,6.26E-01,6.72E-01,6.04E-01,7.06E-01,6.45E-01,5.70E-01,6.52E-01,4.90E-01,5.72E-01,5.68E-01,5.43E-01,6.06E-01,6.14E-01,6.24E-01,6.79E-01,6.45E-01,6.93E-01,6.23E-01,6.52E-01,6.49E-01,6.41E-01,5.98E-01,6.39E-01,6.01E-01,6.72E-01,6.84E-01,5.52E-01,5.39E-01,6.56E-01,6.93E-01,5.80E-01,5.91E-01,7.50E-01,6.80E-01,7.92E-01,6.86E-01,6.68E-01,7.41E-01,7.08E-01,7.17E-01,6.25E-01,7.09E-01,7.80E-01,7.13E-01,6.84E-01,7.44E-01,5.49E-01,5.37E-01,7.78E-01,6.54E-01,5.37E-01,6.75E-01,6.60E-01,7.21E-01,6.34E-01,6.29E-01,7.04E-01,6.75E-01,6.41E-01,6.27E-01,6.02E-01,5.62E-01,5.57E-01,5.59E-01,6.71E-01,7.09E-01,6.78E-01,6.47E-01,6.40E-01,6.80E-01,6.81E-01,6.97E-01,6.66E-01,6.53E-01,6.94E-01,7.12E-01,5.91E-01,6.25E-01,6.97E-01,6.60E-01,6.21E-01,7.27E-01,6.20E-01,6.94E-01,6.54E-01,6.87E-01,6.83E-01,6.07E-01,6.46E-01,5.99E-01,6.69E-01,6.37E-01,6.09E-01,7.63E-01,6.67E-01,6.80E-01,6.44E-01,5.99E-01,6.88E-01,6.47E-01,6.54E-01,7.11E-01,6.41E-01,6.62E-01,6.45E-01,5.67E-01,6.66E-01,6.54E-01,6.44E-01,6.88E-01,6.21E-01,7.02E-01,6.30E-01,7.15E-01,6.21E-01,5.91E-01,6.15E-01,7.23E-01,6.41E-01,7.00E-01,7.18E-01,6.64E-01,6.16E-01,6.46E-01,6.51E-01,7.02E-01,7.02E-01,6.41E-01,7.48E-01,6.37E-01,7.23E-01,7.80E-01,6.31E-01,6.08E-01,7.39E-01,7.19E-01,6.78E-01,7.76E-01,7.90E-01,7.99E-01,6.96E-01,7.11E-01,6.65E-01,6.82E-01,6.34E-01,7.01E-01,6.91E-01,7.68E-01,7.87E-01,6.87E-01,7.47E-01,7.04E-01,6.80E-01,5.99E-01,8.04E-01,5.46E-01,6.40E-01,7.31E-01,6.82E-01,7.00E-01,7.22E-01,6.94E-01,7.04E-01,6.68E-01,6.57E-01,6.57E-01,6.00E-01,6.86E-01,6.89E-01,6.05E-01,6.68E-01,7.38E-01,6.84E-01,6.89E-01,7.42E-01,6.09E-01,6.83E-01,7.00E-01,7.02E-01,6.30E-01,7.05E-01,6.90E-01,6.82E-01,6.88E-01,6.75E-01,6.71E-01,6.19E-01,6.54E-01,5.78E-01,6.64E-01,7.17E-01,6.83E-01,6.78E-01,7.67E-01
024_S_4905,3.80E-01,3.53E-01,5.37E-01,5.10E-01,5.56E-01,6.30E-01,6.26E-01,6.82E-01,5.98E-01,7.06E-01,6.41E-01,5.62E-01,6.34E-01,4.62E-01,5.58E-01,5.48E-01,4.98E-01,5.78E-01,6.03E-01,5.82E-01,6.86E-01,6.32E-01,6.82E-01,5.99E-01,6.48E-01,6.57E-01,6.20E-01,5.78E-01,6.35E-01,5.87E-01,6.70E-01,6.60E-01,5.18E-01,5.17E-01,6.50E-01,6.80E-01,5.62E-01,5.55E-01,7.11E-01,6.57E-01,7.92E-01,6.79E-01,6.60E-01,7.40E-01,6.87E-01,7.18E-01,6.05E-01,7.00E-01,7.70E-01,7.06E-01,6.87E-01,7.41E-01,5.30E-01,5.37E-01,7.78E-01,6.74E-01,5.52E-01,6.72E-01,6.54E-01,7.15E-01,6.11E-01,5.95E-01,6.91E-01,6.51E-01,5.99E-01,6.20E-01,5.88E-01,5.45E-01,4.86E-01,5.44E-01,6.49E-01,6.86E-01,6.72E-01,6.49E-01,6.49E-01,6.35E-01,6.86E-01,6.92E-01,6.58E-01,6.77E-01,6.87E-01,6.99E-01,5.90E-01,6.05E-01,6.85E-01,6.64E-01,6.20E-01,7.02E-01,5.94E-01,6.83E-01,5.94E-01,6.95E-01,6.93E-01,6.22E-01,6.20E-01,5.92E-01,6.85E-01,6.27E-01,6.20E-01,7.49E-01,6.61E-01,6.70E-01,6.31E-01,5.82E-01,6.73E-01,6.20E-01,6.59E-01,7.10E-01,6.47E-01,6.91E-01,6.41E-01,5.44E-01,6.34E-01,6.65E-01,6.23E-01,6.72E-01,6.04E-01,6.89E-01,6.21E-01,6.37E-01,6.16E-01,5.95E-01,6.07E-01,7.08E-01,6.42E-01,7.01E-01,7.18E-01,6.61E-01,5.98E-01,6.68E-01,6.50E-01,7.01E-01,6.93E-01,6.31E-01,7.50E-01,5.84E-01,6.95E-01,7.71E-01,6.10E-01,6.07E-01,7.20E-01,7.14E-01,6.78E-01,7.94E-01,7.90E-01,7.87E-01,6.96E-01,6.94E-01,6.66E-01,6.52E-01,6.19E-01,7.12E-01,6.77E-01,7.59E-01,7.83E-01,7.06E-01,7.44E-01,7.00E-01,6.91E-01,6.23E-01,7.88E-01,5.31E-01,6.51E-01,7.39E-01,6.77E-01,6.94E-01,6.85E-01,7.18E-01,6.95E-01,6.71E-01,6.41E-01,6.57E-01,5.92E-01,6.86E-01,6.75E-01,5.69E-01,6.91E-01,7.34E-01,6.61E-01,6.53E-01,7.34E-01,5.97E-01,6.83E-01,7.03E-01,6.65E-01,6.46E-01,6.98E-01,6.86E-01,6.89E-01,6.88E-01,6.62E-01,6.75E-01,6.26E-01,6.59E-01,6.18E-01,6.54E-01,7.23E-01,6.63E-01,6.56E-01,7.70E-01
024_S_5054,3.68E-01,3.44E-01,5.27E-01,4.96E-01,5.40E-01,6.18E-01,6.18E-01,6.65E-01,5.92E-01,6.96E-01,6.34E-01,5.56E-01,6.38E-01,4.88E-01,5.72E-01,5.61E-01,5.34E-01,6.08E-01,6.33E-01,6.09E-01,6.73E-01,6.43E-01,6.87E-01,5.99E-01,6.46E-01,6.40E-01,6.22E-01,5.95E-01,6.38E-01,5.74E-01,6.70E-01,6.47E-01,5.35E-01,5.16E-01,6.54E-01,6.90E-01,5.70E-01,5.74E-01,7.15E-01,6.55E-01,7.77E-01,6.89E-01,6.49E-01,7.34E-01,6.88E-01,7.35E-01,6.04E-01,7.01E-01,7.74E-01,7.11E-01,6.84E-01,7.42E-01,5.28E-01,5.22E-01,7.75E-01,6.58E-01,5.36E-01,6.73E-01,6.51E-01,7.16E-01,6.23E-01,5.92E-01,6.90E-01,6.55E-01,6.17E-01,6.22E-01,5.76E-01,5.66E-01,5.32E-01,5.46E-01,6.66E-01,6.88E-01,6.65E-01,6.41E-01,6.23E-01,6.51E-01,6.68E-01,6.91E-01,6.50E-01,6.82E-01,6.87E-01,7.09E-01,5.75E-01,6.09E-01,6.77E-01,6.40E-01,6.08E-01,7.11E-01,6.10E-01,6.91E-01,6.33E-01,6.92E-01,6.87E-01,5.97E-01,6.18E-01,5.44E-01,6.68E-01,6.29E-01,6.12E-01,7.65E-01,6.48E-01,6.55E-01,6.22E-01,5.67E-01,6.56E-01,6.16E-01,6.40E-01,6.98E-01,6.31E-01,6.63E-01,6.34E-01,5.43E-01,6.36E-01,6.56E-01,6.28E-01,6.67E-01,6.10E-01,7.01E-01,6.22E-01,6.65E-01,6.18E-01,5.99E-01,6.34E-01,7.12E-01,6.28E-01,6.95E-01,7.04E-01,6.53E-01,5.89E-01,6.60E-01,6.49E-01,6.93E-01,6.83E-01,6.36E-01,7.40E-01,5.90E-01,6.89E-01,7.66E-01,6.34E-01,6.26E-01,7.18E-01,7.21E-01,6.44E-01,7.69E-01,7.74E-01,7.84E-01,6.91E-01,7.05E-01,6.67E-01,6.62E-01,6.26E-01,6.89E-01,6.92E-01,7.62E-01,7.87E-01,6.86E-01,7.55E-01,7.09E-01,7.19E-01,5.85E-01,7.90E-01,5.25E-01,6.48E-01,7.32E-01,6.55E-01,6.99E-01,6.77E-01,6.40E-01,6.98E-01,6.66E-01,6.37E-01,6.32E-01,5.84E-01,6.84E-01,6.86E-01,5.95E-01,6.72E-01,7.15E-01,6.68E-01,6.85E-01,7.31E-01,5.83E-01,6.83E-01,6.76E-01,6.65E-01,6.32E-01,7.37E-01,6.92E-01,6.88E-01,6.73E-01,6.82E-01,6.56E-01,6.15E-01,6.18E-01,5.85E-01,6.35E-01,7.18E-01,6.65E-01,6.62E-01,7.61E-01
027_S_0118,3.77E-01,3.46E-01,5.42E-01,5.15E-01,5.54E-01,6.23E-01,6.17E-01,6.59E-01,5.85E-01,6.72E-01,6.21E-01,5.65E-01,6.07E-01,4.44E-01,5.42E-01,5.34E-01,4.87E-01,5.64E-01,6.12E-01,5.67E-01,6.61E-01,6.08E-01,6.55E-01,5.78E-01,6.27E-01,6.26E-01,6.00E-01,5.61E-01,6.18E-01,5.75E-01,6.53E-01,6.46E-01,5.16E-01,4.77E-01,6.19E-01,6.61E-01,5.33E-01,5.34E-01,6.84E-01,6.39E-01,7.65E-01,6.55E-01,6.47E-01,7.09E-01,6.63E-01,6.83E-01,5.85E-01,6.84E-01,7.62E-01,6.87E-01,6.66E-01,7.39E-01,5.14E-01,5.29E-01,7.65E-01,6.46E-01,5.30E-01,6.59E-01,6.38E-01,6.87E-01,5.65E-01,6.01E-01,6.55E-01,6.67E-01,6.01E-01,5.91E-01,5.83E-01,5.29E-01,5.07E-01,5.30E-01,6.41E-01,6.70E-01,6.56E-01,6.24E-01,6.23E-01,6.19E-01,6.52E-01,6.77E-01,6.39E-01,6.27E-01,6.67E-01,6.65E-01,6.02E-01,6.14E-01,6.84E-01,6.34E-01,6.12E-01,6.94E-01,5.91E-01,6.59E-01,6.13E-01,6.67E-01,6.53E-01,6.20E-01,6.12E-01,5.80E-01,6.72E-01,6.25E-01,5.91E-01,7.40E-01,6.68E-01,6.61E-01,6.46E-01,6.01E-01,6.76E-01,6.28E-01,6.35E-01,7.03E-01,6.09E-01,6.41E-01,5.99E-01,5.44E-01,5.88E-01,6.27E-01,5.63E-01,6.18E-01,5.87E-01,6.62E-01,5.95E-01,6.15E-01,5.97E-01,5.35E-01,5.86E-01,6.84E-01,5.85E-01,6.52E-01,6.64E-01,6.28E-01,5.46E-01,6.36E-01,6.34E-01,6.77E-01,6.62E-01,6.18E-01,7.17E-01,5.77E-01,6.90E-01,7.43E-01,5.99E-01,5.73E-01,6.86E-01,6.84E-01,6.32E-01,7.30E-01,7.55E-01,7.71E-01,6.64E-01,6.62E-01,6.39E-01,6.11E-01,5.73E-01,6.74E-01,6.77E-01,7.36E-01,7.46E-01,6.55E-01,7.39E-01,6.92E-01,6.72E-01,5.86E-01,7.83E-01,5.27E-01,6.20E-01,7.17E-01,6.52E-01,6.74E-01,6.58E-01,6.83E-01,6.76E-01,6.28E-01,6.36E-01,6.22E-01,5.41E-01,6.61E-01,6.88E-01,5.43E-01,6.44E-01,7.12E-01,6.50E-01,6.77E-01,7.02E-01,5.30E-01,6.44E-01,6.38E-01,6.22E-01,5.76E-01,6.61E-01,6.45E-01,6.45E-01,6.51E-01,6.80E-01,6.59E-01,6.12E-01,6.40E-01,5.60E-01,6.58E-01,7.18E-01,6.33E-01,6.45E-01,7.51E-01
027_S_0120,3.98E-01,3.72E-01,5.65E-01,5.37E-01,5.76E-01,6.40E-01,6.38E-01,6.89E-01,6.18E-01,7.24E-01,6.61E-01,5.97E-01,6.54E-01,5.02E-01,6.00E-01,5.96E-01,5.56E-01,6.27E-01,6.44E-01,6.24E-01,6.94E-01,6.48E-01,7.07E-01,6.34E-01,6.70E-01,6.71E-01,6.44E-01,6.15E-01,6.45E-01,6.05E-01,6.89E-01,6.63E-01,5.58E-01,5.36E-01,6.68E-01,6.87E-01,5.98E-01,5.88E-01,7.32E-01,6.73E-01,8.15E-01,7.00E-01,6.79E-01,7.44E-01,7.16E-01,7.34E-01,6.35E-01,7.21E-01,7.89E-01,7.24E-01,7.07E-01,7.61E-01,5.52E-01,5.58E-01,7.94E-01,6.84E-01,5.57E-01,6.98E-01,6.69E-01,7.25E-01,6.17E-01,6.44E-01,6.98E-01,6.98E-01,6.45E-01,6.44E-01,6.02E-01,5.87E-01,5.78E-01,5.69E-01,6.80E-01,7.13E-01,6.84E-01,6.68E-01,6.53E-01,6.90E-01,6.89E-01,7.03E-01,6.70E-01,6.71E-01,6.98E-01,7.24E-01,6.08E-01,6.24E-01,7.03E-01,6.62E-01,6.66E-01,7.32E-01,6.13E-01,6.94E-01,6.65E-01,7.18E-01,7.01E-01,6.27E-01,6.57E-01,6.08E-01,6.84E-01,6.46E-01,6.19E-01,7.76E-01,6.83E-01,6.82E-01,6.53E-01,6.10E-01,7.01E-01,6.52E-01,6.70E-01,7.04E-01,6.40E-01,6.97E-01,6.50E-01,5.78E-01,6.55E-01,6.76E-01,6.56E-01,6.79E-01,6.40E-01,7.09E-01,6.59E-01,6.83E-01,6.50E-01,6.07E-01,6.68E-01,7.15E-01,6.45E-01,7.05E-01,7.31E-01,6.77E-01,6.13E-01,6.81E-01,6.56E-01,7.06E-01,7.06E-01,6.54E-01,7.64E-01,6.43E-01,7.23E-01,7.79E-01,6.47E-01,6.18E-01,7.49E-01,7.28E-01,6.17E-01,7.88E-01,7.97E-01,7.82E-01,6.97E-01,7.12E-01,6.83E-01,6.85E-01,6.36E-01,7.10E-01,6.98E-01,7.70E-01,7.92E-01,7.00E-01,7.59E-01,7.13E-01,6.85E-01,6.11E-01,7.94E-01,5.29E-01,6.40E-01,7.53E-01,6.85E-01,7.04E-01,7.00E-01,6.83E-01,7.13E-01,6.76E-01,6.51E-01,6.49E-01,5.91E-01,6.93E-01,6.87E-01,6.07E-01,6.87E-01,7.43E-01,6.86E-01,6.98E-01,7.41E-01,6.12E-01,6.87E-01,7.03E-01,6.54E-01,6.33E-01,6.86E-01,6.93E-01,6.94E-01,6.83E-01,6.82E-01,6.75E-01,6.30E-01,6.69E-01,5.94E-01,6.59E-01,7.29E-01,6.57E-01,6.85E-01,7.72E-01
027_S_0850,3.92E-01,3.61E-01,5.59E-01,5.31E-01,5.68E-01,6.28E-01,6.25E-01,6.83E-01,6.02E-01,7.20E-01,6.49E-01,5.68E-01,6.47E-01,4.79E-01,5.83E-01,5.75E-01,5.20E-01,6.10E-01,6.33E-01,6.16E-01,6.84E-01,6.37E-01,6.82E-01,6.09E-01,6.40E-01,6.53E-01,6.20E-01,5.98E-01,6.39E-01,6.00E-01,6.69E-01,6.64E-01,5.40E-01,5.41E-01,6.63E-01,7.00E-01,5.70E-01,5.62E-01,7.44E-01,6.78E-01,7.91E-01,6.85E-01,6.79E-01,7.25E-01,7.08E-01,7.26E-01,6.02E-01,7.04E-01,7.80E-01,7.24E-01,6.89E-01,7.41E-01,5.51E-01,5.37E-01,7.76E-01,6.65E-01,5.35E-01,6.72E-01,6.66E-01,7.32E-01,6.30E-01,6.42E-01,7.07E-01,6.72E-01,6.63E-01,6.18E-01,5.96E-01,5.69E-01,5.28E-01,5.61E-01,6.67E-01,6.95E-01,6.78E-01,6.58E-01,6.36E-01,7.08E-01,6.86E-01,6.84E-01,6.60E-01,6.59E-01,7.02E-01,7.24E-01,6.13E-01,6.29E-01,6.95E-01,6.49E-01,6.31E-01,7.24E-01,6.09E-01,7.10E-01,6.89E-01,7.18E-01,7.08E-01,6.28E-01,6.34E-01,5.95E-01,6.78E-01,6.31E-01,6.05E-01,7.71E-01,6.75E-01,6.65E-01,6.27E-01,6.08E-01,6.83E-01,6.34E-01,6.48E-01,7.00E-01,6.23E-01,6.94E-01,6.21E-01,5.50E-01,6.26E-01,6.64E-01,6.43E-01,6.86E-01,6.27E-01,6.94E-01,6.19E-01,6.89E-01,6.17E-01,6.11E-01,6.29E-01,7.02E-01,6.20E-01,6.81E-01,7.09E-01,6.52E-01,5.75E-01,6.71E-01,6.36E-01,7.00E-01,7.21E-01,6.42E-01,7.45E-01,6.05E-01,6.82E-01,7.68E-01,6.24E-01,5.95E-01,7.36E-01,7.04E-01,6.71E-01,7.77E-01,7.84E-01,7.93E-01,7.07E-01,7.04E-01,6.76E-01,7.04E-01,6.17E-01,7.06E-01,7.08E-01,7.79E-01,7.87E-01,7.08E-01,7.40E-01,7.01E-01,6.75E-01,6.03E-01,7.86E-01,5.48E-01,6.35E-01,7.26E-01,6.77E-01,7.04E-01,7.09E-01,6.72E-01,7.19E-01,6.62E-01,6.36E-01,6.48E-01,5.66E-01,6.77E-01,6.82E-01,6.12E-01,6.82E-01,7.37E-01,7.04E-01,6.69E-01,7.32E-01,5.77E-01,6.84E-01,7.01E-01,7.24E-01,6.25E-01,7.04E-01,6.81E-01,6.81E-01,6.70E-01,6.68E-01,6.64E-01,6.27E-01,6.41E-01,6.18E-01,6.26E-01,7.19E-01,6.34E-01,6.45E-01,7.45E-01
027_S_4962,3.83E-01,3.49E-01,5.42E-01,5.21E-01,5.71E-01,6.19E-01,6.18E-01,6.65E-01,5.91E-01,6.97E-01,6.32E-01,5.72E-01,6.03E-01,4.64E-01,5.41E-01,5.26E-01,4.93E-01,5.46E-01,5.80E-01,5.67E-01,6.66E-01,6.11E-01,6.64E-01,5.82E-01,6.29E-01,6.24E-01,5.87E-01,5.59E-01,6.51E-01,5.79E-01,6.50E-01,6.32E-01,5.27E-01,4.91E-01,6.19E-01,6.39E-01,5.30E-01,5.25E-01,6.77E-01,6.41E-01,7.71E-01,6.60E-01,6.31E-01,7.07E-01,6.36E-01,6.62E-01,6.01E-01,6.58E-01,7.48E-01,6.65E-01,6.58E-01,7.11E-01,5.28E-01,5.43E-01,7.59E-01,6.21E-01,5.54E-01,6.50E-01,6.53E-01,6.92E-01,5.56E-01,5.67E-01,6.55E-01,6.54E-01,5.65E-01,5.96E-01,5.99E-01,5.33E-01,5.09E-01,5.39E-01,6.14E-01,6.93E-01,6.53E-01,6.23E-01,6.31E-01,6.11E-01,6.57E-01,6.65E-01,6.36E-01,6.25E-01,6.55E-01,6.61E-01,5.63E-01,6.26E-01,6.71E-01,6.52E-01,6.20E-01,6.66E-01,5.72E-01,6.16E-01,5.70E-01,6.71E-01,6.55E-01,6.00E-01,6.16E-01,6.13E-01,6.88E-01,6.44E-01,6.02E-01,7.50E-01,6.82E-01,6.68E-01,6.32E-01,5.96E-01,6.36E-01,6.24E-01,6.60E-01,7.12E-01,6.28E-01,6.68E-01,6.18E-01,5.31E-01,5.76E-01,5.92E-01,5.98E-01,6.01E-01,5.65E-01,6.58E-01,5.83E-01,5.85E-01,5.81E-01,5.63E-01,5.83E-01,6.84E-01,6.12E-01,6.60E-01,6.81E-01,6.31E-01,5.59E-01,6.52E-01,6.51E-01,6.68E-01,6.68E-01,6.23E-01,7.12E-01,5.35E-01,6.64E-01,7.21E-01,6.03E-01,5.22E-01,6.64E-01,6.99E-01,5.67E-01,7.55E-01,7.45E-01,7.48E-01,6.64E-01,6.69E-01,6.35E-01,6.10E-01,5.95E-01,6.80E-01,6.34E-01,7.46E-01,7.70E-01,6.73E-01,7.37E-01,6.81E-01,6.74E-01,5.79E-01,7.89E-01,5.40E-01,6.39E-01,7.43E-01,6.77E-01,6.69E-01,6.29E-01,6.44E-01,6.61E-01,6.44E-01,6.51E-01,6.32E-01,5.42E-01,6.64E-01,6.72E-01,5.72E-01,6.47E-01,7.01E-01,6.31E-01,6.20E-01,6.91E-01,5.54E-01,6.37E-01,6.56E-01,6.01E-01,5.98E-01,6.83E-01,6.75E-01,6.63E-01,6.47E-01,6.73E-01,6.54E-01,6.15E-01,6.17E-01,5.95E-01,6.62E-01,7.01E-01,6.37E-01,6.31E-01,7.45E-01
027_S_4964,3.82E-01,3.51E-01,5.53E-01,5.28E-01,5.63E-01,6.11E-01,6.13E-01,6.64E-01,5.85E-01,6.90E-01,6.27E-01,5.65E-01,6.04E-01,4.42E-01,5.20E-01,5.13E-01,4.79E-01,5.19E-01,5.84E-01,5.75E-01,6.69E-01,6.18E-01,6.58E-01,5.84E-01,6.27E-01,6.36E-01,6.13E-01,5.55E-01,6.38E-01,5.84E-01,6.55E-01,6.43E-01,5.17E-01,5.09E-01,6.03E-01,6.38E-01,5.28E-01,5.06E-01,6.52E-01,6.46E-01,7.73E-01,6.53E-01,6.24E-01,6.97E-01,6.48E-01,6.79E-01,6.01E-01,6.64E-01,7.62E-01,6.80E-01,6.55E-01,7.09E-01,5.33E-01,5.34E-01,7.56E-01,6.34E-01,5.48E-01,6.31E-01,6.03E-01,6.84E-01,5.62E-01,5.76E-01,6.59E-01,6.52E-01,5.83E-01,6.06E-01,5.91E-01,5.38E-01,5.05E-01,5.42E-01,6.31E-01,6.84E-01,6.38E-01,6.38E-01,6.06E-01,6.09E-01,6.49E-01,6.53E-01,6.26E-01,6.42E-01,6.37E-01,6.89E-01,5.93E-01,6.23E-01,6.63E-01,6.57E-01,6.04E-01,6.70E-01,5.65E-01,6.32E-01,5.97E-01,6.65E-01,6.54E-01,5.87E-01,6.21E-01,6.07E-01,6.79E-01,6.28E-01,6.08E-01,7.40E-01,6.77E-01,6.56E-01,6.46E-01,5.71E-01,6.27E-01,6.21E-01,6.57E-01,6.91E-01,6.30E-01,6.58E-01,6.15E-01,5.16E-01,5.73E-01,6.28E-01,5.60E-01,6.21E-01,5.72E-01,6.21E-01,5.68E-01,5.74E-01,5.79E-01,5.21E-01,5.46E-01,6.84E-01,6.10E-01,6.51E-01,6.72E-01,6.42E-01,5.56E-01,6.54E-01,6.64E-01,6.74E-01,6.74E-01,6.18E-01,7.01E-01,5.70E-01,6.86E-01,7.30E-01,5.68E-01,5.65E-01,6.68E-01,6.85E-01,6.28E-01,7.38E-01,7.69E-01,7.53E-01,6.38E-01,6.52E-01,6.07E-01,5.98E-01,5.89E-01,6.60E-01,6.38E-01,7.39E-01,7.56E-01,6.71E-01,7.07E-01,6.84E-01,6.45E-01,6.07E-01,7.85E-01,5.40E-01,6.37E-01,7.25E-01,6.09E-01,6.39E-01,6.44E-01,5.91E-01,6.93E-01,6.44E-01,6.30E-01,6.29E-01,5.63E-01,6.25E-01,6.36E-01,5.53E-01,6.34E-01,6.99E-01,6.10E-01,6.38E-01,6.94E-01,5.47E-01,6.35E-01,6.58E-01,6.16E-01,5.89E-01,6.87E-01,6.72E-01,6.41E-01,6.61E-01,6.81E-01,6.34E-01,6.05E-01,6.21E-01,5.92E-01,6.60E-01,7.15E-01,6.28E-01,6.29E-01,7.51E-01
029_S_0836,3.97E-01,3.75E-01,5.62E-01,5.41E-01,5.84E-01,6.42E-01,6.38E-01,6.91E-01,6.20E-01,7.18E-01,6.56E-01,5.90E-01,6.45E-01,5.18E-01,5.92E-01,5.85E-01,5.55E-01,6.12E-01,6.56E-01,6.04E-01,6.81E-01,6.47E-01,6.95E-01,6.14E-01,6.54E-01,6.70E-01,6.46E-01,6.00E-01,6.47E-01,6.07E-01,6.76E-01,6.83E-01,5.52E-01,5.56E-01,6.75E-01,6.94E-01,6.07E-01,5.80E-01,7.14E-01,6.70E-01,7.93E-01,6.86E-01,6.61E-01,7.32E-01,6.87E-01,7.06E-01,6.22E-01,7.06E-01,7.72E-01,7.15E-01,6.94E-01,7.58E-01,5.59E-01,5.58E-01,7.83E-01,6.77E-01,5.53E-01,6.78E-01,6.68E-01,7.18E-01,6.12E-01,6.25E-01,6.90E-01,6.83E-01,6.27E-01,6.38E-01,6.01E-01,5.80E-01,5.68E-01,5.54E-01,6.67E-01,7.10E-01,6.64E-01,6.47E-01,6.51E-01,6.62E-01,6.80E-01,6.92E-01,6.58E-01,6.76E-01,6.91E-01,7.03E-01,6.13E-01,6.28E-01,6.96E-01,6.60E-01,6.49E-01,7.11E-01,6.19E-01,6.98E-01,6.32E-01,7.12E-01,6.94E-01,6.22E-01,6.48E-01,6.21E-01,6.79E-01,6.45E-01,6.20E-01,7.55E-01,6.75E-01,6.72E-01,6.50E-01,6.08E-01,6.84E-01,6.55E-01,6.71E-01,7.17E-01,6.36E-01,6.85E-01,6.37E-01,5.71E-01,6.19E-01,6.55E-01,6.17E-01,6.81E-01,5.94E-01,6.98E-01,6.34E-01,6.41E-01,6.20E-01,5.82E-01,6.57E-01,7.12E-01,6.31E-01,6.86E-01,7.01E-01,6.63E-01,5.86E-01,6.69E-01,6.56E-01,6.99E-01,7.04E-01,6.44E-01,7.51E-01,6.17E-01,6.97E-01,7.46E-01,6.36E-01,6.23E-01,7.09E-01,7.14E-01,6.61E-01,7.86E-01,7.83E-01,7.68E-01,6.79E-01,6.88E-01,6.64E-01,6.37E-01,6.31E-01,7.01E-01,6.70E-01,7.51E-01,7.83E-01,6.92E-01,7.47E-01,7.09E-01,6.82E-01,6.11E-01,7.94E-01,5.43E-01,6.65E-01,7.44E-01,7.00E-01,6.97E-01,6.90E-01,6.55E-01,7.02E-01,6.59E-01,6.51E-01,6.46E-01,5.73E-01,6.90E-01,6.83E-01,5.92E-01,6.86E-01,7.25E-01,6.85E-01,6.85E-01,7.32E-01,6.02E-01,6.67E-01,7.05E-01,6.75E-01,6.20E-01,6.77E-01,6.83E-01,6.82E-01,6.78E-01,6.72E-01,6.56E-01,6.27E-01,6.47E-01,5.90E-01,6.78E-01,7.11E-01,6.54E-01,6.66E-01,7.50E-01
029_S_0843,3.85E-01,3.57E-01,5.49E-01,5.33E-01,5.69E-01,6.21E-01,6.22E-01,6.69E-01,6.01E-01,7.00E-01,6.41E-01,5.83E-01,6.38E-01,4.91E-01,5.72E-01,5.59E-01,5.32E-01,6.04E-01,6.13E-01,6.03E-01,6.74E-01,6.37E-01,6.85E-01,6.20E-01,6.59E-01,6.44E-01,6.29E-01,6.03E-01,6.43E-01,5.92E-01,6.80E-01,6.67E-01,5.70E-01,5.33E-01,6.60E-01,7.08E-01,5.73E-01,5.81E-01,7.23E-01,6.60E-01,7.79E-01,6.78E-01,6.65E-01,7.27E-01,6.98E-01,7.06E-01,6.05E-01,6.97E-01,7.78E-01,6.94E-01,6.79E-01,7.25E-01,5.34E-01,5.35E-01,7.78E-01,6.54E-01,5.52E-01,6.87E-01,6.57E-01,7.07E-01,6.07E-01,6.00E-01,6.90E-01,6.87E-01,6.47E-01,6.25E-01,6.00E-01,5.76E-01,5.60E-01,5.47E-01,6.61E-01,6.95E-01,6.67E-01,6.47E-01,6.29E-01,6.53E-01,6.71E-01,6.92E-01,6.47E-01,6.49E-01,6.84E-01,6.91E-01,5.89E-01,6.22E-01,7.04E-01,6.57E-01,6.24E-01,7.15E-01,6.19E-01,6.79E-01,6.48E-01,7.12E-01,6.92E-01,6.14E-01,6.41E-01,6.21E-01,6.75E-01,6.41E-01,6.22E-01,7.56E-01,6.68E-01,6.69E-01,6.39E-01,6.05E-01,6.76E-01,6.47E-01,6.48E-01,7.04E-01,6.41E-01,6.58E-01,6.48E-01,5.79E-01,6.24E-01,6.60E-01,6.48E-01,6.73E-01,6.16E-01,6.99E-01,6.35E-01,6.98E-01,6.27E-01,6.09E-01,6.33E-01,7.00E-01,6.37E-01,6.81E-01,6.98E-01,6.55E-01,5.81E-01,6.79E-01,6.55E-01,7.07E-01,7.10E-01,6.53E-01,7.57E-01,6.30E-01,6.81E-01,7.62E-01,6.20E-01,6.15E-01,7.20E-01,7.13E-01,6.70E-01,7.64E-01,7.77E-01,7.59E-01,6.80E-01,6.97E-01,6.73E-01,6.91E-01,6.38E-01,6.79E-01,6.86E-01,7.49E-01,7.92E-01,6.73E-01,7.34E-01,6.86E-01,6.73E-01,6.11E-01,7.92E-01,5.35E-01,6.38E-01,7.27E-01,6.67E-01,6.96E-01,6.90E-01,6.54E-01,7.04E-01,6.55E-01,6.41E-01,6.51E-01,5.84E-01,6.69E-01,6.66E-01,6.17E-01,6.44E-01,7.17E-01,6.69E-01,6.79E-01,7.05E-01,5.97E-01,6.65E-01,6.82E-01,6.60E-01,6.29E-01,6.92E-01,6.77E-01,6.80E-01,6.71E-01,6.57E-01,6.67E-01,6.30E-01,6.62E-01,5.68E-01,6.60E-01,7.22E-01,6.45E-01,6.51E-01,7.34E-01
029_S_0866,4.10E-01,3.97E-01,5.82E-01,5.47E-01,5.74E-01,6.47E-01,6.42E-01,6.95E-01,6.27E-01,7.13E-01,6.62E-01,5.99E-01,6.60E-01,4.81E-01,5.87E-01,5.84E-01,5.60E-01,6.36E-01,6.45E-01,6.27E-01,6.80E-01,6.34E-01,6.97E-01,5.99E-01,6.60E-01,6.60E-01,6.37E-01,6.03E-01,6.32E-01,6.05E-01,6.89E-01,6.97E-01,5.65E-01,5.52E-01,6.62E-01,7.05E-01,5.91E-01,5.97E-01,7.35E-01,6.68E-01,7.96E-01,6.92E-01,6.77E-01,7.39E-01,7.14E-01,7.33E-01,6.24E-01,7.15E-01,7.91E-01,7.18E-01,7.03E-01,7.66E-01,5.42E-01,5.51E-01,7.97E-01,6.72E-01,5.50E-01,6.89E-01,6.85E-01,7.29E-01,6.49E-01,6.18E-01,6.96E-01,6.62E-01,6.37E-01,6.32E-01,5.97E-01,5.54E-01,5.71E-01,5.62E-01,6.63E-01,7.08E-01,6.85E-01,6.68E-01,6.50E-01,6.88E-01,6.77E-01,7.07E-01,6.66E-01,6.74E-01,6.98E-01,6.94E-01,6.20E-01,6.26E-01,6.90E-01,6.42E-01,6.20E-01,7.23E-01,6.27E-01,6.52E-01,6.58E-01,7.13E-01,7.12E-01,6.15E-01,6.47E-01,6.00E-01,6.76E-01,6.40E-01,5.91E-01,7.53E-01,6.69E-01,6.66E-01,6.48E-01,6.06E-01,6.75E-01,6.55E-01,6.53E-01,7.09E-01,6.27E-01,6.73E-01,6.37E-01,5.89E-01,6.28E-01,6.74E-01,6.44E-01,6.72E-01,6.25E-01,6.90E-01,6.45E-01,6.82E-01,6.27E-01,5.97E-01,6.41E-01,7.04E-01,6.22E-01,6.80E-01,7.10E-01,6.67E-01,5.95E-01,6.84E-01,6.55E-01,6.98E-01,6.90E-01,6.30E-01,7.49E-01,6.20E-01,6.92E-01,7.61E-01,6.38E-01,6.02E-01,7.12E-01,7.16E-01,6.77E-01,7.82E-01,7.80E-01,7.94E-01,6.80E-01,6.92E-01,6.64E-01,6.84E-01,5.94E-01,6.90E-01,6.89E-01,7.66E-01,7.79E-01,6.70E-01,7.76E-01,7.24E-01,7.00E-01,6.29E-01,8.24E-01,5.41E-01,6.41E-01,7.32E-01,7.23E-01,6.95E-01,6.94E-01,6.82E-01,7.21E-01,6.56E-01,6.56E-01,6.42E-01,5.23E-01,6.70E-01,6.54E-01,6.19E-01,6.76E-01,7.34E-01,6.59E-01,6.98E-01,7.19E-01,6.07E-01,6.79E-01,7.11E-01,6.79E-01,6.19E-01,6.88E-01,6.86E-01,6.67E-01,6.72E-01,7.08E-01,6.77E-01,6.14E-01,6.57E-01,5.82E-01,6.62E-01,7.11E-01,6.40E-01,6.51E-01,7.65E-01
029_S_4585,3.79E-01,3.54E-01,5.45E-01,5.15E-01,5.62E-01,6.22E-01,6.24E-01,6.72E-01,5.91E-01,7.04E-01,6.35E-01,5.50E-01,6.17E-01,4.53E-01,5.48E-01,5.26E-01,4.96E-01,5.81E-01,6.01E-01,5.92E-01,6.80E-01,6.40E-01,6.84E-01,6.16E-01,6.50E-01,6.54E-01,6.16E-01,5.81E-01,6.50E-01,5.78E-01,6.62E-01,6.50E-01,5.01E-01,4.87E-01,6.38E-01,6.74E-01,5.36E-01,5.43E-01,6.93E-01,6.58E-01,7.99E-01,6.76E-01,6.60E-01,7.20E-01,6.80E-01,6.92E-01,6.06E-01,6.92E-01,7.71E-01,7.02E-01,6.95E-01,7.60E-01,5.59E-01,5.50E-01,7.85E-01,6.55E-01,5.49E-01,6.42E-01,6.28E-01,7.00E-01,5.81E-01,6.23E-01,6.86E-01,6.58E-01,6.16E-01,6.14E-01,6.04E-01,5.55E-01,5.31E-01,5.35E-01,6.35E-01,6.85E-01,6.52E-01,6.48E-01,6.35E-01,6.46E-01,6.62E-01,6.83E-01,6.43E-01,7.01E-01,6.74E-01,7.13E-01,6.01E-01,6.34E-01,7.10E-01,6.72E-01,6.19E-01,7.02E-01,6.08E-01,6.70E-01,6.16E-01,7.16E-01,6.81E-01,6.09E-01,6.37E-01,5.78E-01,6.80E-01,6.63E-01,6.20E-01,7.45E-01,6.65E-01,6.58E-01,6.27E-01,5.75E-01,6.64E-01,6.21E-01,6.52E-01,6.92E-01,6.29E-01,6.60E-01,6.16E-01,5.29E-01,6.03E-01,6.33E-01,6.01E-01,6.29E-01,6.37E-01,6.54E-01,5.65E-01,6.25E-01,5.85E-01,5.59E-01,5.72E-01,6.89E-01,6.07E-01,6.68E-01,6.83E-01,6.40E-01,5.69E-01,6.67E-01,6.39E-01,6.79E-01,6.80E-01,6.24E-01,6.96E-01,5.73E-01,6.92E-01,7.38E-01,6.05E-01,5.77E-01,6.84E-01,7.04E-01,6.45E-01,7.74E-01,7.60E-01,7.49E-01,6.70E-01,6.75E-01,6.41E-01,6.46E-01,6.08E-01,6.92E-01,6.51E-01,7.51E-01,7.67E-01,6.83E-01,7.49E-01,7.13E-01,7.22E-01,6.21E-01,8.05E-01,5.31E-01,6.57E-01,7.39E-01,6.47E-01,6.60E-01,6.62E-01,6.31E-01,6.91E-01,6.55E-01,6.37E-01,6.26E-01,5.63E-01,6.72E-01,6.72E-01,5.71E-01,6.70E-01,7.08E-01,6.28E-01,6.29E-01,7.14E-01,5.60E-01,6.53E-01,6.60E-01,6.43E-01,6.00E-01,7.07E-01,6.93E-01,6.69E-01,6.58E-01,6.89E-01,6.62E-01,6.20E-01,6.20E-01,5.93E-01,6.60E-01,7.12E-01,6.16E-01,6.47E-01,7.48E-01
031_S_0321,4.06E-01,3.74E-01,5.74E-01,5.45E-01,5.80E-01,6.44E-01,6.34E-01,6.83E-01,6.09E-01,7.22E-01,6.56E-01,5.82E-01,6.38E-01,4.94E-01,5.75E-01,5.82E-01,5.56E-01,6.10E-01,6.35E-01,5.82E-01,6.69E-01,6.18E-01,6.77E-01,5.98E-01,6.39E-01,6.34E-01,6.19E-01,5.80E-01,6.33E-01,5.99E-01,6.78E-01,6.68E-01,5.44E-01,5.22E-01,6.61E-01,6.62E-01,5.73E-01,5.85E-01,7.15E-01,6.67E-01,7.93E-01,6.75E-01,6.64E-01,7.19E-01,6.89E-01,7.18E-01,6.03E-01,7.00E-01,7.71E-01,6.95E-01,6.88E-01,7.41E-01,5.23E-01,5.54E-01,7.77E-01,6.53E-01,5.38E-01,6.88E-01,6.57E-01,7.06E-01,6.15E-01,6.17E-01,6.84E-01,6.66E-01,6.45E-01,6.23E-01,6.09E-01,5.73E-01,5.45E-01,5.59E-01,6.53E-01,6.98E-01,6.69E-01,6.43E-01,6.44E-01,6.50E-01,6.67E-01,6.81E-01,6.46E-01,6.34E-01,6.85E-01,6.97E-01,5.90E-01,6.38E-01,6.96E-01,6.44E-01,6.55E-01,7.09E-01,6.23E-01,6.77E-01,6.26E-01,6.81E-01,6.69E-01,5.99E-01,6.39E-01,6.19E-01,6.87E-01,6.40E-01,5.97E-01,7.42E-01,6.87E-01,6.91E-01,6.44E-01,6.16E-01,6.98E-01,6.48E-01,6.60E-01,7.08E-01,6.39E-01,6.92E-01,6.11E-01,5.72E-01,6.28E-01,6.68E-01,5.91E-01,6.66E-01,6.22E-01,6.80E-01,6.26E-01,6.62E-01,6.21E-01,5.62E-01,6.65E-01,7.01E-01,6.22E-01,6.89E-01,7.01E-01,6.61E-01,5.95E-01,6.84E-01,6.54E-01,6.93E-01,6.99E-01,6.60E-01,7.39E-01,5.93E-01,6.93E-01,7.62E-01,5.92E-01,5.96E-01,7.17E-01,7.05E-01,6.55E-01,7.70E-01,7.68E-01,7.75E-01,6.80E-01,6.76E-01,6.35E-01,6.49E-01,6.29E-01,6.93E-01,6.91E-01,7.54E-01,7.79E-01,6.77E-01,7.56E-01,7.09E-01,6.67E-01,6.10E-01,7.98E-01,5.41E-01,6.37E-01,7.30E-01,6.89E-01,6.84E-01,6.72E-01,6.47E-01,7.02E-01,6.61E-01,6.53E-01,6.48E-01,5.84E-01,6.95E-01,6.62E-01,5.95E-01,6.72E-01,7.19E-01,6.60E-01,6.60E-01,7.26E-01,5.30E-01,6.47E-01,7.07E-01,6.67E-01,5.96E-01,6.65E-01,6.87E-01,6.63E-01,6.83E-01,6.81E-01,6.62E-01,6.23E-01,6.87E-01,6.25E-01,6.60E-01,7.31E-01,6.48E-01,6.69E-01,7.55E-01
031_S_0618,3.85E-01,3.59E-01,5.53E-01,5.39E-01,5.71E-01,6.43E-01,6.27E-01,6.80E-01,6.08E-01,7.17E-01,6.55E-01,5.94E-01,6.48E-01,5.01E-01,5.76E-01,5.73E-01,5.39E-01,5.93E-01,6.21E-01,6.15E-01,6.88E-01,6.45E-01,6.92E-01,6.31E-01,6.51E-01,6.63E-01,6.35E-01,6.05E-01,6.41E-01,5.80E-01,6.86E-01,6.80E-01,5.42E-01,5.46E-01,6.60E-01,6.93E-01,5.83E-01,5.83E-01,7.31E-01,6.68E-01,7.99E-01,6.84E-01,6.75E-01,7.27E-01,6.99E-01,7.15E-01,6.08E-01,6.97E-01,7.78E-01,7.18E-01,7.03E-01,7.64E-01,5.20E-01,5.33E-01,7.93E-01,6.65E-01,5.49E-01,6.83E-01,6.82E-01,7.23E-01,6.17E-01,6.24E-01,7.00E-01,6.77E-01,6.46E-01,6.31E-01,5.93E-01,5.78E-01,5.47E-01,5.30E-01,6.64E-01,7.12E-01,6.79E-01,6.54E-01,6.50E-01,6.72E-01,6.88E-01,7.06E-01,6.72E-01,6.87E-01,6.49E-01,7.12E-01,5.82E-01,6.09E-01,6.88E-01,6.66E-01,6.48E-01,7.06E-01,5.98E-01,6.73E-01,6.49E-01,7.06E-01,6.85E-01,5.92E-01,6.52E-01,6.21E-01,6.97E-01,6.46E-01,6.19E-01,7.46E-01,6.75E-01,6.77E-01,6.52E-01,6.20E-01,7.11E-01,6.69E-01,6.75E-01,7.15E-01,6.60E-01,6.86E-01,6.56E-01,5.95E-01,6.41E-01,6.73E-01,6.28E-01,6.44E-01,6.29E-01,7.00E-01,6.44E-01,6.30E-01,6.26E-01,5.74E-01,6.36E-01,7.22E-01,6.50E-01,6.96E-01,7.06E-01,6.70E-01,6.02E-01,6.67E-01,6.63E-01,7.03E-01,7.26E-01,6.62E-01,7.37E-01,6.17E-01,7.06E-01,7.78E-01,6.30E-01,6.06E-01,7.30E-01,7.26E-01,6.71E-01,7.81E-01,8.06E-01,7.88E-01,6.90E-01,6.98E-01,6.70E-01,6.59E-01,6.42E-01,6.99E-01,6.97E-01,7.66E-01,7.85E-01,6.99E-01,7.44E-01,7.15E-01,7.17E-01,6.16E-01,8.15E-01,5.35E-01,6.39E-01,7.52E-01,7.26E-01,6.94E-01,7.25E-01,6.67E-01,7.20E-01,6.72E-01,6.53E-01,6.57E-01,5.88E-01,7.01E-01,6.76E-01,6.21E-01,6.76E-01,7.29E-01,6.85E-01,6.36E-01,7.27E-01,6.05E-01,6.72E-01,7.25E-01,6.59E-01,6.25E-01,6.99E-01,6.79E-01,6.79E-01,6.89E-01,6.91E-01,6.92E-01,6.19E-01,6.62E-01,6.33E-01,6.76E-01,7.40E-01,6.67E-01,6.88E-01,7.59E-01
032_S_0095,4.01E-01,3.85E-01,5.76E-01,5.47E-01,5.81E-01,6.49E-01,6.41E-01,6.99E-01,6.23E-01,7.27E-01,6.68E-01,5.87E-01,6.59E-01,5.39E-01,6.01E-01,6.05E-01,5.65E-01,6.26E-01,6.32E-01,6.36E-01,7.05E-01,6.45E-01,7.02E-01,6.25E-01,6.58E-01,6.62E-01,6.42E-01,6.17E-01,6.45E-01,6.07E-01,6.93E-01,6.76E-01,5.50E-01,5.43E-01,6.73E-01,6.96E-01,6.05E-01,5.92E-01,7.32E-01,6.56E-01,8.04E-01,6.96E-01,6.77E-01,7.43E-01,7.08E-01,7.24E-01,6.31E-01,6.91E-01,7.87E-01,7.18E-01,7.23E-01,7.67E-01,5.18E-01,5.45E-01,7.97E-01,6.66E-01,5.65E-01,6.96E-01,6.82E-01,7.22E-01,6.35E-01,6.25E-01,6.99E-01,6.71E-01,6.55E-01,6.39E-01,5.95E-01,5.72E-01,5.66E-01,5.51E-01,6.55E-01,7.09E-01,6.80E-01,6.60E-01,6.30E-01,6.78E-01,6.75E-01,6.99E-01,6.63E-01,6.74E-01,6.87E-01,7.16E-01,6.08E-01,6.15E-01,6.88E-01,6.51E-01,6.65E-01,7.35E-01,6.42E-01,6.85E-01,6.51E-01,7.09E-01,6.88E-01,6.22E-01,6.35E-01,6.02E-01,6.80E-01,6.29E-01,6.16E-01,7.69E-01,6.71E-01,6.79E-01,6.52E-01,6.11E-01,6.93E-01,6.53E-01,6.69E-01,7.15E-01,6.50E-01,6.78E-01,6.44E-01,5.74E-01,6.37E-01,6.70E-01,6.21E-01,6.82E-01,6.33E-01,7.16E-01,6.53E-01,6.69E-01,5.97E-01,5.79E-01,6.36E-01,7.13E-01,6.36E-01,6.97E-01,7.18E-01,6.54E-01,5.90E-01,6.74E-01,6.57E-01,7.01E-01,6.95E-01,6.59E-01,7.63E-01,6.15E-01,7.03E-01,7.66E-01,6.31E-01,6.15E-01,7.14E-01,7.17E-01,6.50E-01,7.78E-01,7.81E-01,7.91E-01,6.86E-01,6.91E-01,6.65E-01,6.57E-01,6.28E-01,6.87E-01,6.92E-01,7.59E-01,7.73E-01,6.97E-01,7.57E-01,7.28E-01,6.92E-01,6.06E-01,8.12E-01,5.20E-01,6.26E-01,7.45E-01,6.97E-01,6.88E-01,6.79E-01,6.54E-01,7.19E-01,6.73E-01,6.51E-01,6.47E-01,5.54E-01,6.89E-01,6.69E-01,6.07E-01,6.63E-01,7.39E-01,6.71E-01,6.92E-01,7.42E-01,5.90E-01,6.78E-01,7.23E-01,6.85E-01,6.17E-01,7.19E-01,6.87E-01,6.97E-01,6.84E-01,6.89E-01,6.94E-01,6.16E-01,6.61E-01,5.98E-01,6.62E-01,7.26E-01,6.64E-01,6.67E-01,7.59E-01
032_S_0479,3.66E-01,3.38E-01,5.15E-01,4.74E-01,5.41E-01,6.08E-01,6.19E-01,6.60E-01,5.83E-01,6.92E-01,6.29E-01,5.40E-01,6.29E-01,4.59E-01,5.57E-01,5.49E-01,4.86E-01,5.78E-01,5.99E-01,5.71E-01,6.74E-01,6.34E-01,6.79E-01,6.01E-01,6.52E-01,6.51E-01,6.20E-01,5.80E-01,6.32E-01,5.74E-01,6.63E-01,6.57E-01,4.76E-01,5.00E-01,6.40E-01,6.54E-01,5.56E-01,5.13E-01,7.20E-01,6.49E-01,7.79E-01,6.81E-01,6.56E-01,7.20E-01,6.91E-01,7.15E-01,6.04E-01,6.94E-01,7.64E-01,7.10E-01,6.79E-01,7.38E-01,5.28E-01,5.35E-01,7.74E-01,6.54E-01,5.30E-01,6.84E-01,6.34E-01,7.04E-01,5.85E-01,6.04E-01,6.82E-01,6.54E-01,6.28E-01,6.10E-01,5.78E-01,5.33E-01,5.21E-01,5.41E-01,6.54E-01,6.96E-01,6.71E-01,6.39E-01,6.14E-01,6.66E-01,6.76E-01,6.91E-01,6.50E-01,6.67E-01,6.68E-01,7.03E-01,5.90E-01,6.15E-01,6.88E-01,6.57E-01,6.17E-01,7.09E-01,6.01E-01,7.00E-01,6.48E-01,6.90E-01,6.73E-01,6.18E-01,6.39E-01,5.75E-01,6.70E-01,6.37E-01,6.16E-01,7.33E-01,6.68E-01,6.62E-01,6.27E-01,5.72E-01,6.72E-01,6.18E-01,6.48E-01,7.04E-01,6.43E-01,6.60E-01,6.46E-01,4.96E-01,6.17E-01,6.58E-01,6.44E-01,6.47E-01,6.08E-01,6.92E-01,6.42E-01,6.51E-01,6.18E-01,5.99E-01,6.17E-01,7.25E-01,6.45E-01,6.97E-01,7.01E-01,6.45E-01,5.91E-01,6.69E-01,6.52E-01,6.95E-01,7.04E-01,5.90E-01,7.56E-01,5.85E-01,7.17E-01,7.61E-01,6.28E-01,5.54E-01,7.37E-01,7.24E-01,6.59E-01,7.68E-01,7.92E-01,7.94E-01,7.04E-01,7.04E-01,6.74E-01,6.78E-01,6.31E-01,7.15E-01,6.82E-01,7.67E-01,7.67E-01,7.01E-01,7.48E-01,7.08E-01,6.85E-01,6.15E-01,8.03E-01,5.35E-01,6.52E-01,7.36E-01,6.77E-01,6.81E-01,6.83E-01,6.40E-01,7.09E-01,6.73E-01,6.42E-01,6.54E-01,5.70E-01,7.24E-01,6.88E-01,6.24E-01,6.81E-01,7.56E-01,6.81E-01,6.78E-01,7.33E-01,6.14E-01,6.84E-01,7.08E-01,6.61E-01,6.35E-01,7.06E-01,6.88E-01,6.93E-01,6.89E-01,6.93E-01,6.72E-01,6.23E-01,6.45E-01,5.86E-01,6.60E-01,7.24E-01,6.56E-01,6.78E-01,7.75E-01
032_S_0677,3.86E-01,3.52E-01,5.50E-01,5.16E-01,5.52E-01,6.31E-01,6.30E-01,6.83E-01,5.98E-01,7.13E-01,6.44E-01,5.74E-01,6.27E-01,4.56E-01,5.68E-01,5.58E-01,5.12E-01,5.85E-01,6.20E-01,6.06E-01,6.92E-01,6.41E-01,6.93E-01,6.06E-01,6.50E-01,6.51E-01,6.17E-01,5.85E-01,6.40E-01,5.85E-01,6.76E-01,6.74E-01,5.24E-01,5.40E-01,6.54E-01,6.88E-01,5.75E-01,5.40E-01,7.12E-01,6.67E-01,7.97E-01,6.83E-01,6.65E-01,7.29E-01,6.89E-01,7.05E-01,6.10E-01,6.89E-01,7.71E-01,7.09E-01,6.95E-01,7.50E-01,5.46E-01,5.52E-01,7.93E-01,6.57E-01,5.46E-01,6.59E-01,6.79E-01,7.27E-01,6.04E-01,6.01E-01,6.87E-01,6.72E-01,6.27E-01,6.30E-01,5.96E-01,5.42E-01,5.32E-01,5.49E-01,6.64E-01,6.97E-01,6.81E-01,6.51E-01,6.27E-01,6.73E-01,6.85E-01,6.95E-01,6.66E-01,6.63E-01,6.75E-01,7.03E-01,5.94E-01,6.21E-01,6.90E-01,6.58E-01,6.43E-01,7.17E-01,6.05E-01,6.67E-01,6.23E-01,7.11E-01,6.67E-01,5.87E-01,6.30E-01,6.12E-01,6.79E-01,6.46E-01,6.26E-01,7.47E-01,6.79E-01,6.77E-01,6.52E-01,6.13E-01,7.07E-01,6.52E-01,6.71E-01,7.06E-01,6.63E-01,6.82E-01,6.56E-01,5.47E-01,6.29E-01,6.64E-01,6.01E-01,6.51E-01,6.19E-01,6.96E-01,6.27E-01,6.47E-01,6.29E-01,5.89E-01,6.34E-01,7.20E-01,6.43E-01,6.96E-01,7.22E-01,6.55E-01,6.09E-01,6.73E-01,6.66E-01,7.12E-01,7.22E-01,6.43E-01,7.66E-01,6.00E-01,6.97E-01,7.69E-01,6.37E-01,5.99E-01,7.04E-01,7.19E-01,6.52E-01,7.86E-01,7.81E-01,7.89E-01,6.83E-01,6.91E-01,6.70E-01,6.56E-01,6.36E-01,6.86E-01,6.75E-01,7.72E-01,7.66E-01,6.90E-01,7.51E-01,7.09E-01,6.88E-01,6.12E-01,8.14E-01,5.56E-01,6.52E-01,7.56E-01,6.89E-01,6.92E-01,6.67E-01,6.76E-01,7.16E-01,6.74E-01,6.38E-01,6.49E-01,5.78E-01,7.02E-01,6.67E-01,6.10E-01,6.61E-01,7.44E-01,6.44E-01,6.68E-01,7.28E-01,5.87E-01,6.77E-01,7.11E-01,6.23E-01,6.25E-01,6.91E-01,6.92E-01,6.66E-01,6.95E-01,6.88E-01,6.53E-01,6.18E-01,6.58E-01,6.01E-01,6.65E-01,7.26E-01,6.85E-01,6.91E-01,7.78E-01
032_S_1037,3.85E-01,3.55E-01,5.52E-01,5.22E-01,5.56E-01,6.27E-01,6.25E-01,6.63E-01,5.94E-01,6.82E-01,6.37E-01,5.67E-01,6.23E-01,4.76E-01,5.70E-01,5.55E-01,5.21E-01,5.98E-01,6.33E-01,6.07E-01,6.75E-01,6.32E-01,6.79E-01,6.02E-01,6.35E-01,6.33E-01,6.14E-01,5.80E-01,6.33E-01,5.81E-01,6.60E-01,6.67E-01,5.35E-01,5.21E-01,6.45E-01,6.75E-01,5.92E-01,5.72E-01,7.22E-01,6.52E-01,7.75E-01,6.77E-01,6.58E-01,7.22E-01,6.82E-01,7.13E-01,5.99E-01,7.00E-01,7.71E-01,7.05E-01,6.98E-01,7.40E-01,5.45E-01,5.41E-01,7.86E-01,6.56E-01,5.30E-01,6.65E-01,6.92E-01,7.01E-01,6.23E-01,6.22E-01,7.04E-01,6.58E-01,6.08E-01,6.18E-01,5.99E-01,5.40E-01,5.48E-01,5.43E-01,6.63E-01,6.82E-01,6.73E-01,6.39E-01,6.38E-01,6.65E-01,6.64E-01,6.76E-01,6.44E-01,6.60E-01,6.89E-01,6.83E-01,6.08E-01,6.18E-01,6.86E-01,6.44E-01,6.16E-01,7.06E-01,6.10E-01,6.77E-01,6.28E-01,6.97E-01,6.96E-01,6.15E-01,6.47E-01,5.81E-01,6.67E-01,6.29E-01,5.96E-01,7.67E-01,6.58E-01,6.69E-01,6.36E-01,5.93E-01,6.55E-01,6.48E-01,6.54E-01,7.00E-01,6.40E-01,6.60E-01,6.31E-01,5.66E-01,6.07E-01,6.27E-01,5.83E-01,6.56E-01,5.99E-01,6.82E-01,6.12E-01,6.37E-01,6.09E-01,5.79E-01,5.88E-01,6.94E-01,6.03E-01,6.73E-01,6.84E-01,6.46E-01,5.75E-01,6.63E-01,6.46E-01,6.77E-01,6.96E-01,6.43E-01,7.45E-01,5.97E-01,6.47E-01,7.47E-01,6.21E-01,5.91E-01,7.00E-01,6.99E-01,6.28E-01,7.56E-01,7.60E-01,7.77E-01,6.74E-01,6.84E-01,6.30E-01,6.33E-01,6.24E-01,6.98E-01,6.61E-01,7.52E-01,7.63E-01,6.76E-01,7.46E-01,7.05E-01,6.90E-01,5.97E-01,8.07E-01,5.46E-01,6.39E-01,7.34E-01,6.95E-01,6.88E-01,6.87E-01,6.67E-01,7.02E-01,6.54E-01,6.45E-01,6.43E-01,5.61E-01,6.70E-01,6.75E-01,5.76E-01,6.77E-01,7.17E-01,6.44E-01,6.62E-01,7.13E-01,5.84E-01,6.60E-01,6.67E-01,6.59E-01,6.03E-01,6.82E-01,6.64E-01,6.66E-01,6.75E-01,6.72E-01,6.51E-01,6.09E-01,6.45E-01,5.70E-01,6.48E-01,7.08E-01,6.34E-01,6.28E-01,7.29E-01
032_S_1169,3.92E-01,3.50E-01,5.36E-01,5.01E-01,5.40E-01,6.23E-01,6.23E-01,6.75E-01,5.95E-01,6.97E-01,6.40E-01,5.56E-01,6.25E-01,4.73E-01,5.55E-01,5.48E-01,5.11E-01,5.70E-01,6.11E-01,5.92E-01,6.82E-01,6.32E-01,6.76E-01,6.14E-01,6.41E-01,6.50E-01,6.23E-01,5.80E-01,6.23E-01,5.81E-01,6.59E-01,6.54E-01,5.36E-01,4.98E-01,6.35E-01,6.84E-01,5.46E-01,5.51E-01,7.05E-01,6.65E-01,7.88E-01,6.80E-01,6.54E-01,7.15E-01,6.76E-01,6.94E-01,5.97E-01,6.77E-01,7.65E-01,6.96E-01,6.94E-01,7.47E-01,5.36E-01,5.46E-01,7.86E-01,6.40E-01,5.26E-01,6.76E-01,6.33E-01,7.04E-01,5.68E-01,6.05E-01,6.71E-01,6.53E-01,5.84E-01,6.12E-01,5.93E-01,5.31E-01,5.15E-01,5.34E-01,6.50E-01,6.96E-01,6.42E-01,6.38E-01,6.27E-01,6.41E-01,6.75E-01,6.79E-01,6.39E-01,6.55E-01,6.67E-01,6.70E-01,6.01E-01,6.23E-01,6.95E-01,6.49E-01,6.18E-01,6.77E-01,5.56E-01,6.38E-01,6.05E-01,6.86E-01,6.68E-01,5.91E-01,6.33E-01,5.78E-01,6.82E-01,6.20E-01,6.16E-01,7.50E-01,6.62E-01,6.61E-01,6.34E-01,5.84E-01,6.65E-01,6.29E-01,6.61E-01,7.27E-01,6.50E-01,6.82E-01,6.34E-01,5.42E-01,6.22E-01,6.55E-01,6.00E-01,6.39E-01,5.72E-01,6.52E-01,6.05E-01,6.41E-01,6.08E-01,5.28E-01,6.41E-01,7.03E-01,6.14E-01,6.83E-01,7.09E-01,6.29E-01,5.67E-01,6.78E-01,6.56E-01,6.91E-01,6.99E-01,6.37E-01,7.46E-01,6.13E-01,6.93E-01,7.52E-01,6.01E-01,5.89E-01,7.06E-01,7.09E-01,6.52E-01,7.93E-01,7.76E-01,7.91E-01,6.82E-01,6.82E-01,6.62E-01,6.29E-01,6.02E-01,6.92E-01,6.49E-01,7.59E-01,7.57E-01,6.77E-01,7.56E-01,7.14E-01,6.87E-01,5.77E-01,8.08E-01,5.57E-01,6.41E-01,7.23E-01,6.66E-01,6.82E-01,6.59E-01,6.49E-01,6.92E-01,6.52E-01,6.60E-01,6.38E-01,5.65E-01,6.72E-01,6.73E-01,5.59E-01,6.34E-01,7.36E-01,6.29E-01,6.43E-01,7.13E-01,5.80E-01,6.59E-01,6.82E-01,6.48E-01,6.13E-01,6.56E-01,6.72E-01,6.47E-01,6.72E-01,6.96E-01,6.43E-01,6.06E-01,6.37E-01,6.29E-01,6.50E-01,7.17E-01,6.43E-01,6.56E-01,7.59E-01
033_S_0923,3.79E-01,3.53E-01,5.49E-01,5.22E-01,5.66E-01,6.27E-01,6.20E-01,6.68E-01,5.94E-01,7.00E-01,6.37E-01,5.83E-01,6.27E-01,4.65E-01,5.64E-01,5.54E-01,5.21E-01,5.94E-01,6.19E-01,6.01E-01,6.80E-01,6.35E-01,6.90E-01,6.08E-01,6.42E-01,6.48E-01,6.21E-01,5.84E-01,6.43E-01,5.76E-01,6.76E-01,6.67E-01,5.48E-01,5.19E-01,6.63E-01,6.87E-01,5.62E-01,5.87E-01,7.00E-01,6.59E-01,7.85E-01,6.79E-01,6.67E-01,7.16E-01,6.92E-01,6.94E-01,6.14E-01,6.97E-01,7.73E-01,7.01E-01,6.77E-01,7.48E-01,5.45E-01,5.54E-01,7.78E-01,6.57E-01,5.45E-01,6.88E-01,6.48E-01,7.01E-01,5.91E-01,6.21E-01,6.72E-01,6.76E-01,5.95E-01,6.04E-01,6.04E-01,5.26E-01,5.31E-01,5.26E-01,6.46E-01,6.81E-01,6.54E-01,6.28E-01,6.22E-01,6.22E-01,6.62E-01,6.79E-01,6.53E-01,6.64E-01,6.75E-01,6.95E-01,6.15E-01,6.38E-01,6.96E-01,6.49E-01,6.46E-01,7.08E-01,6.01E-01,6.69E-01,6.38E-01,7.01E-01,6.77E-01,6.17E-01,6.36E-01,6.10E-01,6.64E-01,6.35E-01,6.14E-01,7.56E-01,6.63E-01,6.73E-01,6.50E-01,6.00E-01,6.72E-01,6.47E-01,6.70E-01,6.98E-01,6.55E-01,6.60E-01,6.54E-01,5.77E-01,6.29E-01,6.44E-01,6.04E-01,6.49E-01,6.12E-01,6.77E-01,6.19E-01,6.37E-01,6.03E-01,5.84E-01,5.86E-01,7.03E-01,6.33E-01,6.72E-01,6.96E-01,6.62E-01,5.60E-01,5.95E-01,6.54E-01,6.99E-01,7.00E-01,6.44E-01,7.22E-01,6.01E-01,6.85E-01,7.26E-01,6.44E-01,5.92E-01,7.13E-01,7.01E-01,5.56E-01,7.71E-01,7.68E-01,7.66E-01,6.70E-01,6.81E-01,6.57E-01,6.53E-01,6.12E-01,6.89E-01,6.81E-01,7.41E-01,7.71E-01,6.78E-01,7.53E-01,6.96E-01,6.68E-01,5.90E-01,7.91E-01,5.48E-01,6.39E-01,7.40E-01,6.96E-01,6.87E-01,6.89E-01,6.58E-01,6.85E-01,6.49E-01,6.56E-01,6.67E-01,5.45E-01,7.02E-01,6.66E-01,6.03E-01,6.52E-01,6.98E-01,6.48E-01,6.70E-01,7.28E-01,6.07E-01,6.75E-01,7.08E-01,6.72E-01,6.10E-01,6.89E-01,6.80E-01,6.66E-01,6.77E-01,6.91E-01,6.66E-01,6.00E-01,6.41E-01,5.58E-01,6.45E-01,7.13E-01,6.20E-01,6.57E-01,7.67E-01
033_S_1016,3.82E-01,3.52E-01,5.46E-01,5.09E-01,5.64E-01,6.30E-01,6.25E-01,6.81E-01,5.93E-01,7.13E-01,6.50E-01,5.68E-01,6.41E-01,4.54E-01,5.71E-01,5.64E-01,5.11E-01,6.01E-01,6.06E-01,6.01E-01,6.94E-01,6.38E-01,6.91E-01,6.19E-01,6.59E-01,6.55E-01,6.21E-01,6.01E-01,6.46E-01,5.83E-01,6.68E-01,6.79E-01,5.09E-01,5.03E-01,6.63E-01,6.92E-01,5.55E-01,5.45E-01,7.45E-01,6.74E-01,8.09E-01,6.98E-01,6.69E-01,7.29E-01,7.11E-01,7.28E-01,6.11E-01,7.25E-01,7.80E-01,7.26E-01,7.07E-01,7.69E-01,5.41E-01,5.49E-01,8.00E-01,6.79E-01,5.36E-01,6.86E-01,6.56E-01,7.09E-01,6.18E-01,6.26E-01,7.09E-01,7.03E-01,6.67E-01,6.31E-01,5.91E-01,5.36E-01,5.23E-01,5.62E-01,6.79E-01,7.01E-01,6.70E-01,6.59E-01,6.34E-01,7.06E-01,6.82E-01,7.09E-01,6.76E-01,7.02E-01,7.02E-01,7.34E-01,6.14E-01,6.32E-01,7.16E-01,6.69E-01,6.18E-01,7.23E-01,6.34E-01,7.22E-01,6.49E-01,7.25E-01,6.85E-01,6.45E-01,6.49E-01,5.98E-01,6.95E-01,6.68E-01,6.26E-01,7.58E-01,6.76E-01,6.79E-01,6.55E-01,6.08E-01,6.88E-01,6.46E-01,6.73E-01,7.27E-01,6.67E-01,7.12E-01,6.51E-01,5.46E-01,6.55E-01,6.88E-01,6.59E-01,6.85E-01,6.26E-01,7.11E-01,6.51E-01,6.88E-01,6.18E-01,6.10E-01,6.17E-01,7.20E-01,6.43E-01,7.00E-01,7.27E-01,6.53E-01,6.11E-01,6.66E-01,6.78E-01,7.08E-01,7.32E-01,6.25E-01,7.61E-01,6.26E-01,7.03E-01,7.66E-01,6.15E-01,5.92E-01,7.36E-01,7.25E-01,6.77E-01,7.96E-01,7.84E-01,7.97E-01,7.19E-01,7.22E-01,6.78E-01,6.92E-01,6.44E-01,7.15E-01,7.03E-01,7.80E-01,7.92E-01,7.24E-01,7.61E-01,7.14E-01,7.18E-01,6.08E-01,8.03E-01,5.58E-01,6.55E-01,7.65E-01,6.85E-01,7.02E-01,7.19E-01,6.84E-01,7.16E-01,6.85E-01,6.64E-01,6.53E-01,5.78E-01,7.05E-01,6.80E-01,6.10E-01,6.85E-01,7.19E-01,6.92E-01,6.97E-01,7.39E-01,5.99E-01,7.09E-01,7.29E-01,6.90E-01,6.50E-01,7.37E-01,7.14E-01,7.05E-01,6.99E-01,7.06E-01,6.83E-01,6.30E-01,6.66E-01,6.32E-01,7.01E-01,7.32E-01,6.84E-01,6.93E-01,7.70E-01
033_S_1098,3.65E-01,3.35E-01,5.26E-01,4.96E-01,5.51E-01,6.27E-01,6.19E-01,6.71E-01,5.89E-01,7.15E-01,6.32E-01,5.66E-01,6.17E-01,4.43E-01,5.53E-01,5.57E-01,4.98E-01,5.63E-01,5.94E-01,5.25E-01,6.65E-01,6.19E-01,6.74E-01,6.05E-01,6.38E-01,6.47E-01,6.15E-01,5.73E-01,6.35E-01,5.68E-01,6.64E-01,6.53E-01,5.23E-01,5.19E-01,6.37E-01,6.55E-01,5.29E-01,5.15E-01,7.08E-01,6.52E-01,7.85E-01,6.67E-01,6.62E-01,7.15E-01,6.77E-01,6.83E-01,5.58E-01,6.80E-01,7.55E-01,6.89E-01,6.67E-01,7.30E-01,4.81E-01,5.23E-01,7.74E-01,6.27E-01,5.14E-01,6.71E-01,6.58E-01,6.75E-01,5.71E-01,6.02E-01,6.72E-01,6.56E-01,6.02E-01,6.01E-01,5.67E-01,5.06E-01,5.35E-01,5.33E-01,6.43E-01,6.90E-01,6.63E-01,6.30E-01,6.35E-01,6.57E-01,6.66E-01,6.76E-01,6.49E-01,6.38E-01,6.62E-01,6.86E-01,5.49E-01,6.13E-01,6.75E-01,6.51E-01,5.98E-01,6.90E-01,5.90E-01,6.61E-01,6.15E-01,6.75E-01,6.66E-01,6.00E-01,6.25E-01,5.86E-01,6.92E-01,6.52E-01,6.08E-01,7.48E-01,6.66E-01,6.81E-01,6.43E-01,6.01E-01,6.84E-01,6.57E-01,6.83E-01,7.27E-01,6.74E-01,6.88E-01,6.46E-01,5.29E-01,6.08E-01,6.43E-01,6.18E-01,6.47E-01,5.73E-01,6.74E-01,5.99E-01,6.49E-01,6.20E-01,5.81E-01,5.56E-01,7.08E-01,6.30E-01,6.84E-01,7.03E-01,6.44E-01,5.63E-01,6.42E-01,6.69E-01,7.06E-01,6.96E-01,6.39E-01,7.42E-01,5.97E-01,6.88E-01,7.63E-01,6.01E-01,5.92E-01,7.02E-01,7.06E-01,6.31E-01,7.81E-01,7.68E-01,7.67E-01,6.78E-01,6.86E-01,6.59E-01,6.23E-01,6.13E-01,6.86E-01,6.57E-01,7.45E-01,7.72E-01,6.84E-01,7.15E-01,6.74E-01,6.51E-01,5.74E-01,7.71E-01,5.00E-01,6.24E-01,7.51E-01,7.14E-01,6.85E-01,6.69E-01,6.16E-01,6.91E-01,6.54E-01,6.34E-01,6.44E-01,5.78E-01,6.74E-01,6.26E-01,5.83E-01,6.52E-01,7.16E-01,6.39E-01,6.57E-01,7.36E-01,6.01E-01,6.67E-01,7.13E-01,6.67E-01,6.22E-01,6.87E-01,6.89E-01,6.58E-01,6.85E-01,6.35E-01,6.51E-01,5.97E-01,6.45E-01,6.17E-01,6.74E-01,7.10E-01,6.66E-01,6.63E-01,7.73E-01
033_S_1281,3.81E-01,3.55E-01,5.39E-01,5.19E-01,5.70E-01,6.32E-01,6.19E-01,6.73E-01,6.01E-01,7.04E-01,6.46E-01,5.69E-01,6.34E-01,4.93E-01,5.79E-01,5.73E-01,5.35E-01,5.93E-01,6.28E-01,5.99E-01,6.86E-01,6.36E-01,6.79E-01,6.10E-01,6.48E-01,6.56E-01,6.29E-01,6.02E-01,6.32E-01,5.80E-01,6.76E-01,6.77E-01,5.54E-01,5.28E-01,6.58E-01,6.71E-01,5.91E-01,5.86E-01,7.09E-01,6.62E-01,7.89E-01,6.83E-01,6.56E-01,7.12E-01,6.82E-01,7.12E-01,6.20E-01,7.07E-01,7.73E-01,6.98E-01,6.92E-01,7.46E-01,5.30E-01,5.42E-01,7.83E-01,6.62E-01,5.41E-01,6.84E-01,6.67E-01,7.10E-01,6.21E-01,6.12E-01,7.03E-01,6.74E-01,6.63E-01,6.23E-01,5.91E-01,5.77E-01,5.61E-01,5.43E-01,6.53E-01,6.95E-01,6.63E-01,6.44E-01,6.36E-01,6.76E-01,6.70E-01,6.90E-01,6.54E-01,6.53E-01,6.83E-01,6.90E-01,5.94E-01,6.15E-01,6.97E-01,6.45E-01,6.28E-01,7.05E-01,6.14E-01,6.84E-01,6.35E-01,7.05E-01,6.87E-01,5.81E-01,6.41E-01,6.10E-01,6.97E-01,6.10E-01,6.01E-01,7.51E-01,6.63E-01,6.59E-01,6.31E-01,5.90E-01,6.78E-01,6.37E-01,6.27E-01,7.07E-01,6.25E-01,6.90E-01,6.30E-01,5.59E-01,6.47E-01,6.63E-01,6.17E-01,6.61E-01,6.18E-01,6.97E-01,6.37E-01,6.80E-01,6.27E-01,6.05E-01,6.36E-01,6.96E-01,6.17E-01,6.75E-01,7.00E-01,6.49E-01,5.75E-01,6.83E-01,6.34E-01,6.90E-01,7.07E-01,6.60E-01,7.53E-01,6.10E-01,6.71E-01,7.62E-01,6.22E-01,6.29E-01,7.15E-01,7.22E-01,6.73E-01,7.80E-01,7.82E-01,7.67E-01,6.79E-01,6.74E-01,6.48E-01,6.57E-01,6.30E-01,7.04E-01,6.95E-01,7.68E-01,7.78E-01,6.78E-01,7.42E-01,7.01E-01,6.71E-01,5.91E-01,8.00E-01,5.34E-01,6.28E-01,7.25E-01,6.83E-01,6.85E-01,6.97E-01,6.41E-01,7.26E-01,6.53E-01,6.53E-01,6.49E-01,5.59E-01,6.75E-01,6.76E-01,6.11E-01,6.61E-01,7.25E-01,6.73E-01,7.03E-01,7.23E-01,5.80E-01,6.66E-01,6.91E-01,6.62E-01,6.04E-01,6.65E-01,6.70E-01,6.64E-01,6.78E-01,6.80E-01,6.77E-01,6.12E-01,6.37E-01,5.98E-01,6.43E-01,7.15E-01,6.28E-01,6.54E-01,7.64E-01
035_S_0341,4.24E-01,3.96E-01,5.76E-01,5.51E-01,5.95E-01,6.49E-01,6.44E-01,6.94E-01,6.31E-01,7.16E-01,6.66E-01,6.02E-01,6.59E-01,5.38E-01,6.04E-01,6.05E-01,5.69E-01,6.19E-01,6.38E-01,6.25E-01,6.89E-01,6.45E-01,7.00E-01,6.26E-01,6.68E-01,6.65E-01,6.42E-01,6.20E-01,6.31E-01,6.12E-01,6.96E-01,6.89E-01,5.57E-01,5.49E-01,6.77E-01,6.93E-01,6.04E-01,5.97E-01,7.20E-01,6.77E-01,7.90E-01,6.92E-01,6.80E-01,7.34E-01,6.86E-01,7.23E-01,6.07E-01,7.09E-01,7.85E-01,7.02E-01,6.63E-01,7.34E-01,5.35E-01,5.45E-01,7.82E-01,6.50E-01,5.56E-01,7.05E-01,6.58E-01,7.25E-01,6.36E-01,6.16E-01,7.00E-01,6.67E-01,6.39E-01,6.37E-01,5.94E-01,5.76E-01,5.64E-01,5.53E-01,6.63E-01,7.02E-01,6.76E-01,6.52E-01,6.41E-01,6.51E-01,6.62E-01,6.91E-01,6.56E-01,6.39E-01,6.78E-01,6.96E-01,6.02E-01,6.25E-01,6.90E-01,6.49E-01,6.43E-01,6.95E-01,6.06E-01,6.82E-01,6.22E-01,6.75E-01,6.58E-01,5.85E-01,6.34E-01,5.96E-01,6.57E-01,5.92E-01,6.13E-01,7.46E-01,6.57E-01,6.73E-01,6.36E-01,5.97E-01,6.74E-01,6.50E-01,6.38E-01,6.86E-01,6.22E-01,6.46E-01,6.23E-01,5.86E-01,6.29E-01,6.47E-01,6.29E-01,6.52E-01,6.42E-01,6.84E-01,6.38E-01,6.57E-01,6.22E-01,5.79E-01,6.13E-01,7.09E-01,6.29E-01,6.89E-01,7.05E-01,6.56E-01,5.76E-01,6.75E-01,6.49E-01,6.79E-01,7.01E-01,6.49E-01,7.19E-01,5.96E-01,7.10E-01,7.62E-01,6.33E-01,6.15E-01,7.13E-01,7.17E-01,6.55E-01,7.60E-01,7.70E-01,7.80E-01,6.78E-01,6.84E-01,6.45E-01,6.63E-01,6.31E-01,7.07E-01,6.89E-01,7.50E-01,7.76E-01,6.70E-01,7.37E-01,6.70E-01,6.62E-01,6.15E-01,7.88E-01,5.46E-01,6.34E-01,7.15E-01,6.91E-01,7.06E-01,6.84E-01,6.32E-01,7.08E-01,6.60E-01,6.42E-01,6.44E-01,5.60E-01,7.12E-01,6.89E-01,5.78E-01,6.48E-01,7.35E-01,6.50E-01,6.58E-01,7.11E-01,5.84E-01,6.64E-01,7.06E-01,6.35E-01,5.97E-01,6.73E-01,6.75E-01,6.62E-01,6.74E-01,6.57E-01,6.47E-01,6.08E-01,6.62E-01,5.60E-01,6.19E-01,7.07E-01,6.71E-01,6.54E-01,7.66E-01
035_S_0555,4.00E-01,3.73E-01,5.60E-01,5.28E-01,5.81E-01,6.42E-01,6.41E-01,6.82E-01,6.08E-01,7.00E-01,6.49E-01,5.74E-01,6.52E-01,5.08E-01,5.78E-01,5.82E-01,5.54E-01,5.84E-01,6.35E-01,6.06E-01,6.80E-01,6.37E-01,6.89E-01,6.14E-01,6.49E-01,6.52E-01,6.20E-01,5.95E-01,6.45E-01,5.87E-01,6.65E-01,6.53E-01,5.43E-01,5.14E-01,6.54E-01,6.78E-01,5.53E-01,5.81E-01,6.92E-01,6.58E-01,7.77E-01,6.86E-01,6.46E-01,7.30E-01,6.86E-01,6.93E-01,6.16E-01,6.99E-01,7.73E-01,7.06E-01,6.74E-01,7.42E-01,5.32E-01,5.42E-01,7.81E-01,6.63E-01,5.55E-01,6.75E-01,6.79E-01,7.06E-01,6.09E-01,6.29E-01,6.70E-01,6.73E-01,6.38E-01,6.21E-01,5.95E-01,5.65E-01,5.63E-01,5.35E-01,6.58E-01,7.00E-01,6.57E-01,6.37E-01,6.43E-01,6.59E-01,6.73E-01,6.87E-01,6.53E-01,6.62E-01,7.11E-01,6.97E-01,6.10E-01,6.38E-01,6.90E-01,6.45E-01,6.32E-01,7.11E-01,6.08E-01,6.75E-01,6.30E-01,6.85E-01,6.89E-01,6.11E-01,6.34E-01,6.03E-01,6.54E-01,6.41E-01,6.11E-01,7.54E-01,6.70E-01,6.78E-01,6.47E-01,5.87E-01,6.72E-01,6.34E-01,6.65E-01,7.11E-01,6.44E-01,6.46E-01,6.45E-01,5.80E-01,6.27E-01,6.65E-01,6.29E-01,6.53E-01,6.15E-01,6.79E-01,6.36E-01,6.54E-01,6.33E-01,5.99E-01,6.22E-01,6.94E-01,6.16E-01,6.93E-01,6.99E-01,6.64E-01,5.86E-01,6.81E-01,6.63E-01,6.85E-01,7.02E-01,6.29E-01,7.36E-01,5.85E-01,6.85E-01,7.51E-01,6.26E-01,6.10E-01,6.88E-01,6.96E-01,6.46E-01,7.63E-01,7.74E-01,7.78E-01,6.92E-01,7.03E-01,6.55E-01,6.67E-01,6.15E-01,6.93E-01,6.79E-01,7.62E-01,7.79E-01,6.88E-01,7.56E-01,6.97E-01,6.82E-01,6.08E-01,7.89E-01,5.54E-01,6.39E-01,7.30E-01,7.06E-01,6.93E-01,6.68E-01,6.45E-01,6.92E-01,6.56E-01,6.50E-01,6.51E-01,5.36E-01,6.88E-01,6.91E-01,6.12E-01,6.73E-01,7.23E-01,6.69E-01,6.72E-01,7.25E-01,5.67E-01,6.56E-01,6.87E-01,6.44E-01,6.12E-01,7.04E-01,6.83E-01,6.86E-01,6.58E-01,6.74E-01,6.63E-01,6.14E-01,6.14E-01,5.63E-01,6.53E-01,7.05E-01,6.47E-01,6.72E-01,7.67E-01
036_S_0577,3.82E-01,3.41E-01,5.29E-01,4.99E-01,5.50E-01,6.17E-01,6.11E-01,6.56E-01,5.82E-01,7.00E-01,6.27E-01,5.52E-01,6.16E-01,4.42E-01,5.42E-01,5.40E-01,4.83E-01,5.74E-01,5.89E-01,5.88E-01,6.71E-01,6.15E-01,6.74E-01,5.83E-01,6.30E-01,6.26E-01,6.15E-01,5.73E-01,6.17E-01,5.75E-01,6.48E-01,6.50E-01,4.77E-01,4.63E-01,6.36E-01,6.79E-01,5.45E-01,5.33E-01,7.08E-01,6.51E-01,7.80E-01,6.74E-01,6.46E-01,7.17E-01,6.75E-01,7.06E-01,5.94E-01,6.85E-01,7.65E-01,6.93E-01,6.75E-01,7.35E-01,5.15E-01,5.30E-01,7.82E-01,6.41E-01,5.28E-01,6.68E-01,6.53E-01,6.98E-01,5.68E-01,6.03E-01,6.66E-01,6.48E-01,6.15E-01,5.99E-01,5.71E-01,5.08E-01,5.09E-01,5.49E-01,6.50E-01,6.78E-01,6.55E-01,6.16E-01,6.15E-01,6.41E-01,6.57E-01,6.83E-01,6.49E-01,6.60E-01,6.85E-01,6.96E-01,5.94E-01,6.03E-01,6.77E-01,6.32E-01,6.42E-01,6.99E-01,5.87E-01,6.66E-01,6.29E-01,6.93E-01,6.81E-01,6.01E-01,6.22E-01,5.81E-01,6.88E-01,6.23E-01,5.95E-01,7.35E-01,6.50E-01,6.52E-01,6.32E-01,5.84E-01,6.66E-01,6.29E-01,6.33E-01,7.05E-01,6.34E-01,7.57E-01,6.15E-01,5.21E-01,6.08E-01,6.26E-01,5.87E-01,6.32E-01,5.78E-01,6.69E-01,6.04E-01,6.29E-01,6.02E-01,5.68E-01,6.11E-01,6.95E-01,6.04E-01,6.70E-01,6.94E-01,6.38E-01,5.55E-01,6.51E-01,6.35E-01,6.92E-01,6.97E-01,6.02E-01,7.37E-01,5.73E-01,7.00E-01,7.46E-01,6.10E-01,5.85E-01,6.99E-01,7.10E-01,6.43E-01,7.71E-01,7.71E-01,7.81E-01,6.53E-01,6.74E-01,6.37E-01,6.41E-01,6.13E-01,6.83E-01,6.67E-01,7.60E-01,7.63E-01,6.72E-01,7.31E-01,6.89E-01,6.86E-01,6.28E-01,7.98E-01,5.24E-01,6.28E-01,7.31E-01,6.98E-01,6.74E-01,6.39E-01,6.64E-01,6.90E-01,6.31E-01,6.35E-01,6.32E-01,5.61E-01,6.76E-01,6.28E-01,5.76E-01,6.63E-01,7.29E-01,6.36E-01,6.10E-01,7.04E-01,5.75E-01,6.13E-01,7.04E-01,6.47E-01,5.99E-01,6.84E-01,6.72E-01,6.73E-01,6.67E-01,6.73E-01,6.48E-01,6.10E-01,6.41E-01,6.26E-01,6.40E-01,7.01E-01,6.38E-01,6.25E-01,7.63E-01
037_S_0467,3.76E-01,3.42E-01,5.37E-01,5.16E-01,5.61E-01,6.26E-01,6.17E-01,6.60E-01,5.90E-01,6.93E-01,6.33E-01,5.74E-01,6.36E-01,4.51E-01,5.57E-01,5.30E-01,4.89E-01,5.93E-01,6.06E-01,5.86E-01,6.79E-01,6.40E-01,6.80E-01,5.98E-01,6.34E-01,6.49E-01,6.32E-01,5.47E-01,6.22E-01,5.74E-01,6.67E-01,6.51E-01,5.14E-01,5.16E-01,6.42E-01,6.77E-01,5.55E-01,5.58E-01,7.15E-01,6.65E-01,7.83E-01,6.77E-01,6.47E-01,7.26E-01,6.87E-01,7.10E-01,6.02E-01,7.12E-01,7.75E-01,7.05E-01,6.90E-01,7.51E-01,5.08E-01,5.40E-01,7.76E-01,6.62E-01,5.30E-01,6.81E-01,6.50E-01,7.11E-01,6.06E-01,6.27E-01,6.93E-01,6.43E-01,6.33E-01,6.13E-01,5.82E-01,5.58E-01,4.99E-01,5.61E-01,6.56E-01,7.10E-01,6.69E-01,6.40E-01,6.44E-01,6.80E-01,6.80E-01,7.00E-01,6.68E-01,6.42E-01,6.92E-01,6.78E-01,6.01E-01,6.10E-01,6.86E-01,6.50E-01,6.14E-01,7.07E-01,6.14E-01,6.88E-01,6.54E-01,7.14E-01,6.93E-01,6.27E-01,6.24E-01,6.04E-01,6.79E-01,6.41E-01,6.12E-01,7.48E-01,6.72E-01,6.72E-01,6.40E-01,6.02E-01,6.79E-01,6.45E-01,6.55E-01,7.16E-01,6.49E-01,6.69E-01,6.41E-01,5.55E-01,6.18E-01,6.93E-01,6.53E-01,6.72E-01,5.99E-01,6.89E-01,6.33E-01,6.88E-01,6.13E-01,5.93E-01,6.09E-01,7.10E-01,6.26E-01,6.96E-01,7.08E-01,6.57E-01,5.75E-01,6.71E-01,6.50E-01,7.07E-01,7.05E-01,6.52E-01,7.55E-01,6.11E-01,6.99E-01,7.72E-01,6.19E-01,5.85E-01,7.09E-01,7.14E-01,6.44E-01,7.84E-01,7.70E-01,7.87E-01,6.96E-01,7.02E-01,6.55E-01,6.88E-01,6.32E-01,7.07E-01,6.91E-01,7.72E-01,7.63E-01,6.90E-01,7.46E-01,6.94E-01,6.75E-01,6.31E-01,7.98E-01,5.37E-01,6.40E-01,7.41E-01,6.93E-01,6.87E-01,7.04E-01,6.62E-01,7.28E-01,6.59E-01,6.57E-01,6.42E-01,5.73E-01,6.74E-01,6.78E-01,5.82E-01,6.78E-01,7.28E-01,6.85E-01,6.79E-01,7.28E-01,5.91E-01,6.85E-01,6.74E-01,7.04E-01,6.37E-01,6.77E-01,6.76E-01,6.78E-01,6.91E-01,6.91E-01,6.67E-01,6.26E-01,6.61E-01,5.81E-01,6.70E-01,7.27E-01,6.53E-01,6.72E-01,7.65E-01
041_S_1002,3.82E-01,3.50E-01,5.47E-01,5.31E-01,5.68E-01,6.24E-01,6.26E-01,6.77E-01,5.97E-01,7.10E-01,6.37E-01,5.79E-01,6.27E-01,4.61E-01,5.65E-01,5.54E-01,4.94E-01,5.92E-01,5.99E-01,5.49E-01,6.56E-01,6.24E-01,6.82E-01,6.10E-01,6.63E-01,6.49E-01,6.18E-01,5.86E-01,6.44E-01,5.82E-01,6.75E-01,6.57E-01,5.23E-01,5.08E-01,6.35E-01,6.75E-01,5.61E-01,5.38E-01,7.25E-01,6.49E-01,7.90E-01,6.70E-01,6.64E-01,7.26E-01,6.89E-01,7.03E-01,5.89E-01,7.04E-01,7.74E-01,7.03E-01,6.77E-01,7.38E-01,5.33E-01,5.44E-01,7.79E-01,6.59E-01,5.49E-01,6.91E-01,6.62E-01,7.13E-01,5.96E-01,6.14E-01,6.72E-01,6.69E-01,6.13E-01,6.26E-01,5.84E-01,5.57E-01,5.43E-01,5.42E-01,6.58E-01,6.84E-01,6.67E-01,6.43E-01,6.41E-01,6.75E-01,6.75E-01,6.85E-01,6.63E-01,6.71E-01,6.86E-01,7.00E-01,6.03E-01,6.16E-01,6.89E-01,6.49E-01,6.04E-01,7.17E-01,6.11E-01,6.99E-01,6.53E-01,7.07E-01,6.86E-01,6.00E-01,6.29E-01,6.18E-01,6.80E-01,6.38E-01,6.05E-01,7.57E-01,6.74E-01,6.83E-01,6.60E-01,6.09E-01,6.89E-01,6.52E-01,6.80E-01,7.18E-01,6.70E-01,6.69E-01,6.56E-01,5.79E-01,6.19E-01,6.52E-01,6.52E-01,6.48E-01,5.99E-01,6.87E-01,5.78E-01,6.26E-01,6.31E-01,6.21E-01,6.53E-01,7.12E-01,6.32E-01,6.96E-01,7.01E-01,6.54E-01,5.92E-01,6.62E-01,6.62E-01,7.02E-01,6.98E-01,6.47E-01,7.50E-01,6.07E-01,7.24E-01,7.62E-01,6.34E-01,6.07E-01,7.16E-01,7.14E-01,6.75E-01,7.78E-01,7.86E-01,7.89E-01,6.86E-01,7.11E-01,6.91E-01,6.84E-01,6.23E-01,7.12E-01,6.97E-01,7.63E-01,7.79E-01,7.00E-01,7.36E-01,6.89E-01,6.93E-01,5.87E-01,8.01E-01,5.41E-01,6.48E-01,7.43E-01,7.05E-01,7.02E-01,6.80E-01,6.58E-01,7.17E-01,6.78E-01,6.47E-01,6.51E-01,5.76E-01,6.95E-01,7.01E-01,6.25E-01,6.78E-01,7.38E-01,6.87E-01,6.60E-01,7.36E-01,6.12E-01,6.93E-01,6.90E-01,6.88E-01,6.22E-01,7.01E-01,6.87E-01,6.83E-01,6.86E-01,6.96E-01,6.70E-01,6.32E-01,6.77E-01,5.82E-01,6.63E-01,7.14E-01,6.58E-01,6.57E-01,7.61E-01
053_S_1044,4.10E-01,3.80E-01,5.78E-01,5.53E-01,5.80E-01,6.39E-01,6.40E-01,6.92E-01,6.24E-01,7.17E-01,6.68E-01,6.00E-01,6.60E-01,5.20E-01,6.08E-01,5.78E-01,5.54E-01,6.10E-01,6.48E-01,6.16E-01,6.90E-01,6.48E-01,7.02E-01,6.20E-01,6.60E-01,6.57E-01,6.48E-01,6.02E-01,6.39E-01,6.00E-01,6.88E-01,6.77E-01,5.57E-01,5.57E-01,6.60E-01,6.70E-01,5.69E-01,5.76E-01,7.21E-01,6.69E-01,7.94E-01,6.90E-01,6.77E-01,7.34E-01,7.03E-01,7.22E-01,6.21E-01,7.26E-01,7.91E-01,7.14E-01,6.97E-01,7.61E-01,5.51E-01,5.49E-01,8.01E-01,6.65E-01,5.64E-01,6.98E-01,6.91E-01,7.32E-01,6.08E-01,6.31E-01,6.94E-01,6.59E-01,6.22E-01,6.35E-01,6.05E-01,5.76E-01,5.37E-01,5.58E-01,6.68E-01,7.10E-01,6.69E-01,6.51E-01,6.40E-01,6.49E-01,6.75E-01,6.97E-01,6.63E-01,6.82E-01,6.80E-01,7.23E-01,5.99E-01,6.08E-01,6.88E-01,6.70E-01,6.43E-01,7.29E-01,6.30E-01,6.95E-01,6.41E-01,7.06E-01,6.69E-01,5.76E-01,6.56E-01,6.13E-01,6.85E-01,6.30E-01,6.20E-01,7.60E-01,6.85E-01,6.82E-01,6.55E-01,6.11E-01,6.89E-01,6.56E-01,6.71E-01,7.16E-01,6.53E-01,6.80E-01,6.47E-01,5.84E-01,6.43E-01,6.71E-01,6.30E-01,6.79E-01,6.11E-01,6.96E-01,6.21E-01,6.64E-01,6.14E-01,5.78E-01,6.77E-01,7.19E-01,6.48E-01,6.89E-01,7.01E-01,6.60E-01,6.08E-01,6.80E-01,6.52E-01,7.03E-01,7.18E-01,6.45E-01,7.52E-01,6.21E-01,7.11E-01,7.56E-01,6.32E-01,6.15E-01,7.11E-01,7.12E-01,6.67E-01,7.78E-01,7.91E-01,7.88E-01,6.81E-01,7.02E-01,6.75E-01,6.43E-01,6.20E-01,7.15E-01,6.80E-01,7.66E-01,7.93E-01,6.91E-01,7.57E-01,7.11E-01,7.11E-01,6.36E-01,8.24E-01,5.38E-01,6.56E-01,7.42E-01,7.08E-01,6.98E-01,6.59E-01,6.80E-01,7.26E-01,6.64E-01,6.43E-01,6.54E-01,5.81E-01,7.10E-01,6.91E-01,6.08E-01,6.75E-01,7.39E-01,6.53E-01,6.90E-01,7.34E-01,6.02E-01,6.84E-01,6.99E-01,6.48E-01,6.34E-01,7.05E-01,6.85E-01,6.84E-01,6.88E-01,7.02E-01,6.86E-01,6.27E-01,6.53E-01,5.96E-01,6.58E-01,7.21E-01,6.66E-01,6.82E-01,7.73E-01
053_S_5070,4.03E-01,3.76E-01,5.62E-01,5.22E-01,5.58E-01,6.16E-01,6.28E-01,6.81E-01,6.02E-01,6.91E-01,6.45E-01,5.45E-01,6.31E-01,4.71E-01,5.56E-01,5.46E-01,4.99E-01,5.80E-01,6.03E-01,5.85E-01,6.76E-01,6.13E-01,6.81E-01,5.83E-01,6.27E-01,6.38E-01,6.11E-01,5.65E-01,6.44E-01,6.05E-01,6.56E-01,6.40E-01,5.15E-01,4.73E-01,6.41E-01,6.58E-01,5.19E-01,5.32E-01,6.90E-01,6.47E-01,7.70E-01,6.77E-01,6.41E-01,7.26E-01,6.82E-01,7.00E-01,5.82E-01,6.89E-01,7.75E-01,6.99E-01,6.99E-01,7.47E-01,5.55E-01,5.46E-01,7.85E-01,6.60E-01,5.47E-01,6.54E-01,6.50E-01,7.21E-01,5.82E-01,5.95E-01,6.71E-01,6.72E-01,5.98E-01,6.13E-01,5.85E-01,4.98E-01,5.35E-01,5.50E-01,6.54E-01,6.86E-01,6.60E-01,6.36E-01,6.08E-01,6.50E-01,6.58E-01,6.83E-01,6.41E-01,6.58E-01,6.91E-01,6.79E-01,6.05E-01,5.97E-01,6.78E-01,6.41E-01,5.91E-01,7.04E-01,6.16E-01,6.75E-01,6.17E-01,7.03E-01,6.85E-01,6.09E-01,6.32E-01,5.55E-01,6.66E-01,6.29E-01,5.83E-01,7.41E-01,6.72E-01,6.57E-01,6.40E-01,5.97E-01,6.44E-01,6.31E-01,6.58E-01,7.07E-01,6.33E-01,6.61E-01,6.25E-01,5.52E-01,5.90E-01,6.21E-01,6.03E-01,6.14E-01,5.57E-01,6.62E-01,6.05E-01,6.17E-01,5.82E-01,5.81E-01,6.07E-01,6.86E-01,5.98E-01,6.60E-01,6.83E-01,6.37E-01,5.55E-01,6.62E-01,6.48E-01,6.87E-01,6.56E-01,6.20E-01,7.37E-01,5.74E-01,6.58E-01,7.51E-01,5.98E-01,5.70E-01,6.68E-01,6.88E-01,6.25E-01,7.49E-01,7.60E-01,7.61E-01,6.64E-01,6.81E-01,6.40E-01,6.42E-01,6.16E-01,6.76E-01,6.59E-01,7.60E-01,7.50E-01,6.76E-01,7.41E-01,6.99E-01,6.94E-01,5.89E-01,7.93E-01,5.36E-01,6.36E-01,7.38E-01,6.50E-01,6.82E-01,6.51E-01,6.33E-01,6.88E-01,6.40E-01,6.36E-01,6.28E-01,5.11E-01,6.75E-01,6.61E-01,5.36E-01,6.55E-01,7.18E-01,6.31E-01,6.26E-01,7.19E-01,5.63E-01,6.54E-01,6.57E-01,6.53E-01,6.13E-01,6.84E-01,6.78E-01,6.54E-01,6.58E-01,6.53E-01,6.47E-01,6.16E-01,6.30E-01,6.01E-01,6.57E-01,7.04E-01,6.42E-01,6.50E-01,7.45E-01
053_S_5208,3.95E-01,3.58E-01,5.66E-01,5.43E-01,5.66E-01,6.41E-01,6.40E-01,6.81E-01,6.05E-01,7.12E-01,6.38E-01,5.62E-01,6.18E-01,4.76E-01,5.56E-01,5.29E-01,4.93E-01,5.67E-01,6.12E-01,5.73E-01,6.93E-01,6.46E-01,6.82E-01,6.13E-01,6.50E-01,6.47E-01,6.40E-01,5.84E-01,6.58E-01,6.10E-01,6.78E-01,6.37E-01,5.23E-01,4.81E-01,6.46E-01,6.67E-01,5.29E-01,5.48E-01,7.05E-01,6.78E-01,7.92E-01,6.80E-01,6.81E-01,7.25E-01,6.82E-01,6.94E-01,6.10E-01,7.13E-01,7.77E-01,7.12E-01,7.09E-01,7.56E-01,5.65E-01,5.63E-01,7.91E-01,6.72E-01,5.83E-01,6.47E-01,6.66E-01,7.17E-01,5.82E-01,6.35E-01,7.07E-01,6.89E-01,6.15E-01,6.25E-01,6.25E-01,5.68E-01,5.40E-01,5.51E-01,6.78E-01,7.01E-01,6.56E-01,6.46E-01,6.41E-01,6.73E-01,6.66E-01,6.79E-01,6.40E-01,6.77E-01,7.07E-01,6.99E-01,6.12E-01,6.42E-01,7.16E-01,6.69E-01,6.21E-01,7.06E-01,6.08E-01,6.50E-01,6.39E-01,7.18E-01,7.02E-01,5.93E-01,6.57E-01,6.01E-01,6.97E-01,6.37E-01,6.22E-01,7.64E-01,7.00E-01,6.97E-01,6.74E-01,6.35E-01,7.07E-01,6.58E-01,6.69E-01,7.35E-01,6.36E-01,6.72E-01,6.13E-01,6.01E-01,5.80E-01,6.21E-01,5.62E-01,6.04E-01,5.71E-01,6.54E-01,5.91E-01,5.91E-01,5.92E-01,5.29E-01,6.17E-01,7.08E-01,6.25E-01,6.72E-01,6.88E-01,6.67E-01,5.77E-01,6.61E-01,6.80E-01,7.05E-01,7.09E-01,6.39E-01,7.42E-01,5.72E-01,6.86E-01,7.41E-01,5.89E-01,5.80E-01,6.80E-01,7.13E-01,6.78E-01,7.81E-01,7.77E-01,7.78E-01,6.63E-01,6.68E-01,6.23E-01,6.32E-01,6.18E-01,7.04E-01,6.98E-01,7.67E-01,7.94E-01,6.87E-01,7.52E-01,7.25E-01,7.02E-01,6.28E-01,8.27E-01,5.67E-01,6.69E-01,7.48E-01,6.77E-01,6.61E-01,6.54E-01,6.74E-01,7.05E-01,6.52E-01,6.66E-01,6.65E-01,5.26E-01,6.55E-01,6.70E-01,5.34E-01,6.81E-01,7.19E-01,6.14E-01,6.60E-01,7.13E-01,5.47E-01,6.62E-01,6.86E-01,6.66E-01,5.85E-01,7.07E-01,6.90E-01,6.74E-01,6.84E-01,7.08E-01,6.87E-01,6.21E-01,6.37E-01,6.10E-01,6.52E-01,7.27E-01,6.51E-01,6.63E-01,7.44E-01
057_S_0474,3.85E-01,3.52E-01,5.36E-01,5.10E-01,5.50E-01,6.17E-01,6.24E-01,6.71E-01,5.95E-01,6.92E-01,6.49E-01,5.83E-01,6.37E-01,4.95E-01,5.79E-01,5.75E-01,5.34E-01,6.07E-01,6.29E-01,5.99E-01,6.76E-01,6.23E-01,6.74E-01,6.09E-01,6.38E-01,6.38E-01,6.19E-01,5.92E-01,6.24E-01,5.80E-01,6.66E-01,6.51E-01,5.33E-01,5.28E-01,6.53E-01,6.81E-01,5.67E-01,5.73E-01,6.98E-01,6.55E-01,7.68E-01,6.65E-01,6.53E-01,7.25E-01,6.81E-01,7.10E-01,6.08E-01,6.76E-01,7.55E-01,6.91E-01,6.82E-01,7.45E-01,5.36E-01,5.33E-01,7.81E-01,6.42E-01,5.48E-01,6.68E-01,6.52E-01,6.95E-01,6.13E-01,6.01E-01,6.68E-01,6.59E-01,6.18E-01,6.13E-01,5.80E-01,5.58E-01,5.42E-01,5.54E-01,6.55E-01,7.05E-01,6.71E-01,6.41E-01,6.32E-01,6.55E-01,6.65E-01,6.95E-01,6.60E-01,6.50E-01,6.75E-01,6.89E-01,5.98E-01,6.12E-01,6.59E-01,6.45E-01,6.25E-01,7.02E-01,5.87E-01,6.75E-01,6.39E-01,6.77E-01,6.68E-01,5.84E-01,6.15E-01,6.01E-01,6.72E-01,6.10E-01,5.92E-01,7.47E-01,6.58E-01,6.81E-01,6.35E-01,5.88E-01,6.70E-01,6.36E-01,6.48E-01,7.07E-01,6.44E-01,6.69E-01,6.40E-01,5.80E-01,6.33E-01,6.52E-01,6.38E-01,6.71E-01,6.14E-01,6.97E-01,6.37E-01,6.74E-01,6.27E-01,6.08E-01,6.23E-01,6.99E-01,6.15E-01,6.74E-01,6.83E-01,6.42E-01,5.84E-01,6.58E-01,6.47E-01,6.86E-01,6.82E-01,6.39E-01,7.46E-01,6.11E-01,6.93E-01,7.54E-01,6.21E-01,6.11E-01,7.04E-01,7.11E-01,6.46E-01,7.64E-01,7.51E-01,7.58E-01,6.72E-01,6.89E-01,6.66E-01,6.54E-01,6.26E-01,6.82E-01,6.36E-01,7.29E-01,7.66E-01,6.76E-01,7.49E-01,6.92E-01,6.85E-01,5.98E-01,7.99E-01,5.35E-01,6.22E-01,7.25E-01,6.97E-01,6.75E-01,6.89E-01,6.04E-01,6.76E-01,6.42E-01,6.35E-01,6.29E-01,5.82E-01,6.68E-01,6.70E-01,5.73E-01,6.55E-01,7.44E-01,6.48E-01,6.50E-01,7.14E-01,5.87E-01,6.64E-01,6.80E-01,6.27E-01,6.20E-01,6.75E-01,6.74E-01,6.60E-01,6.62E-01,6.74E-01,6.53E-01,6.11E-01,6.44E-01,5.80E-01,6.37E-01,6.98E-01,6.55E-01,6.54E-01,7.58E-01
057_S_0779,3.89E-01,3.57E-01,5.49E-01,5.25E-01,5.69E-01,6.18E-01,6.28E-01,6.73E-01,6.07E-01,7.14E-01,6.46E-01,5.79E-01,6.33E-01,4.80E-01,5.61E-01,5.56E-01,5.27E-01,5.93E-01,6.18E-01,5.97E-01,6.66E-01,6.13E-01,6.83E-01,5.94E-01,6.46E-01,6.51E-01,6.06E-01,5.73E-01,6.31E-01,5.86E-01,6.72E-01,6.53E-01,5.37E-01,5.25E-01,6.36E-01,6.78E-01,5.57E-01,5.64E-01,7.01E-01,6.53E-01,7.85E-01,6.71E-01,6.50E-01,7.27E-01,6.84E-01,7.11E-01,6.11E-01,6.94E-01,7.66E-01,6.97E-01,6.79E-01,7.48E-01,5.48E-01,5.45E-01,7.88E-01,6.63E-01,5.52E-01,6.66E-01,6.41E-01,7.06E-01,6.24E-01,6.05E-01,6.83E-01,6.72E-01,6.06E-01,6.03E-01,5.74E-01,5.53E-01,5.34E-01,5.42E-01,6.51E-01,6.96E-01,6.70E-01,6.35E-01,6.33E-01,6.51E-01,6.72E-01,6.85E-01,6.60E-01,6.46E-01,6.85E-01,6.83E-01,6.13E-01,6.09E-01,6.80E-01,6.44E-01,6.16E-01,7.06E-01,5.97E-01,6.39E-01,6.40E-01,7.03E-01,6.68E-01,5.76E-01,6.33E-01,5.90E-01,6.77E-01,6.37E-01,5.98E-01,7.55E-01,6.70E-01,6.62E-01,6.41E-01,5.95E-01,6.86E-01,6.42E-01,6.51E-01,7.09E-01,6.31E-01,6.67E-01,6.35E-01,5.72E-01,6.24E-01,6.64E-01,6.26E-01,6.52E-01,6.31E-01,7.00E-01,6.31E-01,6.82E-01,6.18E-01,6.03E-01,6.14E-01,6.90E-01,6.28E-01,6.81E-01,7.06E-01,6.41E-01,5.77E-01,6.61E-01,6.51E-01,6.92E-01,6.92E-01,6.49E-01,7.47E-01,6.03E-01,6.88E-01,7.57E-01,6.14E-01,6.02E-01,7.06E-01,7.17E-01,6.36E-01,7.65E-01,7.72E-01,7.84E-01,6.76E-01,6.92E-01,6.50E-01,6.55E-01,6.05E-01,6.84E-01,6.70E-01,7.50E-01,7.66E-01,6.68E-01,7.54E-01,7.08E-01,6.88E-01,6.01E-01,8.04E-01,5.53E-01,6.45E-01,7.36E-01,6.90E-01,6.68E-01,6.91E-01,6.49E-01,7.02E-01,6.48E-01,6.39E-01,6.34E-01,5.84E-01,6.89E-01,6.77E-01,5.90E-01,6.71E-01,7.21E-01,6.61E-01,6.58E-01,7.20E-01,5.82E-01,6.64E-01,6.84E-01,6.65E-01,6.23E-01,6.95E-01,6.74E-01,6.60E-01,6.66E-01,6.85E-01,6.37E-01,6.17E-01,6.45E-01,5.91E-01,6.65E-01,7.07E-01,6.58E-01,6.66E-01,7.61E-01
057_S_0818,3.97E-01,3.70E-01,5.56E-01,5.36E-01,5.80E-01,6.50E-01,6.36E-01,6.87E-01,6.11E-01,7.31E-01,6.63E-01,5.85E-01,6.55E-01,5.10E-01,6.03E-01,6.08E-01,5.51E-01,6.17E-01,6.40E-01,6.16E-01,7.00E-01,6.49E-01,7.06E-01,6.36E-01,6.71E-01,6.66E-01,6.32E-01,6.20E-01,6.50E-01,6.02E-01,6.84E-01,6.76E-01,5.62E-01,5.40E-01,6.79E-01,7.04E-01,5.86E-01,5.86E-01,7.43E-01,6.86E-01,8.11E-01,7.01E-01,6.81E-01,7.37E-01,6.96E-01,7.19E-01,6.22E-01,6.99E-01,7.82E-01,7.18E-01,6.88E-01,7.46E-01,5.29E-01,5.43E-01,7.86E-01,6.64E-01,5.56E-01,6.76E-01,6.83E-01,7.25E-01,6.14E-01,6.31E-01,7.08E-01,6.68E-01,6.45E-01,6.41E-01,6.04E-01,5.68E-01,5.72E-01,5.56E-01,6.72E-01,7.01E-01,6.76E-01,6.60E-01,6.51E-01,6.70E-01,6.85E-01,7.00E-01,6.71E-01,6.65E-01,6.65E-01,7.12E-01,5.88E-01,6.17E-01,7.04E-01,6.60E-01,6.28E-01,7.16E-01,6.14E-01,6.98E-01,6.60E-01,7.09E-01,6.82E-01,6.13E-01,6.43E-01,6.12E-01,6.97E-01,6.37E-01,6.14E-01,7.59E-01,6.76E-01,6.83E-01,6.48E-01,6.05E-01,6.67E-01,6.54E-01,6.56E-01,7.07E-01,6.63E-01,7.11E-01,6.58E-01,5.91E-01,6.54E-01,6.69E-01,6.40E-01,6.79E-01,6.03E-01,7.07E-01,6.38E-01,6.97E-01,6.33E-01,6.01E-01,6.62E-01,7.24E-01,6.47E-01,7.15E-01,7.17E-01,6.89E-01,6.14E-01,6.83E-01,6.58E-01,7.06E-01,7.16E-01,6.52E-01,7.61E-01,6.37E-01,7.08E-01,7.82E-01,6.34E-01,6.05E-01,7.34E-01,7.24E-01,6.77E-01,7.98E-01,7.91E-01,7.94E-01,6.96E-01,7.09E-01,6.68E-01,6.58E-01,6.44E-01,7.14E-01,6.95E-01,7.65E-01,7.84E-01,6.98E-01,7.47E-01,7.05E-01,6.75E-01,5.97E-01,7.95E-01,5.40E-01,6.31E-01,7.39E-01,6.95E-01,7.09E-01,6.99E-01,6.59E-01,7.26E-01,6.73E-01,6.58E-01,6.54E-01,5.82E-01,7.04E-01,7.02E-01,6.17E-01,6.81E-01,7.36E-01,6.73E-01,6.50E-01,7.40E-01,5.89E-01,6.93E-01,7.20E-01,6.63E-01,6.39E-01,6.84E-01,6.83E-01,6.89E-01,6.87E-01,6.77E-01,6.69E-01,6.37E-01,6.67E-01,6.30E-01,6.65E-01,7.43E-01,6.66E-01,6.90E-01,7.70E-01
057_S_1371,4.15E-01,3.78E-01,5.66E-01,5.36E-01,5.77E-01,6.40E-01,6.31E-01,6.78E-01,6.12E-01,7.05E-01,6.54E-01,5.84E-01,6.45E-01,5.07E-01,5.82E-01,5.80E-01,5.39E-01,6.04E-01,6.34E-01,6.15E-01,6.64E-01,6.31E-01,6.83E-01,6.06E-01,6.53E-01,6.52E-01,6.34E-01,6.02E-01,6.41E-01,5.98E-01,6.65E-01,6.67E-01,5.42E-01,5.14E-01,6.48E-01,6.84E-01,5.74E-01,5.89E-01,7.12E-01,6.62E-01,7.78E-01,6.81E-01,6.58E-01,7.28E-01,6.76E-01,7.15E-01,6.07E-01,6.90E-01,7.76E-01,7.02E-01,6.79E-01,7.45E-01,5.39E-01,5.39E-01,7.85E-01,6.47E-01,5.47E-01,6.95E-01,6.45E-01,7.11E-01,5.90E-01,5.97E-01,6.79E-01,6.79E-01,6.18E-01,6.15E-01,6.00E-01,5.65E-01,5.56E-01,5.47E-01,6.55E-01,6.88E-01,6.63E-01,6.40E-01,6.28E-01,6.12E-01,6.55E-01,6.71E-01,6.40E-01,6.52E-01,6.60E-01,6.85E-01,6.14E-01,6.22E-01,6.59E-01,6.39E-01,6.22E-01,7.09E-01,5.96E-01,6.66E-01,6.29E-01,6.87E-01,6.82E-01,5.75E-01,6.34E-01,6.00E-01,6.53E-01,6.25E-01,6.01E-01,7.53E-01,6.65E-01,6.61E-01,6.42E-01,5.93E-01,6.75E-01,6.50E-01,6.35E-01,6.90E-01,6.37E-01,6.53E-01,6.26E-01,5.70E-01,6.21E-01,6.40E-01,6.17E-01,6.56E-01,6.04E-01,6.85E-01,6.26E-01,6.49E-01,6.30E-01,5.91E-01,6.23E-01,6.96E-01,6.26E-01,6.75E-01,6.97E-01,6.33E-01,5.70E-01,6.61E-01,6.48E-01,6.94E-01,6.98E-01,6.51E-01,7.34E-01,5.92E-01,7.08E-01,7.67E-01,6.19E-01,6.03E-01,7.01E-01,7.13E-01,6.70E-01,7.58E-01,7.69E-01,7.63E-01,6.70E-01,6.98E-01,6.49E-01,6.50E-01,6.18E-01,6.84E-01,6.82E-01,7.49E-01,7.65E-01,6.76E-01,7.34E-01,6.88E-01,6.68E-01,6.03E-01,7.98E-01,5.40E-01,6.11E-01,7.17E-01,6.87E-01,6.79E-01,6.96E-01,6.63E-01,6.96E-01,6.50E-01,6.44E-01,6.49E-01,5.75E-01,6.62E-01,6.70E-01,5.90E-01,6.43E-01,7.16E-01,6.54E-01,6.29E-01,7.05E-01,5.63E-01,6.61E-01,6.75E-01,6.77E-01,5.86E-01,6.71E-01,6.66E-01,6.60E-01,6.74E-01,6.88E-01,6.52E-01,6.14E-01,6.47E-01,5.75E-01,6.45E-01,7.09E-01,6.48E-01,6.49E-01,7.55E-01
057_S_1373,4.28E-01,3.99E-01,5.84E-01,5.46E-01,5.85E-01,6.37E-01,6.43E-01,6.91E-01,6.27E-01,6.81E-01,6.44E-01,5.84E-01,6.49E-01,5.24E-01,5.91E-01,5.91E-01,5.55E-01,6.27E-01,6.30E-01,6.25E-01,6.72E-01,6.20E-01,6.84E-01,5.88E-01,6.48E-01,6.61E-01,6.36E-01,6.16E-01,6.31E-01,6.12E-01,6.64E-01,6.80E-01,5.46E-01,5.50E-01,6.58E-01,6.85E-01,5.88E-01,5.84E-01,7.20E-01,6.59E-01,7.64E-01,6.85E-01,6.53E-01,7.45E-01,7.01E-01,7.16E-01,6.07E-01,6.90E-01,7.72E-01,7.13E-01,6.82E-01,7.48E-01,5.30E-01,5.44E-01,7.90E-01,6.55E-01,5.52E-01,6.87E-01,6.74E-01,7.31E-01,6.38E-01,5.91E-01,6.96E-01,6.59E-01,6.55E-01,6.41E-01,5.92E-01,5.40E-01,5.59E-01,5.59E-01,6.62E-01,6.98E-01,6.68E-01,6.52E-01,6.26E-01,6.86E-01,6.42E-01,6.85E-01,6.47E-01,6.65E-01,6.74E-01,6.87E-01,5.94E-01,6.27E-01,6.78E-01,6.31E-01,6.07E-01,7.01E-01,6.00E-01,6.91E-01,6.27E-01,6.82E-01,6.92E-01,6.05E-01,6.32E-01,6.10E-01,6.25E-01,5.93E-01,5.81E-01,7.51E-01,6.52E-01,6.61E-01,6.33E-01,5.89E-01,6.55E-01,6.34E-01,6.22E-01,7.12E-01,5.91E-01,6.24E-01,6.14E-01,5.58E-01,6.20E-01,6.59E-01,6.14E-01,6.51E-01,5.88E-01,6.83E-01,6.26E-01,6.66E-01,6.37E-01,5.69E-01,6.50E-01,6.87E-01,6.22E-01,6.70E-01,7.05E-01,6.53E-01,5.81E-01,6.53E-01,6.40E-01,6.72E-01,6.87E-01,6.33E-01,7.39E-01,5.93E-01,6.97E-01,7.60E-01,5.92E-01,6.21E-01,7.19E-01,6.98E-01,6.64E-01,7.54E-01,7.58E-01,7.83E-01,6.68E-01,6.80E-01,6.72E-01,6.60E-01,6.05E-01,6.79E-01,6.64E-01,7.55E-01,7.59E-01,6.78E-01,7.39E-01,6.86E-01,6.72E-01,5.83E-01,8.05E-01,5.63E-01,6.39E-01,6.85E-01,6.94E-01,6.82E-01,6.77E-01,6.25E-01,6.81E-01,6.36E-01,6.38E-01,6.37E-01,5.51E-01,6.78E-01,6.75E-01,5.69E-01,6.50E-01,7.12E-01,6.52E-01,6.75E-01,7.08E-01,5.68E-01,6.50E-01,7.05E-01,6.60E-01,5.75E-01,6.79E-01,6.57E-01,6.33E-01,6.52E-01,6.67E-01,6.44E-01,5.81E-01,6.11E-01,5.11E-01,5.89E-01,7.19E-01,6.23E-01,6.42E-01,7.60E-01
057_S_1379,3.98E-01,3.71E-01,5.66E-01,5.29E-01,5.63E-01,6.28E-01,6.30E-01,6.67E-01,6.07E-01,6.96E-01,6.35E-01,5.70E-01,6.44E-01,4.94E-01,5.88E-01,5.83E-01,5.34E-01,6.20E-01,6.22E-01,6.07E-01,6.69E-01,6.13E-01,6.80E-01,5.94E-01,6.42E-01,6.43E-01,6.19E-01,6.01E-01,6.34E-01,5.88E-01,6.62E-01,6.54E-01,5.25E-01,5.05E-01,6.32E-01,6.66E-01,5.77E-01,5.55E-01,7.20E-01,6.45E-01,7.77E-01,6.64E-01,6.63E-01,7.27E-01,6.95E-01,7.06E-01,5.94E-01,6.84E-01,7.72E-01,7.03E-01,6.99E-01,7.55E-01,5.67E-01,5.41E-01,7.97E-01,6.49E-01,5.33E-01,6.73E-01,6.69E-01,7.14E-01,6.21E-01,5.95E-01,6.96E-01,6.57E-01,6.42E-01,6.21E-01,5.92E-01,5.31E-01,5.59E-01,5.39E-01,6.64E-01,6.81E-01,6.58E-01,6.35E-01,6.25E-01,6.63E-01,6.55E-01,6.89E-01,6.58E-01,6.64E-01,6.67E-01,6.81E-01,6.14E-01,6.09E-01,6.70E-01,6.38E-01,6.24E-01,6.91E-01,5.85E-01,6.78E-01,6.25E-01,6.90E-01,6.81E-01,5.96E-01,6.27E-01,5.95E-01,6.79E-01,6.07E-01,5.94E-01,7.50E-01,6.66E-01,6.59E-01,6.38E-01,5.98E-01,6.60E-01,6.29E-01,6.33E-01,7.20E-01,6.29E-01,6.44E-01,6.33E-01,5.83E-01,6.31E-01,6.64E-01,6.50E-01,6.86E-01,6.17E-01,7.08E-01,6.52E-01,6.79E-01,6.36E-01,6.19E-01,6.52E-01,6.94E-01,6.09E-01,6.82E-01,7.06E-01,6.65E-01,5.79E-01,6.76E-01,6.33E-01,6.79E-01,6.95E-01,6.32E-01,7.43E-01,6.10E-01,6.82E-01,7.74E-01,6.15E-01,6.19E-01,7.22E-01,7.11E-01,6.77E-01,7.66E-01,7.64E-01,7.75E-01,6.76E-01,6.91E-01,6.73E-01,6.69E-01,6.30E-01,6.61E-01,6.58E-01,7.53E-01,7.98E-01,6.87E-01,7.77E-01,7.19E-01,6.94E-01,5.86E-01,8.23E-01,5.42E-01,6.31E-01,6.92E-01,6.64E-01,6.56E-01,6.95E-01,6.43E-01,6.88E-01,6.40E-01,6.41E-01,6.26E-01,5.70E-01,7.00E-01,6.51E-01,6.05E-01,6.65E-01,7.11E-01,6.48E-01,6.81E-01,6.84E-01,5.83E-01,6.62E-01,7.00E-01,6.50E-01,5.95E-01,6.88E-01,6.54E-01,6.48E-01,6.58E-01,6.81E-01,6.46E-01,6.09E-01,6.31E-01,5.62E-01,6.30E-01,6.97E-01,6.49E-01,6.48E-01,7.25E-01
062_S_0535,3.78E-01,3.43E-01,5.41E-01,5.12E-01,5.40E-01,6.08E-01,6.07E-01,6.53E-01,5.81E-01,6.87E-01,6.20E-01,5.56E-01,6.14E-01,4.49E-01,5.43E-01,5.43E-01,5.09E-01,5.91E-01,6.08E-01,5.71E-01,6.67E-01,6.04E-01,6.67E-01,5.86E-01,6.21E-01,6.27E-01,5.90E-01,5.45E-01,6.11E-01,5.71E-01,6.54E-01,6.34E-01,5.25E-01,5.02E-01,6.35E-01,6.67E-01,5.60E-01,5.59E-01,7.17E-01,6.20E-01,7.80E-01,6.60E-01,6.35E-01,7.08E-01,6.72E-01,7.12E-01,5.82E-01,6.76E-01,7.64E-01,6.78E-01,6.59E-01,7.26E-01,5.12E-01,5.24E-01,7.70E-01,6.19E-01,5.30E-01,6.73E-01,6.13E-01,6.96E-01,5.97E-01,5.83E-01,6.44E-01,6.69E-01,5.99E-01,5.94E-01,5.57E-01,5.40E-01,5.22E-01,5.31E-01,6.36E-01,6.74E-01,6.57E-01,6.30E-01,6.12E-01,6.50E-01,6.43E-01,6.64E-01,6.42E-01,6.33E-01,6.67E-01,6.71E-01,5.82E-01,6.00E-01,6.74E-01,6.26E-01,5.98E-01,6.87E-01,5.78E-01,6.79E-01,6.45E-01,6.74E-01,6.86E-01,5.98E-01,6.11E-01,5.83E-01,6.59E-01,6.08E-01,5.77E-01,7.42E-01,6.47E-01,6.65E-01,6.36E-01,5.85E-01,6.66E-01,6.19E-01,6.23E-01,6.93E-01,6.17E-01,6.57E-01,6.09E-01,5.31E-01,6.09E-01,6.27E-01,5.98E-01,6.47E-01,6.01E-01,6.83E-01,6.29E-01,6.45E-01,5.88E-01,5.77E-01,6.22E-01,6.85E-01,6.07E-01,6.59E-01,6.76E-01,6.44E-01,5.64E-01,6.49E-01,6.28E-01,6.78E-01,7.06E-01,6.35E-01,7.32E-01,5.99E-01,6.86E-01,7.44E-01,6.19E-01,5.89E-01,7.06E-01,6.92E-01,6.54E-01,7.53E-01,7.69E-01,7.68E-01,6.68E-01,6.76E-01,6.55E-01,6.81E-01,6.08E-01,6.75E-01,6.70E-01,7.41E-01,7.75E-01,6.64E-01,7.29E-01,6.81E-01,6.73E-01,5.91E-01,7.89E-01,5.21E-01,6.17E-01,7.17E-01,6.93E-01,6.74E-01,6.87E-01,6.23E-01,6.97E-01,6.45E-01,6.39E-01,6.20E-01,5.49E-01,6.72E-01,6.61E-01,5.95E-01,6.64E-01,7.12E-01,6.88E-01,6.84E-01,7.13E-01,5.73E-01,6.51E-01,6.72E-01,6.71E-01,5.94E-01,6.56E-01,6.59E-01,6.30E-01,6.51E-01,6.64E-01,6.43E-01,5.95E-01,6.22E-01,5.72E-01,6.15E-01,6.88E-01,6.36E-01,6.34E-01,7.46E-01
062_S_0690,3.92E-01,3.60E-01,5.54E-01,5.21E-01,5.52E-01,6.30E-01,6.24E-01,6.71E-01,6.01E-01,6.99E-01,6.35E-01,5.71E-01,6.28E-01,4.73E-01,5.73E-01,5.59E-01,5.41E-01,6.06E-01,6.35E-01,5.69E-01,6.67E-01,6.24E-01,6.79E-01,6.03E-01,6.51E-01,6.39E-01,6.10E-01,5.81E-01,6.39E-01,5.93E-01,6.67E-01,6.60E-01,5.33E-01,5.51E-01,6.50E-01,6.74E-01,5.75E-01,5.71E-01,7.23E-01,6.69E-01,7.77E-01,6.70E-01,6.48E-01,7.27E-01,6.82E-01,7.14E-01,5.99E-01,6.89E-01,7.66E-01,6.98E-01,6.77E-01,7.44E-01,5.17E-01,5.30E-01,7.75E-01,6.26E-01,5.52E-01,6.37E-01,6.57E-01,7.16E-01,6.17E-01,5.88E-01,6.86E-01,6.63E-01,6.28E-01,6.15E-01,5.82E-01,5.70E-01,5.20E-01,5.33E-01,6.57E-01,6.96E-01,6.71E-01,6.41E-01,6.32E-01,6.52E-01,6.49E-01,6.89E-01,6.45E-01,6.59E-01,6.84E-01,6.92E-01,5.63E-01,6.09E-01,6.66E-01,6.41E-01,5.89E-01,7.04E-01,6.07E-01,6.64E-01,6.32E-01,6.99E-01,6.70E-01,5.72E-01,6.19E-01,5.85E-01,6.67E-01,6.14E-01,6.21E-01,7.67E-01,6.60E-01,6.70E-01,6.37E-01,6.00E-01,6.52E-01,6.34E-01,6.39E-01,6.98E-01,6.28E-01,6.56E-01,6.24E-01,5.52E-01,6.28E-01,6.47E-01,6.45E-01,6.69E-01,6.21E-01,7.01E-01,6.44E-01,6.61E-01,6.34E-01,6.03E-01,6.24E-01,6.88E-01,6.11E-01,6.71E-01,6.98E-01,6.48E-01,5.42E-01,6.48E-01,6.49E-01,6.99E-01,6.65E-01,6.33E-01,7.37E-01,5.94E-01,6.96E-01,7.49E-01,6.30E-01,6.18E-01,7.11E-01,7.14E-01,6.49E-01,7.58E-01,7.62E-01,7.60E-01,6.68E-01,6.82E-01,6.70E-01,6.80E-01,6.17E-01,6.90E-01,6.70E-01,7.51E-01,7.82E-01,6.84E-01,7.47E-01,7.00E-01,6.83E-01,6.21E-01,7.95E-01,5.14E-01,6.28E-01,7.17E-01,6.94E-01,6.99E-01,6.81E-01,6.45E-01,6.65E-01,6.50E-01,6.37E-01,6.35E-01,5.65E-01,6.92E-01,6.65E-01,5.80E-01,6.64E-01,7.20E-01,6.39E-01,6.52E-01,7.14E-01,5.89E-01,6.74E-01,6.79E-01,6.59E-01,6.06E-01,6.81E-01,6.80E-01,6.64E-01,6.44E-01,6.49E-01,6.68E-01,6.13E-01,6.64E-01,5.69E-01,6.41E-01,7.04E-01,6.34E-01,6.44E-01,7.80E-01
062_S_0768,4.14E-01,3.79E-01,5.74E-01,5.45E-01,5.81E-01,6.37E-01,6.34E-01,6.83E-01,6.16E-01,7.12E-01,6.57E-01,5.84E-01,6.62E-01,5.27E-01,5.95E-01,5.94E-01,5.55E-01,6.26E-01,6.45E-01,6.30E-01,6.80E-01,6.31E-01,6.90E-01,5.98E-01,6.49E-01,6.60E-01,6.39E-01,6.07E-01,6.30E-01,5.96E-01,6.75E-01,6.58E-01,5.62E-01,5.45E-01,6.60E-01,6.94E-01,5.73E-01,5.94E-01,7.24E-01,6.52E-01,7.81E-01,6.89E-01,6.54E-01,7.33E-01,6.81E-01,7.09E-01,6.19E-01,7.06E-01,7.78E-01,7.10E-01,6.72E-01,7.33E-01,5.16E-01,5.30E-01,7.75E-01,6.45E-01,5.50E-01,6.89E-01,6.66E-01,7.14E-01,6.17E-01,6.23E-01,6.77E-01,6.85E-01,6.43E-01,6.29E-01,5.92E-01,5.81E-01,5.74E-01,5.62E-01,6.61E-01,6.91E-01,6.77E-01,6.50E-01,6.51E-01,6.68E-01,6.69E-01,6.86E-01,6.53E-01,6.64E-01,6.78E-01,6.86E-01,5.71E-01,6.10E-01,6.74E-01,6.44E-01,6.33E-01,7.15E-01,6.15E-01,6.70E-01,6.26E-01,6.67E-01,6.78E-01,5.79E-01,6.51E-01,5.99E-01,6.64E-01,6.26E-01,6.13E-01,7.47E-01,6.62E-01,6.56E-01,6.42E-01,6.04E-01,6.64E-01,6.36E-01,6.37E-01,6.94E-01,6.31E-01,6.48E-01,6.35E-01,5.68E-01,6.17E-01,6.52E-01,6.30E-01,6.59E-01,6.17E-01,6.88E-01,6.42E-01,6.57E-01,6.14E-01,5.90E-01,6.30E-01,7.03E-01,6.23E-01,6.96E-01,6.99E-01,6.57E-01,5.88E-01,6.71E-01,6.38E-01,7.01E-01,6.88E-01,6.34E-01,7.49E-01,5.99E-01,7.11E-01,7.65E-01,6.18E-01,5.98E-01,7.24E-01,7.13E-01,6.53E-01,7.65E-01,7.69E-01,7.72E-01,6.79E-01,6.95E-01,6.68E-01,6.59E-01,6.22E-01,6.90E-01,6.90E-01,7.49E-01,7.73E-01,6.88E-01,7.31E-01,6.82E-01,6.86E-01,6.07E-01,7.78E-01,5.20E-01,6.28E-01,7.17E-01,6.84E-01,6.78E-01,6.80E-01,6.51E-01,7.02E-01,6.57E-01,6.34E-01,6.27E-01,5.90E-01,6.72E-01,6.64E-01,6.19E-01,6.62E-01,7.19E-01,6.58E-01,6.78E-01,7.18E-01,5.93E-01,6.72E-01,6.81E-01,6.58E-01,6.14E-01,6.99E-01,6.85E-01,6.84E-01,6.64E-01,6.49E-01,6.74E-01,6.15E-01,6.45E-01,5.69E-01,6.44E-01,7.11E-01,6.43E-01,6.40E-01,7.37E-01
067_S_0056,3.97E-01,3.66E-01,5.44E-01,5.27E-01,5.77E-01,6.43E-01,6.36E-01,6.84E-01,6.10E-01,7.19E-01,6.55E-01,5.81E-01,6.46E-01,5.02E-01,5.86E-01,5.71E-01,5.31E-01,6.15E-01,6.30E-01,5.97E-01,6.99E-01,6.43E-01,6.98E-01,6.21E-01,6.60E-01,6.67E-01,6.26E-01,6.09E-01,6.55E-01,6.02E-01,6.76E-01,6.84E-01,5.52E-01,5.52E-01,6.68E-01,6.77E-01,5.92E-01,5.89E-01,7.46E-01,6.68E-01,8.09E-01,6.91E-01,6.75E-01,7.29E-01,7.03E-01,7.24E-01,6.20E-01,6.87E-01,7.79E-01,7.11E-01,6.93E-01,7.59E-01,5.44E-01,5.50E-01,7.91E-01,6.52E-01,5.60E-01,6.87E-01,6.69E-01,7.37E-01,6.16E-01,6.29E-01,6.89E-01,6.68E-01,6.47E-01,6.32E-01,5.93E-01,5.70E-01,5.29E-01,5.55E-01,6.64E-01,7.16E-01,6.84E-01,6.53E-01,6.50E-01,7.06E-01,6.88E-01,7.06E-01,6.63E-01,6.79E-01,6.80E-01,7.30E-01,5.84E-01,6.12E-01,6.90E-01,6.64E-01,6.68E-01,7.22E-01,6.35E-01,6.82E-01,6.57E-01,7.09E-01,6.89E-01,6.22E-01,6.41E-01,6.01E-01,6.92E-01,6.48E-01,6.08E-01,7.52E-01,6.81E-01,6.70E-01,6.46E-01,6.00E-01,6.94E-01,6.54E-01,6.63E-01,7.14E-01,6.53E-01,6.96E-01,6.53E-01,5.80E-01,6.54E-01,6.85E-01,6.66E-01,6.83E-01,6.27E-01,6.99E-01,6.42E-01,6.83E-01,6.44E-01,6.10E-01,6.36E-01,7.25E-01,6.61E-01,6.95E-01,7.16E-01,6.70E-01,6.05E-01,6.67E-01,6.65E-01,7.09E-01,7.04E-01,6.61E-01,7.61E-01,6.23E-01,7.10E-01,7.73E-01,6.39E-01,6.11E-01,7.40E-01,7.20E-01,6.69E-01,7.83E-01,7.92E-01,7.87E-01,7.11E-01,7.09E-01,6.78E-01,6.85E-01,6.37E-01,7.00E-01,6.88E-01,7.81E-01,8.06E-01,6.96E-01,7.56E-01,7.15E-01,7.05E-01,6.06E-01,8.09E-01,5.36E-01,6.51E-01,7.49E-01,6.96E-01,6.99E-01,7.08E-01,6.87E-01,7.42E-01,6.74E-01,6.38E-01,6.55E-01,5.89E-01,7.06E-01,6.70E-01,6.01E-01,6.82E-01,7.23E-01,6.67E-01,7.10E-01,7.34E-01,6.18E-01,6.82E-01,7.33E-01,7.24E-01,6.36E-01,6.98E-01,6.92E-01,7.02E-01,6.86E-01,6.81E-01,6.81E-01,6.15E-01,6.57E-01,6.17E-01,6.74E-01,7.29E-01,6.75E-01,6.68E-01,7.69E-01
067_S_0059,4.04E-01,3.72E-01,5.65E-01,5.37E-01,5.79E-01,6.46E-01,6.49E-01,6.91E-01,6.15E-01,7.15E-01,6.58E-01,5.76E-01,6.46E-01,4.72E-01,5.64E-01,5.69E-01,5.26E-01,5.99E-01,6.24E-01,6.01E-01,6.84E-01,6.52E-01,6.96E-01,6.14E-01,6.48E-01,6.53E-01,6.34E-01,6.05E-01,6.56E-01,5.94E-01,6.73E-01,6.60E-01,5.33E-01,5.28E-01,6.55E-01,6.82E-01,5.69E-01,5.72E-01,7.13E-01,6.77E-01,8.08E-01,6.84E-01,6.64E-01,7.29E-01,6.97E-01,7.17E-01,6.14E-01,7.06E-01,7.78E-01,7.04E-01,6.91E-01,7.58E-01,5.49E-01,5.53E-01,7.90E-01,6.48E-01,5.72E-01,6.86E-01,6.69E-01,7.24E-01,6.05E-01,6.19E-01,7.03E-01,6.78E-01,6.45E-01,6.35E-01,6.08E-01,5.56E-01,5.48E-01,5.57E-01,6.58E-01,7.04E-01,6.79E-01,6.51E-01,6.41E-01,6.49E-01,6.84E-01,6.91E-01,6.67E-01,6.65E-01,6.80E-01,7.10E-01,5.97E-01,6.15E-01,6.96E-01,6.55E-01,6.25E-01,7.18E-01,6.07E-01,6.87E-01,6.47E-01,6.84E-01,6.83E-01,5.91E-01,6.34E-01,6.06E-01,6.86E-01,6.41E-01,6.36E-01,7.54E-01,6.83E-01,6.81E-01,6.61E-01,6.17E-01,6.81E-01,6.46E-01,6.66E-01,7.21E-01,6.57E-01,6.82E-01,6.46E-01,5.82E-01,6.22E-01,6.81E-01,6.34E-01,6.59E-01,6.06E-01,6.87E-01,6.24E-01,6.74E-01,5.95E-01,6.00E-01,6.16E-01,7.23E-01,6.48E-01,6.98E-01,7.11E-01,6.70E-01,6.03E-01,6.74E-01,6.64E-01,7.13E-01,6.89E-01,6.50E-01,7.31E-01,6.14E-01,7.11E-01,7.72E-01,6.44E-01,6.05E-01,7.21E-01,7.22E-01,6.87E-01,7.85E-01,7.88E-01,7.84E-01,6.82E-01,7.02E-01,6.73E-01,6.57E-01,6.36E-01,7.10E-01,6.82E-01,7.77E-01,7.82E-01,6.93E-01,7.66E-01,7.14E-01,6.96E-01,6.22E-01,8.16E-01,5.49E-01,6.46E-01,7.51E-01,6.58E-01,6.94E-01,6.97E-01,6.68E-01,7.01E-01,6.66E-01,6.41E-01,6.63E-01,5.74E-01,7.08E-01,6.96E-01,6.34E-01,6.83E-01,7.31E-01,6.50E-01,6.90E-01,7.27E-01,5.86E-01,6.76E-01,6.83E-01,6.30E-01,6.27E-01,6.99E-01,6.89E-01,6.89E-01,6.90E-01,6.98E-01,6.70E-01,6.26E-01,6.80E-01,6.03E-01,6.74E-01,7.27E-01,6.53E-01,6.59E-01,7.72E-01
067_S_0257,4.18E-01,3.86E-01,5.73E-01,5.40E-01,5.81E-01,6.50E-01,6.42E-01,6.97E-01,6.21E-01,7.05E-01,6.59E-01,5.75E-01,6.53E-01,5.10E-01,5.90E-01,5.81E-01,5.44E-01,5.88E-01,6.35E-01,5.98E-01,6.67E-01,6.31E-01,6.84E-01,6.13E-01,6.47E-01,6.64E-01,6.16E-01,5.95E-01,6.33E-01,6.11E-01,6.69E-01,6.89E-01,5.27E-01,5.33E-01,6.58E-01,6.81E-01,5.67E-01,5.81E-01,7.03E-01,6.60E-01,7.90E-01,6.91E-01,6.61E-01,7.38E-01,6.83E-01,7.10E-01,6.04E-01,6.88E-01,7.72E-01,6.99E-01,7.03E-01,7.49E-01,5.40E-01,5.51E-01,7.81E-01,6.48E-01,5.54E-01,6.61E-01,6.64E-01,7.19E-01,6.03E-01,6.07E-01,6.79E-01,6.66E-01,6.21E-01,6.21E-01,5.89E-01,5.41E-01,5.39E-01,5.47E-01,6.51E-01,6.97E-01,6.75E-01,6.52E-01,6.40E-01,6.41E-01,6.61E-01,6.84E-01,6.43E-01,6.66E-01,6.58E-01,6.93E-01,5.84E-01,6.26E-01,6.80E-01,6.49E-01,6.12E-01,7.03E-01,6.09E-01,6.43E-01,6.59E-01,6.80E-01,6.40E-01,6.15E-01,6.28E-01,5.95E-01,6.79E-01,6.21E-01,6.02E-01,7.40E-01,6.60E-01,6.70E-01,6.40E-01,5.93E-01,6.59E-01,6.31E-01,6.48E-01,7.03E-01,6.05E-01,6.60E-01,6.13E-01,5.66E-01,6.10E-01,6.56E-01,6.16E-01,6.54E-01,6.12E-01,6.79E-01,6.15E-01,6.27E-01,6.04E-01,5.87E-01,6.17E-01,7.00E-01,6.36E-01,6.74E-01,6.94E-01,6.55E-01,5.79E-01,6.76E-01,6.43E-01,6.88E-01,6.78E-01,6.57E-01,7.57E-01,6.02E-01,6.93E-01,7.52E-01,6.27E-01,6.37E-01,7.07E-01,7.12E-01,6.54E-01,7.70E-01,7.78E-01,7.83E-01,6.73E-01,7.00E-01,6.56E-01,6.54E-01,6.32E-01,6.88E-01,6.71E-01,7.60E-01,7.53E-01,6.68E-01,7.53E-01,7.11E-01,6.90E-01,6.06E-01,7.95E-01,5.37E-01,6.38E-01,7.36E-01,6.90E-01,6.76E-01,6.72E-01,6.09E-01,6.99E-01,6.59E-01,6.53E-01,6.37E-01,5.48E-01,6.72E-01,6.52E-01,5.93E-01,6.44E-01,7.16E-01,6.57E-01,6.61E-01,7.07E-01,5.47E-01,6.58E-01,6.66E-01,6.16E-01,5.99E-01,6.89E-01,6.73E-01,6.60E-01,6.52E-01,6.76E-01,6.75E-01,6.05E-01,6.54E-01,5.86E-01,6.53E-01,7.11E-01,6.34E-01,6.67E-01,7.40E-01
067_S_4728,3.91E-01,3.61E-01,5.45E-01,5.15E-01,5.51E-01,6.17E-01,6.24E-01,6.71E-01,6.05E-01,6.84E-01,6.38E-01,5.74E-01,6.36E-01,4.70E-01,5.54E-01,5.55E-01,5.14E-01,5.87E-01,6.07E-01,5.92E-01,6.51E-01,6.10E-01,6.70E-01,5.75E-01,6.40E-01,6.40E-01,6.03E-01,5.81E-01,6.24E-01,5.86E-01,6.61E-01,6.58E-01,5.41E-01,4.91E-01,6.40E-01,6.81E-01,5.47E-01,5.49E-01,6.96E-01,6.45E-01,7.61E-01,6.68E-01,6.56E-01,7.28E-01,6.87E-01,6.97E-01,5.99E-01,6.95E-01,7.68E-01,6.96E-01,6.81E-01,7.40E-01,5.46E-01,5.22E-01,7.82E-01,6.45E-01,5.36E-01,6.80E-01,6.41E-01,7.03E-01,5.60E-01,5.95E-01,6.77E-01,6.36E-01,6.23E-01,6.03E-01,5.69E-01,5.55E-01,5.19E-01,5.46E-01,6.41E-01,6.86E-01,6.55E-01,6.33E-01,6.13E-01,6.48E-01,6.50E-01,6.82E-01,6.29E-01,6.55E-01,6.66E-01,6.75E-01,5.85E-01,6.07E-01,6.59E-01,6.24E-01,6.19E-01,6.81E-01,5.85E-01,6.54E-01,6.24E-01,6.97E-01,6.69E-01,5.67E-01,6.24E-01,5.60E-01,6.47E-01,6.31E-01,5.97E-01,7.40E-01,6.48E-01,6.55E-01,6.21E-01,5.80E-01,6.64E-01,6.01E-01,6.16E-01,6.90E-01,6.03E-01,6.20E-01,6.17E-01,5.61E-01,6.00E-01,6.52E-01,6.23E-01,6.34E-01,6.14E-01,6.88E-01,6.33E-01,6.17E-01,5.94E-01,5.81E-01,6.32E-01,6.85E-01,6.03E-01,6.56E-01,6.81E-01,6.44E-01,5.45E-01,6.44E-01,6.38E-01,6.75E-01,6.67E-01,6.30E-01,7.01E-01,5.83E-01,6.64E-01,7.23E-01,6.19E-01,5.84E-01,7.06E-01,6.98E-01,6.37E-01,7.59E-01,7.58E-01,7.77E-01,6.73E-01,6.84E-01,6.42E-01,6.56E-01,6.08E-01,6.95E-01,6.70E-01,7.52E-01,7.81E-01,6.54E-01,7.38E-01,7.26E-01,6.78E-01,6.00E-01,8.15E-01,5.41E-01,6.33E-01,7.29E-01,6.80E-01,6.72E-01,6.69E-01,6.53E-01,7.06E-01,6.33E-01,6.35E-01,6.19E-01,5.57E-01,6.94E-01,6.66E-01,5.76E-01,6.65E-01,7.20E-01,6.43E-01,6.51E-01,7.14E-01,5.66E-01,6.62E-01,6.78E-01,6.31E-01,5.99E-01,6.75E-01,6.64E-01,6.51E-01,6.44E-01,6.84E-01,6.58E-01,6.09E-01,6.18E-01,5.36E-01,6.24E-01,7.10E-01,6.33E-01,6.36E-01,7.36E-01
067_S_5205,3.75E-01,3.46E-01,5.45E-01,5.13E-01,5.47E-01,6.31E-01,6.23E-01,6.71E-01,5.94E-01,7.01E-01,6.39E-01,5.72E-01,6.17E-01,4.52E-01,5.54E-01,5.44E-01,4.66E-01,5.60E-01,5.97E-01,5.49E-01,6.81E-01,6.39E-01,6.81E-01,6.03E-01,6.42E-01,6.52E-01,6.19E-01,5.87E-01,6.39E-01,5.77E-01,6.73E-01,6.63E-01,5.03E-01,4.85E-01,6.42E-01,6.68E-01,5.20E-01,5.32E-01,7.09E-01,6.58E-01,7.89E-01,6.71E-01,6.56E-01,7.17E-01,6.65E-01,6.94E-01,5.81E-01,6.92E-01,7.65E-01,6.95E-01,6.95E-01,7.56E-01,5.35E-01,5.46E-01,7.82E-01,6.50E-01,5.47E-01,6.79E-01,6.52E-01,6.99E-01,5.77E-01,6.20E-01,6.90E-01,6.45E-01,6.11E-01,6.11E-01,5.80E-01,5.66E-01,4.97E-01,5.35E-01,6.37E-01,6.89E-01,6.46E-01,6.36E-01,6.39E-01,6.45E-01,6.58E-01,6.78E-01,6.45E-01,6.70E-01,6.80E-01,7.00E-01,5.93E-01,6.24E-01,6.83E-01,6.69E-01,6.23E-01,6.94E-01,5.91E-01,6.72E-01,6.02E-01,7.06E-01,6.63E-01,5.68E-01,6.48E-01,5.98E-01,6.75E-01,6.49E-01,6.14E-01,7.38E-01,6.66E-01,6.62E-01,6.32E-01,5.80E-01,6.64E-01,6.36E-01,6.57E-01,7.15E-01,6.48E-01,6.80E-01,6.35E-01,5.39E-01,6.03E-01,6.45E-01,6.15E-01,6.43E-01,5.77E-01,6.84E-01,6.08E-01,6.38E-01,6.00E-01,5.70E-01,6.20E-01,7.01E-01,6.24E-01,6.87E-01,6.99E-01,6.58E-01,5.67E-01,6.59E-01,6.65E-01,6.85E-01,6.90E-01,6.32E-01,7.38E-01,5.66E-01,7.08E-01,7.55E-01,6.04E-01,5.74E-01,6.92E-01,7.03E-01,6.21E-01,7.57E-01,7.82E-01,7.82E-01,6.75E-01,6.85E-01,6.66E-01,6.51E-01,5.95E-01,6.85E-01,6.67E-01,7.50E-01,7.65E-01,6.76E-01,7.49E-01,7.18E-01,7.10E-01,6.09E-01,8.02E-01,5.33E-01,6.50E-01,7.44E-01,6.35E-01,6.51E-01,6.66E-01,6.45E-01,6.85E-01,6.53E-01,6.46E-01,6.49E-01,5.50E-01,6.52E-01,6.78E-01,5.79E-01,6.62E-01,7.33E-01,6.41E-01,6.54E-01,7.13E-01,5.62E-01,6.49E-01,6.72E-01,6.42E-01,6.20E-01,6.94E-01,6.83E-01,6.91E-01,6.70E-01,6.90E-01,6.65E-01,5.99E-01,6.22E-01,6.08E-01,6.73E-01,7.18E-01,6.62E-01,6.66E-01,7.62E-01
068_S_0127,4.08E-01,3.78E-01,5.69E-01,5.47E-01,5.77E-01,6.36E-01,6.37E-01,6.87E-01,6.18E-01,7.10E-01,6.57E-01,5.87E-01,6.39E-01,5.05E-01,5.82E-01,5.83E-01,5.47E-01,6.06E-01,6.30E-01,6.22E-01,6.93E-01,6.38E-01,6.86E-01,6.08E-01,6.53E-01,6.50E-01,6.47E-01,5.97E-01,6.54E-01,6.02E-01,6.76E-01,6.76E-01,5.57E-01,5.61E-01,6.49E-01,6.85E-01,5.67E-01,5.84E-01,7.21E-01,6.64E-01,7.97E-01,6.88E-01,6.77E-01,7.19E-01,6.83E-01,7.17E-01,6.10E-01,6.98E-01,7.81E-01,7.03E-01,6.89E-01,7.49E-01,5.45E-01,5.42E-01,7.86E-01,6.60E-01,5.64E-01,6.77E-01,6.73E-01,7.26E-01,6.19E-01,6.18E-01,6.70E-01,6.84E-01,6.08E-01,6.30E-01,6.00E-01,5.76E-01,5.47E-01,5.66E-01,6.54E-01,6.96E-01,6.56E-01,6.56E-01,6.39E-01,6.53E-01,6.57E-01,6.82E-01,6.53E-01,6.53E-01,6.79E-01,7.01E-01,5.97E-01,6.15E-01,7.03E-01,6.59E-01,6.17E-01,7.01E-01,6.00E-01,6.72E-01,6.29E-01,6.97E-01,6.87E-01,6.21E-01,6.57E-01,6.08E-01,6.72E-01,6.40E-01,6.23E-01,7.57E-01,6.78E-01,6.76E-01,6.57E-01,6.14E-01,6.87E-01,6.49E-01,6.54E-01,7.15E-01,6.36E-01,6.76E-01,6.26E-01,5.75E-01,6.33E-01,6.41E-01,6.12E-01,6.61E-01,6.23E-01,6.78E-01,6.34E-01,6.61E-01,6.14E-01,5.71E-01,6.08E-01,6.98E-01,6.23E-01,6.92E-01,6.93E-01,6.52E-01,5.95E-01,6.71E-01,6.62E-01,7.19E-01,6.87E-01,6.24E-01,7.24E-01,6.00E-01,6.98E-01,7.52E-01,6.15E-01,6.09E-01,6.98E-01,7.00E-01,5.91E-01,7.67E-01,7.74E-01,7.77E-01,6.62E-01,6.81E-01,6.47E-01,6.38E-01,6.12E-01,7.03E-01,6.70E-01,7.60E-01,7.70E-01,6.74E-01,7.56E-01,7.04E-01,6.87E-01,6.01E-01,7.92E-01,5.33E-01,6.35E-01,7.42E-01,6.78E-01,6.83E-01,6.67E-01,6.67E-01,7.13E-01,6.54E-01,6.53E-01,6.54E-01,5.87E-01,6.76E-01,6.87E-01,6.13E-01,6.52E-01,7.05E-01,6.56E-01,6.65E-01,7.16E-01,5.61E-01,6.48E-01,6.78E-01,6.08E-01,6.01E-01,6.81E-01,6.77E-01,6.57E-01,6.81E-01,6.75E-01,6.56E-01,6.19E-01,6.54E-01,5.99E-01,6.65E-01,7.25E-01,6.55E-01,6.50E-01,7.66E-01
068_S_0210,3.78E-01,3.57E-01,5.51E-01,5.27E-01,5.61E-01,6.35E-01,6.21E-01,6.75E-01,5.96E-01,7.12E-01,6.52E-01,5.74E-01,6.39E-01,4.82E-01,5.75E-01,5.67E-01,5.35E-01,5.93E-01,6.26E-01,6.05E-01,6.80E-01,6.43E-01,6.88E-01,6.14E-01,6.56E-01,6.47E-01,6.24E-01,5.90E-01,6.26E-01,5.85E-01,6.74E-01,6.65E-01,5.30E-01,5.27E-01,6.54E-01,6.81E-01,5.60E-01,5.64E-01,7.25E-01,6.55E-01,8.01E-01,6.91E-01,6.62E-01,7.28E-01,6.98E-01,7.11E-01,6.09E-01,7.01E-01,7.80E-01,7.06E-01,6.88E-01,7.40E-01,5.25E-01,5.38E-01,7.82E-01,6.59E-01,5.44E-01,6.80E-01,6.65E-01,7.20E-01,6.00E-01,5.99E-01,6.97E-01,6.90E-01,6.34E-01,6.29E-01,5.86E-01,5.55E-01,5.62E-01,5.34E-01,6.66E-01,6.95E-01,6.66E-01,6.51E-01,6.31E-01,6.64E-01,6.86E-01,7.02E-01,6.69E-01,6.66E-01,6.85E-01,7.03E-01,5.93E-01,6.05E-01,6.83E-01,6.53E-01,6.34E-01,7.12E-01,6.27E-01,6.75E-01,6.41E-01,6.89E-01,7.00E-01,6.11E-01,6.31E-01,5.97E-01,6.90E-01,6.41E-01,6.14E-01,7.70E-01,6.66E-01,6.79E-01,6.48E-01,6.11E-01,6.94E-01,6.58E-01,6.70E-01,7.10E-01,6.69E-01,6.86E-01,6.60E-01,5.82E-01,6.51E-01,6.63E-01,6.49E-01,6.73E-01,6.15E-01,6.95E-01,6.26E-01,6.61E-01,6.00E-01,5.95E-01,6.22E-01,7.25E-01,6.46E-01,6.96E-01,7.06E-01,6.65E-01,6.14E-01,6.86E-01,6.54E-01,7.11E-01,7.07E-01,6.47E-01,7.48E-01,6.24E-01,6.96E-01,7.61E-01,6.18E-01,5.92E-01,7.25E-01,7.18E-01,6.82E-01,7.83E-01,7.80E-01,7.80E-01,7.05E-01,6.99E-01,6.73E-01,6.67E-01,6.39E-01,7.06E-01,6.88E-01,7.56E-01,7.77E-01,6.97E-01,7.47E-01,7.05E-01,6.89E-01,5.83E-01,8.04E-01,5.31E-01,6.38E-01,7.42E-01,7.03E-01,7.07E-01,6.86E-01,6.70E-01,7.08E-01,6.79E-01,6.50E-01,6.53E-01,5.73E-01,6.93E-01,6.87E-01,6.18E-01,6.68E-01,7.35E-01,6.72E-01,6.79E-01,7.34E-01,6.19E-01,6.96E-01,7.11E-01,6.71E-01,6.45E-01,6.95E-01,6.94E-01,6.81E-01,6.80E-01,6.80E-01,6.69E-01,6.25E-01,6.63E-01,6.45E-01,6.64E-01,7.41E-01,6.49E-01,6.94E-01,7.59E-01
068_S_4859,3.88E-01,3.62E-01,5.46E-01,5.13E-01,5.63E-01,6.30E-01,6.34E-01,6.70E-01,6.02E-01,6.72E-01,6.40E-01,5.76E-01,6.46E-01,4.52E-01,5.51E-01,5.51E-01,5.02E-01,5.84E-01,6.07E-01,5.91E-01,6.66E-01,6.29E-01,6.71E-01,5.98E-01,6.43E-01,6.42E-01,6.19E-01,5.81E-01,6.45E-01,5.82E-01,6.65E-01,6.59E-01,5.36E-01,5.02E-01,6.30E-01,6.81E-01,5.67E-01,5.39E-01,7.31E-01,6.52E-01,7.70E-01,6.79E-01,6.64E-01,7.21E-01,7.07E-01,7.06E-01,5.84E-01,6.91E-01,7.78E-01,7.04E-01,6.85E-01,7.42E-01,5.49E-01,5.38E-01,7.80E-01,6.56E-01,5.46E-01,6.85E-01,6.31E-01,7.02E-01,6.27E-01,6.09E-01,6.79E-01,6.80E-01,6.39E-01,6.13E-01,5.87E-01,5.44E-01,5.39E-01,5.46E-01,6.57E-01,6.96E-01,6.64E-01,6.32E-01,6.35E-01,6.48E-01,6.59E-01,6.98E-01,6.65E-01,6.69E-01,6.72E-01,6.94E-01,6.06E-01,6.18E-01,6.76E-01,6.52E-01,6.24E-01,7.15E-01,6.42E-01,7.11E-01,6.65E-01,7.02E-01,6.74E-01,5.94E-01,6.14E-01,6.11E-01,6.45E-01,6.44E-01,6.01E-01,7.53E-01,6.70E-01,6.61E-01,6.27E-01,5.88E-01,6.66E-01,6.13E-01,6.46E-01,7.08E-01,6.27E-01,6.12E-01,6.38E-01,5.51E-01,6.21E-01,6.62E-01,6.71E-01,6.66E-01,6.17E-01,6.72E-01,6.36E-01,6.90E-01,6.19E-01,6.34E-01,6.24E-01,7.10E-01,6.32E-01,6.75E-01,7.01E-01,6.67E-01,5.96E-01,6.58E-01,6.56E-01,7.02E-01,6.87E-01,6.49E-01,7.49E-01,6.19E-01,7.21E-01,7.72E-01,6.45E-01,6.07E-01,7.22E-01,7.23E-01,6.85E-01,7.59E-01,7.71E-01,7.82E-01,7.06E-01,7.14E-01,6.94E-01,7.15E-01,6.33E-01,7.02E-01,6.96E-01,7.70E-01,7.84E-01,6.99E-01,7.60E-01,7.22E-01,6.95E-01,6.01E-01,8.10E-01,5.34E-01,6.51E-01,7.30E-01,6.71E-01,6.95E-01,7.01E-01,6.87E-01,7.03E-01,6.59E-01,6.49E-01,6.39E-01,5.90E-01,6.78E-01,6.97E-01,6.06E-01,6.79E-01,7.29E-01,7.06E-01,7.26E-01,7.28E-01,6.33E-01,6.86E-01,7.04E-01,6.76E-01,6.13E-01,6.85E-01,6.81E-01,6.91E-01,6.76E-01,6.94E-01,6.83E-01,6.24E-01,6.32E-01,5.46E-01,6.48E-01,7.22E-01,6.46E-01,6.59E-01,7.57E-01
070_S_4719,3.76E-01,3.45E-01,5.33E-01,5.06E-01,5.42E-01,6.15E-01,6.18E-01,6.68E-01,5.89E-01,6.85E-01,6.34E-01,5.55E-01,6.23E-01,4.62E-01,5.45E-01,5.39E-01,5.08E-01,5.74E-01,5.95E-01,5.88E-01,6.57E-01,6.04E-01,6.60E-01,5.82E-01,6.18E-01,6.29E-01,6.08E-01,5.67E-01,6.17E-01,5.63E-01,6.54E-01,6.68E-01,5.14E-01,5.21E-01,6.23E-01,6.66E-01,5.39E-01,5.52E-01,6.80E-01,6.35E-01,7.67E-01,6.68E-01,6.35E-01,7.12E-01,6.79E-01,6.90E-01,5.78E-01,6.83E-01,7.62E-01,6.84E-01,6.73E-01,7.30E-01,5.38E-01,5.38E-01,7.72E-01,6.37E-01,5.22E-01,6.62E-01,6.32E-01,6.98E-01,5.59E-01,6.09E-01,6.71E-01,6.56E-01,6.07E-01,6.04E-01,5.55E-01,5.29E-01,5.01E-01,5.37E-01,6.35E-01,6.77E-01,6.60E-01,6.24E-01,6.17E-01,6.42E-01,6.62E-01,6.78E-01,6.39E-01,6.41E-01,6.59E-01,6.75E-01,5.76E-01,6.07E-01,6.76E-01,6.22E-01,6.11E-01,6.95E-01,5.86E-01,6.57E-01,6.16E-01,6.79E-01,6.40E-01,5.76E-01,6.22E-01,5.76E-01,6.58E-01,6.13E-01,5.84E-01,7.32E-01,6.51E-01,6.50E-01,6.23E-01,5.74E-01,6.71E-01,6.20E-01,6.55E-01,6.91E-01,6.31E-01,6.33E-01,6.19E-01,5.52E-01,6.13E-01,6.24E-01,6.06E-01,6.45E-01,5.97E-01,6.82E-01,6.10E-01,5.93E-01,6.18E-01,5.75E-01,6.17E-01,6.90E-01,6.22E-01,6.78E-01,6.84E-01,6.34E-01,5.94E-01,6.59E-01,6.39E-01,6.76E-01,7.00E-01,6.29E-01,7.35E-01,5.89E-01,6.87E-01,7.61E-01,6.17E-01,5.84E-01,6.92E-01,7.08E-01,6.64E-01,7.57E-01,7.67E-01,7.62E-01,6.69E-01,6.99E-01,6.60E-01,6.55E-01,6.04E-01,6.79E-01,6.82E-01,7.44E-01,7.79E-01,6.74E-01,7.41E-01,6.90E-01,6.82E-01,6.16E-01,7.95E-01,5.44E-01,6.47E-01,7.37E-01,6.83E-01,6.68E-01,6.47E-01,6.45E-01,6.93E-01,6.51E-01,6.46E-01,6.26E-01,5.42E-01,6.67E-01,6.80E-01,5.93E-01,6.39E-01,7.12E-01,6.14E-01,6.71E-01,7.17E-01,5.87E-01,6.58E-01,6.81E-01,6.38E-01,5.94E-01,6.86E-01,6.71E-01,6.58E-01,6.58E-01,6.88E-01,6.65E-01,5.92E-01,6.29E-01,5.74E-01,6.41E-01,6.90E-01,6.30E-01,6.60E-01,7.48E-01
070_S_4856,3.81E-01,3.54E-01,5.37E-01,5.12E-01,5.58E-01,6.25E-01,6.29E-01,6.78E-01,6.04E-01,6.97E-01,6.35E-01,5.60E-01,6.38E-01,4.99E-01,5.76E-01,5.70E-01,5.35E-01,6.12E-01,6.11E-01,5.98E-01,6.70E-01,6.30E-01,6.83E-01,6.06E-01,6.43E-01,6.46E-01,6.25E-01,6.01E-01,6.44E-01,5.78E-01,6.61E-01,6.65E-01,5.13E-01,5.30E-01,6.63E-01,6.74E-01,5.66E-01,5.46E-01,7.20E-01,6.55E-01,7.88E-01,6.82E-01,6.56E-01,7.32E-01,6.97E-01,7.20E-01,6.11E-01,6.87E-01,7.75E-01,7.14E-01,7.04E-01,7.78E-01,5.48E-01,5.37E-01,7.90E-01,6.79E-01,5.42E-01,6.70E-01,6.68E-01,7.18E-01,6.24E-01,6.18E-01,6.83E-01,6.40E-01,6.37E-01,6.17E-01,5.82E-01,5.61E-01,5.54E-01,5.42E-01,6.61E-01,6.91E-01,6.54E-01,6.37E-01,6.40E-01,6.75E-01,6.68E-01,6.95E-01,6.62E-01,6.70E-01,6.89E-01,6.98E-01,6.13E-01,6.19E-01,7.03E-01,6.51E-01,6.37E-01,7.07E-01,5.98E-01,6.93E-01,6.51E-01,7.23E-01,6.95E-01,6.08E-01,6.29E-01,5.86E-01,6.70E-01,6.53E-01,6.16E-01,7.36E-01,6.66E-01,6.67E-01,6.25E-01,5.66E-01,6.62E-01,6.13E-01,6.59E-01,7.11E-01,6.42E-01,6.46E-01,6.15E-01,5.34E-01,6.41E-01,6.75E-01,6.67E-01,6.78E-01,6.43E-01,6.97E-01,6.42E-01,6.98E-01,6.22E-01,6.40E-01,6.30E-01,7.23E-01,6.47E-01,6.95E-01,6.98E-01,6.67E-01,5.98E-01,6.77E-01,6.58E-01,6.86E-01,6.88E-01,6.30E-01,7.41E-01,6.07E-01,7.19E-01,7.66E-01,6.52E-01,5.84E-01,7.35E-01,7.20E-01,6.50E-01,7.89E-01,7.94E-01,7.82E-01,6.99E-01,7.00E-01,6.90E-01,6.99E-01,6.29E-01,6.98E-01,6.90E-01,7.71E-01,7.72E-01,6.99E-01,7.85E-01,7.41E-01,7.18E-01,5.97E-01,8.15E-01,5.63E-01,6.67E-01,7.53E-01,6.47E-01,7.07E-01,7.02E-01,6.62E-01,7.13E-01,6.62E-01,6.56E-01,6.58E-01,5.86E-01,7.20E-01,6.90E-01,6.18E-01,6.75E-01,7.27E-01,6.73E-01,6.80E-01,7.22E-01,6.23E-01,6.84E-01,6.92E-01,6.89E-01,6.13E-01,6.99E-01,7.01E-01,6.84E-01,6.88E-01,7.23E-01,6.65E-01,6.32E-01,6.49E-01,5.71E-01,6.70E-01,7.27E-01,6.55E-01,6.58E-01,7.68E-01
070_S_5040,3.67E-01,3.38E-01,5.25E-01,4.90E-01,5.54E-01,6.23E-01,6.23E-01,6.67E-01,5.90E-01,7.05E-01,6.33E-01,5.56E-01,6.24E-01,4.42E-01,5.38E-01,5.40E-01,4.91E-01,5.55E-01,5.84E-01,5.76E-01,6.80E-01,6.35E-01,6.80E-01,6.03E-01,6.42E-01,6.43E-01,6.03E-01,5.66E-01,6.31E-01,5.65E-01,6.67E-01,6.53E-01,4.84E-01,4.88E-01,6.37E-01,6.78E-01,5.39E-01,5.21E-01,7.05E-01,6.53E-01,7.90E-01,6.77E-01,6.64E-01,7.24E-01,6.89E-01,6.87E-01,5.97E-01,6.93E-01,7.67E-01,6.99E-01,6.76E-01,7.42E-01,5.19E-01,5.41E-01,7.72E-01,6.54E-01,5.26E-01,6.62E-01,6.63E-01,7.01E-01,5.68E-01,5.97E-01,6.85E-01,6.58E-01,6.00E-01,6.04E-01,5.84E-01,5.33E-01,5.08E-01,5.11E-01,6.55E-01,6.72E-01,6.43E-01,6.30E-01,6.33E-01,6.45E-01,6.74E-01,6.86E-01,6.63E-01,6.52E-01,6.62E-01,6.78E-01,5.77E-01,6.25E-01,6.95E-01,6.55E-01,5.75E-01,6.90E-01,5.80E-01,6.54E-01,6.15E-01,7.09E-01,6.97E-01,6.02E-01,6.27E-01,5.85E-01,6.84E-01,6.57E-01,5.93E-01,7.64E-01,6.62E-01,6.65E-01,6.38E-01,5.87E-01,6.79E-01,6.30E-01,6.63E-01,7.13E-01,6.49E-01,6.69E-01,6.46E-01,5.33E-01,6.20E-01,6.59E-01,6.10E-01,6.80E-01,5.93E-01,6.66E-01,6.19E-01,6.19E-01,5.73E-01,5.56E-01,5.87E-01,7.21E-01,6.35E-01,6.94E-01,7.10E-01,6.69E-01,6.07E-01,6.61E-01,6.59E-01,7.06E-01,7.03E-01,6.13E-01,7.25E-01,6.02E-01,6.99E-01,7.56E-01,5.99E-01,5.40E-01,7.14E-01,7.10E-01,6.78E-01,7.89E-01,7.94E-01,7.93E-01,6.99E-01,6.88E-01,6.74E-01,6.34E-01,6.31E-01,7.01E-01,6.85E-01,7.68E-01,7.91E-01,6.95E-01,7.53E-01,7.16E-01,6.92E-01,5.83E-01,8.04E-01,5.65E-01,6.55E-01,7.73E-01,6.73E-01,6.74E-01,6.66E-01,6.76E-01,7.23E-01,6.73E-01,6.68E-01,6.56E-01,5.84E-01,6.55E-01,6.92E-01,6.14E-01,6.76E-01,7.39E-01,6.40E-01,7.02E-01,7.18E-01,5.97E-01,6.65E-01,7.14E-01,6.48E-01,6.26E-01,6.87E-01,6.91E-01,6.46E-01,6.95E-01,6.97E-01,6.67E-01,6.38E-01,6.65E-01,6.33E-01,7.00E-01,7.48E-01,6.84E-01,6.78E-01,7.72E-01
073_S_0089,3.76E-01,3.46E-01,5.34E-01,5.05E-01,5.50E-01,6.12E-01,6.29E-01,6.77E-01,5.95E-01,7.18E-01,6.40E-01,5.47E-01,6.27E-01,4.48E-01,5.51E-01,5.35E-01,4.99E-01,5.75E-01,5.96E-01,5.88E-01,6.87E-01,6.40E-01,6.87E-01,6.16E-01,6.35E-01,6.50E-01,6.13E-01,5.74E-01,6.37E-01,5.79E-01,6.58E-01,6.66E-01,4.95E-01,4.79E-01,6.36E-01,6.63E-01,5.37E-01,5.12E-01,7.04E-01,6.48E-01,7.95E-01,6.89E-01,6.64E-01,7.23E-01,6.93E-01,7.01E-01,5.86E-01,6.78E-01,7.71E-01,7.16E-01,7.06E-01,7.64E-01,5.51E-01,5.55E-01,7.90E-01,6.59E-01,5.50E-01,6.74E-01,6.40E-01,7.14E-01,5.88E-01,6.04E-01,6.96E-01,6.58E-01,6.24E-01,6.21E-01,5.94E-01,4.98E-01,5.07E-01,5.47E-01,6.53E-01,6.85E-01,6.55E-01,6.44E-01,6.30E-01,6.51E-01,6.81E-01,7.01E-01,6.55E-01,6.93E-01,6.87E-01,7.23E-01,5.92E-01,6.18E-01,6.90E-01,6.50E-01,6.22E-01,7.10E-01,6.10E-01,6.91E-01,6.14E-01,7.04E-01,6.96E-01,6.24E-01,6.28E-01,5.79E-01,6.99E-01,6.63E-01,6.17E-01,7.45E-01,6.72E-01,6.63E-01,6.29E-01,5.73E-01,6.71E-01,6.14E-01,6.69E-01,7.21E-01,6.52E-01,6.85E-01,6.32E-01,5.10E-01,6.38E-01,6.70E-01,6.30E-01,6.51E-01,5.84E-01,6.83E-01,6.29E-01,6.57E-01,6.09E-01,5.98E-01,6.16E-01,7.28E-01,6.50E-01,7.03E-01,7.07E-01,6.70E-01,6.14E-01,6.82E-01,6.69E-01,7.04E-01,6.77E-01,6.25E-01,7.48E-01,5.95E-01,7.06E-01,7.79E-01,6.12E-01,5.91E-01,7.26E-01,7.26E-01,6.78E-01,8.00E-01,7.94E-01,7.96E-01,7.04E-01,7.02E-01,6.75E-01,6.60E-01,6.20E-01,7.19E-01,7.08E-01,7.73E-01,7.87E-01,7.04E-01,7.69E-01,7.45E-01,7.21E-01,5.94E-01,8.39E-01,5.76E-01,6.76E-01,7.58E-01,6.90E-01,6.63E-01,7.06E-01,6.81E-01,7.30E-01,6.91E-01,6.68E-01,6.60E-01,5.47E-01,6.26E-01,6.96E-01,5.83E-01,6.97E-01,7.30E-01,6.60E-01,6.48E-01,7.17E-01,5.75E-01,7.05E-01,6.98E-01,6.88E-01,6.37E-01,7.29E-01,6.97E-01,6.95E-01,6.94E-01,7.14E-01,6.77E-01,6.41E-01,6.40E-01,6.26E-01,6.87E-01,7.48E-01,6.86E-01,6.87E-01,7.71E-01
073_S_0311,3.79E-01,3.52E-01,5.47E-01,5.18E-01,5.53E-01,6.26E-01,6.32E-01,6.81E-01,6.05E-01,7.02E-01,6.39E-01,5.87E-01,6.26E-01,4.70E-01,5.73E-01,5.63E-01,5.25E-01,5.81E-01,6.22E-01,6.16E-01,6.78E-01,6.31E-01,6.80E-01,6.03E-01,6.44E-01,6.49E-01,6.10E-01,5.77E-01,6.40E-01,5.76E-01,6.79E-01,6.44E-01,5.62E-01,5.65E-01,6.50E-01,6.76E-01,5.74E-01,5.85E-01,7.15E-01,6.60E-01,7.81E-01,6.65E-01,6.58E-01,7.22E-01,6.64E-01,7.01E-01,6.05E-01,6.44E-01,7.68E-01,6.84E-01,6.72E-01,7.20E-01,5.09E-01,5.23E-01,7.73E-01,6.31E-01,5.39E-01,6.80E-01,6.62E-01,7.06E-01,5.94E-01,6.13E-01,6.78E-01,6.58E-01,6.12E-01,6.07E-01,5.98E-01,5.59E-01,5.02E-01,5.53E-01,6.40E-01,6.93E-01,6.65E-01,6.36E-01,6.42E-01,6.48E-01,6.53E-01,6.74E-01,6.48E-01,6.38E-01,6.68E-01,6.73E-01,5.74E-01,6.11E-01,6.87E-01,6.46E-01,6.24E-01,7.04E-01,5.55E-01,6.49E-01,6.12E-01,7.07E-01,6.64E-01,5.69E-01,6.09E-01,6.06E-01,6.75E-01,6.35E-01,6.13E-01,7.53E-01,6.69E-01,6.73E-01,6.39E-01,5.83E-01,6.77E-01,6.34E-01,6.51E-01,7.11E-01,6.31E-01,6.65E-01,6.18E-01,5.91E-01,6.37E-01,6.43E-01,6.21E-01,6.52E-01,5.77E-01,6.82E-01,6.25E-01,6.56E-01,6.11E-01,5.81E-01,6.31E-01,6.80E-01,6.21E-01,6.73E-01,6.83E-01,6.39E-01,5.82E-01,6.81E-01,6.58E-01,7.06E-01,6.90E-01,6.52E-01,7.51E-01,6.30E-01,6.37E-01,7.31E-01,6.44E-01,6.29E-01,6.95E-01,7.17E-01,6.83E-01,7.77E-01,7.86E-01,7.64E-01,6.58E-01,6.65E-01,6.62E-01,6.39E-01,6.07E-01,6.83E-01,6.39E-01,7.59E-01,7.52E-01,6.79E-01,7.28E-01,6.93E-01,6.68E-01,5.88E-01,7.86E-01,5.29E-01,6.31E-01,7.47E-01,6.75E-01,6.76E-01,6.61E-01,6.88E-01,7.01E-01,6.55E-01,6.58E-01,6.70E-01,5.92E-01,6.80E-01,6.77E-01,5.72E-01,6.69E-01,7.14E-01,6.53E-01,6.78E-01,7.14E-01,5.75E-01,6.52E-01,6.89E-01,6.72E-01,6.00E-01,6.60E-01,6.62E-01,6.41E-01,6.78E-01,6.73E-01,6.29E-01,6.20E-01,6.29E-01,5.82E-01,6.55E-01,7.23E-01,6.33E-01,6.36E-01,7.67E-01
073_S_0312,4.01E-01,3.67E-01,5.55E-01,5.32E-01,5.85E-01,6.35E-01,6.33E-01,6.81E-01,6.10E-01,7.03E-01,6.56E-01,5.88E-01,6.45E-01,5.06E-01,5.85E-01,5.89E-01,5.31E-01,6.14E-01,6.35E-01,6.24E-01,6.77E-01,6.33E-01,6.83E-01,6.16E-01,6.58E-01,6.54E-01,6.18E-01,6.02E-01,6.41E-01,5.99E-01,6.74E-01,6.74E-01,5.64E-01,5.21E-01,6.66E-01,6.84E-01,5.82E-01,5.71E-01,7.14E-01,6.56E-01,7.95E-01,6.89E-01,6.61E-01,7.31E-01,6.89E-01,7.15E-01,6.28E-01,6.67E-01,7.71E-01,7.08E-01,6.77E-01,7.36E-01,5.34E-01,5.40E-01,7.80E-01,6.59E-01,5.60E-01,7.00E-01,6.77E-01,7.15E-01,5.99E-01,6.20E-01,6.80E-01,6.70E-01,6.25E-01,6.27E-01,5.91E-01,5.79E-01,5.73E-01,5.53E-01,6.53E-01,7.05E-01,6.77E-01,6.48E-01,6.57E-01,6.72E-01,6.70E-01,6.91E-01,6.66E-01,6.44E-01,6.86E-01,6.99E-01,5.96E-01,6.21E-01,6.80E-01,6.45E-01,6.10E-01,7.20E-01,6.04E-01,6.78E-01,6.42E-01,7.05E-01,6.88E-01,5.97E-01,6.35E-01,6.00E-01,6.80E-01,6.34E-01,6.16E-01,7.59E-01,6.64E-01,6.71E-01,6.39E-01,6.05E-01,6.73E-01,6.35E-01,6.37E-01,6.99E-01,6.34E-01,7.16E-01,6.27E-01,5.70E-01,6.37E-01,6.69E-01,6.43E-01,6.74E-01,6.14E-01,7.12E-01,6.30E-01,6.61E-01,6.18E-01,5.92E-01,5.83E-01,7.01E-01,6.24E-01,6.75E-01,7.00E-01,6.48E-01,5.85E-01,6.69E-01,6.46E-01,6.95E-01,7.18E-01,6.55E-01,7.47E-01,6.04E-01,6.97E-01,7.61E-01,6.36E-01,6.23E-01,7.06E-01,7.08E-01,6.58E-01,7.78E-01,7.64E-01,7.85E-01,6.82E-01,6.90E-01,6.42E-01,6.65E-01,6.46E-01,6.94E-01,6.63E-01,7.65E-01,7.53E-01,6.79E-01,7.33E-01,6.88E-01,6.71E-01,5.98E-01,7.91E-01,5.44E-01,6.37E-01,7.25E-01,6.87E-01,6.99E-01,6.61E-01,6.75E-01,6.93E-01,6.71E-01,6.43E-01,6.40E-01,5.94E-01,6.86E-01,6.61E-01,6.11E-01,6.71E-01,7.47E-01,6.40E-01,6.75E-01,7.10E-01,5.96E-01,6.64E-01,6.72E-01,6.26E-01,6.12E-01,6.87E-01,6.81E-01,6.66E-01,6.69E-01,6.73E-01,6.48E-01,5.98E-01,6.62E-01,5.86E-01,6.39E-01,7.10E-01,6.46E-01,6.16E-01,7.87E-01
073_S_0386,3.87E-01,3.63E-01,5.59E-01,5.48E-01,5.75E-01,6.34E-01,6.32E-01,6.78E-01,6.04E-01,7.12E-01,6.55E-01,5.88E-01,6.49E-01,4.87E-01,5.86E-01,5.82E-01,5.29E-01,6.06E-01,6.47E-01,6.13E-01,6.86E-01,6.40E-01,6.82E-01,6.28E-01,6.46E-01,6.38E-01,6.27E-01,6.06E-01,6.45E-01,5.92E-01,6.78E-01,6.70E-01,5.35E-01,5.21E-01,6.60E-01,6.68E-01,5.88E-01,5.71E-01,7.40E-01,6.81E-01,8.02E-01,6.82E-01,6.30E-01,7.24E-01,7.04E-01,7.23E-01,6.16E-01,7.07E-01,7.79E-01,7.15E-01,6.92E-01,7.57E-01,5.32E-01,5.43E-01,7.85E-01,6.65E-01,5.44E-01,6.91E-01,6.88E-01,7.11E-01,6.21E-01,6.08E-01,6.96E-01,6.80E-01,6.56E-01,6.23E-01,5.80E-01,5.58E-01,5.50E-01,5.48E-01,6.57E-01,7.02E-01,6.82E-01,6.50E-01,6.46E-01,6.70E-01,6.90E-01,7.02E-01,6.75E-01,6.84E-01,6.96E-01,7.19E-01,6.05E-01,6.20E-01,6.89E-01,6.51E-01,6.21E-01,7.23E-01,6.23E-01,7.06E-01,6.53E-01,7.18E-01,6.96E-01,5.99E-01,6.47E-01,6.12E-01,6.85E-01,6.47E-01,6.19E-01,7.70E-01,6.76E-01,6.76E-01,6.55E-01,6.18E-01,7.04E-01,6.65E-01,6.69E-01,7.09E-01,6.74E-01,6.85E-01,6.57E-01,5.64E-01,6.50E-01,6.91E-01,6.77E-01,6.88E-01,6.30E-01,7.01E-01,6.43E-01,6.85E-01,6.44E-01,6.38E-01,6.34E-01,7.19E-01,6.32E-01,6.88E-01,7.03E-01,6.70E-01,5.93E-01,6.47E-01,6.59E-01,7.02E-01,7.25E-01,6.59E-01,7.46E-01,6.14E-01,7.04E-01,7.75E-01,6.38E-01,6.20E-01,7.41E-01,7.34E-01,6.83E-01,7.90E-01,7.83E-01,7.91E-01,7.02E-01,7.12E-01,6.75E-01,6.87E-01,6.36E-01,7.12E-01,7.02E-01,7.67E-01,7.89E-01,6.98E-01,7.63E-01,7.19E-01,7.02E-01,6.18E-01,8.03E-01,5.51E-01,6.48E-01,7.55E-01,7.12E-01,6.99E-01,7.03E-01,6.82E-01,7.00E-01,6.72E-01,6.58E-01,6.45E-01,6.03E-01,6.94E-01,6.56E-01,6.19E-01,6.87E-01,7.39E-01,6.98E-01,6.97E-01,7.45E-01,6.11E-01,7.05E-01,7.09E-01,7.08E-01,6.37E-01,7.20E-01,6.94E-01,7.11E-01,6.79E-01,6.92E-01,6.67E-01,6.30E-01,6.62E-01,6.03E-01,6.71E-01,7.26E-01,6.50E-01,6.69E-01,7.66E-01
073_S_0565,3.96E-01,3.61E-01,5.58E-01,5.23E-01,5.57E-01,6.30E-01,6.18E-01,6.75E-01,6.00E-01,6.95E-01,6.39E-01,5.88E-01,6.50E-01,4.94E-01,5.83E-01,5.88E-01,5.35E-01,6.17E-01,6.39E-01,6.12E-01,6.72E-01,6.45E-01,6.93E-01,6.13E-01,6.46E-01,6.58E-01,6.38E-01,6.00E-01,6.23E-01,5.88E-01,6.61E-01,6.67E-01,5.49E-01,5.40E-01,6.59E-01,6.73E-01,5.82E-01,5.83E-01,7.25E-01,6.72E-01,7.63E-01,6.82E-01,6.63E-01,7.28E-01,7.12E-01,7.15E-01,6.22E-01,6.96E-01,7.54E-01,7.09E-01,6.66E-01,7.42E-01,5.29E-01,5.21E-01,7.78E-01,6.39E-01,5.44E-01,6.87E-01,6.69E-01,6.84E-01,6.04E-01,6.15E-01,6.93E-01,6.69E-01,6.46E-01,6.24E-01,5.74E-01,5.55E-01,5.51E-01,5.24E-01,6.61E-01,7.02E-01,6.76E-01,6.45E-01,6.37E-01,6.76E-01,6.75E-01,6.94E-01,6.64E-01,6.64E-01,6.74E-01,6.82E-01,5.89E-01,6.14E-01,6.83E-01,6.44E-01,6.30E-01,7.01E-01,6.06E-01,6.88E-01,6.45E-01,6.99E-01,6.87E-01,5.93E-01,6.30E-01,5.99E-01,6.51E-01,6.01E-01,6.10E-01,7.44E-01,6.68E-01,6.75E-01,6.42E-01,6.07E-01,6.65E-01,6.41E-01,6.29E-01,6.95E-01,6.26E-01,6.35E-01,6.40E-01,5.80E-01,6.23E-01,6.57E-01,6.73E-01,6.76E-01,6.26E-01,6.91E-01,6.43E-01,6.79E-01,6.32E-01,6.09E-01,6.32E-01,7.13E-01,6.27E-01,6.92E-01,7.17E-01,6.63E-01,5.80E-01,6.71E-01,6.47E-01,7.04E-01,7.04E-01,6.48E-01,7.36E-01,6.19E-01,6.90E-01,7.62E-01,6.30E-01,6.24E-01,7.31E-01,7.19E-01,6.66E-01,7.78E-01,7.74E-01,7.61E-01,6.85E-01,7.03E-01,6.69E-01,6.75E-01,6.22E-01,6.95E-01,6.89E-01,7.54E-01,7.77E-01,6.89E-01,7.41E-01,6.83E-01,6.90E-01,6.23E-01,7.84E-01,5.28E-01,6.31E-01,7.01E-01,6.90E-01,6.71E-01,6.73E-01,6.90E-01,6.92E-01,6.43E-01,6.40E-01,6.30E-01,5.62E-01,6.69E-01,6.66E-01,5.80E-01,6.67E-01,7.03E-01,6.56E-01,6.85E-01,7.26E-01,5.92E-01,6.76E-01,7.06E-01,6.96E-01,6.13E-01,7.03E-01,6.78E-01,6.77E-01,6.43E-01,6.76E-01,6.78E-01,6.14E-01,6.38E-01,5.59E-01,6.05E-01,7.12E-01,6.67E-01,6.66E-01,7.64E-01
073_S_4739,3.80E-01,3.45E-01,5.35E-01,4.94E-01,5.47E-01,6.17E-01,6.23E-01,6.72E-01,5.93E-01,7.08E-01,6.36E-01,5.50E-01,6.33E-01,4.36E-01,5.37E-01,5.27E-01,4.84E-01,5.64E-01,5.83E-01,5.80E-01,6.83E-01,6.40E-01,6.89E-01,6.25E-01,6.40E-01,6.44E-01,5.98E-01,5.59E-01,6.35E-01,5.80E-01,6.63E-01,6.55E-01,4.98E-01,4.77E-01,6.50E-01,6.77E-01,5.29E-01,5.22E-01,7.05E-01,6.55E-01,7.98E-01,6.80E-01,6.65E-01,7.22E-01,6.87E-01,6.97E-01,5.69E-01,6.59E-01,7.60E-01,7.10E-01,7.05E-01,7.62E-01,5.61E-01,5.51E-01,7.94E-01,6.61E-01,5.33E-01,6.68E-01,6.42E-01,7.07E-01,5.70E-01,6.14E-01,6.92E-01,6.39E-01,6.01E-01,6.14E-01,5.91E-01,5.10E-01,4.73E-01,5.46E-01,6.47E-01,6.93E-01,6.50E-01,6.39E-01,6.04E-01,6.48E-01,6.84E-01,6.94E-01,6.58E-01,6.66E-01,6.68E-01,6.99E-01,6.13E-01,6.24E-01,6.91E-01,6.67E-01,6.19E-01,7.04E-01,5.74E-01,6.61E-01,6.15E-01,7.20E-01,6.78E-01,5.99E-01,6.25E-01,5.74E-01,6.79E-01,6.50E-01,6.09E-01,7.49E-01,6.79E-01,6.80E-01,6.34E-01,5.74E-01,6.72E-01,6.26E-01,6.54E-01,7.01E-01,6.45E-01,6.58E-01,6.30E-01,5.12E-01,6.14E-01,6.51E-01,6.24E-01,6.35E-01,5.78E-01,6.75E-01,6.03E-01,6.15E-01,5.91E-01,5.72E-01,6.01E-01,7.15E-01,6.41E-01,6.99E-01,7.10E-01,6.67E-01,6.01E-01,6.77E-01,6.59E-01,6.99E-01,6.74E-01,6.26E-01,7.32E-01,5.89E-01,6.93E-01,7.74E-01,6.08E-01,5.64E-01,7.19E-01,7.08E-01,6.39E-01,7.85E-01,8.04E-01,7.90E-01,6.89E-01,6.92E-01,6.59E-01,6.33E-01,6.14E-01,7.01E-01,6.73E-01,7.64E-01,7.77E-01,7.11E-01,7.70E-01,7.46E-01,7.03E-01,6.11E-01,8.31E-01,5.51E-01,6.64E-01,7.47E-01,6.53E-01,6.80E-01,6.73E-01,6.72E-01,7.25E-01,6.67E-01,6.48E-01,6.57E-01,5.49E-01,6.41E-01,6.43E-01,5.37E-01,6.80E-01,7.36E-01,6.41E-01,6.28E-01,7.16E-01,5.75E-01,6.61E-01,6.92E-01,6.61E-01,6.16E-01,6.86E-01,6.83E-01,6.73E-01,6.89E-01,7.11E-01,6.61E-01,6.14E-01,6.31E-01,5.92E-01,6.76E-01,7.32E-01,6.82E-01,6.84E-01,7.53E-01
073_S_4762,3.98E-01,3.82E-01,5.64E-01,5.21E-01,5.69E-01,6.34E-01,6.45E-01,6.94E-01,6.17E-01,7.20E-01,6.56E-01,5.61E-01,6.47E-01,5.02E-01,5.81E-01,5.81E-01,5.45E-01,6.15E-01,6.24E-01,6.19E-01,6.97E-01,6.57E-01,6.99E-01,6.26E-01,6.58E-01,6.56E-01,6.30E-01,6.00E-01,6.44E-01,5.82E-01,6.91E-01,6.64E-01,5.38E-01,5.20E-01,6.61E-01,6.83E-01,5.82E-01,5.77E-01,7.19E-01,6.55E-01,8.07E-01,6.97E-01,6.74E-01,7.36E-01,7.01E-01,7.20E-01,6.02E-01,6.96E-01,7.76E-01,7.20E-01,7.00E-01,7.53E-01,5.63E-01,5.54E-01,7.92E-01,6.66E-01,5.67E-01,6.58E-01,6.34E-01,7.08E-01,6.19E-01,6.13E-01,6.94E-01,6.87E-01,6.28E-01,6.38E-01,5.96E-01,5.71E-01,5.47E-01,5.47E-01,6.50E-01,6.91E-01,6.56E-01,6.59E-01,6.48E-01,6.65E-01,6.78E-01,7.05E-01,6.43E-01,6.93E-01,6.75E-01,7.21E-01,5.83E-01,6.20E-01,6.86E-01,6.74E-01,6.29E-01,7.18E-01,6.13E-01,6.73E-01,6.18E-01,7.09E-01,6.80E-01,5.96E-01,6.42E-01,6.05E-01,6.89E-01,6.55E-01,6.25E-01,7.43E-01,6.68E-01,6.76E-01,6.29E-01,5.71E-01,6.68E-01,6.12E-01,6.55E-01,7.18E-01,6.40E-01,6.72E-01,6.24E-01,5.30E-01,6.38E-01,6.76E-01,6.23E-01,6.72E-01,6.13E-01,7.02E-01,6.41E-01,6.92E-01,6.16E-01,5.88E-01,6.35E-01,7.23E-01,6.37E-01,7.10E-01,7.15E-01,6.67E-01,6.07E-01,6.85E-01,6.67E-01,6.99E-01,6.72E-01,6.15E-01,7.50E-01,6.16E-01,6.98E-01,7.66E-01,5.90E-01,5.81E-01,7.19E-01,7.24E-01,6.58E-01,7.99E-01,7.93E-01,7.89E-01,6.96E-01,6.98E-01,6.54E-01,6.49E-01,6.16E-01,6.89E-01,6.93E-01,7.72E-01,7.86E-01,7.12E-01,7.50E-01,7.36E-01,7.12E-01,6.14E-01,8.15E-01,5.45E-01,6.61E-01,7.41E-01,6.93E-01,7.11E-01,6.95E-01,6.82E-01,7.13E-01,6.88E-01,6.45E-01,6.46E-01,5.61E-01,6.88E-01,6.78E-01,6.20E-01,6.75E-01,7.34E-01,6.56E-01,6.80E-01,7.23E-01,5.80E-01,6.90E-01,6.96E-01,6.57E-01,6.24E-01,7.26E-01,7.07E-01,6.94E-01,6.89E-01,6.87E-01,6.66E-01,6.45E-01,6.56E-01,6.09E-01,6.85E-01,7.32E-01,6.82E-01,6.88E-01,7.69E-01
073_S_4795,3.80E-01,3.48E-01,5.35E-01,4.94E-01,5.66E-01,6.27E-01,6.32E-01,6.80E-01,5.98E-01,7.11E-01,6.46E-01,5.49E-01,6.46E-01,4.60E-01,5.72E-01,5.44E-01,5.12E-01,5.90E-01,6.21E-01,6.02E-01,6.87E-01,6.57E-01,7.00E-01,6.30E-01,6.53E-01,6.57E-01,6.32E-01,5.92E-01,6.43E-01,5.77E-01,6.76E-01,6.77E-01,4.96E-01,4.93E-01,6.60E-01,6.83E-01,5.58E-01,5.42E-01,7.24E-01,6.80E-01,8.03E-01,6.82E-01,6.73E-01,7.29E-01,7.11E-01,7.16E-01,6.20E-01,7.13E-01,7.77E-01,7.15E-01,7.13E-01,7.65E-01,5.29E-01,5.50E-01,7.95E-01,6.70E-01,5.57E-01,6.76E-01,6.68E-01,7.14E-01,6.12E-01,6.34E-01,6.90E-01,6.80E-01,6.37E-01,6.27E-01,5.94E-01,5.30E-01,5.12E-01,5.54E-01,6.54E-01,6.96E-01,6.66E-01,6.55E-01,6.21E-01,6.82E-01,6.91E-01,7.08E-01,6.69E-01,6.92E-01,6.95E-01,7.28E-01,5.77E-01,6.28E-01,7.02E-01,6.67E-01,6.35E-01,7.26E-01,6.31E-01,7.03E-01,6.32E-01,7.17E-01,7.01E-01,6.12E-01,6.22E-01,5.80E-01,6.96E-01,6.58E-01,6.34E-01,7.76E-01,6.71E-01,6.72E-01,6.29E-01,5.79E-01,6.73E-01,6.25E-01,6.63E-01,7.23E-01,6.50E-01,6.92E-01,6.45E-01,5.31E-01,6.43E-01,7.15E-01,6.49E-01,6.63E-01,6.42E-01,7.14E-01,6.39E-01,7.00E-01,6.28E-01,5.99E-01,6.53E-01,7.35E-01,6.45E-01,7.09E-01,7.25E-01,6.56E-01,6.13E-01,6.95E-01,6.61E-01,7.21E-01,7.04E-01,6.32E-01,7.49E-01,6.02E-01,6.97E-01,7.83E-01,6.29E-01,5.99E-01,7.50E-01,7.29E-01,6.43E-01,8.11E-01,7.93E-01,7.94E-01,7.11E-01,7.13E-01,6.92E-01,6.72E-01,6.41E-01,7.09E-01,7.08E-01,7.77E-01,7.99E-01,7.13E-01,7.70E-01,7.49E-01,7.49E-01,6.19E-01,8.29E-01,5.60E-01,6.59E-01,7.63E-01,6.80E-01,7.14E-01,6.98E-01,6.82E-01,7.37E-01,6.82E-01,6.63E-01,6.55E-01,5.67E-01,7.00E-01,6.73E-01,6.33E-01,7.12E-01,7.55E-01,6.85E-01,6.75E-01,7.45E-01,6.18E-01,6.96E-01,7.16E-01,7.03E-01,6.38E-01,7.35E-01,7.07E-01,7.08E-01,7.01E-01,7.01E-01,6.90E-01,6.37E-01,6.43E-01,6.23E-01,6.84E-01,7.47E-01,6.79E-01,6.74E-01,7.53E-01
073_S_4853,3.71E-01,3.40E-01,5.33E-01,4.87E-01,5.48E-01,6.09E-01,6.16E-01,6.66E-01,5.89E-01,6.91E-01,6.28E-01,5.38E-01,6.25E-01,4.48E-01,5.39E-01,5.30E-01,4.93E-01,5.68E-01,6.14E-01,5.95E-01,6.64E-01,6.25E-01,6.72E-01,6.16E-01,6.33E-01,6.36E-01,6.20E-01,5.55E-01,6.38E-01,5.77E-01,6.43E-01,6.32E-01,4.94E-01,4.81E-01,6.29E-01,6.79E-01,5.39E-01,5.49E-01,6.96E-01,6.48E-01,7.89E-01,6.80E-01,6.62E-01,7.21E-01,6.74E-01,7.00E-01,6.03E-01,6.97E-01,7.62E-01,6.98E-01,6.95E-01,7.35E-01,5.38E-01,5.41E-01,7.71E-01,6.49E-01,5.33E-01,6.72E-01,6.34E-01,7.01E-01,5.89E-01,6.03E-01,6.43E-01,6.80E-01,5.93E-01,6.02E-01,5.89E-01,5.02E-01,5.19E-01,5.40E-01,6.41E-01,6.80E-01,6.46E-01,6.31E-01,6.20E-01,6.39E-01,6.69E-01,6.76E-01,6.43E-01,6.52E-01,6.73E-01,6.90E-01,5.81E-01,6.30E-01,6.94E-01,6.54E-01,6.13E-01,6.88E-01,5.81E-01,6.70E-01,6.05E-01,7.10E-01,6.73E-01,6.07E-01,6.28E-01,5.86E-01,6.73E-01,6.43E-01,6.16E-01,7.60E-01,6.60E-01,6.62E-01,6.15E-01,5.72E-01,6.76E-01,6.18E-01,6.55E-01,7.23E-01,6.39E-01,6.60E-01,6.19E-01,5.07E-01,6.12E-01,6.44E-01,6.03E-01,6.44E-01,5.71E-01,6.71E-01,6.24E-01,6.30E-01,5.82E-01,5.54E-01,6.05E-01,7.09E-01,6.24E-01,6.85E-01,7.05E-01,6.44E-01,5.82E-01,6.47E-01,6.60E-01,7.04E-01,6.82E-01,6.09E-01,7.52E-01,5.69E-01,6.92E-01,7.41E-01,5.73E-01,5.37E-01,6.86E-01,7.09E-01,6.51E-01,7.80E-01,7.72E-01,7.89E-01,6.84E-01,6.92E-01,6.38E-01,6.20E-01,6.08E-01,6.91E-01,6.69E-01,7.57E-01,7.79E-01,6.97E-01,7.56E-01,7.19E-01,7.02E-01,6.05E-01,8.03E-01,5.44E-01,6.43E-01,7.40E-01,6.72E-01,6.90E-01,6.99E-01,6.47E-01,7.03E-01,6.64E-01,6.52E-01,6.46E-01,5.28E-01,6.59E-01,6.83E-01,5.55E-01,6.59E-01,7.18E-01,6.28E-01,6.44E-01,7.00E-01,5.31E-01,6.78E-01,6.88E-01,6.53E-01,6.09E-01,7.05E-01,6.90E-01,6.71E-01,6.67E-01,6.64E-01,6.61E-01,6.21E-01,6.19E-01,5.72E-01,6.76E-01,7.29E-01,6.51E-01,6.75E-01,7.76E-01
073_S_5016,3.75E-01,3.46E-01,5.32E-01,4.97E-01,5.54E-01,6.26E-01,6.26E-01,6.76E-01,5.97E-01,7.17E-01,6.39E-01,5.51E-01,6.31E-01,4.63E-01,5.71E-01,5.62E-01,4.97E-01,5.73E-01,6.06E-01,5.96E-01,6.87E-01,6.41E-01,6.92E-01,6.20E-01,6.47E-01,6.52E-01,6.23E-01,5.75E-01,6.45E-01,5.72E-01,6.62E-01,6.62E-01,5.08E-01,4.96E-01,6.42E-01,6.67E-01,5.46E-01,5.25E-01,7.17E-01,6.67E-01,8.02E-01,6.91E-01,6.65E-01,7.35E-01,6.98E-01,7.08E-01,6.17E-01,6.99E-01,7.74E-01,7.21E-01,6.92E-01,7.35E-01,5.34E-01,5.51E-01,7.85E-01,6.73E-01,5.30E-01,6.81E-01,6.57E-01,7.09E-01,5.86E-01,6.20E-01,7.00E-01,6.72E-01,6.01E-01,6.24E-01,5.94E-01,5.28E-01,5.27E-01,5.48E-01,6.53E-01,6.98E-01,6.61E-01,6.50E-01,6.17E-01,6.58E-01,6.88E-01,6.96E-01,6.66E-01,6.71E-01,6.81E-01,7.26E-01,5.88E-01,6.38E-01,7.03E-01,6.55E-01,6.18E-01,7.21E-01,6.04E-01,6.84E-01,6.18E-01,7.16E-01,6.86E-01,6.05E-01,6.44E-01,5.90E-01,7.00E-01,6.50E-01,6.15E-01,7.55E-01,6.75E-01,6.66E-01,6.28E-01,5.86E-01,6.60E-01,6.16E-01,6.65E-01,7.27E-01,6.48E-01,7.03E-01,6.45E-01,5.03E-01,6.37E-01,6.53E-01,6.33E-01,6.82E-01,5.90E-01,7.05E-01,6.41E-01,6.57E-01,5.90E-01,5.89E-01,6.04E-01,7.18E-01,6.43E-01,7.04E-01,7.16E-01,6.46E-01,5.96E-01,6.75E-01,6.55E-01,7.13E-01,7.24E-01,6.19E-01,7.57E-01,5.85E-01,6.78E-01,7.64E-01,5.99E-01,5.68E-01,7.10E-01,7.06E-01,6.76E-01,7.93E-01,7.91E-01,7.96E-01,7.05E-01,6.97E-01,6.72E-01,6.53E-01,6.40E-01,6.93E-01,6.92E-01,7.80E-01,7.85E-01,7.06E-01,7.41E-01,7.19E-01,6.98E-01,5.90E-01,8.13E-01,5.38E-01,6.68E-01,7.52E-01,6.97E-01,6.83E-01,6.81E-01,6.81E-01,7.02E-01,6.82E-01,6.58E-01,6.49E-01,5.50E-01,6.84E-01,6.91E-01,5.88E-01,6.71E-01,7.28E-01,6.82E-01,6.61E-01,7.34E-01,5.94E-01,6.82E-01,7.24E-01,6.81E-01,6.40E-01,7.06E-01,7.02E-01,6.93E-01,6.89E-01,6.93E-01,6.58E-01,6.23E-01,6.39E-01,6.42E-01,6.94E-01,7.46E-01,6.68E-01,6.79E-01,7.72E-01
073_S_5023,3.77E-01,3.48E-01,5.37E-01,5.07E-01,5.56E-01,6.32E-01,6.27E-01,6.72E-01,5.97E-01,7.15E-01,6.46E-01,5.61E-01,6.33E-01,4.49E-01,5.63E-01,5.47E-01,4.98E-01,5.76E-01,6.11E-01,5.88E-01,6.93E-01,6.42E-01,6.93E-01,6.16E-01,6.51E-01,6.48E-01,6.22E-01,5.84E-01,6.38E-01,5.74E-01,6.78E-01,6.83E-01,5.17E-01,4.98E-01,6.47E-01,6.77E-01,5.75E-01,5.32E-01,7.17E-01,6.63E-01,7.99E-01,6.91E-01,6.66E-01,7.18E-01,7.01E-01,7.07E-01,6.10E-01,7.03E-01,7.72E-01,7.21E-01,6.96E-01,7.49E-01,5.40E-01,5.40E-01,7.85E-01,6.61E-01,5.51E-01,6.77E-01,6.61E-01,6.91E-01,6.10E-01,6.22E-01,6.90E-01,6.84E-01,6.38E-01,6.18E-01,5.97E-01,5.25E-01,5.14E-01,5.46E-01,6.59E-01,6.87E-01,6.61E-01,6.44E-01,6.42E-01,6.82E-01,6.89E-01,6.95E-01,6.65E-01,6.91E-01,6.87E-01,7.23E-01,5.89E-01,6.17E-01,7.10E-01,6.66E-01,6.35E-01,7.20E-01,6.02E-01,6.90E-01,6.37E-01,7.27E-01,6.99E-01,6.02E-01,6.47E-01,5.85E-01,6.89E-01,6.62E-01,6.29E-01,7.70E-01,6.75E-01,6.76E-01,6.42E-01,5.81E-01,6.73E-01,6.34E-01,6.66E-01,7.20E-01,6.59E-01,6.95E-01,6.52E-01,5.25E-01,6.35E-01,6.58E-01,6.14E-01,6.64E-01,6.49E-01,6.85E-01,6.34E-01,6.42E-01,6.28E-01,5.73E-01,6.21E-01,7.24E-01,6.46E-01,7.05E-01,7.15E-01,6.63E-01,6.13E-01,6.83E-01,6.53E-01,7.19E-01,7.10E-01,6.22E-01,7.22E-01,5.94E-01,6.98E-01,7.58E-01,6.21E-01,5.62E-01,7.26E-01,7.22E-01,6.74E-01,7.96E-01,7.92E-01,7.94E-01,7.12E-01,7.10E-01,6.61E-01,6.67E-01,6.35E-01,7.10E-01,7.00E-01,7.79E-01,7.90E-01,7.14E-01,7.56E-01,7.25E-01,7.21E-01,6.02E-01,8.10E-01,5.50E-01,6.55E-01,7.50E-01,6.70E-01,6.85E-01,6.91E-01,6.91E-01,7.20E-01,6.74E-01,6.48E-01,6.57E-01,5.91E-01,6.89E-01,6.90E-01,6.12E-01,6.86E-01,7.31E-01,6.77E-01,6.59E-01,7.49E-01,6.19E-01,6.90E-01,7.07E-01,6.75E-01,6.47E-01,7.25E-01,7.08E-01,6.94E-01,6.95E-01,6.71E-01,6.86E-01,6.17E-01,6.59E-01,6.27E-01,6.94E-01,7.39E-01,6.82E-01,6.96E-01,7.72E-01
073_S_5090,3.92E-01,3.62E-01,5.49E-01,5.18E-01,5.64E-01,6.34E-01,6.36E-01,6.78E-01,6.06E-01,7.31E-01,6.53E-01,5.74E-01,6.37E-01,4.62E-01,5.61E-01,5.52E-01,4.84E-01,5.51E-01,6.16E-01,6.16E-01,6.79E-01,6.38E-01,6.91E-01,6.04E-01,6.45E-01,6.47E-01,6.19E-01,5.83E-01,6.37E-01,5.96E-01,6.81E-01,6.69E-01,5.34E-01,5.10E-01,6.53E-01,6.63E-01,5.30E-01,5.63E-01,7.10E-01,6.47E-01,8.00E-01,6.89E-01,6.59E-01,7.41E-01,6.95E-01,7.03E-01,5.92E-01,6.98E-01,7.82E-01,7.08E-01,7.01E-01,7.53E-01,5.56E-01,5.40E-01,7.83E-01,6.63E-01,5.53E-01,6.79E-01,6.64E-01,7.24E-01,5.84E-01,6.11E-01,6.76E-01,6.59E-01,5.98E-01,6.22E-01,5.87E-01,5.18E-01,5.06E-01,5.43E-01,6.41E-01,6.91E-01,6.62E-01,6.45E-01,6.26E-01,6.90E-01,6.85E-01,6.92E-01,6.57E-01,6.88E-01,6.75E-01,7.04E-01,6.02E-01,6.18E-01,6.91E-01,6.30E-01,6.27E-01,7.10E-01,5.91E-01,6.87E-01,6.19E-01,7.03E-01,6.82E-01,6.29E-01,6.35E-01,5.71E-01,7.05E-01,6.56E-01,6.08E-01,7.79E-01,6.77E-01,6.75E-01,6.29E-01,5.85E-01,6.67E-01,6.26E-01,6.60E-01,7.13E-01,6.51E-01,7.12E-01,6.52E-01,5.22E-01,6.43E-01,6.63E-01,6.09E-01,6.83E-01,5.96E-01,6.92E-01,5.98E-01,6.52E-01,5.95E-01,5.86E-01,6.28E-01,7.18E-01,6.31E-01,7.08E-01,7.16E-01,6.61E-01,5.99E-01,6.98E-01,6.54E-01,7.19E-01,7.09E-01,6.23E-01,7.51E-01,6.02E-01,6.87E-01,7.69E-01,6.10E-01,5.93E-01,7.07E-01,7.27E-01,6.67E-01,7.74E-01,7.88E-01,7.96E-01,7.02E-01,6.99E-01,6.73E-01,6.44E-01,6.32E-01,6.95E-01,6.83E-01,7.75E-01,7.80E-01,6.87E-01,7.51E-01,7.31E-01,7.21E-01,6.12E-01,8.16E-01,5.58E-01,6.63E-01,7.43E-01,6.52E-01,6.80E-01,6.96E-01,6.55E-01,7.15E-01,6.67E-01,6.48E-01,6.40E-01,5.66E-01,6.78E-01,6.81E-01,5.97E-01,6.76E-01,7.28E-01,6.39E-01,6.53E-01,7.30E-01,5.80E-01,6.81E-01,7.02E-01,6.68E-01,6.26E-01,7.03E-01,6.93E-01,6.83E-01,6.79E-01,7.04E-01,6.62E-01,6.12E-01,6.50E-01,6.42E-01,6.88E-01,7.31E-01,6.60E-01,6.80E-01,7.76E-01
082_S_5029,3.76E-01,3.42E-01,5.29E-01,4.99E-01,5.39E-01,6.22E-01,6.22E-01,6.63E-01,5.84E-01,6.76E-01,6.24E-01,5.51E-01,6.24E-01,4.59E-01,5.49E-01,5.55E-01,5.05E-01,5.86E-01,6.16E-01,5.84E-01,6.70E-01,6.11E-01,6.68E-01,5.93E-01,6.26E-01,6.39E-01,6.13E-01,5.70E-01,6.13E-01,5.67E-01,6.41E-01,6.47E-01,5.20E-01,4.99E-01,6.34E-01,6.69E-01,5.44E-01,5.28E-01,7.01E-01,6.42E-01,7.81E-01,6.62E-01,6.50E-01,7.22E-01,6.79E-01,7.02E-01,5.86E-01,6.62E-01,7.60E-01,6.78E-01,6.72E-01,7.35E-01,5.44E-01,5.42E-01,7.69E-01,6.43E-01,4.93E-01,6.78E-01,6.27E-01,6.95E-01,5.72E-01,5.96E-01,6.76E-01,6.22E-01,5.92E-01,6.03E-01,5.68E-01,5.34E-01,5.03E-01,5.35E-01,6.35E-01,6.83E-01,6.45E-01,6.31E-01,6.12E-01,6.42E-01,6.55E-01,6.78E-01,6.43E-01,6.52E-01,6.35E-01,6.84E-01,5.84E-01,6.07E-01,6.87E-01,6.35E-01,5.86E-01,6.87E-01,6.06E-01,6.59E-01,5.87E-01,6.89E-01,6.56E-01,5.69E-01,6.27E-01,5.69E-01,6.63E-01,6.07E-01,5.84E-01,7.39E-01,6.62E-01,6.51E-01,6.16E-01,5.72E-01,6.50E-01,5.99E-01,6.18E-01,6.94E-01,5.96E-01,6.38E-01,6.05E-01,4.99E-01,6.34E-01,6.47E-01,6.10E-01,6.62E-01,6.03E-01,6.94E-01,6.22E-01,6.61E-01,6.15E-01,5.83E-01,6.26E-01,7.01E-01,6.40E-01,6.67E-01,6.72E-01,6.44E-01,5.83E-01,6.26E-01,6.47E-01,6.96E-01,6.65E-01,6.38E-01,7.45E-01,5.91E-01,6.92E-01,7.54E-01,5.82E-01,6.27E-01,7.05E-01,7.26E-01,6.34E-01,7.78E-01,7.76E-01,7.78E-01,6.66E-01,6.84E-01,6.68E-01,6.41E-01,6.24E-01,6.68E-01,6.68E-01,7.58E-01,7.76E-01,6.56E-01,7.31E-01,7.00E-01,6.84E-01,6.29E-01,8.00E-01,5.42E-01,6.51E-01,7.33E-01,6.59E-01,6.88E-01,6.61E-01,6.95E-01,6.97E-01,6.51E-01,6.46E-01,6.41E-01,5.77E-01,6.90E-01,6.65E-01,5.84E-01,6.81E-01,6.97E-01,6.28E-01,6.46E-01,7.11E-01,5.29E-01,6.39E-01,6.92E-01,6.72E-01,5.92E-01,6.74E-01,6.69E-01,6.27E-01,6.71E-01,6.93E-01,6.44E-01,5.93E-01,6.28E-01,5.81E-01,6.41E-01,7.37E-01,6.56E-01,6.57E-01,7.49E-01
094_S_4089,4.10E-01,3.88E-01,5.74E-01,5.43E-01,5.77E-01,6.31E-01,6.30E-01,6.91E-01,6.13E-01,7.05E-01,6.56E-01,5.81E-01,6.55E-01,4.93E-01,5.57E-01,5.65E-01,5.14E-01,6.00E-01,5.83E-01,6.09E-01,6.97E-01,6.39E-01,6.86E-01,6.12E-01,6.71E-01,6.53E-01,6.31E-01,5.66E-01,6.34E-01,5.88E-01,6.61E-01,6.61E-01,5.48E-01,5.36E-01,6.47E-01,6.80E-01,5.40E-01,5.82E-01,6.89E-01,6.56E-01,8.00E-01,6.82E-01,6.60E-01,7.33E-01,6.88E-01,6.81E-01,6.11E-01,6.86E-01,7.77E-01,7.09E-01,6.97E-01,7.57E-01,5.69E-01,5.59E-01,7.84E-01,6.60E-01,5.58E-01,6.42E-01,6.60E-01,7.14E-01,5.67E-01,6.19E-01,6.80E-01,6.83E-01,5.90E-01,6.29E-01,6.05E-01,5.58E-01,5.16E-01,5.45E-01,6.66E-01,6.88E-01,6.26E-01,6.40E-01,6.51E-01,6.19E-01,6.55E-01,6.79E-01,6.29E-01,6.74E-01,6.55E-01,7.01E-01,5.82E-01,6.31E-01,6.85E-01,6.60E-01,5.82E-01,7.02E-01,5.47E-01,6.47E-01,5.73E-01,6.91E-01,6.65E-01,5.76E-01,6.40E-01,5.82E-01,6.81E-01,6.48E-01,6.03E-01,7.49E-01,6.60E-01,6.53E-01,6.09E-01,5.82E-01,6.54E-01,6.24E-01,6.27E-01,6.87E-01,5.95E-01,6.54E-01,5.80E-01,5.19E-01,6.38E-01,6.51E-01,5.87E-01,6.36E-01,5.70E-01,6.43E-01,5.86E-01,5.89E-01,5.90E-01,5.15E-01,5.80E-01,7.09E-01,6.34E-01,6.84E-01,7.06E-01,6.64E-01,5.82E-01,6.82E-01,6.45E-01,6.79E-01,6.88E-01,6.20E-01,7.14E-01,5.51E-01,6.83E-01,7.47E-01,5.77E-01,5.50E-01,7.01E-01,6.97E-01,6.62E-01,7.82E-01,7.98E-01,7.77E-01,6.79E-01,7.08E-01,6.20E-01,6.04E-01,6.22E-01,6.90E-01,6.62E-01,7.74E-01,7.85E-01,6.90E-01,7.62E-01,7.36E-01,7.03E-01,6.44E-01,8.12E-01,5.55E-01,6.56E-01,7.52E-01,6.70E-01,6.65E-01,6.67E-01,6.69E-01,7.18E-01,6.72E-01,6.61E-01,6.44E-01,5.55E-01,6.63E-01,6.79E-01,5.77E-01,6.81E-01,7.26E-01,6.39E-01,6.25E-01,7.02E-01,5.05E-01,6.65E-01,6.68E-01,6.11E-01,5.75E-01,7.08E-01,6.90E-01,6.71E-01,6.82E-01,7.13E-01,6.66E-01,6.31E-01,6.15E-01,5.81E-01,6.62E-01,7.44E-01,6.49E-01,6.57E-01,7.66E-01
094_S_4282,3.91E-01,3.62E-01,5.54E-01,5.26E-01,5.63E-01,6.23E-01,6.22E-01,6.74E-01,5.98E-01,6.79E-01,6.33E-01,5.69E-01,6.26E-01,4.59E-01,5.56E-01,5.42E-01,5.06E-01,5.83E-01,6.10E-01,5.91E-01,6.69E-01,6.20E-01,6.82E-01,5.95E-01,6.52E-01,6.55E-01,6.10E-01,5.81E-01,6.30E-01,5.66E-01,6.64E-01,6.53E-01,5.38E-01,5.20E-01,6.43E-01,6.75E-01,5.48E-01,5.53E-01,7.08E-01,6.52E-01,7.68E-01,6.67E-01,6.43E-01,7.04E-01,6.75E-01,6.89E-01,6.05E-01,6.67E-01,7.71E-01,7.18E-01,6.92E-01,7.53E-01,5.57E-01,5.41E-01,7.80E-01,6.56E-01,5.43E-01,6.54E-01,6.44E-01,7.04E-01,5.91E-01,6.14E-01,6.84E-01,6.63E-01,6.22E-01,6.18E-01,5.93E-01,5.67E-01,5.37E-01,5.43E-01,6.59E-01,6.93E-01,6.60E-01,6.39E-01,6.35E-01,6.78E-01,6.59E-01,6.76E-01,6.39E-01,6.90E-01,6.86E-01,6.94E-01,6.17E-01,6.20E-01,6.93E-01,6.52E-01,6.04E-01,6.93E-01,6.02E-01,6.83E-01,6.36E-01,6.98E-01,6.91E-01,6.01E-01,6.29E-01,6.06E-01,6.58E-01,6.33E-01,6.04E-01,7.46E-01,6.58E-01,6.51E-01,6.18E-01,5.59E-01,6.55E-01,6.13E-01,6.53E-01,7.07E-01,6.23E-01,6.26E-01,6.07E-01,5.38E-01,6.25E-01,6.45E-01,5.98E-01,6.50E-01,5.94E-01,6.74E-01,5.99E-01,6.61E-01,6.03E-01,5.70E-01,6.07E-01,6.99E-01,6.20E-01,6.82E-01,6.99E-01,6.48E-01,5.66E-01,6.66E-01,6.40E-01,6.68E-01,6.67E-01,6.28E-01,7.39E-01,5.79E-01,6.91E-01,7.54E-01,6.04E-01,5.81E-01,7.04E-01,7.22E-01,6.59E-01,7.81E-01,7.75E-01,7.83E-01,6.84E-01,6.81E-01,6.48E-01,6.68E-01,6.18E-01,6.98E-01,6.94E-01,7.67E-01,7.90E-01,6.99E-01,7.76E-01,7.28E-01,7.29E-01,6.26E-01,8.16E-01,5.52E-01,6.71E-01,7.30E-01,6.56E-01,6.78E-01,6.60E-01,6.79E-01,7.19E-01,6.43E-01,6.47E-01,6.28E-01,5.66E-01,6.67E-01,6.69E-01,6.01E-01,6.81E-01,7.14E-01,6.70E-01,6.54E-01,7.02E-01,5.79E-01,6.76E-01,6.79E-01,6.76E-01,6.02E-01,7.28E-01,6.83E-01,6.80E-01,6.65E-01,7.13E-01,6.65E-01,6.16E-01,6.10E-01,5.53E-01,6.43E-01,7.27E-01,6.59E-01,6.49E-01,7.45E-01
094_S_4737,3.64E-01,3.36E-01,5.19E-01,4.79E-01,5.23E-01,6.08E-01,6.00E-01,6.45E-01,5.72E-01,6.74E-01,6.16E-01,5.34E-01,6.15E-01,4.47E-01,5.31E-01,5.30E-01,4.89E-01,5.66E-01,5.72E-01,5.82E-01,6.64E-01,6.16E-01,6.62E-01,5.82E-01,6.28E-01,6.35E-01,6.10E-01,5.63E-01,6.27E-01,5.61E-01,6.54E-01,6.39E-01,5.13E-01,5.05E-01,6.36E-01,6.52E-01,5.32E-01,5.47E-01,6.93E-01,6.45E-01,7.75E-01,6.56E-01,6.42E-01,7.11E-01,6.58E-01,6.89E-01,6.03E-01,6.61E-01,7.60E-01,6.85E-01,6.80E-01,7.32E-01,5.21E-01,5.30E-01,7.60E-01,6.46E-01,5.39E-01,6.38E-01,6.41E-01,6.88E-01,5.68E-01,5.95E-01,6.49E-01,6.48E-01,5.91E-01,5.99E-01,5.93E-01,5.45E-01,5.09E-01,5.20E-01,6.43E-01,6.81E-01,6.58E-01,6.20E-01,6.05E-01,6.21E-01,6.50E-01,6.66E-01,6.35E-01,6.57E-01,6.50E-01,6.67E-01,5.96E-01,6.13E-01,6.87E-01,6.47E-01,6.05E-01,6.77E-01,5.83E-01,6.40E-01,6.03E-01,6.82E-01,6.76E-01,5.68E-01,6.16E-01,5.75E-01,6.53E-01,6.27E-01,6.01E-01,7.26E-01,6.50E-01,6.50E-01,5.97E-01,5.53E-01,6.53E-01,6.06E-01,6.21E-01,6.83E-01,5.91E-01,6.28E-01,5.84E-01,5.40E-01,6.05E-01,6.41E-01,6.02E-01,6.29E-01,5.57E-01,6.58E-01,6.12E-01,6.57E-01,5.68E-01,5.64E-01,6.10E-01,6.91E-01,6.26E-01,6.57E-01,6.75E-01,6.34E-01,5.60E-01,6.70E-01,6.54E-01,6.40E-01,6.88E-01,6.18E-01,7.24E-01,5.80E-01,6.89E-01,7.43E-01,6.06E-01,5.82E-01,6.95E-01,7.00E-01,6.63E-01,7.70E-01,7.80E-01,7.49E-01,6.56E-01,6.78E-01,6.46E-01,6.51E-01,5.89E-01,6.85E-01,6.73E-01,7.43E-01,7.74E-01,6.58E-01,7.48E-01,7.09E-01,6.85E-01,6.14E-01,8.01E-01,5.46E-01,6.45E-01,7.08E-01,6.14E-01,6.62E-01,6.75E-01,6.36E-01,7.29E-01,6.40E-01,6.48E-01,6.38E-01,5.54E-01,6.57E-01,6.18E-01,5.86E-01,6.48E-01,7.09E-01,6.36E-01,6.24E-01,6.91E-01,5.39E-01,6.60E-01,6.59E-01,6.20E-01,5.90E-01,6.92E-01,6.59E-01,6.53E-01,6.71E-01,6.95E-01,6.49E-01,6.06E-01,6.57E-01,5.33E-01,6.49E-01,7.26E-01,6.39E-01,6.29E-01,7.69E-01
098_S_0172,3.87E-01,3.58E-01,5.47E-01,5.19E-01,5.74E-01,6.37E-01,6.28E-01,6.85E-01,6.06E-01,7.20E-01,6.56E-01,5.85E-01,6.50E-01,5.13E-01,5.89E-01,5.88E-01,5.49E-01,6.19E-01,6.50E-01,6.22E-01,6.93E-01,6.52E-01,6.98E-01,6.17E-01,6.47E-01,6.54E-01,6.05E-01,5.94E-01,6.45E-01,5.87E-01,6.80E-01,6.77E-01,5.54E-01,5.28E-01,6.62E-01,7.04E-01,5.69E-01,5.92E-01,7.26E-01,6.78E-01,8.03E-01,6.94E-01,6.89E-01,7.41E-01,7.07E-01,7.20E-01,6.12E-01,7.04E-01,7.85E-01,7.16E-01,7.00E-01,7.66E-01,5.45E-01,5.53E-01,7.94E-01,6.73E-01,5.51E-01,7.04E-01,6.52E-01,7.11E-01,6.15E-01,6.27E-01,6.94E-01,6.62E-01,6.57E-01,6.31E-01,6.01E-01,5.64E-01,5.37E-01,5.42E-01,6.75E-01,7.06E-01,6.67E-01,6.55E-01,6.43E-01,6.82E-01,6.85E-01,6.96E-01,6.64E-01,6.93E-01,6.95E-01,7.23E-01,6.12E-01,6.22E-01,7.05E-01,6.60E-01,6.28E-01,7.20E-01,6.22E-01,6.90E-01,6.54E-01,7.19E-01,6.85E-01,6.08E-01,6.30E-01,5.97E-01,6.82E-01,6.41E-01,6.07E-01,7.42E-01,6.79E-01,6.74E-01,6.35E-01,6.01E-01,6.91E-01,6.54E-01,6.70E-01,7.15E-01,6.60E-01,6.96E-01,6.38E-01,5.65E-01,6.42E-01,6.65E-01,6.44E-01,6.69E-01,6.26E-01,6.97E-01,6.48E-01,6.67E-01,6.09E-01,5.88E-01,6.18E-01,7.21E-01,6.43E-01,7.03E-01,7.06E-01,6.67E-01,5.96E-01,6.68E-01,6.59E-01,6.99E-01,7.18E-01,6.53E-01,7.45E-01,6.11E-01,7.19E-01,7.75E-01,6.31E-01,6.20E-01,7.25E-01,7.21E-01,6.90E-01,8.05E-01,7.77E-01,7.94E-01,7.03E-01,6.99E-01,6.80E-01,6.58E-01,6.22E-01,7.09E-01,7.01E-01,7.73E-01,7.98E-01,6.99E-01,7.69E-01,7.21E-01,7.16E-01,6.29E-01,8.06E-01,5.45E-01,6.38E-01,7.52E-01,7.12E-01,6.94E-01,7.01E-01,7.00E-01,7.23E-01,6.72E-01,6.55E-01,6.56E-01,6.00E-01,6.81E-01,6.82E-01,6.22E-01,6.86E-01,7.27E-01,6.54E-01,6.69E-01,7.21E-01,5.87E-01,6.79E-01,7.10E-01,6.65E-01,6.28E-01,7.17E-01,6.95E-01,6.92E-01,6.96E-01,6.85E-01,6.83E-01,6.18E-01,6.51E-01,6.18E-01,6.78E-01,7.30E-01,6.68E-01,6.69E-01,7.71E-01
098_S_0896,3.77E-01,3.49E-01,5.46E-01,5.15E-01,5.49E-01,6.22E-01,6.15E-01,6.64E-01,5.93E-01,6.89E-01,6.31E-01,5.50E-01,6.20E-01,4.74E-01,5.38E-01,5.57E-01,5.00E-01,5.92E-01,6.24E-01,5.98E-01,6.81E-01,6.18E-01,6.77E-01,6.00E-01,6.41E-01,6.41E-01,6.02E-01,5.57E-01,6.11E-01,5.83E-01,6.64E-01,6.41E-01,5.34E-01,4.78E-01,6.39E-01,6.95E-01,5.43E-01,5.57E-01,7.03E-01,6.27E-01,7.83E-01,6.66E-01,6.69E-01,7.23E-01,6.71E-01,6.97E-01,5.99E-01,6.93E-01,7.66E-01,6.99E-01,6.90E-01,7.55E-01,5.38E-01,5.36E-01,7.81E-01,6.42E-01,5.16E-01,6.74E-01,6.40E-01,6.98E-01,6.09E-01,6.24E-01,6.77E-01,6.82E-01,6.12E-01,6.04E-01,5.85E-01,5.52E-01,5.11E-01,5.24E-01,6.54E-01,6.96E-01,6.50E-01,6.34E-01,6.23E-01,6.61E-01,6.50E-01,6.81E-01,6.25E-01,6.63E-01,6.62E-01,7.03E-01,5.96E-01,6.27E-01,6.83E-01,6.39E-01,6.19E-01,7.05E-01,5.97E-01,6.68E-01,6.23E-01,6.84E-01,6.57E-01,5.82E-01,6.27E-01,5.96E-01,6.53E-01,6.18E-01,5.81E-01,7.48E-01,6.65E-01,6.62E-01,6.27E-01,5.86E-01,6.82E-01,6.33E-01,6.47E-01,7.01E-01,6.15E-01,6.43E-01,6.19E-01,5.37E-01,5.80E-01,6.39E-01,6.01E-01,6.39E-01,5.84E-01,6.79E-01,6.00E-01,6.34E-01,6.02E-01,5.78E-01,5.92E-01,7.00E-01,6.23E-01,6.82E-01,6.92E-01,6.60E-01,5.96E-01,6.73E-01,6.38E-01,6.81E-01,7.07E-01,6.18E-01,7.22E-01,5.81E-01,6.74E-01,7.65E-01,5.98E-01,6.24E-01,7.21E-01,7.07E-01,6.63E-01,7.71E-01,7.82E-01,7.66E-01,6.58E-01,6.73E-01,6.45E-01,6.59E-01,6.11E-01,6.89E-01,6.74E-01,7.42E-01,7.92E-01,6.82E-01,7.49E-01,7.14E-01,6.75E-01,6.48E-01,8.00E-01,5.25E-01,6.24E-01,7.34E-01,6.74E-01,6.80E-01,6.60E-01,6.85E-01,6.77E-01,6.53E-01,6.41E-01,6.54E-01,5.73E-01,6.67E-01,6.33E-01,5.97E-01,6.66E-01,7.41E-01,6.37E-01,6.60E-01,7.05E-01,5.57E-01,6.63E-01,6.83E-01,6.58E-01,5.83E-01,6.79E-01,6.81E-01,6.72E-01,6.67E-01,6.67E-01,6.59E-01,6.30E-01,6.49E-01,5.38E-01,6.71E-01,7.23E-01,6.47E-01,6.55E-01,7.31E-01
098_S_4003,3.70E-01,3.41E-01,5.36E-01,5.03E-01,5.52E-01,6.26E-01,6.28E-01,6.77E-01,5.93E-01,7.07E-01,6.36E-01,5.59E-01,6.22E-01,4.49E-01,5.48E-01,5.45E-01,4.88E-01,5.75E-01,5.91E-01,5.87E-01,6.78E-01,6.41E-01,6.79E-01,6.13E-01,6.41E-01,6.46E-01,6.20E-01,5.68E-01,6.42E-01,5.76E-01,6.62E-01,6.73E-01,5.09E-01,5.05E-01,6.42E-01,6.66E-01,5.52E-01,5.35E-01,7.10E-01,6.64E-01,8.01E-01,6.78E-01,6.55E-01,7.27E-01,6.83E-01,7.02E-01,6.11E-01,6.83E-01,7.63E-01,6.92E-01,6.95E-01,7.53E-01,5.43E-01,5.46E-01,7.74E-01,6.54E-01,5.38E-01,6.72E-01,6.34E-01,6.99E-01,5.84E-01,6.09E-01,6.78E-01,6.72E-01,6.04E-01,6.11E-01,5.96E-01,5.28E-01,5.24E-01,5.40E-01,6.35E-01,6.92E-01,6.65E-01,6.36E-01,6.26E-01,6.57E-01,6.79E-01,6.78E-01,6.51E-01,6.80E-01,6.74E-01,6.94E-01,6.01E-01,6.18E-01,7.03E-01,6.62E-01,6.20E-01,6.97E-01,5.79E-01,6.63E-01,6.18E-01,7.13E-01,6.73E-01,5.79E-01,6.31E-01,6.11E-01,6.85E-01,6.77E-01,6.22E-01,7.66E-01,6.84E-01,6.64E-01,6.27E-01,5.82E-01,6.57E-01,6.29E-01,6.55E-01,7.11E-01,6.44E-01,6.74E-01,6.21E-01,5.29E-01,6.20E-01,6.55E-01,6.19E-01,6.69E-01,5.89E-01,6.67E-01,5.88E-01,6.43E-01,5.89E-01,5.79E-01,5.76E-01,7.08E-01,6.33E-01,6.78E-01,6.93E-01,6.35E-01,5.85E-01,6.62E-01,6.47E-01,6.97E-01,6.82E-01,6.26E-01,7.41E-01,5.98E-01,6.89E-01,7.54E-01,6.16E-01,5.82E-01,7.00E-01,7.14E-01,6.57E-01,7.85E-01,7.72E-01,7.73E-01,6.74E-01,6.93E-01,6.60E-01,6.38E-01,6.04E-01,6.81E-01,6.67E-01,7.54E-01,7.69E-01,6.87E-01,7.52E-01,7.24E-01,6.99E-01,5.96E-01,8.04E-01,5.47E-01,6.59E-01,7.50E-01,6.42E-01,6.52E-01,6.76E-01,6.64E-01,6.90E-01,6.57E-01,6.40E-01,6.34E-01,5.55E-01,6.69E-01,6.80E-01,5.81E-01,6.61E-01,7.06E-01,6.52E-01,6.47E-01,7.11E-01,5.68E-01,6.80E-01,6.76E-01,6.01E-01,6.24E-01,7.09E-01,6.90E-01,6.73E-01,6.73E-01,6.89E-01,6.33E-01,6.05E-01,6.30E-01,6.14E-01,6.99E-01,7.28E-01,6.72E-01,6.41E-01,7.84E-01
098_S_4018,3.88E-01,3.59E-01,5.64E-01,5.32E-01,5.59E-01,6.24E-01,6.38E-01,6.82E-01,5.97E-01,7.14E-01,6.38E-01,5.78E-01,6.19E-01,4.56E-01,5.49E-01,5.49E-01,4.90E-01,5.34E-01,6.12E-01,5.99E-01,6.72E-01,6.36E-01,6.80E-01,6.07E-01,6.51E-01,6.45E-01,6.27E-01,5.68E-01,6.59E-01,5.88E-01,6.71E-01,6.50E-01,5.39E-01,5.00E-01,6.24E-01,6.66E-01,5.57E-01,5.65E-01,6.68E-01,6.48E-01,7.96E-01,6.70E-01,6.23E-01,7.13E-01,6.57E-01,6.99E-01,6.09E-01,6.60E-01,7.78E-01,6.91E-01,6.99E-01,7.54E-01,5.60E-01,5.55E-01,7.81E-01,6.48E-01,5.53E-01,6.60E-01,6.28E-01,6.98E-01,5.66E-01,5.92E-01,6.47E-01,6.70E-01,6.04E-01,6.13E-01,5.88E-01,5.37E-01,4.96E-01,5.32E-01,6.29E-01,7.00E-01,6.58E-01,6.39E-01,6.32E-01,6.28E-01,6.81E-01,6.84E-01,6.46E-01,6.64E-01,6.63E-01,6.81E-01,5.99E-01,6.25E-01,6.90E-01,6.61E-01,6.14E-01,6.78E-01,5.52E-01,6.32E-01,5.88E-01,7.10E-01,6.68E-01,5.95E-01,6.34E-01,6.12E-01,6.95E-01,6.61E-01,6.41E-01,7.52E-01,6.88E-01,6.78E-01,6.50E-01,5.89E-01,6.62E-01,6.37E-01,6.73E-01,7.20E-01,6.56E-01,6.82E-01,6.41E-01,5.40E-01,5.95E-01,6.29E-01,5.90E-01,6.26E-01,5.87E-01,6.41E-01,5.76E-01,5.87E-01,5.93E-01,5.40E-01,5.75E-01,6.97E-01,6.26E-01,6.83E-01,6.98E-01,6.53E-01,5.82E-01,6.48E-01,6.66E-01,7.08E-01,6.44E-01,6.21E-01,7.30E-01,5.84E-01,6.64E-01,7.39E-01,6.01E-01,6.00E-01,6.74E-01,7.03E-01,6.53E-01,7.65E-01,7.76E-01,7.61E-01,6.71E-01,6.78E-01,6.51E-01,6.05E-01,5.92E-01,6.59E-01,6.30E-01,7.44E-01,7.83E-01,6.84E-01,7.43E-01,7.04E-01,6.86E-01,6.19E-01,8.07E-01,5.64E-01,6.49E-01,7.60E-01,6.53E-01,6.62E-01,6.25E-01,6.50E-01,6.88E-01,6.59E-01,6.47E-01,6.50E-01,5.35E-01,6.72E-01,6.52E-01,5.52E-01,6.58E-01,6.92E-01,6.30E-01,6.34E-01,7.15E-01,5.75E-01,6.76E-01,6.94E-01,6.22E-01,6.30E-01,6.99E-01,6.81E-01,6.39E-01,6.62E-01,6.63E-01,6.22E-01,6.25E-01,6.40E-01,6.31E-01,6.98E-01,7.24E-01,6.84E-01,6.80E-01,7.69E-01
098_S_4050,3.91E-01,3.58E-01,5.61E-01,5.21E-01,5.61E-01,6.35E-01,6.30E-01,6.73E-01,5.97E-01,7.16E-01,6.41E-01,5.80E-01,6.26E-01,4.43E-01,5.54E-01,5.42E-01,5.16E-01,5.75E-01,6.20E-01,5.81E-01,6.82E-01,6.32E-01,6.85E-01,6.09E-01,6.53E-01,6.51E-01,5.96E-01,5.71E-01,6.39E-01,5.87E-01,6.78E-01,6.60E-01,5.31E-01,4.79E-01,6.40E-01,6.67E-01,5.40E-01,5.38E-01,7.07E-01,6.56E-01,7.96E-01,6.77E-01,6.58E-01,7.33E-01,6.80E-01,7.10E-01,5.84E-01,6.80E-01,7.65E-01,6.93E-01,6.84E-01,7.39E-01,5.55E-01,5.49E-01,7.72E-01,6.52E-01,5.46E-01,6.64E-01,6.42E-01,6.95E-01,5.84E-01,6.27E-01,6.71E-01,6.51E-01,6.13E-01,6.17E-01,5.92E-01,5.17E-01,4.94E-01,5.30E-01,6.45E-01,6.94E-01,6.60E-01,6.41E-01,6.22E-01,6.50E-01,6.79E-01,6.83E-01,6.42E-01,6.65E-01,6.70E-01,6.95E-01,5.88E-01,6.21E-01,6.77E-01,6.53E-01,6.14E-01,7.04E-01,5.98E-01,6.62E-01,6.14E-01,6.91E-01,6.86E-01,5.95E-01,6.22E-01,6.18E-01,7.00E-01,6.55E-01,6.14E-01,7.52E-01,7.02E-01,6.76E-01,6.47E-01,5.94E-01,6.48E-01,6.27E-01,6.66E-01,7.05E-01,6.39E-01,6.74E-01,6.08E-01,5.24E-01,6.15E-01,6.47E-01,6.01E-01,6.52E-01,6.07E-01,6.89E-01,5.93E-01,6.31E-01,5.91E-01,5.84E-01,6.40E-01,7.06E-01,6.17E-01,6.74E-01,7.00E-01,6.40E-01,5.80E-01,6.47E-01,6.47E-01,6.72E-01,7.10E-01,6.25E-01,7.28E-01,5.97E-01,6.96E-01,7.47E-01,6.21E-01,5.87E-01,7.07E-01,6.97E-01,6.28E-01,7.71E-01,7.83E-01,7.55E-01,6.84E-01,6.82E-01,6.47E-01,6.43E-01,5.95E-01,6.81E-01,6.67E-01,7.58E-01,7.90E-01,6.74E-01,7.41E-01,6.86E-01,6.73E-01,6.07E-01,7.87E-01,5.69E-01,6.58E-01,7.38E-01,6.79E-01,6.88E-01,6.65E-01,6.49E-01,7.13E-01,6.58E-01,6.48E-01,6.18E-01,5.22E-01,6.88E-01,6.57E-01,5.57E-01,6.57E-01,7.19E-01,6.30E-01,6.48E-01,7.06E-01,5.65E-01,6.77E-01,6.91E-01,6.64E-01,6.09E-01,6.85E-01,6.70E-01,6.71E-01,6.49E-01,6.60E-01,6.49E-01,6.18E-01,6.42E-01,6.13E-01,6.53E-01,7.19E-01,6.58E-01,6.58E-01,7.59E-01
098_S_4201,3.84E-01,3.59E-01,5.53E-01,5.26E-01,5.67E-01,6.33E-01,6.32E-01,6.78E-01,6.08E-01,7.09E-01,6.43E-01,5.87E-01,6.22E-01,4.66E-01,5.62E-01,5.34E-01,4.99E-01,5.68E-01,6.00E-01,5.91E-01,6.88E-01,6.38E-01,6.79E-01,6.08E-01,6.40E-01,6.34E-01,6.15E-01,5.66E-01,6.40E-01,5.84E-01,6.68E-01,6.49E-01,5.43E-01,4.99E-01,6.41E-01,6.45E-01,5.62E-01,5.54E-01,6.98E-01,6.54E-01,7.98E-01,6.78E-01,6.59E-01,7.09E-01,6.76E-01,7.00E-01,6.08E-01,6.41E-01,7.69E-01,6.98E-01,6.87E-01,7.40E-01,5.62E-01,5.54E-01,7.78E-01,6.50E-01,5.50E-01,6.75E-01,6.25E-01,7.00E-01,5.73E-01,6.10E-01,6.70E-01,6.70E-01,6.17E-01,6.10E-01,5.96E-01,5.62E-01,5.24E-01,5.19E-01,6.30E-01,6.92E-01,6.55E-01,6.32E-01,6.31E-01,6.41E-01,6.64E-01,6.85E-01,6.39E-01,6.69E-01,6.52E-01,6.85E-01,5.87E-01,6.16E-01,6.72E-01,6.74E-01,6.04E-01,6.89E-01,5.94E-01,6.53E-01,5.98E-01,6.84E-01,6.60E-01,5.81E-01,6.18E-01,6.08E-01,6.84E-01,6.56E-01,6.21E-01,7.52E-01,6.73E-01,6.69E-01,6.29E-01,5.61E-01,6.72E-01,5.97E-01,6.54E-01,7.08E-01,6.14E-01,6.91E-01,6.06E-01,5.49E-01,6.07E-01,6.57E-01,5.96E-01,6.52E-01,5.84E-01,6.56E-01,5.78E-01,6.17E-01,5.65E-01,5.61E-01,5.77E-01,6.84E-01,6.18E-01,6.67E-01,6.90E-01,6.35E-01,5.72E-01,6.60E-01,6.55E-01,6.79E-01,6.66E-01,6.23E-01,7.20E-01,5.28E-01,6.91E-01,7.43E-01,5.94E-01,5.77E-01,6.79E-01,6.91E-01,6.51E-01,7.67E-01,7.74E-01,7.64E-01,6.71E-01,6.86E-01,6.55E-01,6.21E-01,5.94E-01,6.55E-01,6.39E-01,7.52E-01,7.73E-01,6.69E-01,7.46E-01,7.05E-01,6.93E-01,6.03E-01,7.98E-01,5.39E-01,6.58E-01,7.39E-01,6.87E-01,6.63E-01,5.77E-01,6.66E-01,7.15E-01,6.45E-01,6.32E-01,6.31E-01,5.26E-01,6.85E-01,6.22E-01,5.08E-01,6.39E-01,7.01E-01,6.15E-01,6.45E-01,7.15E-01,5.39E-01,6.57E-01,6.70E-01,6.57E-01,6.00E-01,6.94E-01,6.78E-01,6.55E-01,6.60E-01,6.82E-01,6.24E-01,5.97E-01,6.29E-01,6.17E-01,6.56E-01,7.18E-01,6.55E-01,6.45E-01,7.63E-01
098_S_4215,3.78E-01,3.46E-01,5.52E-01,5.13E-01,5.62E-01,6.15E-01,6.16E-01,6.60E-01,5.85E-01,6.88E-01,6.25E-01,5.76E-01,6.01E-01,4.38E-01,5.31E-01,5.15E-01,4.80E-01,5.59E-01,5.97E-01,5.92E-01,6.61E-01,6.20E-01,6.68E-01,5.86E-01,6.22E-01,6.27E-01,6.05E-01,5.59E-01,6.32E-01,5.70E-01,6.47E-01,6.50E-01,5.23E-01,5.09E-01,6.31E-01,6.53E-01,5.74E-01,5.42E-01,6.94E-01,6.37E-01,7.73E-01,6.66E-01,6.41E-01,7.11E-01,6.50E-01,6.85E-01,5.93E-01,6.68E-01,7.56E-01,6.77E-01,6.80E-01,7.41E-01,5.39E-01,5.44E-01,7.73E-01,6.42E-01,5.29E-01,6.58E-01,6.59E-01,6.89E-01,5.35E-01,5.94E-01,6.64E-01,6.38E-01,5.96E-01,5.93E-01,5.85E-01,5.23E-01,4.87E-01,5.32E-01,6.29E-01,6.91E-01,6.54E-01,6.24E-01,6.30E-01,6.42E-01,6.57E-01,6.71E-01,6.41E-01,6.62E-01,6.59E-01,6.65E-01,5.76E-01,6.14E-01,6.77E-01,6.45E-01,5.91E-01,6.75E-01,5.91E-01,6.47E-01,6.24E-01,6.93E-01,6.48E-01,5.73E-01,6.04E-01,6.20E-01,6.96E-01,6.49E-01,6.04E-01,7.43E-01,6.81E-01,6.59E-01,6.39E-01,5.84E-01,6.48E-01,6.20E-01,6.58E-01,7.02E-01,6.06E-01,6.42E-01,6.01E-01,5.43E-01,5.79E-01,6.20E-01,5.99E-01,6.31E-01,5.63E-01,6.65E-01,6.09E-01,6.41E-01,5.93E-01,5.63E-01,6.05E-01,6.82E-01,6.17E-01,6.68E-01,6.85E-01,6.32E-01,5.46E-01,6.68E-01,6.32E-01,6.93E-01,6.66E-01,6.17E-01,7.31E-01,5.98E-01,6.79E-01,7.16E-01,6.01E-01,5.59E-01,6.80E-01,6.82E-01,6.07E-01,7.60E-01,7.71E-01,7.58E-01,6.59E-01,6.76E-01,6.49E-01,6.41E-01,6.07E-01,6.86E-01,6.62E-01,7.47E-01,7.57E-01,6.55E-01,7.32E-01,6.93E-01,6.78E-01,5.82E-01,7.88E-01,5.48E-01,6.38E-01,7.28E-01,6.85E-01,6.93E-01,6.68E-01,6.33E-01,6.88E-01,6.37E-01,6.35E-01,6.16E-01,5.56E-01,6.75E-01,6.60E-01,5.54E-01,6.34E-01,7.03E-01,6.26E-01,6.41E-01,7.01E-01,5.63E-01,6.62E-01,6.63E-01,6.51E-01,5.91E-01,6.78E-01,6.58E-01,6.51E-01,6.55E-01,6.75E-01,6.59E-01,5.92E-01,6.12E-01,5.91E-01,6.87E-01,7.02E-01,6.16E-01,6.56E-01,7.55E-01
098_S_4275,3.83E-01,3.50E-01,5.57E-01,5.39E-01,5.78E-01,6.37E-01,6.32E-01,6.78E-01,5.94E-01,7.05E-01,6.42E-01,6.06E-01,6.24E-01,4.52E-01,5.47E-01,5.49E-01,5.09E-01,5.91E-01,6.14E-01,5.95E-01,6.84E-01,6.30E-01,6.75E-01,5.94E-01,6.43E-01,6.42E-01,6.21E-01,5.73E-01,6.46E-01,5.72E-01,6.70E-01,6.79E-01,5.37E-01,5.02E-01,6.37E-01,6.75E-01,5.47E-01,5.54E-01,7.08E-01,6.42E-01,7.89E-01,6.74E-01,6.38E-01,7.09E-01,6.78E-01,6.96E-01,5.95E-01,6.57E-01,7.63E-01,6.90E-01,6.87E-01,7.43E-01,5.43E-01,5.49E-01,7.69E-01,6.39E-01,5.43E-01,6.93E-01,6.60E-01,7.02E-01,6.08E-01,6.03E-01,6.69E-01,6.28E-01,6.04E-01,6.16E-01,5.96E-01,5.52E-01,5.04E-01,5.25E-01,6.42E-01,7.09E-01,6.74E-01,6.43E-01,6.35E-01,6.68E-01,6.80E-01,6.87E-01,6.59E-01,6.60E-01,6.63E-01,6.93E-01,5.97E-01,6.28E-01,6.99E-01,6.58E-01,6.45E-01,6.95E-01,5.92E-01,6.60E-01,6.14E-01,6.87E-01,6.68E-01,5.85E-01,6.38E-01,6.30E-01,6.82E-01,6.73E-01,6.26E-01,7.40E-01,6.81E-01,6.56E-01,6.67E-01,5.95E-01,6.46E-01,6.44E-01,6.88E-01,7.15E-01,6.68E-01,6.61E-01,6.49E-01,5.52E-01,6.17E-01,6.46E-01,6.23E-01,6.49E-01,5.98E-01,6.96E-01,6.32E-01,6.65E-01,6.12E-01,6.07E-01,6.07E-01,6.99E-01,6.19E-01,6.84E-01,6.89E-01,6.00E-01,5.65E-01,6.49E-01,6.55E-01,7.09E-01,6.83E-01,6.29E-01,7.44E-01,5.87E-01,7.18E-01,7.59E-01,6.25E-01,5.83E-01,7.01E-01,7.02E-01,6.15E-01,7.83E-01,7.64E-01,7.85E-01,6.83E-01,6.88E-01,6.55E-01,6.65E-01,6.04E-01,6.82E-01,6.74E-01,7.46E-01,7.73E-01,6.77E-01,7.42E-01,7.08E-01,6.80E-01,5.85E-01,7.84E-01,5.40E-01,6.63E-01,7.46E-01,6.54E-01,6.66E-01,6.84E-01,6.45E-01,6.83E-01,6.68E-01,6.45E-01,6.41E-01,5.50E-01,6.82E-01,6.67E-01,5.80E-01,6.59E-01,7.14E-01,6.54E-01,6.70E-01,7.23E-01,5.87E-01,6.80E-01,6.85E-01,6.68E-01,6.44E-01,6.93E-01,6.96E-01,6.70E-01,6.79E-01,6.84E-01,6.56E-01,6.05E-01,6.37E-01,6.07E-01,6.88E-01,7.15E-01,6.47E-01,6.65E-01,7.50E-01
099_S_0352,3.76E-01,3.43E-01,5.31E-01,5.11E-01,5.37E-01,6.10E-01,6.14E-01,6.56E-01,5.86E-01,6.65E-01,6.18E-01,5.50E-01,6.16E-01,4.34E-01,5.28E-01,5.47E-01,4.79E-01,5.51E-01,5.83E-01,5.77E-01,6.59E-01,6.14E-01,6.57E-01,5.73E-01,6.27E-01,6.25E-01,6.09E-01,5.76E-01,6.28E-01,5.72E-01,6.56E-01,6.45E-01,4.81E-01,5.09E-01,6.16E-01,6.58E-01,5.36E-01,5.18E-01,7.02E-01,6.26E-01,7.75E-01,6.52E-01,6.32E-01,7.14E-01,6.80E-01,6.76E-01,5.93E-01,6.90E-01,7.57E-01,6.80E-01,6.88E-01,7.60E-01,5.53E-01,5.30E-01,7.89E-01,6.32E-01,5.34E-01,6.67E-01,5.94E-01,7.01E-01,5.67E-01,5.86E-01,6.62E-01,6.69E-01,6.21E-01,5.93E-01,5.84E-01,5.24E-01,5.32E-01,5.28E-01,6.39E-01,6.72E-01,6.34E-01,6.16E-01,5.98E-01,6.35E-01,6.43E-01,6.65E-01,6.30E-01,6.59E-01,6.63E-01,6.49E-01,5.96E-01,6.26E-01,6.72E-01,6.37E-01,6.20E-01,6.85E-01,5.95E-01,6.57E-01,6.42E-01,6.86E-01,6.79E-01,6.23E-01,6.18E-01,5.82E-01,6.51E-01,6.26E-01,5.90E-01,7.30E-01,6.62E-01,6.56E-01,6.29E-01,5.81E-01,6.49E-01,6.14E-01,6.28E-01,7.04E-01,5.99E-01,6.32E-01,5.85E-01,5.29E-01,5.99E-01,6.45E-01,6.07E-01,6.27E-01,5.88E-01,6.63E-01,6.09E-01,6.20E-01,5.89E-01,5.68E-01,6.22E-01,6.89E-01,6.14E-01,6.58E-01,6.86E-01,6.34E-01,5.82E-01,6.52E-01,6.50E-01,6.92E-01,6.90E-01,6.20E-01,7.33E-01,5.86E-01,6.78E-01,7.52E-01,6.12E-01,5.73E-01,7.06E-01,6.96E-01,6.39E-01,7.62E-01,7.59E-01,7.65E-01,6.75E-01,6.86E-01,6.46E-01,6.66E-01,6.20E-01,6.81E-01,6.83E-01,7.39E-01,7.67E-01,6.67E-01,7.45E-01,7.07E-01,6.94E-01,5.77E-01,8.25E-01,5.55E-01,6.33E-01,7.22E-01,6.22E-01,6.74E-01,6.71E-01,6.51E-01,6.69E-01,6.24E-01,6.40E-01,6.37E-01,5.47E-01,6.70E-01,6.65E-01,5.67E-01,6.57E-01,7.04E-01,6.57E-01,6.38E-01,6.95E-01,5.25E-01,6.51E-01,6.68E-01,6.60E-01,5.74E-01,6.65E-01,6.54E-01,6.68E-01,6.59E-01,7.05E-01,6.75E-01,5.90E-01,6.38E-01,5.51E-01,6.51E-01,7.11E-01,6.41E-01,6.55E-01,7.66E-01
099_S_0470,3.96E-01,3.55E-01,5.56E-01,5.25E-01,5.59E-01,6.41E-01,6.28E-01,6.78E-01,6.02E-01,7.08E-01,6.47E-01,5.78E-01,6.33E-01,4.63E-01,5.56E-01,5.65E-01,5.19E-01,5.82E-01,6.09E-01,6.18E-01,6.89E-01,6.25E-01,6.91E-01,6.12E-01,6.49E-01,6.58E-01,6.13E-01,5.79E-01,6.37E-01,5.90E-01,6.84E-01,6.72E-01,5.42E-01,5.09E-01,6.51E-01,6.91E-01,5.66E-01,5.62E-01,7.07E-01,6.52E-01,7.99E-01,6.89E-01,6.54E-01,7.27E-01,6.85E-01,7.03E-01,6.10E-01,7.11E-01,7.81E-01,7.10E-01,6.90E-01,7.55E-01,5.39E-01,5.47E-01,7.87E-01,6.53E-01,5.40E-01,6.77E-01,6.69E-01,7.13E-01,5.97E-01,6.28E-01,6.71E-01,6.94E-01,6.52E-01,6.27E-01,5.89E-01,5.39E-01,5.39E-01,5.46E-01,6.64E-01,7.05E-01,6.69E-01,6.49E-01,6.42E-01,6.70E-01,6.74E-01,6.91E-01,6.55E-01,6.55E-01,6.93E-01,7.11E-01,5.93E-01,6.22E-01,7.10E-01,6.37E-01,6.42E-01,7.21E-01,6.18E-01,6.79E-01,6.34E-01,6.95E-01,6.84E-01,5.96E-01,6.21E-01,5.98E-01,6.73E-01,6.29E-01,6.01E-01,7.50E-01,6.75E-01,6.71E-01,6.46E-01,6.01E-01,6.73E-01,6.51E-01,6.55E-01,7.15E-01,6.29E-01,6.73E-01,6.07E-01,5.69E-01,6.22E-01,6.80E-01,6.01E-01,6.66E-01,5.88E-01,6.87E-01,6.13E-01,6.31E-01,6.07E-01,5.77E-01,5.82E-01,7.01E-01,6.26E-01,6.99E-01,7.11E-01,6.58E-01,5.92E-01,6.73E-01,6.51E-01,7.14E-01,7.07E-01,6.51E-01,7.62E-01,5.99E-01,6.95E-01,7.64E-01,6.19E-01,5.85E-01,7.63E-01,7.28E-01,6.45E-01,7.91E-01,7.88E-01,7.98E-01,6.83E-01,6.90E-01,6.50E-01,6.53E-01,6.24E-01,7.20E-01,6.93E-01,7.73E-01,7.91E-01,6.95E-01,7.59E-01,7.16E-01,6.88E-01,6.13E-01,8.14E-01,5.48E-01,6.32E-01,7.19E-01,6.95E-01,6.95E-01,6.91E-01,6.62E-01,7.29E-01,6.78E-01,6.60E-01,6.40E-01,5.55E-01,6.91E-01,7.04E-01,5.97E-01,6.79E-01,7.39E-01,6.59E-01,6.66E-01,7.28E-01,5.35E-01,6.70E-01,7.17E-01,6.70E-01,6.16E-01,7.06E-01,6.86E-01,6.94E-01,6.89E-01,7.00E-01,6.75E-01,6.30E-01,6.56E-01,5.99E-01,6.44E-01,7.34E-01,6.46E-01,6.72E-01,7.89E-01
099_S_0492,3.61E-01,3.33E-01,5.28E-01,4.99E-01,5.38E-01,6.14E-01,6.00E-01,6.48E-01,5.71E-01,6.61E-01,6.19E-01,5.48E-01,6.12E-01,4.46E-01,5.32E-01,5.34E-01,4.93E-01,5.70E-01,6.13E-01,5.73E-01,6.58E-01,6.02E-01,6.57E-01,5.92E-01,6.21E-01,6.26E-01,5.83E-01,5.46E-01,6.17E-01,5.62E-01,6.48E-01,6.44E-01,5.23E-01,5.17E-01,6.18E-01,6.42E-01,5.50E-01,5.33E-01,6.98E-01,6.31E-01,7.40E-01,6.47E-01,6.17E-01,7.05E-01,6.69E-01,6.91E-01,5.79E-01,6.82E-01,7.27E-01,6.78E-01,6.72E-01,7.24E-01,5.12E-01,5.22E-01,7.75E-01,6.26E-01,5.33E-01,6.51E-01,6.43E-01,6.88E-01,5.88E-01,5.87E-01,6.42E-01,6.25E-01,6.14E-01,5.79E-01,5.55E-01,5.27E-01,5.10E-01,5.18E-01,6.31E-01,6.77E-01,6.50E-01,6.23E-01,6.14E-01,6.36E-01,6.54E-01,6.74E-01,6.33E-01,6.50E-01,6.65E-01,6.71E-01,5.79E-01,5.90E-01,6.53E-01,6.34E-01,6.10E-01,6.99E-01,5.91E-01,6.64E-01,6.15E-01,6.59E-01,6.60E-01,5.94E-01,5.97E-01,5.77E-01,6.59E-01,6.02E-01,5.87E-01,7.48E-01,6.58E-01,6.56E-01,6.33E-01,5.83E-01,6.80E-01,6.25E-01,6.48E-01,6.98E-01,6.36E-01,6.45E-01,6.29E-01,5.58E-01,5.87E-01,6.39E-01,6.18E-01,6.43E-01,6.13E-01,6.81E-01,5.91E-01,7.00E-01,6.06E-01,6.07E-01,6.25E-01,6.85E-01,6.09E-01,6.61E-01,6.90E-01,6.52E-01,5.60E-01,6.46E-01,6.38E-01,6.87E-01,6.98E-01,6.31E-01,7.39E-01,6.00E-01,6.82E-01,7.45E-01,6.28E-01,6.13E-01,7.04E-01,6.85E-01,6.30E-01,7.42E-01,7.53E-01,7.77E-01,6.78E-01,6.84E-01,6.66E-01,6.87E-01,5.95E-01,6.84E-01,6.83E-01,7.57E-01,7.42E-01,6.58E-01,7.34E-01,6.91E-01,6.85E-01,5.81E-01,8.00E-01,5.31E-01,6.45E-01,7.30E-01,6.84E-01,6.62E-01,6.71E-01,5.94E-01,6.78E-01,6.23E-01,6.32E-01,6.33E-01,5.60E-01,6.50E-01,6.46E-01,5.84E-01,6.51E-01,7.34E-01,6.46E-01,6.73E-01,7.18E-01,5.90E-01,6.65E-01,6.68E-01,6.66E-01,6.12E-01,6.76E-01,6.50E-01,6.61E-01,6.49E-01,6.62E-01,6.19E-01,5.83E-01,6.20E-01,5.68E-01,6.27E-01,6.92E-01,6.39E-01,6.39E-01,7.67E-01
099_S_0533,3.72E-01,3.43E-01,5.35E-01,5.17E-01,5.62E-01,6.27E-01,6.22E-01,6.66E-01,5.93E-01,7.06E-01,6.41E-01,5.81E-01,6.27E-01,4.72E-01,5.62E-01,5.59E-01,5.09E-01,5.96E-01,6.29E-01,5.87E-01,6.82E-01,6.36E-01,6.80E-01,6.04E-01,6.43E-01,6.56E-01,6.15E-01,5.90E-01,6.40E-01,5.81E-01,6.59E-01,6.60E-01,5.28E-01,5.14E-01,6.51E-01,6.82E-01,5.58E-01,5.64E-01,7.28E-01,6.64E-01,7.77E-01,6.82E-01,6.72E-01,7.33E-01,7.11E-01,7.13E-01,6.07E-01,6.99E-01,7.71E-01,7.16E-01,6.89E-01,7.58E-01,5.57E-01,5.51E-01,7.86E-01,6.54E-01,5.42E-01,6.80E-01,6.74E-01,7.08E-01,6.12E-01,6.34E-01,6.94E-01,6.48E-01,6.33E-01,6.15E-01,5.76E-01,5.25E-01,5.11E-01,5.47E-01,6.67E-01,7.01E-01,6.72E-01,6.38E-01,6.29E-01,6.70E-01,6.84E-01,6.96E-01,6.70E-01,6.83E-01,6.94E-01,7.11E-01,6.09E-01,6.12E-01,6.88E-01,6.50E-01,6.37E-01,7.18E-01,6.13E-01,7.08E-01,6.40E-01,7.04E-01,6.87E-01,5.95E-01,6.58E-01,6.01E-01,6.71E-01,6.30E-01,6.12E-01,7.55E-01,6.70E-01,6.70E-01,6.34E-01,5.85E-01,6.87E-01,6.59E-01,6.73E-01,7.15E-01,6.60E-01,6.54E-01,6.49E-01,5.59E-01,6.24E-01,6.77E-01,6.63E-01,6.75E-01,6.30E-01,6.97E-01,6.29E-01,6.86E-01,6.33E-01,6.17E-01,6.50E-01,7.14E-01,6.32E-01,6.99E-01,7.00E-01,6.49E-01,6.20E-01,6.54E-01,6.50E-01,7.00E-01,7.06E-01,6.59E-01,7.49E-01,6.18E-01,7.04E-01,7.69E-01,6.36E-01,6.06E-01,7.34E-01,7.15E-01,6.48E-01,7.73E-01,7.92E-01,7.84E-01,7.09E-01,7.03E-01,7.06E-01,6.86E-01,6.39E-01,7.06E-01,6.94E-01,7.64E-01,7.89E-01,7.09E-01,7.66E-01,7.14E-01,6.97E-01,6.04E-01,8.11E-01,5.61E-01,6.57E-01,7.39E-01,6.73E-01,7.00E-01,6.96E-01,6.90E-01,7.21E-01,6.68E-01,6.57E-01,6.48E-01,5.73E-01,7.00E-01,6.95E-01,6.18E-01,7.08E-01,7.35E-01,6.78E-01,6.95E-01,7.44E-01,6.25E-01,7.04E-01,7.00E-01,6.83E-01,6.45E-01,7.08E-01,7.06E-01,6.97E-01,6.71E-01,6.83E-01,6.81E-01,6.38E-01,6.64E-01,5.78E-01,6.54E-01,7.31E-01,6.55E-01,6.74E-01,7.60E-01
099_S_0534,3.75E-01,3.40E-01,5.25E-01,4.98E-01,5.59E-01,6.31E-01,6.20E-01,6.65E-01,5.87E-01,7.09E-01,6.32E-01,5.54E-01,6.30E-01,4.62E-01,5.53E-01,5.39E-01,4.83E-01,5.69E-01,5.90E-01,5.82E-01,6.84E-01,6.38E-01,6.89E-01,6.27E-01,6.48E-01,6.42E-01,6.18E-01,5.71E-01,6.45E-01,5.77E-01,6.65E-01,6.59E-01,4.94E-01,4.94E-01,6.38E-01,6.33E-01,5.40E-01,5.40E-01,7.07E-01,6.61E-01,7.98E-01,6.87E-01,6.74E-01,7.20E-01,6.94E-01,7.10E-01,5.99E-01,7.02E-01,7.73E-01,7.10E-01,6.96E-01,7.48E-01,5.28E-01,5.38E-01,7.83E-01,6.52E-01,5.47E-01,6.77E-01,6.56E-01,7.25E-01,5.87E-01,6.20E-01,6.93E-01,6.76E-01,6.21E-01,6.20E-01,5.88E-01,5.08E-01,5.15E-01,5.26E-01,6.64E-01,6.96E-01,6.59E-01,6.37E-01,6.32E-01,6.51E-01,6.75E-01,6.88E-01,6.57E-01,6.82E-01,6.90E-01,7.23E-01,5.88E-01,6.33E-01,7.01E-01,6.56E-01,6.14E-01,7.32E-01,6.09E-01,6.76E-01,6.32E-01,7.03E-01,7.03E-01,6.15E-01,6.43E-01,5.99E-01,6.65E-01,6.41E-01,6.23E-01,7.57E-01,6.76E-01,6.78E-01,6.51E-01,6.03E-01,6.87E-01,6.41E-01,6.74E-01,7.07E-01,6.67E-01,6.60E-01,6.55E-01,5.32E-01,6.41E-01,6.66E-01,6.36E-01,6.90E-01,6.03E-01,6.96E-01,6.49E-01,6.43E-01,6.03E-01,5.79E-01,6.31E-01,7.26E-01,6.55E-01,7.00E-01,7.18E-01,6.70E-01,6.27E-01,6.82E-01,6.63E-01,7.15E-01,7.01E-01,6.10E-01,7.41E-01,5.84E-01,6.93E-01,7.62E-01,6.08E-01,5.76E-01,7.06E-01,7.22E-01,6.79E-01,7.80E-01,7.92E-01,8.01E-01,7.03E-01,7.08E-01,6.73E-01,6.55E-01,6.45E-01,7.16E-01,6.93E-01,7.63E-01,7.83E-01,7.00E-01,7.65E-01,7.22E-01,7.12E-01,6.19E-01,8.16E-01,5.45E-01,6.49E-01,7.48E-01,7.09E-01,6.76E-01,6.85E-01,6.93E-01,7.20E-01,6.83E-01,6.62E-01,6.57E-01,5.65E-01,7.04E-01,6.87E-01,6.12E-01,6.99E-01,7.55E-01,6.63E-01,6.64E-01,7.30E-01,6.07E-01,6.98E-01,7.22E-01,6.75E-01,6.25E-01,7.08E-01,6.98E-01,7.05E-01,7.02E-01,6.91E-01,6.89E-01,6.27E-01,6.67E-01,5.78E-01,6.71E-01,7.43E-01,6.85E-01,6.97E-01,7.57E-01
099_S_1144,3.81E-01,3.41E-01,5.35E-01,5.02E-01,5.41E-01,6.32E-01,6.24E-01,6.63E-01,5.87E-01,6.88E-01,6.29E-01,5.61E-01,6.22E-01,4.47E-01,5.46E-01,5.29E-01,4.92E-01,5.67E-01,6.15E-01,5.65E-01,6.68E-01,6.22E-01,6.77E-01,6.07E-01,6.43E-01,6.38E-01,6.18E-01,5.77E-01,6.32E-01,5.72E-01,6.47E-01,6.55E-01,4.95E-01,4.66E-01,6.31E-01,6.71E-01,5.29E-01,5.35E-01,7.01E-01,6.50E-01,7.74E-01,6.74E-01,6.42E-01,7.38E-01,6.78E-01,7.12E-01,5.90E-01,6.96E-01,7.66E-01,7.00E-01,6.82E-01,7.41E-01,5.21E-01,5.41E-01,7.79E-01,6.48E-01,5.39E-01,6.69E-01,6.24E-01,6.93E-01,5.81E-01,6.14E-01,6.61E-01,6.68E-01,5.99E-01,6.01E-01,5.79E-01,5.39E-01,5.17E-01,5.46E-01,6.57E-01,6.90E-01,6.61E-01,6.28E-01,5.99E-01,6.54E-01,6.64E-01,6.79E-01,6.40E-01,6.44E-01,6.88E-01,6.83E-01,5.87E-01,6.09E-01,6.83E-01,6.43E-01,6.12E-01,7.10E-01,5.93E-01,6.80E-01,6.22E-01,6.98E-01,6.46E-01,5.89E-01,6.25E-01,6.00E-01,6.61E-01,6.16E-01,6.02E-01,7.44E-01,6.61E-01,6.62E-01,6.42E-01,5.94E-01,6.69E-01,6.48E-01,6.47E-01,7.08E-01,6.42E-01,6.60E-01,6.36E-01,5.47E-01,6.26E-01,6.61E-01,6.14E-01,6.68E-01,6.18E-01,6.89E-01,6.24E-01,6.65E-01,6.05E-01,5.75E-01,5.96E-01,6.96E-01,6.37E-01,6.83E-01,7.04E-01,6.40E-01,5.81E-01,6.41E-01,6.52E-01,7.02E-01,7.07E-01,6.34E-01,7.39E-01,6.00E-01,7.07E-01,7.77E-01,6.05E-01,5.74E-01,7.25E-01,7.17E-01,6.54E-01,7.80E-01,7.73E-01,7.82E-01,6.78E-01,6.92E-01,6.54E-01,6.62E-01,6.24E-01,6.94E-01,6.80E-01,7.72E-01,7.81E-01,6.68E-01,7.42E-01,7.01E-01,6.87E-01,6.17E-01,8.03E-01,5.42E-01,6.36E-01,7.36E-01,6.69E-01,7.01E-01,6.90E-01,6.53E-01,7.06E-01,6.53E-01,6.50E-01,6.45E-01,5.52E-01,6.90E-01,6.67E-01,5.89E-01,6.66E-01,7.49E-01,6.56E-01,6.78E-01,7.19E-01,5.60E-01,6.64E-01,7.03E-01,6.76E-01,6.12E-01,6.85E-01,6.80E-01,6.80E-01,6.65E-01,7.01E-01,6.77E-01,6.17E-01,6.40E-01,5.66E-01,6.51E-01,7.29E-01,6.50E-01,6.64E-01,7.74E-01
099_S_4076,3.98E-01,3.64E-01,5.65E-01,5.41E-01,5.78E-01,6.45E-01,6.41E-01,6.83E-01,6.08E-01,7.26E-01,6.55E-01,6.07E-01,6.29E-01,4.64E-01,5.44E-01,5.52E-01,5.29E-01,5.45E-01,6.18E-01,5.92E-01,6.66E-01,6.37E-01,6.89E-01,6.15E-01,6.45E-01,6.42E-01,6.07E-01,5.65E-01,6.52E-01,5.98E-01,6.93E-01,6.73E-01,5.75E-01,5.32E-01,6.40E-01,6.76E-01,5.35E-01,5.84E-01,6.90E-01,6.57E-01,7.97E-01,6.83E-01,6.62E-01,7.28E-01,6.70E-01,6.90E-01,6.12E-01,6.84E-01,7.74E-01,6.94E-01,6.76E-01,7.42E-01,5.28E-01,5.44E-01,7.71E-01,6.48E-01,5.54E-01,7.03E-01,6.91E-01,6.91E-01,5.78E-01,6.00E-01,6.74E-01,6.57E-01,6.00E-01,6.10E-01,5.95E-01,5.20E-01,5.09E-01,5.41E-01,6.39E-01,7.02E-01,6.72E-01,6.45E-01,6.49E-01,6.14E-01,6.82E-01,6.87E-01,6.55E-01,6.51E-01,6.61E-01,6.83E-01,5.65E-01,6.12E-01,6.76E-01,6.59E-01,6.43E-01,6.97E-01,5.90E-01,6.64E-01,6.02E-01,6.83E-01,6.61E-01,5.69E-01,6.08E-01,6.35E-01,6.99E-01,6.61E-01,6.17E-01,7.57E-01,6.86E-01,6.76E-01,6.37E-01,5.89E-01,6.80E-01,6.24E-01,6.82E-01,7.16E-01,6.42E-01,6.82E-01,6.19E-01,5.58E-01,6.06E-01,6.29E-01,5.77E-01,6.22E-01,6.12E-01,6.55E-01,5.94E-01,6.04E-01,5.83E-01,5.56E-01,5.79E-01,7.05E-01,6.32E-01,6.87E-01,7.06E-01,6.48E-01,5.93E-01,6.72E-01,6.57E-01,6.84E-01,6.83E-01,6.67E-01,7.38E-01,5.81E-01,6.77E-01,7.71E-01,5.80E-01,5.92E-01,7.04E-01,6.98E-01,6.79E-01,7.93E-01,7.90E-01,7.88E-01,6.70E-01,6.82E-01,6.39E-01,6.22E-01,6.09E-01,7.01E-01,6.70E-01,7.54E-01,7.74E-01,6.84E-01,7.51E-01,7.03E-01,6.88E-01,6.14E-01,8.17E-01,5.44E-01,6.55E-01,7.48E-01,7.02E-01,6.95E-01,6.80E-01,6.64E-01,7.13E-01,6.70E-01,6.45E-01,6.37E-01,5.35E-01,6.62E-01,6.95E-01,5.67E-01,6.61E-01,7.27E-01,6.46E-01,6.56E-01,7.25E-01,5.53E-01,6.74E-01,6.79E-01,6.19E-01,6.18E-01,6.98E-01,6.84E-01,6.61E-01,6.71E-01,6.72E-01,6.77E-01,6.30E-01,6.40E-01,6.20E-01,6.88E-01,7.24E-01,6.69E-01,6.65E-01,7.46E-01
099_S_4086,3.68E-01,3.53E-01,5.50E-01,5.00E-01,5.36E-01,6.07E-01,6.08E-01,6.54E-01,5.76E-01,6.73E-01,6.14E-01,5.51E-01,5.88E-01,4.32E-01,5.24E-01,5.00E-01,4.51E-01,5.16E-01,5.68E-01,5.29E-01,6.43E-01,6.08E-01,6.44E-01,5.58E-01,6.16E-01,6.11E-01,5.86E-01,5.46E-01,6.11E-01,5.57E-01,6.55E-01,6.19E-01,5.08E-01,4.72E-01,5.99E-01,6.44E-01,5.08E-01,4.89E-01,6.85E-01,6.20E-01,7.62E-01,6.50E-01,6.30E-01,6.93E-01,6.56E-01,6.54E-01,5.65E-01,6.59E-01,7.47E-01,6.79E-01,6.58E-01,7.19E-01,5.20E-01,5.26E-01,7.58E-01,6.23E-01,5.27E-01,6.50E-01,6.15E-01,6.83E-01,5.48E-01,5.68E-01,6.53E-01,6.05E-01,5.86E-01,5.90E-01,5.79E-01,4.84E-01,4.66E-01,5.01E-01,6.11E-01,6.61E-01,6.25E-01,6.09E-01,6.07E-01,6.25E-01,6.41E-01,6.61E-01,6.26E-01,6.41E-01,6.34E-01,6.51E-01,5.76E-01,6.00E-01,6.58E-01,6.35E-01,5.86E-01,6.61E-01,5.44E-01,6.21E-01,5.66E-01,6.63E-01,6.36E-01,5.60E-01,6.10E-01,5.72E-01,6.88E-01,6.36E-01,6.12E-01,7.34E-01,6.72E-01,6.42E-01,6.19E-01,5.42E-01,6.41E-01,5.82E-01,6.56E-01,7.30E-01,6.08E-01,6.59E-01,5.82E-01,5.10E-01,5.75E-01,6.24E-01,5.81E-01,6.07E-01,5.58E-01,6.05E-01,5.84E-01,5.86E-01,5.55E-01,5.33E-01,6.14E-01,6.61E-01,5.59E-01,6.48E-01,6.66E-01,6.30E-01,5.32E-01,6.25E-01,6.48E-01,6.41E-01,6.61E-01,5.70E-01,7.16E-01,5.38E-01,6.39E-01,7.05E-01,5.76E-01,5.42E-01,6.72E-01,6.71E-01,6.38E-01,7.47E-01,7.51E-01,7.51E-01,6.63E-01,6.71E-01,6.34E-01,5.86E-01,5.85E-01,6.78E-01,6.43E-01,7.27E-01,7.66E-01,6.49E-01,7.33E-01,6.87E-01,6.71E-01,5.85E-01,7.91E-01,5.50E-01,6.28E-01,7.26E-01,6.12E-01,6.38E-01,6.39E-01,6.46E-01,6.70E-01,6.21E-01,6.38E-01,6.10E-01,4.89E-01,6.07E-01,6.28E-01,5.62E-01,6.41E-01,6.85E-01,6.32E-01,5.85E-01,6.89E-01,5.41E-01,6.40E-01,6.55E-01,6.42E-01,5.88E-01,6.69E-01,6.49E-01,6.27E-01,6.28E-01,6.50E-01,6.26E-01,5.93E-01,5.35E-01,5.82E-01,7.07E-01,6.95E-01,6.24E-01,6.05E-01,7.16E-01
099_S_4104,3.90E-01,3.55E-01,5.47E-01,5.06E-01,5.62E-01,6.31E-01,6.33E-01,6.84E-01,6.02E-01,7.12E-01,6.45E-01,5.69E-01,6.27E-01,4.54E-01,5.52E-01,5.45E-01,5.13E-01,5.74E-01,6.07E-01,5.95E-01,6.77E-01,6.39E-01,6.85E-01,6.17E-01,6.44E-01,6.49E-01,6.20E-01,5.75E-01,6.44E-01,5.81E-01,6.64E-01,6.44E-01,5.33E-01,5.03E-01,6.40E-01,6.68E-01,5.21E-01,5.55E-01,6.87E-01,6.52E-01,7.94E-01,6.78E-01,6.59E-01,7.18E-01,6.80E-01,6.97E-01,5.98E-01,6.73E-01,7.72E-01,7.09E-01,6.93E-01,7.56E-01,5.55E-01,5.58E-01,7.91E-01,6.56E-01,5.43E-01,6.76E-01,6.50E-01,7.13E-01,5.86E-01,6.19E-01,6.74E-01,6.65E-01,6.04E-01,6.19E-01,5.87E-01,5.42E-01,5.24E-01,5.38E-01,6.50E-01,6.94E-01,6.55E-01,6.47E-01,6.33E-01,6.65E-01,6.87E-01,6.90E-01,6.72E-01,6.67E-01,6.69E-01,7.05E-01,5.91E-01,6.27E-01,6.75E-01,6.53E-01,6.19E-01,7.09E-01,5.94E-01,6.68E-01,6.02E-01,7.14E-01,6.83E-01,6.01E-01,6.35E-01,5.90E-01,6.87E-01,6.34E-01,6.25E-01,7.62E-01,6.76E-01,6.86E-01,6.54E-01,6.05E-01,6.88E-01,6.43E-01,6.75E-01,7.03E-01,6.65E-01,6.98E-01,6.59E-01,5.62E-01,6.35E-01,6.60E-01,6.25E-01,6.72E-01,6.38E-01,7.00E-01,6.28E-01,6.41E-01,6.14E-01,5.83E-01,5.96E-01,7.26E-01,6.56E-01,6.87E-01,7.17E-01,6.75E-01,6.16E-01,6.81E-01,6.78E-01,7.30E-01,7.04E-01,6.39E-01,7.57E-01,6.01E-01,7.01E-01,7.62E-01,6.26E-01,5.93E-01,7.11E-01,7.16E-01,6.81E-01,7.97E-01,7.91E-01,7.89E-01,6.97E-01,6.97E-01,6.65E-01,6.44E-01,6.34E-01,6.90E-01,6.72E-01,7.75E-01,7.88E-01,7.06E-01,7.64E-01,7.33E-01,7.04E-01,6.01E-01,8.27E-01,5.63E-01,6.71E-01,7.58E-01,6.90E-01,6.75E-01,6.84E-01,6.79E-01,7.24E-01,6.87E-01,6.61E-01,6.68E-01,5.97E-01,7.18E-01,6.70E-01,6.04E-01,7.02E-01,7.28E-01,6.57E-01,6.77E-01,7.27E-01,6.11E-01,6.95E-01,7.16E-01,6.80E-01,6.43E-01,7.15E-01,7.01E-01,6.90E-01,6.98E-01,7.06E-01,6.70E-01,6.37E-01,6.64E-01,6.61E-01,6.63E-01,7.44E-01,6.76E-01,6.90E-01,7.80E-01
099_S_4994,3.85E-01,3.46E-01,5.38E-01,4.98E-01,5.37E-01,6.14E-01,6.25E-01,6.68E-01,5.94E-01,6.99E-01,6.30E-01,5.41E-01,6.16E-01,4.43E-01,5.42E-01,5.30E-01,5.03E-01,5.65E-01,5.84E-01,5.59E-01,6.48E-01,6.16E-01,6.76E-01,5.86E-01,6.11E-01,6.30E-01,6.01E-01,5.57E-01,6.34E-01,5.66E-01,6.45E-01,6.49E-01,4.89E-01,4.56E-01,6.24E-01,6.62E-01,5.30E-01,5.34E-01,6.79E-01,6.64E-01,7.72E-01,6.57E-01,6.27E-01,7.18E-01,6.65E-01,6.76E-01,5.83E-01,6.80E-01,7.44E-01,6.90E-01,6.85E-01,7.41E-01,5.43E-01,5.38E-01,7.81E-01,6.39E-01,5.29E-01,6.48E-01,6.06E-01,6.82E-01,5.51E-01,5.87E-01,6.70E-01,6.44E-01,5.89E-01,6.02E-01,5.97E-01,5.21E-01,4.89E-01,5.18E-01,6.54E-01,6.80E-01,6.41E-01,6.33E-01,6.18E-01,6.32E-01,6.60E-01,6.75E-01,6.38E-01,6.54E-01,6.67E-01,6.71E-01,5.81E-01,6.37E-01,6.82E-01,6.29E-01,5.79E-01,6.80E-01,5.70E-01,6.49E-01,6.00E-01,6.75E-01,6.48E-01,5.47E-01,6.17E-01,5.69E-01,6.84E-01,6.25E-01,5.84E-01,7.43E-01,6.71E-01,6.58E-01,6.40E-01,5.71E-01,6.78E-01,6.16E-01,6.48E-01,7.23E-01,6.06E-01,6.66E-01,5.90E-01,5.08E-01,6.05E-01,6.23E-01,5.60E-01,6.43E-01,5.75E-01,6.73E-01,6.05E-01,6.55E-01,5.67E-01,5.58E-01,5.94E-01,6.97E-01,6.09E-01,6.85E-01,6.88E-01,6.19E-01,5.67E-01,6.44E-01,6.54E-01,6.63E-01,6.89E-01,5.88E-01,7.39E-01,5.83E-01,6.68E-01,7.54E-01,5.91E-01,5.74E-01,7.04E-01,7.11E-01,6.26E-01,7.54E-01,7.72E-01,7.79E-01,6.71E-01,6.77E-01,6.33E-01,6.35E-01,6.29E-01,6.91E-01,6.68E-01,7.46E-01,7.81E-01,6.69E-01,7.49E-01,7.18E-01,6.96E-01,5.89E-01,7.96E-01,5.38E-01,6.48E-01,7.44E-01,6.45E-01,6.70E-01,6.66E-01,6.25E-01,6.78E-01,6.48E-01,6.47E-01,6.34E-01,5.47E-01,6.60E-01,6.64E-01,5.69E-01,6.39E-01,7.19E-01,6.41E-01,6.42E-01,6.98E-01,5.37E-01,6.43E-01,6.67E-01,6.11E-01,5.91E-01,6.88E-01,6.68E-01,6.57E-01,6.65E-01,6.73E-01,6.43E-01,5.96E-01,6.10E-01,5.92E-01,6.68E-01,7.00E-01,6.57E-01,6.46E-01,7.54E-01
100_S_0035,3.94E-01,3.69E-01,5.60E-01,5.28E-01,5.50E-01,6.33E-01,6.36E-01,6.85E-01,6.08E-01,7.19E-01,6.53E-01,5.61E-01,6.49E-01,4.87E-01,5.80E-01,5.77E-01,5.13E-01,5.84E-01,5.89E-01,6.00E-01,6.96E-01,6.37E-01,6.90E-01,6.10E-01,6.45E-01,6.57E-01,6.29E-01,6.02E-01,6.56E-01,5.98E-01,6.79E-01,6.53E-01,5.15E-01,5.00E-01,6.69E-01,6.79E-01,5.79E-01,5.63E-01,7.37E-01,6.72E-01,8.04E-01,6.90E-01,6.87E-01,7.36E-01,7.18E-01,6.98E-01,5.97E-01,7.18E-01,7.80E-01,7.29E-01,7.06E-01,7.53E-01,5.66E-01,5.67E-01,7.98E-01,6.77E-01,5.34E-01,6.82E-01,6.87E-01,7.08E-01,6.20E-01,6.19E-01,7.05E-01,6.74E-01,6.41E-01,6.39E-01,5.97E-01,5.07E-01,5.43E-01,5.50E-01,6.51E-01,6.91E-01,6.63E-01,6.57E-01,6.31E-01,6.30E-01,6.85E-01,7.00E-01,6.62E-01,6.94E-01,6.83E-01,7.19E-01,6.10E-01,6.23E-01,7.06E-01,6.52E-01,6.29E-01,7.13E-01,5.93E-01,6.97E-01,6.21E-01,7.14E-01,6.96E-01,6.15E-01,6.47E-01,5.70E-01,6.96E-01,6.60E-01,5.86E-01,7.51E-01,6.90E-01,6.66E-01,6.53E-01,5.97E-01,6.83E-01,6.35E-01,6.87E-01,7.37E-01,6.63E-01,7.13E-01,6.35E-01,5.45E-01,6.16E-01,6.41E-01,6.47E-01,6.53E-01,6.12E-01,6.84E-01,6.30E-01,6.48E-01,6.23E-01,5.82E-01,5.78E-01,6.88E-01,5.99E-01,6.74E-01,6.86E-01,6.39E-01,5.67E-01,6.46E-01,6.38E-01,6.75E-01,6.79E-01,6.25E-01,7.48E-01,5.80E-01,6.70E-01,7.52E-01,6.07E-01,5.78E-01,7.02E-01,7.01E-01,6.32E-01,7.78E-01,7.65E-01,7.76E-01,7.03E-01,7.00E-01,6.65E-01,6.69E-01,6.12E-01,6.60E-01,6.66E-01,7.62E-01,7.75E-01,7.09E-01,7.28E-01,6.92E-01,6.94E-01,5.97E-01,7.81E-01,5.42E-01,6.43E-01,7.45E-01,6.79E-01,6.91E-01,6.84E-01,6.45E-01,6.68E-01,6.70E-01,6.19E-01,6.33E-01,5.51E-01,6.62E-01,6.36E-01,5.94E-01,6.52E-01,6.90E-01,6.42E-01,6.15E-01,7.19E-01,6.00E-01,6.85E-01,6.81E-01,6.25E-01,6.35E-01,7.04E-01,6.83E-01,6.57E-01,6.65E-01,6.56E-01,6.28E-01,5.77E-01,6.35E-01,6.32E-01,6.73E-01,6.94E-01,6.50E-01,6.32E-01,7.54E-01
100_S_0047,3.94E-01,3.67E-01,5.66E-01,5.36E-01,5.67E-01,6.36E-01,6.22E-01,6.73E-01,6.04E-01,7.00E-01,6.44E-01,5.74E-01,6.41E-01,4.73E-01,5.64E-01,5.61E-01,5.24E-01,5.94E-01,6.28E-01,6.02E-01,6.72E-01,6.13E-01,6.76E-01,5.98E-01,6.56E-01,6.36E-01,6.20E-01,5.85E-01,6.36E-01,5.82E-01,6.73E-01,6.51E-01,5.37E-01,5.16E-01,6.44E-01,6.78E-01,5.56E-01,5.70E-01,7.13E-01,6.45E-01,7.71E-01,6.73E-01,6.55E-01,7.27E-01,6.95E-01,6.97E-01,6.05E-01,7.00E-01,7.66E-01,7.00E-01,6.83E-01,7.41E-01,5.28E-01,5.39E-01,7.78E-01,6.42E-01,5.57E-01,6.71E-01,6.64E-01,7.01E-01,5.99E-01,6.13E-01,6.87E-01,6.85E-01,6.36E-01,6.15E-01,5.89E-01,5.70E-01,5.40E-01,5.53E-01,6.59E-01,6.97E-01,6.66E-01,6.36E-01,6.37E-01,6.48E-01,6.62E-01,6.95E-01,6.59E-01,6.54E-01,6.87E-01,7.01E-01,5.95E-01,6.19E-01,6.87E-01,6.47E-01,6.30E-01,7.13E-01,6.21E-01,6.76E-01,6.34E-01,6.86E-01,6.91E-01,6.18E-01,6.38E-01,5.92E-01,6.79E-01,6.30E-01,6.00E-01,7.59E-01,6.76E-01,6.63E-01,6.48E-01,6.16E-01,6.87E-01,6.55E-01,6.65E-01,7.22E-01,6.44E-01,6.59E-01,6.31E-01,5.74E-01,6.24E-01,6.52E-01,6.16E-01,6.54E-01,6.10E-01,6.88E-01,6.22E-01,6.52E-01,6.01E-01,5.73E-01,6.35E-01,6.91E-01,6.19E-01,6.57E-01,6.80E-01,6.48E-01,5.64E-01,6.71E-01,6.52E-01,6.89E-01,6.91E-01,6.54E-01,7.27E-01,6.06E-01,6.84E-01,7.63E-01,6.39E-01,6.14E-01,7.16E-01,7.11E-01,6.81E-01,7.66E-01,7.74E-01,7.79E-01,6.71E-01,7.00E-01,6.70E-01,6.60E-01,6.31E-01,7.00E-01,6.67E-01,7.48E-01,7.96E-01,6.85E-01,7.20E-01,6.78E-01,6.68E-01,6.15E-01,7.99E-01,5.46E-01,6.35E-01,7.33E-01,6.69E-01,6.99E-01,6.69E-01,6.79E-01,7.00E-01,6.46E-01,6.56E-01,6.49E-01,5.80E-01,6.85E-01,6.92E-01,6.02E-01,6.63E-01,7.26E-01,6.81E-01,6.91E-01,7.14E-01,5.78E-01,6.64E-01,6.91E-01,6.60E-01,6.01E-01,6.74E-01,6.69E-01,6.67E-01,6.75E-01,6.63E-01,6.60E-01,6.27E-01,6.46E-01,5.81E-01,6.67E-01,7.14E-01,6.36E-01,6.38E-01,7.52E-01
100_S_1062,3.87E-01,3.62E-01,5.55E-01,5.25E-01,5.58E-01,6.31E-01,6.26E-01,6.71E-01,6.01E-01,7.00E-01,6.43E-01,5.72E-01,6.32E-01,4.77E-01,5.65E-01,5.71E-01,5.24E-01,5.95E-01,6.24E-01,6.08E-01,6.75E-01,6.35E-01,6.78E-01,6.13E-01,6.45E-01,6.50E-01,6.25E-01,5.95E-01,6.43E-01,5.89E-01,6.78E-01,6.62E-01,5.31E-01,5.21E-01,6.49E-01,6.79E-01,5.58E-01,5.61E-01,7.21E-01,6.59E-01,7.79E-01,6.82E-01,6.62E-01,7.27E-01,6.83E-01,7.17E-01,6.05E-01,6.73E-01,7.74E-01,7.07E-01,6.84E-01,7.43E-01,5.28E-01,5.29E-01,7.77E-01,6.53E-01,5.54E-01,6.90E-01,6.61E-01,7.14E-01,6.08E-01,6.28E-01,6.93E-01,6.72E-01,6.38E-01,6.25E-01,5.93E-01,5.40E-01,5.44E-01,5.45E-01,6.65E-01,7.05E-01,6.73E-01,6.43E-01,6.16E-01,6.87E-01,6.80E-01,6.88E-01,6.58E-01,6.58E-01,6.79E-01,6.98E-01,5.91E-01,6.28E-01,6.92E-01,6.55E-01,6.34E-01,7.09E-01,6.15E-01,6.75E-01,6.29E-01,7.08E-01,6.96E-01,6.23E-01,6.33E-01,5.87E-01,6.71E-01,6.29E-01,6.13E-01,7.63E-01,6.79E-01,6.74E-01,6.46E-01,6.02E-01,6.74E-01,6.65E-01,6.63E-01,7.08E-01,6.55E-01,6.87E-01,6.44E-01,5.70E-01,6.31E-01,6.59E-01,6.07E-01,6.64E-01,6.37E-01,7.01E-01,6.45E-01,6.77E-01,6.27E-01,5.65E-01,6.46E-01,7.07E-01,6.42E-01,6.86E-01,7.12E-01,6.58E-01,5.91E-01,6.79E-01,6.53E-01,6.98E-01,6.91E-01,6.45E-01,7.58E-01,6.13E-01,7.17E-01,7.66E-01,6.33E-01,6.17E-01,7.15E-01,7.14E-01,6.48E-01,7.70E-01,7.86E-01,7.82E-01,6.79E-01,7.00E-01,6.82E-01,6.70E-01,6.35E-01,6.93E-01,6.88E-01,7.71E-01,7.86E-01,6.90E-01,7.38E-01,6.91E-01,6.75E-01,6.07E-01,7.95E-01,5.40E-01,6.42E-01,7.38E-01,6.95E-01,6.89E-01,6.94E-01,6.57E-01,7.01E-01,6.66E-01,6.53E-01,6.43E-01,5.67E-01,6.80E-01,6.66E-01,6.09E-01,6.73E-01,7.00E-01,6.60E-01,6.86E-01,7.46E-01,5.98E-01,6.77E-01,7.17E-01,6.54E-01,6.25E-01,6.96E-01,6.91E-01,6.78E-01,6.79E-01,6.75E-01,6.76E-01,6.01E-01,6.64E-01,6.05E-01,6.56E-01,7.18E-01,6.52E-01,6.68E-01,7.55E-01
109_S_1013,3.83E-01,3.48E-01,5.42E-01,5.19E-01,5.54E-01,6.21E-01,6.22E-01,6.69E-01,5.98E-01,7.12E-01,6.35E-01,5.73E-01,6.27E-01,4.68E-01,5.60E-01,5.49E-01,5.35E-01,5.85E-01,6.19E-01,5.88E-01,6.65E-01,6.26E-01,6.89E-01,6.00E-01,6.35E-01,6.48E-01,6.05E-01,5.72E-01,6.25E-01,5.75E-01,6.75E-01,6.61E-01,5.07E-01,5.19E-01,6.38E-01,6.48E-01,5.46E-01,5.26E-01,7.07E-01,6.54E-01,7.92E-01,6.77E-01,6.59E-01,7.10E-01,6.87E-01,7.10E-01,5.83E-01,7.08E-01,7.73E-01,7.01E-01,7.10E-01,7.79E-01,5.29E-01,5.43E-01,8.00E-01,6.63E-01,5.30E-01,6.87E-01,6.62E-01,7.11E-01,5.88E-01,5.89E-01,6.81E-01,6.71E-01,6.26E-01,6.18E-01,5.83E-01,5.69E-01,5.46E-01,5.44E-01,6.55E-01,6.96E-01,6.73E-01,6.40E-01,6.35E-01,6.24E-01,6.62E-01,7.00E-01,6.50E-01,6.85E-01,6.77E-01,7.04E-01,6.07E-01,6.21E-01,6.90E-01,6.38E-01,6.13E-01,6.99E-01,5.82E-01,6.81E-01,6.28E-01,7.01E-01,6.81E-01,6.18E-01,6.37E-01,5.99E-01,6.92E-01,6.42E-01,5.94E-01,7.50E-01,6.66E-01,6.82E-01,6.48E-01,5.97E-01,6.86E-01,6.53E-01,6.37E-01,7.27E-01,6.28E-01,6.73E-01,6.07E-01,5.56E-01,6.19E-01,6.69E-01,6.12E-01,6.70E-01,6.12E-01,6.80E-01,6.21E-01,6.60E-01,6.03E-01,5.78E-01,5.78E-01,6.99E-01,6.14E-01,6.77E-01,6.98E-01,6.52E-01,5.83E-01,6.30E-01,6.51E-01,6.88E-01,6.73E-01,6.47E-01,7.43E-01,6.35E-01,7.18E-01,7.60E-01,6.25E-01,6.04E-01,7.15E-01,7.27E-01,6.42E-01,7.91E-01,7.86E-01,7.81E-01,6.89E-01,6.84E-01,6.44E-01,6.49E-01,6.20E-01,7.06E-01,6.73E-01,7.66E-01,7.84E-01,6.83E-01,7.82E-01,7.34E-01,7.19E-01,6.05E-01,8.33E-01,5.52E-01,6.37E-01,7.38E-01,6.36E-01,7.02E-01,6.91E-01,6.63E-01,7.06E-01,6.60E-01,6.45E-01,6.46E-01,5.87E-01,6.88E-01,6.83E-01,5.99E-01,6.87E-01,7.33E-01,6.52E-01,6.21E-01,7.27E-01,5.58E-01,6.66E-01,7.03E-01,6.91E-01,6.00E-01,6.65E-01,6.80E-01,6.72E-01,6.74E-01,7.01E-01,6.76E-01,6.13E-01,6.67E-01,5.88E-01,6.88E-01,7.18E-01,6.53E-01,6.28E-01,7.70E-01
114_S_0166,3.91E-01,3.52E-01,5.45E-01,5.27E-01,5.63E-01,6.27E-01,6.29E-01,6.71E-01,5.98E-01,6.94E-01,6.40E-01,5.89E-01,6.39E-01,4.89E-01,5.71E-01,5.57E-01,5.25E-01,6.11E-01,6.34E-01,6.13E-01,6.93E-01,6.41E-01,6.83E-01,5.90E-01,6.51E-01,6.49E-01,6.26E-01,6.01E-01,6.48E-01,5.91E-01,6.78E-01,6.73E-01,5.49E-01,5.28E-01,6.51E-01,6.82E-01,5.89E-01,5.60E-01,7.42E-01,6.66E-01,7.83E-01,6.79E-01,6.63E-01,7.30E-01,6.99E-01,7.21E-01,6.09E-01,6.96E-01,7.76E-01,7.03E-01,6.76E-01,7.42E-01,5.31E-01,5.30E-01,7.80E-01,6.48E-01,5.56E-01,6.96E-01,6.71E-01,7.04E-01,6.27E-01,6.16E-01,6.87E-01,6.84E-01,6.31E-01,6.25E-01,5.95E-01,5.60E-01,5.44E-01,5.75E-01,6.63E-01,7.10E-01,6.82E-01,6.45E-01,6.49E-01,6.71E-01,6.79E-01,6.98E-01,6.69E-01,6.46E-01,6.93E-01,6.99E-01,5.87E-01,6.17E-01,6.92E-01,6.38E-01,6.37E-01,7.02E-01,6.19E-01,6.83E-01,6.63E-01,7.05E-01,6.91E-01,6.05E-01,6.31E-01,6.09E-01,6.49E-01,6.22E-01,5.95E-01,7.41E-01,6.72E-01,6.72E-01,6.58E-01,6.06E-01,6.82E-01,6.62E-01,6.57E-01,7.06E-01,6.48E-01,6.38E-01,6.65E-01,6.00E-01,6.40E-01,6.56E-01,6.49E-01,6.96E-01,6.28E-01,7.14E-01,6.50E-01,7.06E-01,6.46E-01,6.50E-01,6.48E-01,7.10E-01,6.35E-01,6.97E-01,7.02E-01,6.61E-01,5.92E-01,6.71E-01,6.60E-01,6.96E-01,6.99E-01,6.58E-01,7.58E-01,6.45E-01,7.01E-01,7.86E-01,6.56E-01,6.29E-01,7.52E-01,7.23E-01,6.65E-01,7.79E-01,7.82E-01,7.80E-01,7.03E-01,7.12E-01,6.81E-01,6.97E-01,6.28E-01,6.87E-01,6.84E-01,7.72E-01,7.81E-01,6.97E-01,7.56E-01,6.95E-01,6.82E-01,6.20E-01,7.93E-01,5.68E-01,6.40E-01,7.30E-01,6.91E-01,6.85E-01,7.10E-01,6.51E-01,7.06E-01,6.56E-01,6.54E-01,6.46E-01,5.73E-01,6.78E-01,6.69E-01,6.05E-01,6.93E-01,7.26E-01,7.01E-01,6.79E-01,7.41E-01,6.18E-01,6.76E-01,7.03E-01,6.70E-01,6.29E-01,6.99E-01,6.86E-01,6.90E-01,6.80E-01,6.87E-01,6.73E-01,6.16E-01,6.42E-01,5.23E-01,6.52E-01,7.24E-01,6.54E-01,6.67E-01,7.52E-01
114_S_0173,3.90E-01,3.57E-01,5.61E-01,5.27E-01,5.61E-01,6.27E-01,6.20E-01,6.69E-01,5.96E-01,6.90E-01,6.36E-01,5.79E-01,6.28E-01,4.58E-01,5.63E-01,5.61E-01,5.13E-01,5.99E-01,6.38E-01,5.96E-01,6.67E-01,6.16E-01,6.79E-01,5.93E-01,6.44E-01,6.40E-01,6.10E-01,5.81E-01,6.35E-01,5.90E-01,6.64E-01,6.75E-01,5.41E-01,5.32E-01,6.49E-01,6.76E-01,5.55E-01,5.63E-01,7.17E-01,6.46E-01,7.82E-01,6.69E-01,6.52E-01,7.14E-01,6.76E-01,7.04E-01,5.99E-01,7.01E-01,7.57E-01,6.93E-01,6.86E-01,7.56E-01,5.45E-01,5.38E-01,7.85E-01,6.55E-01,5.28E-01,6.71E-01,6.83E-01,6.95E-01,6.01E-01,5.89E-01,6.81E-01,6.70E-01,6.22E-01,6.09E-01,5.73E-01,5.44E-01,5.20E-01,5.51E-01,6.43E-01,7.04E-01,6.76E-01,6.33E-01,6.37E-01,6.44E-01,6.54E-01,6.89E-01,6.53E-01,6.74E-01,6.80E-01,6.80E-01,6.10E-01,6.21E-01,6.90E-01,6.17E-01,6.11E-01,7.03E-01,6.08E-01,6.81E-01,6.34E-01,6.96E-01,6.91E-01,6.07E-01,6.19E-01,5.96E-01,6.48E-01,5.99E-01,5.83E-01,7.57E-01,6.68E-01,6.53E-01,6.47E-01,6.07E-01,6.70E-01,6.41E-01,6.51E-01,7.08E-01,6.19E-01,6.41E-01,6.33E-01,5.73E-01,6.11E-01,6.59E-01,6.15E-01,6.61E-01,6.01E-01,6.76E-01,6.32E-01,6.61E-01,6.27E-01,5.97E-01,6.19E-01,6.87E-01,6.02E-01,6.57E-01,6.90E-01,6.47E-01,5.55E-01,6.33E-01,6.45E-01,6.96E-01,6.79E-01,6.53E-01,7.48E-01,6.14E-01,7.00E-01,7.55E-01,6.28E-01,6.00E-01,6.98E-01,7.04E-01,6.63E-01,7.72E-01,7.68E-01,7.66E-01,6.71E-01,6.86E-01,6.56E-01,6.63E-01,6.23E-01,6.89E-01,6.63E-01,7.67E-01,7.80E-01,6.81E-01,7.64E-01,7.06E-01,7.00E-01,6.27E-01,7.97E-01,5.52E-01,6.51E-01,7.20E-01,6.87E-01,6.82E-01,6.76E-01,6.57E-01,6.86E-01,6.43E-01,6.40E-01,6.29E-01,5.83E-01,6.53E-01,6.77E-01,5.73E-01,6.87E-01,7.18E-01,6.61E-01,6.68E-01,7.28E-01,5.76E-01,6.65E-01,6.89E-01,6.45E-01,6.00E-01,7.00E-01,6.66E-01,6.83E-01,6.50E-01,6.73E-01,6.64E-01,6.20E-01,6.38E-01,5.11E-01,6.49E-01,7.06E-01,6.48E-01,6.40E-01,7.59E-01
114_S_0374,3.83E-01,3.43E-01,5.34E-01,5.03E-01,5.46E-01,6.23E-01,6.22E-01,6.67E-01,5.90E-01,6.86E-01,6.30E-01,5.47E-01,6.20E-01,4.48E-01,5.37E-01,5.49E-01,4.87E-01,5.70E-01,5.92E-01,5.99E-01,6.68E-01,6.16E-01,6.77E-01,5.89E-01,6.45E-01,6.36E-01,6.12E-01,5.70E-01,6.28E-01,5.75E-01,6.60E-01,6.50E-01,5.08E-01,4.94E-01,6.31E-01,6.77E-01,5.48E-01,5.40E-01,7.04E-01,6.46E-01,7.77E-01,6.72E-01,6.51E-01,7.19E-01,6.72E-01,6.96E-01,5.91E-01,6.93E-01,7.29E-01,6.93E-01,6.62E-01,7.25E-01,5.17E-01,5.25E-01,7.66E-01,6.41E-01,5.36E-01,6.76E-01,6.41E-01,7.08E-01,5.80E-01,6.06E-01,6.72E-01,6.70E-01,5.98E-01,6.01E-01,5.78E-01,4.90E-01,5.26E-01,5.53E-01,6.55E-01,6.91E-01,6.63E-01,6.21E-01,6.01E-01,6.36E-01,6.67E-01,6.90E-01,6.58E-01,6.54E-01,6.72E-01,6.89E-01,5.86E-01,6.06E-01,6.74E-01,6.31E-01,6.29E-01,7.08E-01,6.03E-01,6.58E-01,6.20E-01,6.82E-01,6.65E-01,6.19E-01,6.19E-01,6.03E-01,6.60E-01,6.41E-01,5.92E-01,7.43E-01,6.64E-01,6.38E-01,6.31E-01,5.88E-01,6.83E-01,6.52E-01,6.51E-01,7.07E-01,6.37E-01,6.61E-01,6.38E-01,5.52E-01,6.25E-01,6.48E-01,5.96E-01,6.40E-01,5.87E-01,6.88E-01,6.06E-01,6.38E-01,6.12E-01,5.70E-01,6.35E-01,6.99E-01,6.13E-01,6.84E-01,7.07E-01,6.44E-01,5.53E-01,6.84E-01,6.46E-01,7.03E-01,6.85E-01,6.30E-01,7.57E-01,5.77E-01,6.76E-01,7.58E-01,5.96E-01,5.75E-01,7.18E-01,7.02E-01,6.41E-01,7.66E-01,7.72E-01,7.72E-01,6.56E-01,6.74E-01,6.44E-01,6.47E-01,6.04E-01,6.92E-01,6.80E-01,7.65E-01,7.65E-01,6.77E-01,7.31E-01,6.82E-01,6.70E-01,6.07E-01,7.76E-01,5.37E-01,6.41E-01,7.27E-01,6.92E-01,6.86E-01,6.66E-01,6.49E-01,6.98E-01,6.43E-01,6.36E-01,6.31E-01,5.50E-01,6.65E-01,6.77E-01,5.66E-01,6.56E-01,7.31E-01,6.40E-01,6.45E-01,7.14E-01,5.82E-01,6.65E-01,6.80E-01,6.48E-01,6.15E-01,6.89E-01,6.82E-01,6.74E-01,6.70E-01,6.58E-01,6.51E-01,6.27E-01,6.53E-01,5.73E-01,6.51E-01,7.16E-01,6.35E-01,6.56E-01,7.58E-01
114_S_0416,3.82E-01,3.54E-01,5.42E-01,5.21E-01,5.50E-01,6.22E-01,6.25E-01,6.75E-01,5.94E-01,6.92E-01,6.37E-01,5.86E-01,6.25E-01,4.79E-01,5.64E-01,5.63E-01,5.23E-01,6.19E-01,6.36E-01,5.85E-01,6.63E-01,6.19E-01,6.72E-01,5.96E-01,6.30E-01,6.37E-01,6.23E-01,5.76E-01,6.34E-01,5.87E-01,6.59E-01,6.61E-01,5.44E-01,5.39E-01,6.41E-01,6.87E-01,5.51E-01,5.79E-01,6.98E-01,6.42E-01,7.74E-01,6.70E-01,6.52E-01,7.20E-01,6.62E-01,7.04E-01,5.98E-01,6.90E-01,7.66E-01,6.90E-01,6.56E-01,7.25E-01,5.32E-01,5.30E-01,7.74E-01,6.29E-01,5.38E-01,6.59E-01,6.42E-01,7.07E-01,6.07E-01,6.02E-01,6.85E-01,6.73E-01,6.16E-01,6.15E-01,5.76E-01,5.21E-01,5.27E-01,5.53E-01,6.42E-01,7.02E-01,6.76E-01,6.38E-01,6.34E-01,6.61E-01,6.64E-01,6.81E-01,6.50E-01,6.23E-01,6.83E-01,6.96E-01,5.86E-01,6.08E-01,6.74E-01,6.33E-01,6.39E-01,7.08E-01,6.04E-01,6.68E-01,6.30E-01,6.90E-01,6.92E-01,5.97E-01,6.20E-01,5.79E-01,6.44E-01,6.20E-01,6.08E-01,7.40E-01,6.65E-01,6.70E-01,6.49E-01,5.95E-01,6.67E-01,6.57E-01,6.58E-01,7.07E-01,6.50E-01,6.41E-01,6.36E-01,5.75E-01,6.41E-01,6.34E-01,6.07E-01,6.48E-01,6.00E-01,6.91E-01,6.23E-01,6.49E-01,6.19E-01,5.98E-01,6.30E-01,6.85E-01,6.14E-01,6.71E-01,6.88E-01,6.05E-01,5.72E-01,6.59E-01,6.54E-01,6.93E-01,6.64E-01,6.45E-01,7.35E-01,5.99E-01,6.89E-01,7.70E-01,6.29E-01,6.11E-01,7.07E-01,6.99E-01,5.88E-01,7.63E-01,7.73E-01,7.74E-01,6.70E-01,6.76E-01,6.52E-01,6.50E-01,6.21E-01,6.88E-01,6.50E-01,7.52E-01,7.67E-01,6.75E-01,7.25E-01,6.71E-01,6.40E-01,6.15E-01,7.77E-01,5.47E-01,6.23E-01,7.18E-01,6.87E-01,6.87E-01,6.81E-01,6.48E-01,7.09E-01,6.50E-01,6.55E-01,6.32E-01,5.73E-01,6.69E-01,6.00E-01,5.97E-01,6.83E-01,7.16E-01,6.52E-01,5.71E-01,7.11E-01,5.70E-01,6.63E-01,6.75E-01,6.38E-01,6.02E-01,6.82E-01,6.69E-01,6.75E-01,6.69E-01,6.52E-01,6.61E-01,5.89E-01,6.51E-01,5.36E-01,6.57E-01,7.08E-01,6.38E-01,6.47E-01,7.55E-01
116_S_0657,3.68E-01,3.33E-01,5.30E-01,5.00E-01,5.53E-01,6.18E-01,6.12E-01,6.57E-01,5.77E-01,6.87E-01,6.27E-01,5.63E-01,6.12E-01,4.56E-01,5.51E-01,5.41E-01,4.86E-01,5.48E-01,6.10E-01,5.87E-01,6.74E-01,6.22E-01,6.78E-01,6.03E-01,6.31E-01,6.39E-01,6.27E-01,5.62E-01,6.20E-01,5.74E-01,6.67E-01,6.58E-01,5.21E-01,4.94E-01,6.32E-01,6.39E-01,5.67E-01,5.25E-01,7.12E-01,6.48E-01,7.80E-01,6.71E-01,6.52E-01,7.16E-01,6.77E-01,7.01E-01,5.91E-01,7.04E-01,7.58E-01,6.97E-01,6.77E-01,7.51E-01,4.89E-01,5.39E-01,7.82E-01,6.46E-01,5.25E-01,6.47E-01,6.77E-01,6.96E-01,6.03E-01,6.18E-01,6.83E-01,6.62E-01,5.95E-01,5.98E-01,5.82E-01,5.28E-01,5.44E-01,5.40E-01,6.57E-01,6.93E-01,6.76E-01,6.36E-01,6.39E-01,6.76E-01,6.80E-01,6.84E-01,6.52E-01,6.52E-01,6.71E-01,6.91E-01,5.82E-01,6.17E-01,6.86E-01,6.42E-01,6.18E-01,6.87E-01,5.95E-01,6.99E-01,6.41E-01,6.92E-01,6.75E-01,5.81E-01,6.41E-01,5.87E-01,6.73E-01,6.23E-01,6.13E-01,7.60E-01,6.75E-01,6.56E-01,6.55E-01,6.04E-01,6.87E-01,6.71E-01,6.59E-01,6.95E-01,6.48E-01,6.59E-01,6.42E-01,5.53E-01,6.06E-01,6.40E-01,5.96E-01,6.49E-01,6.18E-01,6.86E-01,5.94E-01,6.43E-01,5.93E-01,5.86E-01,6.14E-01,7.00E-01,6.16E-01,6.67E-01,6.88E-01,6.32E-01,5.63E-01,6.64E-01,6.38E-01,6.75E-01,7.09E-01,6.35E-01,7.39E-01,6.13E-01,6.82E-01,7.50E-01,6.22E-01,5.94E-01,7.19E-01,7.00E-01,6.53E-01,7.61E-01,7.87E-01,7.64E-01,6.91E-01,6.91E-01,6.68E-01,6.45E-01,5.89E-01,6.95E-01,6.84E-01,7.51E-01,7.70E-01,6.90E-01,7.43E-01,7.02E-01,6.70E-01,6.00E-01,8.11E-01,5.21E-01,6.17E-01,7.24E-01,6.93E-01,6.71E-01,6.79E-01,6.56E-01,7.07E-01,6.48E-01,6.44E-01,6.41E-01,5.23E-01,7.16E-01,6.80E-01,5.75E-01,6.76E-01,7.09E-01,6.66E-01,6.85E-01,7.22E-01,6.03E-01,6.79E-01,7.20E-01,6.75E-01,6.20E-01,6.98E-01,6.84E-01,6.87E-01,6.73E-01,6.84E-01,6.69E-01,6.23E-01,6.66E-01,5.71E-01,6.50E-01,7.05E-01,6.40E-01,6.63E-01,7.55E-01
116_S_4010,3.84E-01,3.64E-01,5.47E-01,5.29E-01,5.64E-01,6.25E-01,6.37E-01,6.81E-01,6.12E-01,7.13E-01,6.48E-01,5.67E-01,6.34E-01,4.81E-01,5.87E-01,5.76E-01,5.32E-01,6.01E-01,6.16E-01,6.07E-01,6.81E-01,6.36E-01,6.93E-01,6.17E-01,6.50E-01,6.49E-01,6.24E-01,6.04E-01,6.41E-01,5.88E-01,6.70E-01,6.99E-01,5.16E-01,5.14E-01,6.57E-01,6.68E-01,5.97E-01,5.36E-01,7.14E-01,6.56E-01,8.08E-01,6.86E-01,6.62E-01,7.19E-01,6.91E-01,7.17E-01,6.09E-01,6.80E-01,7.81E-01,7.16E-01,6.98E-01,7.63E-01,5.37E-01,5.45E-01,7.88E-01,6.69E-01,5.32E-01,6.52E-01,6.78E-01,6.99E-01,6.02E-01,6.21E-01,6.87E-01,6.83E-01,6.25E-01,6.15E-01,5.90E-01,5.33E-01,5.57E-01,5.39E-01,6.49E-01,6.91E-01,6.65E-01,6.32E-01,6.22E-01,6.63E-01,6.79E-01,6.96E-01,6.54E-01,6.91E-01,6.69E-01,7.04E-01,6.06E-01,6.16E-01,6.89E-01,6.50E-01,6.51E-01,7.17E-01,6.14E-01,6.87E-01,6.16E-01,7.16E-01,6.99E-01,6.04E-01,6.40E-01,6.01E-01,6.76E-01,6.37E-01,6.05E-01,7.45E-01,6.71E-01,6.78E-01,6.34E-01,5.88E-01,6.83E-01,6.34E-01,6.62E-01,7.26E-01,6.64E-01,6.87E-01,6.50E-01,5.45E-01,6.29E-01,6.59E-01,6.28E-01,6.89E-01,6.26E-01,6.90E-01,6.41E-01,6.79E-01,5.91E-01,6.09E-01,6.25E-01,7.18E-01,6.41E-01,6.93E-01,7.10E-01,6.35E-01,5.84E-01,6.63E-01,6.71E-01,7.05E-01,7.13E-01,6.45E-01,7.47E-01,6.08E-01,6.99E-01,7.66E-01,6.01E-01,5.94E-01,7.17E-01,7.15E-01,6.38E-01,7.96E-01,7.88E-01,7.93E-01,6.97E-01,6.91E-01,6.76E-01,6.52E-01,6.32E-01,6.78E-01,6.85E-01,7.69E-01,7.89E-01,6.93E-01,7.77E-01,7.39E-01,7.20E-01,5.94E-01,8.17E-01,5.54E-01,6.57E-01,7.43E-01,6.69E-01,6.97E-01,6.93E-01,6.76E-01,6.94E-01,6.62E-01,6.46E-01,6.58E-01,5.84E-01,6.76E-01,6.78E-01,6.05E-01,6.74E-01,7.29E-01,6.71E-01,6.90E-01,7.25E-01,6.12E-01,6.86E-01,7.17E-01,6.77E-01,6.46E-01,7.17E-01,7.05E-01,6.86E-01,6.89E-01,6.88E-01,6.65E-01,6.04E-01,6.48E-01,6.14E-01,6.81E-01,7.31E-01,6.76E-01,6.74E-01,7.76E-01
116_S_4043,3.82E-01,3.48E-01,5.39E-01,4.99E-01,5.54E-01,6.23E-01,6.31E-01,6.80E-01,5.98E-01,7.11E-01,6.38E-01,5.66E-01,6.24E-01,4.53E-01,5.53E-01,5.43E-01,4.98E-01,5.87E-01,6.10E-01,5.90E-01,6.78E-01,6.28E-01,6.83E-01,6.12E-01,6.42E-01,6.42E-01,6.06E-01,5.75E-01,6.38E-01,5.83E-01,6.66E-01,6.51E-01,5.20E-01,5.18E-01,6.55E-01,6.77E-01,5.48E-01,5.50E-01,7.12E-01,6.67E-01,7.96E-01,6.72E-01,6.61E-01,7.31E-01,6.81E-01,6.96E-01,6.01E-01,6.81E-01,7.73E-01,7.05E-01,6.92E-01,7.49E-01,5.49E-01,5.54E-01,7.80E-01,6.54E-01,5.36E-01,6.61E-01,6.38E-01,7.11E-01,5.46E-01,5.96E-01,6.77E-01,6.65E-01,6.01E-01,6.10E-01,5.83E-01,5.17E-01,4.80E-01,5.41E-01,6.40E-01,6.81E-01,6.62E-01,6.39E-01,6.46E-01,6.55E-01,6.64E-01,6.84E-01,6.45E-01,6.59E-01,6.75E-01,6.97E-01,6.06E-01,6.31E-01,6.93E-01,6.65E-01,6.38E-01,6.94E-01,5.84E-01,6.54E-01,6.15E-01,7.20E-01,6.75E-01,5.86E-01,6.41E-01,5.88E-01,6.84E-01,6.62E-01,6.13E-01,7.50E-01,6.69E-01,6.76E-01,6.30E-01,5.79E-01,6.76E-01,6.31E-01,6.52E-01,7.13E-01,6.16E-01,6.83E-01,6.15E-01,5.40E-01,6.52E-01,6.47E-01,6.06E-01,6.59E-01,5.99E-01,6.83E-01,6.07E-01,6.39E-01,6.20E-01,5.94E-01,5.90E-01,7.23E-01,6.35E-01,7.00E-01,6.94E-01,6.63E-01,5.93E-01,6.96E-01,6.61E-01,6.95E-01,6.86E-01,6.18E-01,7.61E-01,5.99E-01,6.93E-01,7.68E-01,6.10E-01,6.14E-01,7.18E-01,7.18E-01,6.75E-01,7.87E-01,7.93E-01,7.86E-01,6.90E-01,7.04E-01,6.42E-01,6.47E-01,6.27E-01,7.08E-01,6.75E-01,7.55E-01,7.86E-01,7.01E-01,7.60E-01,7.20E-01,7.00E-01,6.02E-01,8.06E-01,5.67E-01,6.50E-01,7.63E-01,6.53E-01,6.81E-01,6.83E-01,6.72E-01,7.06E-01,6.62E-01,6.56E-01,6.49E-01,5.65E-01,6.76E-01,6.96E-01,5.87E-01,6.79E-01,7.32E-01,6.67E-01,6.63E-01,7.23E-01,5.61E-01,6.67E-01,7.03E-01,6.53E-01,5.99E-01,6.96E-01,6.91E-01,6.84E-01,6.85E-01,6.94E-01,6.58E-01,6.07E-01,6.25E-01,6.20E-01,6.88E-01,7.32E-01,6.73E-01,6.78E-01,7.72E-01
116_S_4092,3.72E-01,3.48E-01,5.35E-01,5.05E-01,5.54E-01,6.24E-01,6.23E-01,6.70E-01,5.94E-01,6.92E-01,6.31E-01,5.63E-01,6.27E-01,4.77E-01,5.61E-01,5.48E-01,4.98E-01,5.66E-01,5.82E-01,5.83E-01,6.76E-01,6.36E-01,6.78E-01,6.06E-01,6.40E-01,6.48E-01,6.14E-01,5.78E-01,6.38E-01,5.81E-01,6.55E-01,6.53E-01,5.07E-01,5.35E-01,6.49E-01,6.51E-01,5.39E-01,5.25E-01,7.08E-01,6.54E-01,7.91E-01,6.82E-01,6.73E-01,7.18E-01,6.83E-01,7.01E-01,5.97E-01,6.93E-01,7.72E-01,7.07E-01,6.88E-01,7.51E-01,5.47E-01,5.44E-01,7.77E-01,6.64E-01,5.47E-01,6.52E-01,6.46E-01,7.16E-01,5.73E-01,6.06E-01,6.75E-01,6.51E-01,6.14E-01,6.20E-01,5.80E-01,5.55E-01,5.36E-01,5.35E-01,6.44E-01,6.95E-01,6.69E-01,6.37E-01,6.23E-01,6.35E-01,6.63E-01,6.88E-01,6.49E-01,6.70E-01,6.72E-01,7.01E-01,6.02E-01,6.15E-01,6.83E-01,6.45E-01,6.16E-01,6.92E-01,5.85E-01,6.57E-01,6.07E-01,7.12E-01,6.91E-01,5.82E-01,6.34E-01,5.88E-01,6.79E-01,6.46E-01,6.15E-01,7.50E-01,6.65E-01,6.41E-01,6.33E-01,5.71E-01,6.67E-01,6.31E-01,6.56E-01,7.24E-01,6.50E-01,6.67E-01,6.42E-01,5.41E-01,6.13E-01,6.50E-01,6.35E-01,6.57E-01,6.07E-01,6.69E-01,6.00E-01,6.45E-01,5.89E-01,5.86E-01,6.00E-01,7.01E-01,6.21E-01,6.70E-01,7.01E-01,6.60E-01,5.61E-01,6.63E-01,6.52E-01,7.05E-01,6.76E-01,6.24E-01,7.44E-01,5.81E-01,7.01E-01,7.54E-01,6.10E-01,5.81E-01,7.08E-01,7.23E-01,6.61E-01,7.84E-01,7.78E-01,7.80E-01,6.71E-01,6.95E-01,6.76E-01,6.71E-01,6.21E-01,6.86E-01,6.78E-01,7.66E-01,7.82E-01,6.85E-01,7.46E-01,7.17E-01,7.06E-01,6.39E-01,8.09E-01,5.49E-01,6.53E-01,7.47E-01,6.79E-01,6.70E-01,6.75E-01,6.79E-01,6.65E-01,6.58E-01,6.45E-01,6.43E-01,5.49E-01,6.91E-01,6.72E-01,5.64E-01,6.81E-01,7.23E-01,6.33E-01,6.43E-01,7.19E-01,5.93E-01,6.74E-01,6.92E-01,6.33E-01,6.23E-01,7.09E-01,6.83E-01,6.97E-01,6.77E-01,6.90E-01,6.57E-01,6.20E-01,6.44E-01,6.01E-01,6.73E-01,7.14E-01,6.52E-01,6.62E-01,7.66E-01
116_S_4195,3.76E-01,3.41E-01,5.29E-01,4.95E-01,5.52E-01,6.19E-01,6.24E-01,6.76E-01,5.92E-01,7.15E-01,6.37E-01,5.51E-01,6.31E-01,4.41E-01,5.44E-01,5.32E-01,4.89E-01,5.71E-01,5.87E-01,5.80E-01,6.74E-01,6.28E-01,6.75E-01,6.02E-01,6.39E-01,6.42E-01,5.96E-01,5.52E-01,6.37E-01,5.73E-01,6.63E-01,6.56E-01,5.05E-01,4.79E-01,6.39E-01,6.70E-01,5.44E-01,5.19E-01,6.99E-01,6.41E-01,7.93E-01,6.72E-01,6.52E-01,7.22E-01,6.78E-01,6.96E-01,5.83E-01,6.84E-01,7.69E-01,6.98E-01,6.98E-01,7.60E-01,5.43E-01,5.48E-01,7.86E-01,6.42E-01,5.16E-01,6.70E-01,6.40E-01,7.00E-01,5.84E-01,5.86E-01,6.83E-01,6.55E-01,5.93E-01,6.09E-01,5.78E-01,5.20E-01,5.08E-01,5.44E-01,6.48E-01,6.92E-01,6.53E-01,6.38E-01,6.16E-01,6.32E-01,6.81E-01,6.84E-01,6.59E-01,6.64E-01,6.84E-01,6.98E-01,5.88E-01,6.07E-01,6.74E-01,6.47E-01,6.17E-01,6.97E-01,5.92E-01,6.68E-01,6.18E-01,7.05E-01,6.87E-01,5.72E-01,6.28E-01,5.97E-01,6.97E-01,6.35E-01,6.06E-01,7.56E-01,6.64E-01,6.81E-01,6.44E-01,5.89E-01,6.78E-01,6.38E-01,6.67E-01,7.19E-01,6.68E-01,7.19E-01,6.37E-01,5.29E-01,6.36E-01,6.74E-01,6.31E-01,6.73E-01,5.92E-01,6.90E-01,6.28E-01,6.62E-01,6.05E-01,5.82E-01,5.71E-01,7.14E-01,6.49E-01,6.85E-01,7.14E-01,6.67E-01,5.88E-01,6.56E-01,6.63E-01,7.04E-01,7.05E-01,6.21E-01,7.35E-01,6.11E-01,7.13E-01,7.61E-01,6.00E-01,5.90E-01,7.27E-01,7.18E-01,6.35E-01,7.82E-01,7.77E-01,7.89E-01,6.87E-01,6.92E-01,6.67E-01,6.48E-01,6.29E-01,6.91E-01,6.81E-01,7.73E-01,8.03E-01,6.93E-01,7.68E-01,7.40E-01,7.30E-01,5.94E-01,8.29E-01,5.45E-01,6.56E-01,7.54E-01,6.72E-01,7.02E-01,6.77E-01,6.61E-01,7.07E-01,6.69E-01,6.41E-01,6.41E-01,5.81E-01,7.11E-01,6.71E-01,6.04E-01,6.79E-01,7.23E-01,6.49E-01,6.44E-01,7.34E-01,6.08E-01,6.79E-01,7.15E-01,6.58E-01,6.34E-01,7.06E-01,6.85E-01,6.74E-01,6.87E-01,7.05E-01,6.81E-01,6.18E-01,6.38E-01,6.46E-01,6.85E-01,7.26E-01,6.75E-01,6.75E-01,7.69E-01
116_S_4209,3.76E-01,3.47E-01,5.32E-01,5.06E-01,5.46E-01,6.07E-01,6.23E-01,6.69E-01,5.91E-01,6.92E-01,6.37E-01,5.60E-01,6.30E-01,4.57E-01,5.57E-01,5.51E-01,5.09E-01,6.02E-01,6.08E-01,6.00E-01,6.71E-01,6.22E-01,6.77E-01,5.86E-01,6.42E-01,6.33E-01,6.14E-01,5.66E-01,6.28E-01,5.71E-01,6.45E-01,6.55E-01,5.27E-01,5.24E-01,6.42E-01,6.71E-01,5.43E-01,5.42E-01,7.06E-01,6.56E-01,7.82E-01,6.71E-01,6.37E-01,7.28E-01,6.92E-01,7.04E-01,6.02E-01,6.75E-01,7.67E-01,7.00E-01,6.84E-01,7.39E-01,5.33E-01,5.40E-01,7.74E-01,6.46E-01,5.37E-01,6.70E-01,6.37E-01,7.05E-01,5.92E-01,5.77E-01,6.68E-01,6.62E-01,6.00E-01,6.05E-01,5.70E-01,5.34E-01,5.03E-01,5.31E-01,6.51E-01,6.98E-01,6.71E-01,6.44E-01,6.18E-01,6.30E-01,6.76E-01,6.79E-01,6.53E-01,6.68E-01,6.70E-01,6.92E-01,5.85E-01,6.21E-01,6.66E-01,6.27E-01,5.95E-01,6.84E-01,5.92E-01,6.62E-01,6.27E-01,6.87E-01,6.67E-01,5.84E-01,6.04E-01,5.97E-01,6.71E-01,6.27E-01,5.88E-01,7.45E-01,6.69E-01,6.69E-01,6.31E-01,5.83E-01,6.76E-01,6.30E-01,6.42E-01,7.05E-01,6.47E-01,6.64E-01,6.41E-01,5.59E-01,6.27E-01,6.55E-01,6.37E-01,6.70E-01,6.12E-01,6.93E-01,6.48E-01,6.64E-01,6.24E-01,6.08E-01,6.16E-01,6.94E-01,6.29E-01,6.88E-01,7.05E-01,6.49E-01,5.79E-01,6.39E-01,6.58E-01,7.04E-01,6.89E-01,6.52E-01,7.45E-01,6.10E-01,6.85E-01,7.70E-01,6.33E-01,6.00E-01,7.21E-01,7.18E-01,6.41E-01,7.67E-01,7.58E-01,7.70E-01,6.79E-01,6.99E-01,6.56E-01,6.61E-01,6.30E-01,6.84E-01,6.69E-01,7.45E-01,7.78E-01,6.87E-01,7.46E-01,7.09E-01,6.97E-01,5.68E-01,8.07E-01,5.46E-01,6.49E-01,7.44E-01,7.02E-01,6.93E-01,6.85E-01,6.34E-01,6.98E-01,6.56E-01,6.35E-01,6.39E-01,5.61E-01,6.60E-01,6.46E-01,5.93E-01,6.59E-01,6.93E-01,6.58E-01,6.41E-01,7.20E-01,5.98E-01,6.75E-01,6.94E-01,6.43E-01,6.29E-01,7.05E-01,6.83E-01,6.66E-01,6.55E-01,6.85E-01,6.58E-01,5.83E-01,6.37E-01,5.98E-01,6.73E-01,7.12E-01,6.54E-01,6.76E-01,7.44E-01
116_S_4338,3.78E-01,3.43E-01,5.35E-01,5.00E-01,5.41E-01,6.00E-01,6.18E-01,6.56E-01,5.85E-01,6.70E-01,6.21E-01,5.35E-01,6.12E-01,4.48E-01,5.47E-01,5.37E-01,5.02E-01,5.70E-01,6.11E-01,5.84E-01,6.53E-01,6.14E-01,6.61E-01,5.81E-01,6.24E-01,6.31E-01,6.07E-01,5.53E-01,5.94E-01,5.69E-01,6.51E-01,6.40E-01,4.93E-01,4.86E-01,6.23E-01,6.31E-01,5.33E-01,5.41E-01,6.83E-01,6.45E-01,7.66E-01,6.62E-01,6.31E-01,7.10E-01,6.56E-01,6.91E-01,5.87E-01,6.50E-01,7.51E-01,6.81E-01,6.59E-01,7.25E-01,5.35E-01,5.30E-01,7.66E-01,6.27E-01,5.33E-01,6.59E-01,6.16E-01,7.10E-01,5.67E-01,5.78E-01,6.44E-01,6.44E-01,5.85E-01,5.96E-01,5.66E-01,5.06E-01,4.95E-01,5.31E-01,6.31E-01,6.74E-01,6.56E-01,6.08E-01,6.04E-01,6.35E-01,6.54E-01,6.70E-01,6.27E-01,6.56E-01,6.57E-01,6.72E-01,5.59E-01,6.11E-01,6.66E-01,6.24E-01,6.03E-01,6.78E-01,5.82E-01,6.52E-01,5.54E-01,6.81E-01,6.66E-01,5.75E-01,5.97E-01,5.79E-01,6.60E-01,5.97E-01,5.92E-01,7.40E-01,6.63E-01,6.48E-01,6.27E-01,5.69E-01,6.66E-01,6.10E-01,6.20E-01,6.93E-01,6.06E-01,6.34E-01,6.15E-01,5.39E-01,6.12E-01,6.39E-01,6.01E-01,6.53E-01,5.97E-01,6.91E-01,6.27E-01,6.50E-01,6.22E-01,5.89E-01,6.14E-01,6.86E-01,6.18E-01,6.71E-01,6.90E-01,6.33E-01,5.64E-01,6.49E-01,6.32E-01,6.83E-01,6.65E-01,6.08E-01,7.35E-01,5.82E-01,6.91E-01,7.47E-01,6.26E-01,5.74E-01,6.91E-01,6.98E-01,6.11E-01,7.68E-01,7.62E-01,7.56E-01,6.64E-01,6.74E-01,6.56E-01,6.49E-01,6.19E-01,6.80E-01,6.45E-01,7.55E-01,7.59E-01,6.63E-01,7.38E-01,6.98E-01,6.86E-01,5.84E-01,7.96E-01,5.43E-01,6.48E-01,7.11E-01,6.52E-01,6.79E-01,6.56E-01,6.37E-01,6.75E-01,6.35E-01,6.35E-01,6.28E-01,5.50E-01,6.79E-01,6.65E-01,5.77E-01,6.55E-01,7.04E-01,6.28E-01,6.65E-01,6.88E-01,5.80E-01,6.56E-01,6.83E-01,6.09E-01,5.99E-01,6.87E-01,6.68E-01,6.46E-01,6.56E-01,6.78E-01,6.55E-01,6.04E-01,6.13E-01,5.63E-01,6.22E-01,7.16E-01,6.41E-01,6.37E-01,7.69E-01
116_S_4453,3.85E-01,3.50E-01,5.41E-01,5.07E-01,5.65E-01,6.21E-01,6.31E-01,6.79E-01,5.95E-01,7.05E-01,6.44E-01,5.50E-01,6.33E-01,4.68E-01,5.66E-01,5.55E-01,5.09E-01,5.90E-01,6.06E-01,5.77E-01,6.80E-01,6.37E-01,6.80E-01,6.09E-01,6.42E-01,6.48E-01,6.12E-01,5.73E-01,6.42E-01,5.82E-01,6.74E-01,6.52E-01,5.12E-01,4.96E-01,6.41E-01,6.54E-01,5.81E-01,5.54E-01,7.05E-01,6.66E-01,7.96E-01,6.77E-01,6.62E-01,7.23E-01,6.82E-01,6.84E-01,5.92E-01,6.82E-01,7.71E-01,7.03E-01,6.94E-01,7.49E-01,5.48E-01,5.52E-01,7.88E-01,6.65E-01,5.49E-01,6.67E-01,6.74E-01,7.05E-01,5.80E-01,6.02E-01,6.65E-01,6.66E-01,6.00E-01,6.22E-01,5.96E-01,5.22E-01,5.08E-01,5.39E-01,6.51E-01,6.99E-01,6.68E-01,6.47E-01,6.34E-01,6.41E-01,6.76E-01,6.87E-01,6.57E-01,6.79E-01,6.79E-01,6.99E-01,6.07E-01,6.28E-01,6.93E-01,6.67E-01,6.41E-01,7.06E-01,5.83E-01,6.74E-01,6.17E-01,7.14E-01,6.89E-01,6.10E-01,6.31E-01,6.08E-01,6.74E-01,6.64E-01,6.22E-01,7.43E-01,6.70E-01,6.68E-01,6.33E-01,5.86E-01,6.74E-01,6.30E-01,6.56E-01,7.11E-01,6.44E-01,6.70E-01,6.25E-01,5.48E-01,6.23E-01,6.56E-01,6.39E-01,6.58E-01,6.14E-01,6.95E-01,6.24E-01,6.55E-01,5.99E-01,5.79E-01,6.39E-01,7.15E-01,6.34E-01,6.98E-01,7.08E-01,6.64E-01,6.18E-01,6.71E-01,6.60E-01,6.94E-01,6.82E-01,6.25E-01,7.40E-01,5.96E-01,7.11E-01,7.64E-01,6.27E-01,6.03E-01,7.15E-01,7.27E-01,6.29E-01,7.94E-01,7.91E-01,7.89E-01,7.01E-01,6.99E-01,6.64E-01,6.40E-01,6.26E-01,7.06E-01,6.91E-01,7.64E-01,8.01E-01,6.96E-01,7.65E-01,7.29E-01,7.16E-01,6.20E-01,8.23E-01,5.54E-01,6.73E-01,7.61E-01,6.77E-01,6.89E-01,7.00E-01,7.05E-01,7.21E-01,6.84E-01,6.57E-01,6.55E-01,5.61E-01,6.87E-01,6.58E-01,6.11E-01,6.83E-01,7.39E-01,6.36E-01,6.91E-01,7.22E-01,5.86E-01,6.94E-01,6.96E-01,6.89E-01,6.22E-01,7.06E-01,6.99E-01,6.87E-01,6.96E-01,7.01E-01,6.69E-01,6.44E-01,6.43E-01,6.11E-01,6.85E-01,7.27E-01,6.75E-01,6.76E-01,7.64E-01
116_S_4483,3.96E-01,3.60E-01,5.52E-01,5.12E-01,5.62E-01,6.27E-01,6.33E-01,6.84E-01,6.03E-01,7.21E-01,6.47E-01,5.71E-01,6.42E-01,4.75E-01,5.88E-01,5.77E-01,5.15E-01,5.93E-01,6.26E-01,5.91E-01,6.85E-01,6.54E-01,6.96E-01,6.20E-01,6.62E-01,6.68E-01,6.26E-01,6.02E-01,6.52E-01,6.07E-01,6.76E-01,6.67E-01,5.27E-01,4.91E-01,6.59E-01,6.86E-01,5.73E-01,5.51E-01,7.26E-01,6.64E-01,8.05E-01,6.83E-01,6.76E-01,7.40E-01,7.02E-01,7.20E-01,5.91E-01,6.83E-01,7.75E-01,7.12E-01,6.92E-01,7.48E-01,5.55E-01,5.63E-01,7.82E-01,6.67E-01,5.56E-01,6.88E-01,6.67E-01,7.16E-01,6.16E-01,6.12E-01,6.89E-01,6.75E-01,6.37E-01,6.26E-01,5.99E-01,5.32E-01,5.33E-01,5.64E-01,6.47E-01,7.10E-01,6.78E-01,6.51E-01,6.42E-01,6.86E-01,6.87E-01,7.06E-01,6.70E-01,6.65E-01,6.81E-01,7.08E-01,5.83E-01,6.30E-01,7.01E-01,6.73E-01,6.47E-01,7.12E-01,6.08E-01,6.84E-01,6.34E-01,7.21E-01,6.94E-01,5.95E-01,6.47E-01,5.60E-01,6.85E-01,6.53E-01,6.22E-01,7.51E-01,6.80E-01,6.79E-01,6.30E-01,5.90E-01,6.71E-01,6.24E-01,6.70E-01,7.11E-01,6.55E-01,6.92E-01,6.43E-01,5.24E-01,6.56E-01,6.92E-01,6.45E-01,6.94E-01,6.30E-01,6.98E-01,6.33E-01,6.63E-01,6.13E-01,6.01E-01,5.96E-01,7.29E-01,6.47E-01,7.07E-01,7.23E-01,6.65E-01,6.12E-01,6.77E-01,6.70E-01,7.07E-01,7.15E-01,6.19E-01,7.59E-01,6.23E-01,7.16E-01,7.71E-01,6.36E-01,5.51E-01,7.42E-01,7.39E-01,6.69E-01,8.00E-01,7.96E-01,7.95E-01,7.07E-01,7.14E-01,6.84E-01,6.76E-01,6.53E-01,7.01E-01,6.96E-01,7.87E-01,7.81E-01,6.91E-01,7.54E-01,7.24E-01,7.00E-01,6.29E-01,8.05E-01,5.70E-01,6.56E-01,7.67E-01,6.85E-01,6.84E-01,7.04E-01,6.74E-01,7.25E-01,6.74E-01,6.59E-01,6.65E-01,5.94E-01,6.79E-01,6.94E-01,6.31E-01,6.91E-01,7.43E-01,6.76E-01,6.86E-01,7.25E-01,6.02E-01,6.93E-01,7.11E-01,6.75E-01,6.49E-01,7.11E-01,6.99E-01,6.92E-01,7.03E-01,6.88E-01,6.81E-01,6.17E-01,6.37E-01,6.22E-01,6.89E-01,7.37E-01,6.91E-01,6.94E-01,7.86E-01
116_S_4732,3.69E-01,3.35E-01,5.29E-01,4.86E-01,5.38E-01,6.03E-01,6.21E-01,6.53E-01,5.86E-01,6.75E-01,6.15E-01,5.38E-01,6.11E-01,4.35E-01,5.38E-01,5.36E-01,4.85E-01,5.71E-01,5.72E-01,5.69E-01,6.63E-01,6.08E-01,6.63E-01,5.84E-01,6.33E-01,6.28E-01,5.89E-01,5.50E-01,6.12E-01,5.63E-01,6.50E-01,6.35E-01,4.84E-01,4.73E-01,6.29E-01,6.49E-01,5.25E-01,5.02E-01,6.94E-01,6.33E-01,7.75E-01,6.68E-01,6.35E-01,7.06E-01,6.67E-01,6.85E-01,5.92E-01,6.71E-01,7.64E-01,6.94E-01,6.93E-01,7.51E-01,5.42E-01,5.40E-01,7.81E-01,6.40E-01,5.15E-01,6.49E-01,6.45E-01,6.90E-01,5.79E-01,5.96E-01,6.57E-01,6.60E-01,6.04E-01,6.01E-01,5.72E-01,5.16E-01,4.86E-01,5.25E-01,6.29E-01,6.77E-01,6.34E-01,6.22E-01,6.07E-01,6.48E-01,6.55E-01,6.73E-01,6.40E-01,6.57E-01,6.63E-01,6.83E-01,6.01E-01,6.23E-01,6.82E-01,6.43E-01,5.99E-01,6.83E-01,5.58E-01,6.61E-01,5.97E-01,6.92E-01,6.80E-01,5.93E-01,6.21E-01,5.73E-01,6.57E-01,6.45E-01,5.96E-01,7.41E-01,6.57E-01,6.70E-01,6.33E-01,5.86E-01,6.56E-01,6.10E-01,6.60E-01,7.14E-01,6.24E-01,6.33E-01,6.06E-01,5.00E-01,6.32E-01,6.55E-01,5.94E-01,6.49E-01,5.76E-01,6.76E-01,6.17E-01,6.16E-01,5.71E-01,5.62E-01,5.69E-01,7.10E-01,6.27E-01,6.87E-01,6.94E-01,6.50E-01,5.89E-01,6.64E-01,6.47E-01,6.97E-01,6.64E-01,5.99E-01,7.38E-01,5.55E-01,7.04E-01,7.37E-01,5.89E-01,5.51E-01,7.23E-01,7.21E-01,6.70E-01,7.74E-01,7.87E-01,7.84E-01,6.82E-01,6.99E-01,6.38E-01,6.29E-01,6.27E-01,7.03E-01,6.81E-01,7.62E-01,7.84E-01,6.93E-01,7.67E-01,7.36E-01,7.06E-01,5.90E-01,8.40E-01,5.73E-01,6.58E-01,7.49E-01,6.83E-01,6.85E-01,6.60E-01,6.48E-01,6.99E-01,6.61E-01,6.61E-01,6.60E-01,5.54E-01,6.76E-01,6.82E-01,5.99E-01,6.76E-01,7.33E-01,6.51E-01,6.72E-01,7.15E-01,5.55E-01,6.73E-01,6.92E-01,6.20E-01,6.01E-01,6.91E-01,6.83E-01,6.59E-01,6.90E-01,7.33E-01,6.37E-01,6.15E-01,6.14E-01,5.76E-01,6.72E-01,7.27E-01,6.39E-01,6.78E-01,7.70E-01
116_S_4855,3.87E-01,3.52E-01,5.37E-01,5.02E-01,5.56E-01,6.15E-01,6.23E-01,6.74E-01,5.90E-01,6.95E-01,6.37E-01,5.51E-01,6.19E-01,4.52E-01,5.42E-01,5.45E-01,5.14E-01,5.86E-01,6.18E-01,5.97E-01,6.76E-01,6.27E-01,6.81E-01,5.90E-01,6.29E-01,6.43E-01,6.01E-01,5.68E-01,6.33E-01,5.80E-01,6.57E-01,6.37E-01,5.02E-01,5.19E-01,6.38E-01,6.76E-01,5.36E-01,5.60E-01,6.97E-01,6.56E-01,7.84E-01,6.71E-01,6.57E-01,7.21E-01,6.73E-01,6.95E-01,6.05E-01,6.81E-01,7.60E-01,7.00E-01,6.66E-01,7.17E-01,5.41E-01,5.46E-01,7.72E-01,6.39E-01,5.41E-01,6.68E-01,6.52E-01,7.11E-01,5.61E-01,5.84E-01,6.70E-01,6.59E-01,6.11E-01,6.16E-01,5.83E-01,5.47E-01,5.06E-01,5.58E-01,6.55E-01,6.93E-01,6.64E-01,6.41E-01,6.42E-01,6.29E-01,6.61E-01,6.81E-01,6.42E-01,6.50E-01,6.64E-01,6.86E-01,5.70E-01,6.21E-01,6.76E-01,6.45E-01,6.19E-01,7.00E-01,5.91E-01,6.55E-01,6.07E-01,6.83E-01,6.79E-01,5.71E-01,6.18E-01,5.92E-01,6.76E-01,6.44E-01,6.01E-01,7.50E-01,6.72E-01,6.65E-01,6.23E-01,5.74E-01,6.58E-01,6.11E-01,6.38E-01,6.99E-01,6.14E-01,6.73E-01,6.20E-01,5.35E-01,6.07E-01,6.66E-01,6.07E-01,6.32E-01,5.94E-01,6.83E-01,6.28E-01,6.12E-01,6.05E-01,5.67E-01,5.93E-01,6.95E-01,6.18E-01,6.79E-01,6.98E-01,6.50E-01,5.82E-01,6.66E-01,6.60E-01,6.95E-01,6.95E-01,6.29E-01,7.51E-01,6.12E-01,6.92E-01,7.75E-01,6.08E-01,5.97E-01,7.08E-01,7.11E-01,6.17E-01,7.64E-01,7.76E-01,7.81E-01,6.84E-01,6.70E-01,6.42E-01,6.26E-01,6.38E-01,7.00E-01,6.74E-01,7.64E-01,7.74E-01,6.87E-01,7.25E-01,6.97E-01,6.73E-01,5.81E-01,7.83E-01,5.32E-01,6.43E-01,7.41E-01,6.71E-01,6.75E-01,6.61E-01,6.37E-01,7.06E-01,6.59E-01,6.40E-01,6.34E-01,5.89E-01,6.71E-01,6.54E-01,5.93E-01,6.70E-01,7.31E-01,6.38E-01,6.52E-01,7.07E-01,5.61E-01,6.45E-01,6.87E-01,6.19E-01,5.89E-01,6.87E-01,6.78E-01,6.69E-01,6.61E-01,6.33E-01,6.52E-01,6.02E-01,6.12E-01,5.88E-01,6.59E-01,7.07E-01,6.60E-01,6.43E-01,7.51E-01
123_S_0106,3.77E-01,3.50E-01,5.44E-01,5.18E-01,5.58E-01,6.18E-01,6.17E-01,6.69E-01,5.94E-01,6.84E-01,6.28E-01,5.79E-01,6.22E-01,4.85E-01,5.58E-01,5.63E-01,5.10E-01,5.95E-01,6.07E-01,6.11E-01,6.72E-01,6.14E-01,6.70E-01,5.90E-01,6.38E-01,6.40E-01,6.13E-01,5.78E-01,6.24E-01,5.88E-01,6.63E-01,6.55E-01,5.30E-01,5.23E-01,6.37E-01,6.49E-01,5.72E-01,5.46E-01,6.95E-01,6.43E-01,7.68E-01,6.60E-01,6.51E-01,7.08E-01,6.70E-01,6.86E-01,5.91E-01,6.75E-01,7.56E-01,6.94E-01,6.53E-01,7.19E-01,5.19E-01,5.25E-01,7.66E-01,6.31E-01,5.37E-01,6.17E-01,6.60E-01,6.99E-01,6.00E-01,5.97E-01,6.70E-01,6.59E-01,6.11E-01,6.06E-01,5.64E-01,5.53E-01,5.34E-01,5.51E-01,6.48E-01,6.85E-01,6.60E-01,6.31E-01,6.23E-01,6.61E-01,6.58E-01,6.82E-01,6.45E-01,6.35E-01,6.51E-01,6.91E-01,5.60E-01,6.12E-01,6.67E-01,6.39E-01,5.98E-01,7.11E-01,6.18E-01,6.74E-01,6.17E-01,6.68E-01,6.56E-01,6.04E-01,6.11E-01,5.79E-01,6.62E-01,6.16E-01,5.95E-01,7.45E-01,6.70E-01,6.70E-01,6.40E-01,5.95E-01,6.86E-01,6.47E-01,6.50E-01,7.13E-01,6.35E-01,6.42E-01,6.34E-01,5.58E-01,6.01E-01,6.27E-01,5.96E-01,6.56E-01,5.81E-01,6.86E-01,5.88E-01,6.37E-01,5.98E-01,5.96E-01,6.10E-01,6.86E-01,6.24E-01,6.56E-01,6.93E-01,6.33E-01,5.70E-01,6.51E-01,6.51E-01,6.84E-01,6.95E-01,6.41E-01,7.50E-01,5.98E-01,6.67E-01,7.56E-01,6.04E-01,6.09E-01,6.91E-01,7.08E-01,6.50E-01,7.55E-01,7.68E-01,7.67E-01,6.66E-01,6.84E-01,6.33E-01,6.58E-01,6.11E-01,6.89E-01,6.68E-01,7.44E-01,7.68E-01,6.76E-01,7.10E-01,6.67E-01,6.53E-01,6.04E-01,7.75E-01,5.19E-01,6.27E-01,7.09E-01,6.17E-01,6.67E-01,6.71E-01,6.11E-01,6.99E-01,6.40E-01,6.45E-01,6.19E-01,5.71E-01,6.63E-01,6.78E-01,5.74E-01,6.68E-01,7.16E-01,6.64E-01,6.81E-01,7.16E-01,5.77E-01,6.63E-01,6.79E-01,6.46E-01,6.10E-01,6.64E-01,6.65E-01,6.61E-01,6.43E-01,6.30E-01,6.71E-01,6.04E-01,6.40E-01,5.71E-01,6.31E-01,7.08E-01,6.36E-01,6.49E-01,7.36E-01
123_S_4526,4.13E-01,3.79E-01,5.71E-01,5.35E-01,5.71E-01,6.34E-01,6.45E-01,6.92E-01,6.22E-01,7.05E-01,6.67E-01,5.80E-01,6.42E-01,4.88E-01,5.78E-01,5.78E-01,5.31E-01,5.88E-01,6.21E-01,5.96E-01,6.75E-01,6.36E-01,6.92E-01,6.12E-01,6.51E-01,6.52E-01,6.34E-01,6.01E-01,6.40E-01,6.01E-01,6.67E-01,6.69E-01,5.46E-01,5.53E-01,6.46E-01,6.96E-01,5.46E-01,5.56E-01,7.19E-01,6.61E-01,7.84E-01,6.86E-01,6.59E-01,7.33E-01,6.76E-01,7.10E-01,6.10E-01,6.87E-01,7.81E-01,6.90E-01,6.99E-01,7.42E-01,5.56E-01,5.47E-01,7.82E-01,6.67E-01,5.47E-01,6.65E-01,6.56E-01,7.17E-01,5.99E-01,6.17E-01,6.82E-01,6.86E-01,6.23E-01,6.18E-01,5.99E-01,5.45E-01,5.27E-01,5.58E-01,6.54E-01,6.93E-01,6.77E-01,6.53E-01,6.34E-01,6.38E-01,6.65E-01,6.89E-01,6.58E-01,6.64E-01,6.80E-01,6.83E-01,6.09E-01,6.24E-01,6.95E-01,6.56E-01,6.23E-01,6.91E-01,6.12E-01,6.60E-01,6.12E-01,7.07E-01,6.83E-01,5.89E-01,6.39E-01,5.82E-01,6.65E-01,6.28E-01,6.12E-01,7.39E-01,6.67E-01,6.71E-01,6.42E-01,6.04E-01,6.78E-01,6.40E-01,6.49E-01,7.03E-01,6.47E-01,6.51E-01,6.27E-01,5.60E-01,6.27E-01,6.65E-01,6.12E-01,6.72E-01,6.14E-01,6.94E-01,6.17E-01,6.45E-01,6.02E-01,5.71E-01,6.00E-01,7.07E-01,6.28E-01,6.85E-01,6.98E-01,6.54E-01,5.98E-01,6.77E-01,6.61E-01,6.86E-01,6.98E-01,6.20E-01,7.42E-01,5.99E-01,6.76E-01,7.46E-01,6.14E-01,5.80E-01,7.09E-01,7.08E-01,6.54E-01,7.68E-01,7.63E-01,7.71E-01,6.85E-01,6.85E-01,6.58E-01,6.48E-01,6.18E-01,6.87E-01,6.86E-01,7.71E-01,7.79E-01,6.77E-01,7.55E-01,7.17E-01,6.95E-01,5.90E-01,8.01E-01,5.54E-01,6.56E-01,7.48E-01,6.87E-01,6.85E-01,6.82E-01,6.87E-01,6.96E-01,6.53E-01,6.57E-01,6.46E-01,5.73E-01,6.74E-01,6.83E-01,5.95E-01,6.52E-01,6.96E-01,6.41E-01,6.55E-01,7.03E-01,5.76E-01,6.75E-01,6.86E-01,6.64E-01,6.12E-01,6.90E-01,6.78E-01,6.66E-01,6.62E-01,6.92E-01,6.62E-01,6.36E-01,6.33E-01,5.76E-01,6.52E-01,7.34E-01,6.58E-01,6.70E-01,7.39E-01
126_S_0680,3.79E-01,3.45E-01,5.41E-01,5.00E-01,5.51E-01,6.21E-01,6.24E-01,6.67E-01,5.87E-01,7.08E-01,6.23E-01,5.57E-01,6.10E-01,4.49E-01,5.56E-01,5.31E-01,5.15E-01,5.87E-01,6.08E-01,5.82E-01,6.70E-01,6.21E-01,6.66E-01,6.02E-01,6.22E-01,6.30E-01,6.03E-01,5.76E-01,6.40E-01,5.93E-01,6.58E-01,6.45E-01,5.04E-01,4.90E-01,6.34E-01,6.63E-01,5.57E-01,5.60E-01,7.02E-01,6.65E-01,7.91E-01,6.71E-01,6.42E-01,7.20E-01,6.62E-01,7.03E-01,6.11E-01,6.83E-01,7.68E-01,6.86E-01,6.56E-01,7.32E-01,5.39E-01,5.44E-01,7.74E-01,6.44E-01,5.35E-01,6.84E-01,6.55E-01,7.02E-01,5.96E-01,5.99E-01,6.86E-01,6.70E-01,6.08E-01,6.05E-01,5.96E-01,4.90E-01,5.22E-01,5.34E-01,6.66E-01,6.82E-01,6.49E-01,6.28E-01,6.26E-01,6.35E-01,6.52E-01,6.72E-01,6.46E-01,6.51E-01,6.81E-01,6.82E-01,5.83E-01,6.17E-01,6.86E-01,6.39E-01,6.10E-01,7.02E-01,5.93E-01,6.77E-01,6.00E-01,6.77E-01,6.51E-01,5.93E-01,6.19E-01,5.74E-01,6.72E-01,6.32E-01,6.19E-01,7.52E-01,6.71E-01,6.81E-01,6.36E-01,5.90E-01,6.66E-01,6.36E-01,6.34E-01,6.97E-01,6.20E-01,6.62E-01,6.33E-01,5.41E-01,5.83E-01,6.29E-01,5.69E-01,6.48E-01,5.95E-01,6.85E-01,5.95E-01,6.09E-01,5.84E-01,5.60E-01,5.31E-01,6.79E-01,6.17E-01,6.70E-01,6.96E-01,6.54E-01,5.67E-01,6.72E-01,6.45E-01,6.84E-01,6.68E-01,6.03E-01,7.42E-01,6.00E-01,6.94E-01,7.41E-01,6.19E-01,5.64E-01,6.97E-01,7.03E-01,6.26E-01,7.61E-01,7.62E-01,7.71E-01,6.63E-01,6.66E-01,6.38E-01,6.02E-01,5.99E-01,6.76E-01,6.83E-01,7.57E-01,7.69E-01,6.75E-01,7.34E-01,6.82E-01,6.68E-01,6.19E-01,7.95E-01,5.40E-01,6.38E-01,7.34E-01,6.97E-01,6.85E-01,6.91E-01,6.44E-01,6.92E-01,6.50E-01,6.46E-01,6.27E-01,5.26E-01,6.62E-01,6.80E-01,5.92E-01,6.50E-01,7.15E-01,6.73E-01,6.43E-01,7.09E-01,5.59E-01,6.60E-01,6.76E-01,6.26E-01,5.89E-01,6.65E-01,6.60E-01,6.39E-01,6.43E-01,6.78E-01,6.50E-01,6.05E-01,6.06E-01,5.77E-01,6.53E-01,7.02E-01,6.42E-01,6.54E-01,7.77E-01
126_S_4494,3.86E-01,3.60E-01,5.63E-01,5.21E-01,5.57E-01,6.28E-01,6.29E-01,6.80E-01,5.97E-01,7.01E-01,6.42E-01,5.67E-01,6.22E-01,4.57E-01,5.50E-01,5.44E-01,4.97E-01,5.80E-01,5.90E-01,5.82E-01,6.83E-01,6.24E-01,6.80E-01,6.04E-01,6.29E-01,6.38E-01,6.09E-01,5.75E-01,6.38E-01,5.75E-01,6.65E-01,6.43E-01,5.20E-01,5.10E-01,6.40E-01,6.79E-01,5.33E-01,5.34E-01,7.04E-01,6.45E-01,7.72E-01,6.78E-01,6.54E-01,7.25E-01,6.78E-01,6.94E-01,5.96E-01,6.55E-01,7.68E-01,6.99E-01,6.85E-01,7.46E-01,5.53E-01,5.52E-01,7.79E-01,6.43E-01,5.39E-01,6.83E-01,6.52E-01,6.87E-01,5.66E-01,6.01E-01,6.75E-01,6.60E-01,5.97E-01,6.08E-01,5.86E-01,5.13E-01,5.02E-01,5.25E-01,6.43E-01,6.80E-01,6.53E-01,6.32E-01,6.14E-01,6.56E-01,6.70E-01,6.74E-01,6.37E-01,6.77E-01,6.68E-01,6.95E-01,5.62E-01,6.24E-01,6.76E-01,6.45E-01,6.04E-01,6.90E-01,5.78E-01,6.54E-01,6.08E-01,6.91E-01,6.78E-01,5.66E-01,6.29E-01,6.03E-01,6.82E-01,6.48E-01,6.17E-01,7.38E-01,7.03E-01,6.88E-01,6.58E-01,6.15E-01,6.97E-01,6.41E-01,6.85E-01,7.13E-01,6.53E-01,6.78E-01,6.39E-01,5.65E-01,6.12E-01,6.62E-01,6.04E-01,6.28E-01,5.73E-01,6.71E-01,6.03E-01,6.33E-01,5.97E-01,5.42E-01,6.28E-01,7.14E-01,6.44E-01,6.90E-01,6.98E-01,6.59E-01,5.91E-01,6.83E-01,6.81E-01,7.22E-01,6.82E-01,6.30E-01,7.32E-01,6.01E-01,7.12E-01,7.66E-01,6.06E-01,5.81E-01,7.14E-01,7.10E-01,6.61E-01,7.73E-01,7.78E-01,7.93E-01,6.81E-01,6.87E-01,6.59E-01,6.37E-01,6.23E-01,6.87E-01,6.64E-01,7.68E-01,7.69E-01,6.94E-01,7.62E-01,7.23E-01,7.02E-01,6.36E-01,8.08E-01,5.62E-01,6.86E-01,7.72E-01,6.94E-01,7.00E-01,6.66E-01,6.71E-01,6.91E-01,6.61E-01,6.66E-01,6.78E-01,5.69E-01,6.75E-01,6.56E-01,5.91E-01,6.69E-01,7.07E-01,6.52E-01,5.99E-01,7.13E-01,5.81E-01,6.70E-01,6.93E-01,6.83E-01,6.14E-01,7.07E-01,6.93E-01,6.60E-01,6.85E-01,6.84E-01,6.63E-01,6.15E-01,6.57E-01,6.22E-01,7.15E-01,7.38E-01,6.80E-01,7.01E-01,7.54E-01
127_S_4148,3.70E-01,3.45E-01,5.50E-01,5.27E-01,5.57E-01,6.38E-01,6.26E-01,6.75E-01,5.92E-01,7.18E-01,6.35E-01,5.80E-01,6.24E-01,4.44E-01,5.42E-01,5.42E-01,4.95E-01,5.47E-01,6.05E-01,6.00E-01,6.71E-01,6.28E-01,6.80E-01,6.15E-01,6.41E-01,6.33E-01,6.16E-01,5.63E-01,6.36E-01,5.67E-01,6.59E-01,6.63E-01,5.10E-01,4.92E-01,6.36E-01,6.61E-01,5.55E-01,5.53E-01,7.17E-01,6.43E-01,8.03E-01,6.77E-01,6.50E-01,7.17E-01,6.79E-01,6.87E-01,5.92E-01,6.81E-01,7.68E-01,7.08E-01,6.96E-01,7.63E-01,5.52E-01,5.53E-01,7.84E-01,6.67E-01,5.53E-01,6.79E-01,6.58E-01,7.01E-01,5.71E-01,6.09E-01,6.88E-01,6.43E-01,5.91E-01,6.14E-01,5.83E-01,5.21E-01,5.05E-01,5.40E-01,6.50E-01,6.86E-01,6.56E-01,6.41E-01,6.28E-01,6.86E-01,6.74E-01,6.91E-01,6.47E-01,6.91E-01,6.82E-01,7.23E-01,6.05E-01,6.19E-01,6.83E-01,6.58E-01,6.45E-01,7.03E-01,5.90E-01,6.68E-01,6.11E-01,7.13E-01,6.86E-01,6.03E-01,6.23E-01,6.11E-01,7.02E-01,6.60E-01,6.14E-01,7.33E-01,6.83E-01,6.86E-01,6.64E-01,6.04E-01,6.85E-01,6.47E-01,6.84E-01,7.16E-01,6.64E-01,7.08E-01,6.18E-01,5.51E-01,6.28E-01,6.67E-01,6.34E-01,6.43E-01,6.08E-01,6.78E-01,5.92E-01,6.07E-01,6.03E-01,5.95E-01,5.93E-01,7.20E-01,6.41E-01,7.01E-01,7.10E-01,6.53E-01,6.04E-01,6.68E-01,6.59E-01,7.07E-01,6.98E-01,6.42E-01,7.37E-01,5.66E-01,6.95E-01,7.59E-01,6.19E-01,5.97E-01,7.09E-01,7.18E-01,6.50E-01,7.93E-01,7.79E-01,7.86E-01,6.87E-01,7.04E-01,6.63E-01,6.49E-01,6.43E-01,7.04E-01,6.83E-01,7.69E-01,7.65E-01,7.02E-01,7.78E-01,7.52E-01,7.25E-01,6.08E-01,8.26E-01,5.56E-01,6.67E-01,7.58E-01,7.04E-01,6.67E-01,6.82E-01,6.87E-01,7.12E-01,6.67E-01,6.36E-01,6.51E-01,5.54E-01,6.88E-01,6.91E-01,6.02E-01,7.05E-01,7.25E-01,6.44E-01,6.81E-01,7.15E-01,5.53E-01,6.94E-01,7.07E-01,6.65E-01,6.27E-01,7.13E-01,7.01E-01,6.87E-01,6.95E-01,6.97E-01,6.73E-01,6.25E-01,6.59E-01,6.37E-01,6.97E-01,7.40E-01,6.82E-01,6.68E-01,7.82E-01
127_S_4198,3.85E-01,3.58E-01,5.65E-01,5.44E-01,5.76E-01,6.28E-01,6.24E-01,6.72E-01,5.95E-01,7.12E-01,6.44E-01,5.95E-01,6.25E-01,4.78E-01,5.60E-01,5.47E-01,4.97E-01,5.79E-01,5.93E-01,5.95E-01,6.72E-01,6.35E-01,6.81E-01,6.16E-01,6.50E-01,6.41E-01,6.33E-01,5.99E-01,6.37E-01,5.91E-01,6.82E-01,6.71E-01,5.57E-01,5.30E-01,6.56E-01,6.63E-01,5.56E-01,5.60E-01,7.11E-01,6.58E-01,7.94E-01,6.75E-01,6.64E-01,7.13E-01,6.81E-01,7.10E-01,6.15E-01,6.93E-01,7.72E-01,6.98E-01,6.79E-01,7.31E-01,5.42E-01,5.40E-01,7.78E-01,6.40E-01,5.45E-01,6.83E-01,6.50E-01,7.16E-01,5.93E-01,6.24E-01,6.91E-01,6.78E-01,6.28E-01,6.22E-01,6.10E-01,5.76E-01,5.38E-01,5.37E-01,6.56E-01,7.01E-01,6.72E-01,6.42E-01,6.50E-01,6.38E-01,6.62E-01,6.86E-01,6.65E-01,6.53E-01,6.80E-01,6.84E-01,5.75E-01,6.19E-01,6.91E-01,6.60E-01,6.35E-01,6.89E-01,5.82E-01,6.68E-01,6.41E-01,6.72E-01,6.58E-01,6.13E-01,6.36E-01,6.20E-01,6.80E-01,6.37E-01,6.30E-01,7.45E-01,6.84E-01,6.76E-01,6.47E-01,6.04E-01,6.74E-01,6.49E-01,6.81E-01,7.12E-01,6.48E-01,6.63E-01,6.29E-01,5.59E-01,6.08E-01,6.57E-01,6.21E-01,6.30E-01,5.64E-01,6.74E-01,6.02E-01,6.52E-01,6.01E-01,5.92E-01,6.40E-01,7.09E-01,6.21E-01,6.77E-01,6.92E-01,6.59E-01,6.01E-01,6.76E-01,6.60E-01,6.86E-01,6.80E-01,6.37E-01,7.41E-01,5.97E-01,7.13E-01,7.53E-01,6.29E-01,5.92E-01,7.32E-01,7.09E-01,6.51E-01,7.84E-01,7.70E-01,7.72E-01,6.84E-01,6.90E-01,6.58E-01,6.30E-01,6.11E-01,7.07E-01,6.74E-01,7.65E-01,7.85E-01,6.97E-01,7.43E-01,6.82E-01,6.79E-01,6.11E-01,7.88E-01,5.55E-01,6.41E-01,7.41E-01,6.61E-01,6.63E-01,6.73E-01,6.69E-01,7.11E-01,6.63E-01,6.55E-01,6.43E-01,5.52E-01,6.81E-01,6.97E-01,5.91E-01,6.72E-01,7.17E-01,6.50E-01,6.71E-01,7.25E-01,5.98E-01,6.67E-01,6.78E-01,6.61E-01,6.14E-01,6.85E-01,6.87E-01,6.67E-01,6.72E-01,6.65E-01,6.70E-01,6.25E-01,6.48E-01,5.96E-01,6.84E-01,7.21E-01,6.44E-01,6.49E-01,7.56E-01
127_S_4500,3.86E-01,3.66E-01,5.66E-01,5.41E-01,5.64E-01,6.27E-01,6.31E-01,6.81E-01,6.03E-01,6.89E-01,6.39E-01,5.91E-01,6.31E-01,4.69E-01,5.53E-01,5.59E-01,5.01E-01,5.84E-01,6.19E-01,5.92E-01,6.61E-01,6.26E-01,6.79E-01,5.93E-01,6.37E-01,6.34E-01,5.99E-01,5.76E-01,6.40E-01,5.85E-01,6.78E-01,6.62E-01,5.46E-01,5.01E-01,6.48E-01,6.77E-01,5.46E-01,5.45E-01,7.05E-01,6.50E-01,7.70E-01,6.73E-01,6.48E-01,7.19E-01,6.77E-01,7.00E-01,6.11E-01,6.74E-01,7.58E-01,7.03E-01,6.93E-01,7.38E-01,5.43E-01,5.35E-01,7.88E-01,6.43E-01,5.51E-01,6.83E-01,6.63E-01,7.00E-01,6.06E-01,6.05E-01,6.64E-01,6.64E-01,6.05E-01,6.17E-01,5.86E-01,5.52E-01,5.38E-01,5.34E-01,6.40E-01,7.00E-01,6.58E-01,6.45E-01,6.26E-01,6.44E-01,6.74E-01,6.96E-01,6.60E-01,6.49E-01,6.58E-01,6.70E-01,5.70E-01,6.23E-01,6.86E-01,6.46E-01,6.29E-01,6.92E-01,5.99E-01,6.63E-01,6.36E-01,6.97E-01,6.70E-01,6.00E-01,6.05E-01,6.02E-01,6.85E-01,6.48E-01,6.20E-01,7.60E-01,6.67E-01,6.51E-01,6.42E-01,5.64E-01,6.35E-01,6.20E-01,6.75E-01,7.12E-01,6.49E-01,6.81E-01,6.33E-01,5.45E-01,6.08E-01,6.61E-01,6.19E-01,6.50E-01,6.04E-01,6.80E-01,6.04E-01,6.32E-01,6.01E-01,6.00E-01,5.54E-01,7.00E-01,6.13E-01,6.78E-01,6.99E-01,6.47E-01,5.65E-01,6.58E-01,6.29E-01,6.66E-01,6.70E-01,6.27E-01,7.30E-01,5.67E-01,6.79E-01,7.48E-01,6.14E-01,5.99E-01,7.08E-01,6.99E-01,6.60E-01,7.93E-01,7.58E-01,7.75E-01,6.91E-01,7.13E-01,6.72E-01,6.80E-01,6.17E-01,7.01E-01,6.83E-01,7.77E-01,7.93E-01,7.00E-01,7.49E-01,7.10E-01,6.81E-01,6.26E-01,7.99E-01,5.28E-01,6.35E-01,7.37E-01,6.73E-01,6.72E-01,6.94E-01,6.72E-01,6.92E-01,6.60E-01,6.39E-01,6.13E-01,5.31E-01,6.51E-01,6.71E-01,6.26E-01,6.78E-01,7.40E-01,6.71E-01,6.88E-01,7.27E-01,5.75E-01,6.87E-01,6.61E-01,6.34E-01,6.19E-01,6.91E-01,6.89E-01,6.92E-01,6.58E-01,6.70E-01,6.67E-01,6.10E-01,6.13E-01,6.00E-01,6.73E-01,7.12E-01,6.50E-01,6.51E-01,7.50E-01
127_S_4940,3.94E-01,3.77E-01,5.78E-01,5.31E-01,5.68E-01,6.32E-01,6.28E-01,6.77E-01,6.03E-01,6.98E-01,6.46E-01,5.82E-01,6.00E-01,4.51E-01,5.49E-01,5.31E-01,4.88E-01,5.47E-01,6.07E-01,5.92E-01,6.60E-01,6.17E-01,6.62E-01,5.74E-01,6.29E-01,6.43E-01,5.99E-01,5.65E-01,6.38E-01,5.88E-01,6.67E-01,6.49E-01,5.34E-01,4.95E-01,6.21E-01,6.63E-01,5.27E-01,5.48E-01,7.00E-01,6.44E-01,7.74E-01,6.61E-01,6.35E-01,7.26E-01,6.48E-01,6.85E-01,5.76E-01,6.56E-01,7.60E-01,6.79E-01,6.70E-01,7.29E-01,5.57E-01,5.40E-01,7.65E-01,6.27E-01,5.50E-01,6.61E-01,6.15E-01,6.94E-01,5.20E-01,5.86E-01,6.42E-01,6.56E-01,5.86E-01,5.96E-01,5.89E-01,5.26E-01,5.12E-01,5.30E-01,6.23E-01,6.95E-01,6.45E-01,6.24E-01,6.17E-01,5.83E-01,6.48E-01,6.65E-01,6.14E-01,6.54E-01,6.39E-01,6.67E-01,5.79E-01,6.16E-01,6.66E-01,6.39E-01,5.89E-01,6.77E-01,5.52E-01,6.24E-01,5.81E-01,6.75E-01,6.49E-01,5.52E-01,6.10E-01,5.95E-01,6.86E-01,6.19E-01,5.87E-01,7.45E-01,6.70E-01,6.46E-01,6.33E-01,5.82E-01,6.42E-01,6.06E-01,6.33E-01,6.98E-01,6.01E-01,6.40E-01,5.74E-01,5.17E-01,5.65E-01,6.16E-01,5.52E-01,6.42E-01,5.84E-01,6.69E-01,5.59E-01,6.11E-01,5.55E-01,5.42E-01,5.68E-01,6.67E-01,5.66E-01,6.53E-01,6.58E-01,6.27E-01,5.38E-01,6.25E-01,6.11E-01,6.49E-01,6.77E-01,6.30E-01,7.18E-01,5.54E-01,6.59E-01,7.20E-01,5.77E-01,5.62E-01,6.78E-01,6.80E-01,6.35E-01,7.44E-01,7.67E-01,7.49E-01,6.46E-01,6.66E-01,6.11E-01,6.00E-01,5.72E-01,6.79E-01,6.59E-01,7.42E-01,7.52E-01,6.57E-01,7.44E-01,7.05E-01,6.81E-01,5.94E-01,7.97E-01,5.33E-01,6.32E-01,7.10E-01,6.34E-01,6.30E-01,6.42E-01,6.52E-01,6.71E-01,6.23E-01,6.27E-01,5.95E-01,5.00E-01,6.30E-01,6.59E-01,5.49E-01,6.52E-01,7.08E-01,6.14E-01,6.46E-01,7.08E-01,5.10E-01,6.35E-01,6.40E-01,6.32E-01,5.60E-01,6.83E-01,6.58E-01,6.51E-01,6.08E-01,6.56E-01,6.27E-01,5.97E-01,6.08E-01,5.65E-01,6.46E-01,6.93E-01,5.97E-01,5.94E-01,7.09E-01
127_S_4992,3.76E-01,3.50E-01,5.53E-01,5.34E-01,5.64E-01,6.29E-01,6.21E-01,6.64E-01,5.90E-01,7.10E-01,6.34E-01,5.78E-01,6.22E-01,4.51E-01,5.39E-01,5.40E-01,5.01E-01,5.75E-01,5.84E-01,5.89E-01,6.66E-01,6.21E-01,6.69E-01,5.81E-01,6.24E-01,6.37E-01,6.00E-01,5.74E-01,6.34E-01,5.83E-01,6.70E-01,6.65E-01,5.12E-01,4.89E-01,6.25E-01,6.53E-01,5.36E-01,5.25E-01,6.97E-01,6.44E-01,7.63E-01,6.58E-01,6.38E-01,7.16E-01,6.66E-01,6.91E-01,5.81E-01,6.75E-01,7.62E-01,6.87E-01,6.68E-01,7.08E-01,5.36E-01,5.39E-01,7.63E-01,6.31E-01,5.48E-01,6.88E-01,6.41E-01,6.72E-01,5.75E-01,6.21E-01,6.71E-01,6.30E-01,5.90E-01,5.94E-01,5.98E-01,5.49E-01,4.93E-01,5.41E-01,6.41E-01,6.96E-01,6.60E-01,6.22E-01,6.31E-01,6.78E-01,6.62E-01,6.72E-01,6.55E-01,6.34E-01,6.32E-01,6.69E-01,5.36E-01,6.14E-01,6.63E-01,6.36E-01,6.14E-01,6.66E-01,5.77E-01,6.48E-01,6.06E-01,6.64E-01,6.42E-01,5.81E-01,6.23E-01,5.70E-01,6.89E-01,6.41E-01,6.03E-01,7.41E-01,6.64E-01,6.51E-01,6.44E-01,5.85E-01,6.56E-01,6.33E-01,6.57E-01,7.09E-01,6.38E-01,6.50E-01,6.31E-01,5.46E-01,5.90E-01,6.30E-01,6.21E-01,6.33E-01,5.79E-01,6.70E-01,5.92E-01,6.07E-01,5.78E-01,5.72E-01,5.78E-01,6.90E-01,6.05E-01,6.72E-01,6.78E-01,6.37E-01,5.42E-01,6.53E-01,6.40E-01,6.50E-01,6.83E-01,6.23E-01,7.20E-01,5.77E-01,6.89E-01,7.20E-01,5.98E-01,5.66E-01,7.05E-01,7.01E-01,6.26E-01,7.78E-01,7.62E-01,7.77E-01,6.91E-01,6.82E-01,6.32E-01,6.60E-01,5.45E-01,7.17E-01,7.00E-01,7.49E-01,7.77E-01,6.72E-01,7.22E-01,6.91E-01,6.66E-01,6.10E-01,7.82E-01,5.43E-01,6.36E-01,7.19E-01,6.34E-01,6.62E-01,6.64E-01,6.21E-01,7.16E-01,6.38E-01,6.57E-01,6.15E-01,5.20E-01,6.50E-01,6.69E-01,6.00E-01,6.66E-01,7.24E-01,6.56E-01,6.64E-01,7.09E-01,5.72E-01,6.45E-01,6.66E-01,6.69E-01,6.14E-01,6.97E-01,6.53E-01,6.53E-01,6.49E-01,6.66E-01,6.38E-01,6.06E-01,5.74E-01,5.76E-01,6.33E-01,7.21E-01,6.39E-01,6.10E-01,7.40E-01
127_S_5028,4.01E-01,3.75E-01,5.82E-01,5.58E-01,5.83E-01,6.62E-01,6.46E-01,6.98E-01,6.16E-01,7.38E-01,6.68E-01,6.17E-01,6.43E-01,5.05E-01,5.79E-01,5.92E-01,5.39E-01,6.04E-01,6.48E-01,6.08E-01,6.93E-01,6.51E-01,7.00E-01,6.21E-01,6.80E-01,6.64E-01,6.30E-01,6.25E-01,6.60E-01,6.14E-01,6.94E-01,6.98E-01,5.77E-01,5.60E-01,6.76E-01,6.96E-01,5.79E-01,5.76E-01,7.22E-01,6.63E-01,8.06E-01,6.91E-01,6.62E-01,7.33E-01,6.98E-01,7.11E-01,6.38E-01,7.01E-01,7.80E-01,7.15E-01,6.89E-01,7.38E-01,5.62E-01,5.52E-01,7.83E-01,6.62E-01,5.66E-01,7.05E-01,6.73E-01,7.26E-01,6.08E-01,6.05E-01,6.83E-01,6.76E-01,6.46E-01,6.36E-01,6.06E-01,5.86E-01,5.27E-01,5.37E-01,6.40E-01,7.08E-01,6.95E-01,6.57E-01,6.64E-01,6.88E-01,6.92E-01,6.99E-01,6.69E-01,6.78E-01,6.77E-01,7.04E-01,5.72E-01,6.33E-01,6.98E-01,6.68E-01,6.41E-01,7.03E-01,6.15E-01,6.89E-01,6.34E-01,7.01E-01,6.86E-01,5.74E-01,6.39E-01,6.48E-01,7.12E-01,6.64E-01,6.20E-01,7.74E-01,6.82E-01,6.59E-01,6.54E-01,5.90E-01,6.50E-01,6.49E-01,6.77E-01,7.10E-01,6.57E-01,6.84E-01,6.46E-01,5.69E-01,6.30E-01,6.62E-01,6.25E-01,6.76E-01,6.04E-01,6.89E-01,5.93E-01,6.60E-01,6.06E-01,5.83E-01,6.24E-01,7.10E-01,6.16E-01,6.92E-01,6.93E-01,6.26E-01,5.97E-01,6.43E-01,6.38E-01,6.86E-01,6.74E-01,6.47E-01,7.45E-01,6.18E-01,6.85E-01,7.61E-01,6.15E-01,6.06E-01,6.74E-01,6.95E-01,6.52E-01,7.88E-01,7.88E-01,7.74E-01,6.87E-01,6.95E-01,6.64E-01,6.57E-01,6.12E-01,7.05E-01,7.05E-01,7.69E-01,7.92E-01,7.06E-01,7.55E-01,7.07E-01,7.12E-01,6.10E-01,7.94E-01,5.39E-01,6.47E-01,7.42E-01,6.47E-01,7.02E-01,6.83E-01,6.38E-01,7.12E-01,6.78E-01,6.39E-01,6.26E-01,5.55E-01,6.85E-01,6.86E-01,6.09E-01,6.77E-01,7.38E-01,6.64E-01,6.72E-01,7.47E-01,5.88E-01,6.76E-01,6.80E-01,6.94E-01,6.31E-01,7.22E-01,7.01E-01,6.95E-01,6.70E-01,6.69E-01,6.77E-01,6.17E-01,6.29E-01,6.15E-01,6.68E-01,7.12E-01,6.54E-01,6.62E-01,7.47E-01
127_S_5058,3.92E-01,3.69E-01,5.72E-01,5.47E-01,5.84E-01,6.39E-01,6.34E-01,6.86E-01,6.05E-01,7.17E-01,6.49E-01,5.79E-01,6.32E-01,4.78E-01,5.71E-01,5.71E-01,5.04E-01,6.01E-01,6.03E-01,5.92E-01,6.96E-01,6.43E-01,6.96E-01,6.22E-01,6.62E-01,6.48E-01,6.23E-01,5.93E-01,6.34E-01,5.87E-01,6.71E-01,6.81E-01,5.47E-01,5.25E-01,6.54E-01,6.71E-01,5.58E-01,5.35E-01,7.20E-01,6.64E-01,7.90E-01,6.87E-01,6.60E-01,7.24E-01,6.83E-01,7.16E-01,6.11E-01,7.05E-01,7.76E-01,7.09E-01,6.91E-01,7.49E-01,5.63E-01,5.66E-01,7.83E-01,6.64E-01,5.69E-01,6.89E-01,6.39E-01,7.09E-01,5.89E-01,6.10E-01,6.86E-01,6.81E-01,6.37E-01,6.26E-01,6.09E-01,5.57E-01,5.24E-01,5.36E-01,6.43E-01,7.01E-01,6.54E-01,6.57E-01,6.40E-01,6.78E-01,6.78E-01,6.86E-01,6.47E-01,6.82E-01,6.84E-01,7.11E-01,5.96E-01,6.26E-01,6.88E-01,6.71E-01,6.30E-01,7.13E-01,6.11E-01,6.66E-01,6.31E-01,7.02E-01,6.83E-01,5.80E-01,6.29E-01,6.23E-01,6.94E-01,6.61E-01,6.26E-01,7.74E-01,6.59E-01,6.39E-01,6.36E-01,5.78E-01,6.76E-01,6.25E-01,6.61E-01,7.14E-01,6.42E-01,6.72E-01,6.18E-01,5.11E-01,6.34E-01,6.52E-01,5.91E-01,6.51E-01,6.02E-01,6.81E-01,6.09E-01,6.49E-01,5.80E-01,5.67E-01,6.17E-01,7.01E-01,6.15E-01,6.83E-01,7.03E-01,6.55E-01,5.65E-01,6.79E-01,6.19E-01,6.84E-01,6.85E-01,6.21E-01,7.35E-01,5.89E-01,6.85E-01,7.59E-01,5.81E-01,5.79E-01,7.36E-01,7.03E-01,6.60E-01,8.00E-01,7.73E-01,7.91E-01,6.76E-01,6.95E-01,6.49E-01,6.45E-01,6.19E-01,6.89E-01,6.99E-01,7.69E-01,7.84E-01,6.83E-01,7.56E-01,7.10E-01,7.07E-01,6.09E-01,7.99E-01,5.43E-01,6.62E-01,7.25E-01,6.63E-01,6.84E-01,6.83E-01,6.59E-01,7.15E-01,6.56E-01,6.37E-01,6.26E-01,5.60E-01,6.79E-01,6.97E-01,5.90E-01,6.73E-01,7.33E-01,6.48E-01,6.85E-01,7.26E-01,5.48E-01,6.71E-01,6.67E-01,6.69E-01,6.08E-01,7.13E-01,6.98E-01,6.83E-01,6.59E-01,6.79E-01,6.96E-01,6.06E-01,6.27E-01,5.98E-01,6.68E-01,7.10E-01,6.56E-01,6.41E-01,7.55E-01
127_S_5067,3.85E-01,3.54E-01,5.64E-01,5.42E-01,5.76E-01,6.32E-01,6.28E-01,6.67E-01,5.90E-01,7.11E-01,6.31E-01,5.95E-01,6.11E-01,4.40E-01,5.33E-01,5.34E-01,4.65E-01,5.57E-01,5.99E-01,5.75E-01,6.60E-01,6.03E-01,6.60E-01,5.84E-01,6.30E-01,6.23E-01,6.06E-01,5.62E-01,6.50E-01,5.90E-01,6.80E-01,6.45E-01,5.03E-01,4.66E-01,6.19E-01,6.51E-01,5.28E-01,5.26E-01,6.82E-01,6.36E-01,7.74E-01,6.65E-01,6.30E-01,7.16E-01,6.50E-01,6.77E-01,5.75E-01,6.72E-01,7.59E-01,6.82E-01,6.81E-01,7.31E-01,5.43E-01,5.32E-01,7.62E-01,6.41E-01,5.55E-01,6.67E-01,6.58E-01,6.90E-01,5.86E-01,5.92E-01,6.61E-01,6.69E-01,5.97E-01,6.10E-01,5.93E-01,5.16E-01,4.93E-01,5.20E-01,6.25E-01,6.95E-01,6.57E-01,6.30E-01,6.36E-01,6.05E-01,6.65E-01,6.69E-01,6.46E-01,6.50E-01,6.57E-01,6.43E-01,5.88E-01,6.19E-01,6.79E-01,6.44E-01,6.18E-01,6.83E-01,5.72E-01,6.41E-01,5.99E-01,6.69E-01,6.83E-01,5.93E-01,6.19E-01,6.13E-01,7.03E-01,6.44E-01,6.04E-01,7.41E-01,6.90E-01,6.71E-01,6.69E-01,5.97E-01,6.61E-01,6.52E-01,6.64E-01,6.99E-01,6.45E-01,6.48E-01,6.23E-01,5.59E-01,5.80E-01,6.08E-01,5.73E-01,6.08E-01,5.61E-01,6.47E-01,6.09E-01,6.15E-01,5.67E-01,5.46E-01,5.83E-01,6.72E-01,5.93E-01,6.70E-01,6.79E-01,6.34E-01,5.37E-01,6.67E-01,6.41E-01,6.74E-01,6.63E-01,6.13E-01,7.03E-01,5.83E-01,6.87E-01,7.41E-01,6.09E-01,5.64E-01,6.89E-01,6.85E-01,6.53E-01,7.59E-01,7.79E-01,7.69E-01,6.73E-01,6.78E-01,6.34E-01,6.18E-01,5.91E-01,6.89E-01,6.60E-01,7.51E-01,7.64E-01,6.78E-01,7.48E-01,7.08E-01,6.84E-01,6.20E-01,7.83E-01,5.50E-01,6.42E-01,7.22E-01,6.61E-01,6.68E-01,6.52E-01,6.19E-01,7.05E-01,6.54E-01,6.36E-01,6.17E-01,5.41E-01,6.20E-01,6.61E-01,5.72E-01,6.73E-01,7.20E-01,6.60E-01,6.37E-01,7.06E-01,5.56E-01,6.57E-01,6.69E-01,6.23E-01,5.89E-01,6.97E-01,6.74E-01,6.61E-01,6.45E-01,6.88E-01,6.32E-01,6.09E-01,6.29E-01,5.90E-01,6.61E-01,7.09E-01,6.22E-01,6.44E-01,7.35E-01
127_S_5095,3.78E-01,3.63E-01,5.69E-01,5.38E-01,5.71E-01,6.35E-01,6.21E-01,6.77E-01,5.91E-01,7.02E-01,6.44E-01,6.03E-01,6.21E-01,4.54E-01,5.52E-01,5.51E-01,5.07E-01,5.69E-01,6.07E-01,5.74E-01,6.70E-01,6.12E-01,6.71E-01,5.73E-01,6.34E-01,6.12E-01,6.08E-01,5.62E-01,6.28E-01,5.82E-01,6.71E-01,6.78E-01,5.47E-01,5.12E-01,6.20E-01,6.91E-01,5.65E-01,5.75E-01,7.17E-01,6.38E-01,7.70E-01,6.55E-01,6.25E-01,7.14E-01,6.83E-01,6.99E-01,5.84E-01,6.69E-01,7.61E-01,7.04E-01,6.63E-01,7.41E-01,5.20E-01,5.28E-01,7.72E-01,6.37E-01,5.48E-01,6.83E-01,6.29E-01,6.92E-01,5.97E-01,5.77E-01,6.33E-01,6.43E-01,5.44E-01,6.00E-01,5.85E-01,5.24E-01,4.88E-01,5.21E-01,6.40E-01,6.99E-01,6.68E-01,6.32E-01,6.28E-01,6.74E-01,6.76E-01,6.88E-01,6.54E-01,6.59E-01,6.71E-01,6.82E-01,5.82E-01,6.14E-01,6.62E-01,6.50E-01,6.02E-01,6.94E-01,6.02E-01,6.75E-01,6.23E-01,6.62E-01,6.49E-01,5.92E-01,6.01E-01,6.28E-01,6.84E-01,6.28E-01,5.92E-01,7.45E-01,6.73E-01,6.51E-01,6.41E-01,5.79E-01,6.48E-01,6.42E-01,6.51E-01,6.99E-01,6.46E-01,6.56E-01,6.37E-01,5.78E-01,5.97E-01,6.29E-01,6.17E-01,6.53E-01,5.88E-01,6.78E-01,5.83E-01,6.63E-01,5.78E-01,5.86E-01,5.93E-01,6.77E-01,6.10E-01,6.64E-01,6.93E-01,6.36E-01,5.75E-01,6.55E-01,6.06E-01,6.77E-01,6.88E-01,6.22E-01,7.34E-01,5.71E-01,6.52E-01,7.46E-01,6.03E-01,5.75E-01,7.09E-01,6.89E-01,6.42E-01,7.76E-01,7.72E-01,7.72E-01,6.68E-01,7.01E-01,6.59E-01,6.51E-01,5.88E-01,7.00E-01,7.06E-01,7.67E-01,7.83E-01,6.81E-01,7.74E-01,7.21E-01,7.03E-01,6.23E-01,8.07E-01,5.43E-01,6.44E-01,7.35E-01,6.59E-01,6.65E-01,6.81E-01,6.77E-01,6.84E-01,6.45E-01,6.29E-01,5.90E-01,5.23E-01,6.53E-01,6.79E-01,5.94E-01,6.72E-01,7.31E-01,6.47E-01,6.74E-01,7.19E-01,5.71E-01,6.78E-01,6.65E-01,6.74E-01,6.12E-01,7.09E-01,6.88E-01,6.72E-01,6.38E-01,6.80E-01,6.77E-01,6.34E-01,6.16E-01,5.89E-01,6.65E-01,7.01E-01,6.37E-01,6.25E-01,7.42E-01
128_S_4586,3.79E-01,3.44E-01,5.37E-01,5.06E-01,5.49E-01,6.17E-01,6.29E-01,6.75E-01,5.98E-01,7.06E-01,6.34E-01,5.60E-01,6.20E-01,4.68E-01,5.52E-01,5.46E-01,5.06E-01,5.78E-01,6.10E-01,5.87E-01,6.73E-01,6.29E-01,6.86E-01,6.08E-01,6.43E-01,6.45E-01,6.10E-01,5.82E-01,6.37E-01,5.79E-01,6.68E-01,6.72E-01,5.21E-01,5.16E-01,6.49E-01,6.91E-01,5.59E-01,5.65E-01,6.99E-01,6.55E-01,7.97E-01,6.78E-01,6.60E-01,7.15E-01,6.78E-01,7.02E-01,5.92E-01,6.72E-01,7.65E-01,6.98E-01,7.15E-01,7.74E-01,5.41E-01,5.42E-01,7.94E-01,6.62E-01,5.47E-01,6.75E-01,6.54E-01,7.05E-01,5.88E-01,5.99E-01,6.84E-01,6.45E-01,6.21E-01,6.15E-01,5.91E-01,5.35E-01,5.07E-01,5.29E-01,6.44E-01,6.89E-01,6.58E-01,6.34E-01,6.38E-01,6.74E-01,6.75E-01,6.84E-01,6.57E-01,6.56E-01,6.60E-01,6.82E-01,6.10E-01,6.20E-01,6.92E-01,6.54E-01,6.35E-01,6.85E-01,5.76E-01,6.52E-01,6.18E-01,7.08E-01,6.73E-01,5.95E-01,6.20E-01,6.00E-01,6.89E-01,6.45E-01,6.08E-01,7.59E-01,6.74E-01,6.61E-01,6.51E-01,5.99E-01,6.83E-01,6.40E-01,6.75E-01,7.32E-01,6.59E-01,6.82E-01,6.33E-01,5.34E-01,6.33E-01,6.81E-01,6.18E-01,6.53E-01,6.01E-01,6.94E-01,6.25E-01,6.66E-01,5.98E-01,5.86E-01,6.30E-01,7.05E-01,6.25E-01,6.94E-01,7.06E-01,6.45E-01,5.74E-01,6.74E-01,6.66E-01,7.11E-01,6.95E-01,6.33E-01,7.43E-01,6.17E-01,6.92E-01,7.61E-01,6.12E-01,5.88E-01,7.09E-01,7.16E-01,6.77E-01,7.74E-01,7.76E-01,7.84E-01,6.83E-01,6.86E-01,6.65E-01,6.48E-01,6.14E-01,6.82E-01,6.75E-01,7.50E-01,7.65E-01,6.87E-01,7.83E-01,7.44E-01,7.00E-01,5.87E-01,8.27E-01,5.65E-01,6.75E-01,7.53E-01,6.56E-01,6.82E-01,6.76E-01,6.78E-01,7.05E-01,6.62E-01,6.48E-01,6.48E-01,5.81E-01,6.69E-01,6.81E-01,6.01E-01,6.56E-01,7.19E-01,6.55E-01,6.54E-01,7.16E-01,5.88E-01,6.73E-01,6.88E-01,6.43E-01,6.18E-01,6.83E-01,6.79E-01,6.46E-01,6.93E-01,7.11E-01,6.34E-01,6.27E-01,6.55E-01,6.15E-01,6.82E-01,7.27E-01,6.59E-01,6.68E-01,7.62E-01
128_S_4774,3.76E-01,3.49E-01,5.42E-01,5.21E-01,5.51E-01,6.21E-01,6.34E-01,6.73E-01,5.96E-01,7.09E-01,6.35E-01,5.62E-01,6.21E-01,4.57E-01,5.50E-01,5.43E-01,5.09E-01,5.76E-01,6.12E-01,5.81E-01,6.64E-01,6.21E-01,6.75E-01,6.02E-01,6.39E-01,6.41E-01,6.10E-01,5.68E-01,6.36E-01,5.81E-01,6.74E-01,6.49E-01,5.04E-01,5.08E-01,6.28E-01,6.55E-01,5.45E-01,5.34E-01,6.98E-01,6.45E-01,7.77E-01,6.73E-01,6.56E-01,7.17E-01,6.84E-01,7.00E-01,5.76E-01,6.93E-01,7.63E-01,7.09E-01,7.14E-01,7.67E-01,5.47E-01,5.42E-01,7.98E-01,6.59E-01,5.43E-01,6.61E-01,6.60E-01,6.98E-01,5.95E-01,6.16E-01,6.82E-01,6.66E-01,6.13E-01,6.20E-01,5.84E-01,5.43E-01,5.08E-01,5.40E-01,6.53E-01,6.94E-01,6.68E-01,6.44E-01,6.23E-01,6.09E-01,6.76E-01,6.90E-01,6.41E-01,6.77E-01,6.73E-01,7.09E-01,5.99E-01,6.21E-01,7.05E-01,6.53E-01,6.23E-01,7.09E-01,5.81E-01,6.69E-01,6.16E-01,7.42E-01,7.00E-01,5.59E-01,6.21E-01,5.94E-01,6.99E-01,6.37E-01,6.01E-01,7.49E-01,6.81E-01,6.82E-01,6.49E-01,6.05E-01,6.83E-01,6.31E-01,6.64E-01,7.27E-01,6.60E-01,7.45E-01,6.29E-01,5.43E-01,6.19E-01,6.33E-01,6.12E-01,6.65E-01,5.91E-01,6.76E-01,6.08E-01,6.42E-01,5.99E-01,5.65E-01,5.84E-01,7.03E-01,6.18E-01,6.91E-01,6.89E-01,6.70E-01,5.90E-01,6.56E-01,6.60E-01,6.94E-01,6.77E-01,6.16E-01,7.38E-01,6.22E-01,6.88E-01,7.57E-01,6.17E-01,5.89E-01,7.15E-01,7.08E-01,6.36E-01,7.87E-01,7.97E-01,7.81E-01,6.97E-01,6.90E-01,6.55E-01,6.50E-01,6.18E-01,7.11E-01,6.85E-01,7.63E-01,7.92E-01,7.10E-01,7.76E-01,7.54E-01,7.13E-01,6.31E-01,8.31E-01,5.42E-01,6.54E-01,7.60E-01,6.32E-01,6.92E-01,6.62E-01,6.69E-01,7.03E-01,6.62E-01,6.51E-01,6.52E-01,5.74E-01,6.78E-01,6.70E-01,5.85E-01,6.83E-01,7.29E-01,6.53E-01,6.80E-01,7.40E-01,5.66E-01,6.83E-01,6.82E-01,6.20E-01,6.22E-01,7.24E-01,7.09E-01,6.90E-01,6.87E-01,6.97E-01,6.62E-01,6.14E-01,6.37E-01,6.27E-01,6.75E-01,7.37E-01,6.70E-01,6.71E-01,7.67E-01
128_S_4832,3.85E-01,3.55E-01,5.41E-01,5.20E-01,5.61E-01,6.29E-01,6.33E-01,6.75E-01,6.02E-01,7.17E-01,6.46E-01,5.66E-01,6.44E-01,4.66E-01,5.56E-01,5.58E-01,5.01E-01,5.73E-01,6.11E-01,6.00E-01,6.79E-01,6.35E-01,6.82E-01,6.09E-01,6.58E-01,6.51E-01,6.09E-01,5.92E-01,6.36E-01,5.86E-01,6.69E-01,6.55E-01,5.36E-01,5.03E-01,6.48E-01,6.85E-01,5.55E-01,5.44E-01,7.29E-01,6.66E-01,7.95E-01,6.85E-01,6.64E-01,7.27E-01,7.05E-01,7.19E-01,6.04E-01,7.03E-01,7.77E-01,7.15E-01,6.96E-01,7.53E-01,5.41E-01,5.32E-01,7.85E-01,6.67E-01,5.43E-01,6.89E-01,6.63E-01,7.10E-01,5.88E-01,6.11E-01,6.82E-01,6.99E-01,6.25E-01,6.17E-01,5.94E-01,5.09E-01,5.05E-01,5.45E-01,6.62E-01,7.01E-01,6.81E-01,6.54E-01,6.46E-01,6.59E-01,6.81E-01,6.96E-01,6.59E-01,6.69E-01,6.89E-01,7.18E-01,6.00E-01,6.31E-01,6.91E-01,6.40E-01,6.05E-01,7.19E-01,6.15E-01,6.84E-01,6.35E-01,7.13E-01,7.10E-01,6.23E-01,6.30E-01,6.06E-01,6.83E-01,6.44E-01,6.05E-01,7.65E-01,6.74E-01,6.76E-01,6.33E-01,5.90E-01,6.65E-01,6.32E-01,6.59E-01,7.14E-01,6.52E-01,6.84E-01,6.44E-01,5.52E-01,6.47E-01,6.80E-01,6.39E-01,6.63E-01,6.13E-01,7.01E-01,6.33E-01,6.78E-01,6.05E-01,5.90E-01,6.02E-01,7.28E-01,6.36E-01,7.01E-01,7.08E-01,6.67E-01,6.12E-01,6.93E-01,6.58E-01,7.13E-01,6.97E-01,6.54E-01,7.50E-01,6.19E-01,6.96E-01,7.71E-01,6.19E-01,5.89E-01,7.35E-01,7.21E-01,6.61E-01,7.98E-01,7.96E-01,7.85E-01,7.05E-01,7.05E-01,6.76E-01,6.70E-01,6.38E-01,7.18E-01,6.82E-01,7.87E-01,8.00E-01,6.95E-01,7.62E-01,7.35E-01,7.06E-01,6.05E-01,8.15E-01,5.60E-01,6.60E-01,7.57E-01,6.88E-01,7.14E-01,6.95E-01,6.89E-01,7.11E-01,6.67E-01,6.51E-01,6.51E-01,5.88E-01,6.92E-01,6.92E-01,6.01E-01,6.99E-01,7.34E-01,6.68E-01,6.70E-01,7.32E-01,5.93E-01,6.96E-01,7.13E-01,7.06E-01,6.33E-01,7.19E-01,7.02E-01,6.97E-01,7.00E-01,7.10E-01,6.78E-01,6.47E-01,6.57E-01,6.07E-01,6.78E-01,7.38E-01,6.77E-01,6.69E-01,7.74E-01
128_S_5123,3.78E-01,3.47E-01,5.40E-01,5.04E-01,5.47E-01,6.16E-01,6.25E-01,6.74E-01,5.96E-01,7.14E-01,6.37E-01,5.52E-01,6.28E-01,4.68E-01,5.63E-01,5.40E-01,4.99E-01,5.77E-01,5.93E-01,5.79E-01,6.60E-01,6.18E-01,6.75E-01,5.81E-01,6.36E-01,6.30E-01,6.01E-01,5.67E-01,6.22E-01,5.60E-01,6.53E-01,6.42E-01,5.11E-01,4.93E-01,6.33E-01,6.68E-01,5.49E-01,5.30E-01,6.75E-01,6.44E-01,7.84E-01,6.78E-01,6.39E-01,7.19E-01,6.84E-01,6.92E-01,5.98E-01,6.68E-01,7.69E-01,7.02E-01,6.89E-01,7.47E-01,5.41E-01,5.28E-01,7.87E-01,6.56E-01,5.26E-01,6.68E-01,6.58E-01,7.06E-01,5.62E-01,5.82E-01,6.61E-01,6.76E-01,5.96E-01,5.98E-01,5.79E-01,4.99E-01,4.86E-01,5.26E-01,6.38E-01,6.83E-01,6.56E-01,6.34E-01,6.30E-01,6.39E-01,6.67E-01,6.91E-01,6.44E-01,6.67E-01,6.60E-01,6.94E-01,5.91E-01,6.01E-01,6.69E-01,6.44E-01,6.09E-01,6.94E-01,5.76E-01,6.54E-01,5.84E-01,6.98E-01,6.74E-01,6.10E-01,6.19E-01,5.86E-01,6.96E-01,6.28E-01,5.89E-01,7.48E-01,6.60E-01,6.55E-01,6.34E-01,5.73E-01,6.67E-01,6.33E-01,6.55E-01,7.19E-01,6.53E-01,7.05E-01,6.45E-01,5.16E-01,6.32E-01,6.59E-01,6.25E-01,6.69E-01,6.10E-01,6.86E-01,6.18E-01,6.32E-01,5.91E-01,5.97E-01,6.21E-01,7.04E-01,6.31E-01,6.90E-01,6.98E-01,6.16E-01,5.82E-01,6.55E-01,6.52E-01,6.87E-01,6.72E-01,6.24E-01,7.32E-01,5.76E-01,6.94E-01,7.63E-01,6.11E-01,5.87E-01,7.03E-01,7.08E-01,6.58E-01,7.69E-01,7.87E-01,7.74E-01,6.83E-01,6.93E-01,6.74E-01,6.49E-01,6.30E-01,6.78E-01,6.67E-01,7.63E-01,7.80E-01,6.80E-01,7.60E-01,7.18E-01,7.01E-01,5.85E-01,8.22E-01,5.48E-01,6.60E-01,7.35E-01,6.82E-01,6.90E-01,6.77E-01,6.63E-01,7.13E-01,6.69E-01,6.52E-01,6.43E-01,5.56E-01,7.01E-01,6.78E-01,5.64E-01,6.76E-01,7.28E-01,6.46E-01,6.47E-01,7.15E-01,5.94E-01,6.69E-01,6.87E-01,6.57E-01,6.30E-01,7.06E-01,6.89E-01,6.72E-01,6.66E-01,7.04E-01,6.44E-01,5.97E-01,6.51E-01,6.29E-01,6.52E-01,7.27E-01,6.60E-01,6.64E-01,7.77E-01
129_S_0778,3.65E-01,3.35E-01,5.32E-01,5.04E-01,5.60E-01,6.19E-01,6.17E-01,6.58E-01,5.84E-01,7.03E-01,6.33E-01,5.61E-01,6.12E-01,4.50E-01,5.45E-01,5.40E-01,4.89E-01,5.78E-01,5.98E-01,5.91E-01,6.79E-01,6.30E-01,6.71E-01,6.02E-01,6.58E-01,6.54E-01,6.20E-01,5.68E-01,6.33E-01,5.75E-01,6.81E-01,6.70E-01,5.18E-01,5.06E-01,6.44E-01,6.50E-01,5.47E-01,5.51E-01,7.00E-01,6.59E-01,7.82E-01,6.62E-01,6.41E-01,7.03E-01,6.63E-01,6.93E-01,5.97E-01,6.92E-01,7.60E-01,7.01E-01,6.87E-01,7.36E-01,4.90E-01,5.35E-01,7.69E-01,6.70E-01,5.52E-01,6.79E-01,6.57E-01,7.15E-01,6.02E-01,6.16E-01,6.88E-01,6.62E-01,6.23E-01,6.03E-01,5.90E-01,5.36E-01,5.15E-01,5.52E-01,6.54E-01,6.95E-01,6.69E-01,6.26E-01,6.54E-01,6.51E-01,6.70E-01,6.83E-01,6.60E-01,6.57E-01,6.87E-01,6.91E-01,5.95E-01,6.29E-01,7.12E-01,6.57E-01,6.13E-01,7.16E-01,6.07E-01,6.77E-01,6.11E-01,7.07E-01,6.75E-01,5.92E-01,6.43E-01,6.11E-01,6.85E-01,6.52E-01,6.28E-01,7.62E-01,6.82E-01,6.73E-01,6.56E-01,6.03E-01,6.77E-01,6.55E-01,6.70E-01,7.12E-01,6.50E-01,6.78E-01,6.43E-01,5.45E-01,6.15E-01,6.37E-01,6.14E-01,6.38E-01,5.87E-01,6.85E-01,6.09E-01,6.29E-01,5.98E-01,5.54E-01,6.12E-01,6.94E-01,6.23E-01,6.64E-01,6.86E-01,6.41E-01,5.80E-01,6.62E-01,6.37E-01,7.07E-01,7.03E-01,6.23E-01,7.54E-01,5.99E-01,6.80E-01,7.47E-01,5.98E-01,5.88E-01,7.02E-01,7.11E-01,6.57E-01,7.72E-01,7.73E-01,7.80E-01,6.73E-01,6.74E-01,6.41E-01,6.58E-01,6.18E-01,6.99E-01,6.88E-01,7.60E-01,7.76E-01,6.85E-01,7.47E-01,6.98E-01,6.73E-01,5.98E-01,8.05E-01,5.40E-01,6.22E-01,7.36E-01,6.96E-01,6.48E-01,6.74E-01,6.80E-01,7.10E-01,6.52E-01,6.54E-01,6.46E-01,5.43E-01,6.98E-01,6.48E-01,5.91E-01,6.54E-01,7.53E-01,6.42E-01,6.74E-01,7.27E-01,5.84E-01,6.55E-01,6.89E-01,6.90E-01,6.10E-01,6.93E-01,6.91E-01,6.85E-01,6.87E-01,6.61E-01,6.69E-01,6.15E-01,6.69E-01,5.97E-01,6.78E-01,7.27E-01,6.40E-01,6.71E-01,7.51E-01
129_S_4369,3.61E-01,3.34E-01,5.24E-01,4.92E-01,5.50E-01,6.29E-01,6.18E-01,6.64E-01,5.86E-01,7.27E-01,6.34E-01,5.60E-01,6.40E-01,4.38E-01,5.47E-01,5.39E-01,4.90E-01,5.73E-01,5.93E-01,5.94E-01,6.93E-01,6.47E-01,6.92E-01,6.32E-01,6.38E-01,6.49E-01,6.20E-01,5.77E-01,6.36E-01,5.70E-01,6.66E-01,6.60E-01,5.03E-01,4.86E-01,6.50E-01,6.88E-01,5.43E-01,5.38E-01,7.28E-01,6.61E-01,8.01E-01,6.87E-01,6.61E-01,7.23E-01,7.04E-01,7.00E-01,5.88E-01,6.91E-01,7.71E-01,7.20E-01,7.15E-01,7.61E-01,5.19E-01,5.51E-01,7.89E-01,6.74E-01,5.33E-01,6.75E-01,6.62E-01,7.02E-01,5.91E-01,6.17E-01,6.80E-01,6.71E-01,6.38E-01,6.20E-01,5.83E-01,5.28E-01,5.12E-01,5.35E-01,6.54E-01,7.01E-01,6.61E-01,6.33E-01,6.21E-01,6.70E-01,6.91E-01,6.98E-01,6.67E-01,6.97E-01,6.87E-01,7.31E-01,5.90E-01,6.04E-01,6.96E-01,6.58E-01,6.28E-01,7.11E-01,5.91E-01,6.95E-01,6.37E-01,7.29E-01,6.96E-01,6.06E-01,6.29E-01,5.79E-01,7.15E-01,6.61E-01,6.24E-01,7.62E-01,6.71E-01,6.71E-01,6.52E-01,6.03E-01,6.80E-01,6.71E-01,7.02E-01,7.32E-01,6.72E-01,7.17E-01,6.60E-01,5.49E-01,6.22E-01,6.52E-01,6.32E-01,6.58E-01,6.32E-01,6.77E-01,5.90E-01,6.34E-01,6.01E-01,5.74E-01,6.43E-01,7.27E-01,6.33E-01,7.14E-01,7.09E-01,6.54E-01,6.25E-01,6.61E-01,6.57E-01,7.06E-01,7.15E-01,6.20E-01,7.49E-01,6.16E-01,7.07E-01,7.61E-01,6.28E-01,5.80E-01,7.26E-01,7.23E-01,6.54E-01,7.81E-01,7.88E-01,7.89E-01,7.11E-01,7.07E-01,6.75E-01,6.43E-01,6.33E-01,6.97E-01,6.80E-01,7.70E-01,7.78E-01,7.23E-01,7.53E-01,7.42E-01,7.15E-01,6.13E-01,8.07E-01,5.24E-01,6.50E-01,7.59E-01,7.00E-01,6.82E-01,6.81E-01,6.92E-01,7.24E-01,6.88E-01,6.34E-01,6.67E-01,5.77E-01,6.84E-01,6.27E-01,6.01E-01,6.79E-01,7.28E-01,6.49E-01,6.62E-01,7.49E-01,6.16E-01,7.05E-01,7.23E-01,6.83E-01,6.65E-01,7.48E-01,7.10E-01,6.93E-01,7.08E-01,6.85E-01,6.49E-01,6.18E-01,6.73E-01,6.58E-01,7.01E-01,7.53E-01,7.21E-01,7.09E-01,7.84E-01
129_S_4371,4.10E-01,3.86E-01,5.75E-01,5.32E-01,5.62E-01,6.27E-01,6.40E-01,6.91E-01,6.13E-01,7.09E-01,6.52E-01,5.78E-01,6.33E-01,4.81E-01,5.63E-01,5.55E-01,5.26E-01,5.84E-01,6.20E-01,5.89E-01,6.91E-01,6.37E-01,6.80E-01,6.13E-01,6.44E-01,6.57E-01,6.27E-01,5.83E-01,6.50E-01,5.90E-01,6.65E-01,6.62E-01,5.23E-01,5.39E-01,6.46E-01,6.85E-01,5.61E-01,5.62E-01,7.04E-01,6.47E-01,7.98E-01,6.87E-01,6.60E-01,7.16E-01,6.78E-01,7.01E-01,6.10E-01,6.87E-01,7.77E-01,7.02E-01,7.20E-01,7.74E-01,5.85E-01,5.65E-01,7.97E-01,6.66E-01,5.67E-01,6.71E-01,6.52E-01,7.12E-01,5.73E-01,6.09E-01,6.90E-01,6.68E-01,6.18E-01,6.30E-01,6.11E-01,5.45E-01,5.39E-01,5.75E-01,6.75E-01,6.93E-01,6.62E-01,6.41E-01,6.01E-01,6.42E-01,6.75E-01,6.90E-01,6.49E-01,6.82E-01,6.96E-01,6.95E-01,6.43E-01,6.45E-01,7.00E-01,6.53E-01,6.49E-01,6.97E-01,5.85E-01,6.44E-01,5.84E-01,7.14E-01,7.07E-01,6.12E-01,6.50E-01,6.02E-01,6.83E-01,6.65E-01,6.12E-01,7.48E-01,6.82E-01,6.77E-01,6.51E-01,5.91E-01,6.75E-01,6.34E-01,6.63E-01,7.08E-01,6.46E-01,6.67E-01,6.05E-01,5.48E-01,6.05E-01,6.43E-01,5.94E-01,6.23E-01,6.08E-01,6.56E-01,5.76E-01,6.16E-01,5.92E-01,5.55E-01,5.23E-01,7.12E-01,6.44E-01,6.77E-01,7.03E-01,6.53E-01,5.98E-01,6.65E-01,6.63E-01,6.97E-01,6.89E-01,6.40E-01,7.38E-01,5.60E-01,6.96E-01,7.66E-01,6.06E-01,5.92E-01,7.00E-01,7.13E-01,6.59E-01,8.02E-01,7.86E-01,7.85E-01,6.70E-01,6.85E-01,6.44E-01,6.48E-01,6.24E-01,6.99E-01,6.63E-01,7.65E-01,7.88E-01,6.80E-01,7.84E-01,7.52E-01,7.17E-01,6.30E-01,8.34E-01,5.73E-01,6.71E-01,7.56E-01,6.75E-01,6.54E-01,6.45E-01,6.77E-01,6.96E-01,6.64E-01,6.64E-01,6.63E-01,5.64E-01,6.69E-01,6.79E-01,5.62E-01,6.90E-01,7.34E-01,6.26E-01,6.71E-01,7.13E-01,5.41E-01,6.78E-01,6.82E-01,6.68E-01,6.03E-01,6.91E-01,6.86E-01,6.62E-01,6.85E-01,7.07E-01,6.30E-01,6.35E-01,6.40E-01,6.09E-01,6.98E-01,7.25E-01,6.65E-01,6.69E-01,7.54E-01
129_S_4396,3.76E-01,3.45E-01,5.41E-01,5.06E-01,5.54E-01,6.12E-01,6.22E-01,6.70E-01,5.86E-01,7.07E-01,6.35E-01,5.58E-01,6.18E-01,4.62E-01,5.52E-01,5.38E-01,5.00E-01,5.71E-01,5.92E-01,5.89E-01,6.90E-01,6.23E-01,6.76E-01,6.01E-01,6.35E-01,6.38E-01,6.21E-01,5.77E-01,6.43E-01,5.77E-01,6.65E-01,6.46E-01,5.19E-01,5.13E-01,6.41E-01,6.88E-01,5.39E-01,5.58E-01,6.90E-01,6.45E-01,7.99E-01,6.80E-01,6.47E-01,7.16E-01,6.63E-01,6.89E-01,6.05E-01,6.90E-01,7.65E-01,6.93E-01,6.79E-01,7.51E-01,5.52E-01,5.54E-01,7.78E-01,6.57E-01,5.32E-01,6.84E-01,6.46E-01,7.11E-01,5.86E-01,6.12E-01,6.81E-01,6.90E-01,5.95E-01,6.19E-01,5.95E-01,5.35E-01,5.35E-01,5.38E-01,6.64E-01,6.99E-01,6.64E-01,6.41E-01,6.25E-01,6.45E-01,6.63E-01,6.80E-01,6.37E-01,6.81E-01,6.75E-01,7.02E-01,5.99E-01,6.18E-01,7.03E-01,6.51E-01,6.25E-01,6.85E-01,5.54E-01,6.49E-01,5.76E-01,7.11E-01,6.81E-01,5.95E-01,6.48E-01,5.98E-01,6.80E-01,6.52E-01,5.98E-01,7.43E-01,6.83E-01,6.72E-01,6.31E-01,5.90E-01,6.74E-01,6.19E-01,6.62E-01,7.02E-01,6.34E-01,7.02E-01,6.06E-01,5.35E-01,6.08E-01,6.53E-01,6.01E-01,6.28E-01,5.75E-01,6.49E-01,5.87E-01,6.34E-01,5.93E-01,5.47E-01,5.81E-01,6.97E-01,6.26E-01,6.81E-01,6.87E-01,6.65E-01,5.92E-01,6.70E-01,6.62E-01,6.88E-01,6.79E-01,6.32E-01,7.36E-01,5.86E-01,7.00E-01,7.56E-01,6.07E-01,5.65E-01,6.92E-01,7.12E-01,6.45E-01,7.88E-01,7.80E-01,7.72E-01,6.79E-01,6.88E-01,6.40E-01,5.89E-01,5.98E-01,6.96E-01,6.40E-01,7.45E-01,7.83E-01,6.96E-01,7.44E-01,7.01E-01,7.06E-01,6.17E-01,8.00E-01,5.41E-01,6.42E-01,7.46E-01,6.24E-01,6.66E-01,6.52E-01,6.68E-01,7.02E-01,6.71E-01,6.48E-01,6.40E-01,5.56E-01,6.45E-01,6.81E-01,5.87E-01,6.70E-01,7.11E-01,6.40E-01,5.97E-01,7.08E-01,5.45E-01,6.78E-01,7.01E-01,6.54E-01,6.02E-01,7.02E-01,6.90E-01,6.70E-01,6.68E-01,6.99E-01,6.39E-01,6.21E-01,6.28E-01,6.21E-01,6.83E-01,7.31E-01,6.19E-01,6.52E-01,7.46E-01
129_S_4422,3.95E-01,3.69E-01,5.69E-01,5.37E-01,5.62E-01,6.36E-01,6.30E-01,6.82E-01,6.06E-01,7.00E-01,6.47E-01,5.79E-01,6.26E-01,4.77E-01,5.72E-01,5.56E-01,5.30E-01,6.00E-01,6.04E-01,6.07E-01,6.65E-01,6.38E-01,6.76E-01,6.10E-01,6.48E-01,6.46E-01,6.15E-01,5.96E-01,6.38E-01,5.85E-01,6.87E-01,6.70E-01,5.65E-01,5.35E-01,6.57E-01,6.57E-01,6.00E-01,5.77E-01,7.18E-01,6.70E-01,7.94E-01,6.83E-01,6.59E-01,7.40E-01,6.78E-01,6.99E-01,6.17E-01,6.92E-01,7.68E-01,6.96E-01,6.70E-01,7.12E-01,5.38E-01,5.39E-01,7.65E-01,6.52E-01,5.53E-01,6.71E-01,6.75E-01,6.98E-01,5.85E-01,5.98E-01,6.68E-01,6.71E-01,6.20E-01,6.20E-01,6.06E-01,5.76E-01,5.46E-01,5.58E-01,6.54E-01,7.07E-01,6.73E-01,6.47E-01,6.39E-01,6.38E-01,6.66E-01,6.77E-01,6.46E-01,6.39E-01,6.73E-01,6.72E-01,5.69E-01,6.14E-01,6.71E-01,6.61E-01,6.29E-01,6.79E-01,5.89E-01,6.44E-01,6.26E-01,6.99E-01,6.76E-01,5.50E-01,6.37E-01,6.25E-01,6.84E-01,6.46E-01,6.19E-01,7.44E-01,6.76E-01,6.64E-01,6.42E-01,5.84E-01,6.62E-01,6.29E-01,6.71E-01,7.09E-01,6.32E-01,6.67E-01,6.18E-01,5.52E-01,6.24E-01,6.36E-01,6.02E-01,6.38E-01,5.76E-01,6.75E-01,5.93E-01,6.09E-01,5.86E-01,5.50E-01,6.29E-01,6.91E-01,6.39E-01,6.79E-01,6.98E-01,6.36E-01,5.75E-01,6.63E-01,6.42E-01,6.98E-01,6.83E-01,6.59E-01,7.34E-01,5.80E-01,6.71E-01,7.53E-01,5.98E-01,5.87E-01,6.98E-01,7.08E-01,6.34E-01,7.74E-01,7.59E-01,7.77E-01,6.69E-01,6.79E-01,6.33E-01,6.47E-01,6.35E-01,6.83E-01,6.56E-01,7.51E-01,7.53E-01,6.78E-01,7.49E-01,7.06E-01,6.58E-01,6.08E-01,7.85E-01,5.46E-01,6.42E-01,7.09E-01,6.84E-01,6.78E-01,6.51E-01,6.45E-01,6.85E-01,6.52E-01,6.28E-01,6.33E-01,5.43E-01,6.62E-01,6.72E-01,5.78E-01,6.61E-01,7.12E-01,6.22E-01,5.88E-01,7.03E-01,5.82E-01,6.65E-01,6.46E-01,6.33E-01,6.11E-01,6.84E-01,6.74E-01,6.53E-01,6.49E-01,6.59E-01,6.41E-01,6.14E-01,6.20E-01,5.97E-01,6.49E-01,7.22E-01,6.56E-01,6.67E-01,7.57E-01
130_S_0886,3.75E-01,3.41E-01,5.33E-01,4.97E-01,5.50E-01,6.14E-01,6.32E-01,6.77E-01,5.99E-01,7.16E-01,6.34E-01,5.55E-01,6.34E-01,4.58E-01,5.50E-01,5.40E-01,5.27E-01,5.92E-01,6.17E-01,5.85E-01,6.90E-01,6.45E-01,6.87E-01,6.20E-01,6.38E-01,6.49E-01,6.11E-01,5.75E-01,6.66E-01,6.00E-01,6.66E-01,6.58E-01,5.40E-01,5.08E-01,6.42E-01,6.55E-01,5.64E-01,5.51E-01,7.11E-01,6.62E-01,7.98E-01,6.83E-01,6.71E-01,7.22E-01,6.95E-01,7.08E-01,5.72E-01,6.98E-01,7.72E-01,7.10E-01,7.11E-01,7.55E-01,5.32E-01,5.48E-01,7.95E-01,6.70E-01,5.43E-01,6.59E-01,6.56E-01,7.10E-01,5.46E-01,6.05E-01,6.94E-01,6.75E-01,6.21E-01,6.14E-01,5.92E-01,5.19E-01,5.04E-01,5.38E-01,6.47E-01,6.79E-01,6.57E-01,6.46E-01,6.26E-01,6.53E-01,6.80E-01,6.95E-01,6.43E-01,6.69E-01,6.77E-01,7.18E-01,6.13E-01,6.29E-01,7.13E-01,6.70E-01,5.99E-01,7.11E-01,5.84E-01,6.82E-01,6.20E-01,7.11E-01,6.87E-01,5.79E-01,6.42E-01,5.88E-01,7.00E-01,6.78E-01,6.14E-01,7.56E-01,7.00E-01,6.78E-01,6.50E-01,5.93E-01,6.87E-01,6.34E-01,7.17E-01,7.42E-01,6.64E-01,7.13E-01,6.23E-01,5.41E-01,6.04E-01,6.36E-01,6.17E-01,6.60E-01,6.09E-01,6.77E-01,5.99E-01,6.45E-01,5.96E-01,5.92E-01,5.60E-01,7.29E-01,6.41E-01,6.99E-01,7.12E-01,6.65E-01,5.89E-01,6.69E-01,6.70E-01,6.87E-01,7.04E-01,6.35E-01,7.37E-01,5.92E-01,6.93E-01,7.65E-01,6.13E-01,6.09E-01,7.15E-01,7.18E-01,6.66E-01,7.88E-01,7.91E-01,7.92E-01,6.89E-01,7.02E-01,6.59E-01,6.51E-01,6.00E-01,6.91E-01,6.65E-01,7.59E-01,7.75E-01,7.01E-01,7.47E-01,7.20E-01,6.90E-01,6.08E-01,8.04E-01,5.54E-01,6.58E-01,7.66E-01,6.89E-01,6.73E-01,6.73E-01,6.56E-01,7.04E-01,6.67E-01,6.46E-01,6.55E-01,5.35E-01,6.69E-01,6.56E-01,5.63E-01,6.64E-01,7.16E-01,6.65E-01,6.57E-01,7.39E-01,5.69E-01,6.99E-01,6.80E-01,6.87E-01,6.35E-01,7.03E-01,6.93E-01,6.93E-01,6.93E-01,6.84E-01,6.43E-01,6.26E-01,6.32E-01,6.57E-01,7.11E-01,7.38E-01,6.69E-01,6.73E-01,7.65E-01
130_S_4343,3.98E-01,3.64E-01,5.56E-01,5.28E-01,5.71E-01,6.42E-01,6.40E-01,6.92E-01,6.12E-01,7.25E-01,6.57E-01,5.75E-01,6.47E-01,4.74E-01,5.60E-01,5.69E-01,5.16E-01,5.83E-01,6.08E-01,6.30E-01,6.93E-01,6.34E-01,6.97E-01,6.17E-01,6.49E-01,6.54E-01,6.14E-01,5.90E-01,6.60E-01,6.09E-01,6.85E-01,6.63E-01,5.29E-01,5.43E-01,6.50E-01,6.80E-01,5.74E-01,5.21E-01,7.09E-01,6.58E-01,8.02E-01,6.91E-01,6.69E-01,7.29E-01,7.03E-01,7.07E-01,6.10E-01,6.84E-01,7.81E-01,7.24E-01,7.09E-01,7.68E-01,5.79E-01,5.70E-01,8.06E-01,6.76E-01,5.62E-01,6.44E-01,6.36E-01,7.12E-01,6.11E-01,6.28E-01,6.88E-01,6.94E-01,6.23E-01,6.27E-01,5.87E-01,5.59E-01,5.43E-01,5.57E-01,6.59E-01,6.89E-01,6.69E-01,6.59E-01,6.41E-01,6.78E-01,6.95E-01,7.00E-01,6.69E-01,6.92E-01,6.91E-01,7.35E-01,6.21E-01,6.14E-01,7.00E-01,6.57E-01,6.31E-01,7.22E-01,6.25E-01,6.88E-01,6.13E-01,7.23E-01,6.96E-01,5.91E-01,6.31E-01,6.00E-01,7.10E-01,6.52E-01,6.11E-01,7.38E-01,6.90E-01,6.84E-01,6.58E-01,5.94E-01,6.89E-01,6.57E-01,6.86E-01,7.28E-01,6.62E-01,7.11E-01,6.49E-01,5.59E-01,6.24E-01,6.70E-01,6.33E-01,6.57E-01,6.01E-01,6.74E-01,6.30E-01,6.33E-01,5.83E-01,5.81E-01,6.25E-01,7.10E-01,6.29E-01,7.02E-01,7.21E-01,6.43E-01,5.95E-01,6.49E-01,6.59E-01,7.01E-01,7.12E-01,6.42E-01,7.59E-01,6.13E-01,7.08E-01,7.65E-01,6.16E-01,5.85E-01,7.21E-01,7.15E-01,6.55E-01,7.89E-01,7.85E-01,7.88E-01,6.98E-01,6.95E-01,6.81E-01,6.44E-01,6.30E-01,6.94E-01,6.66E-01,7.81E-01,7.83E-01,7.03E-01,7.56E-01,7.30E-01,7.17E-01,6.20E-01,8.17E-01,5.57E-01,6.63E-01,7.58E-01,6.49E-01,6.89E-01,6.86E-01,6.72E-01,7.00E-01,6.82E-01,6.53E-01,6.49E-01,5.86E-01,6.86E-01,6.75E-01,5.87E-01,6.73E-01,7.37E-01,6.58E-01,6.70E-01,7.30E-01,5.83E-01,6.90E-01,7.21E-01,6.57E-01,6.36E-01,7.24E-01,7.10E-01,6.94E-01,6.95E-01,7.04E-01,6.44E-01,6.25E-01,6.43E-01,6.62E-01,6.86E-01,7.35E-01,6.80E-01,7.01E-01,7.72E-01
130_S_4352,4.07E-01,3.77E-01,5.70E-01,5.40E-01,5.71E-01,6.35E-01,6.45E-01,6.89E-01,6.20E-01,7.14E-01,6.58E-01,5.70E-01,6.51E-01,5.06E-01,5.75E-01,5.86E-01,5.28E-01,6.01E-01,6.27E-01,6.11E-01,6.91E-01,6.42E-01,7.00E-01,6.29E-01,6.57E-01,6.55E-01,6.24E-01,6.02E-01,6.53E-01,6.06E-01,6.76E-01,6.75E-01,5.20E-01,4.99E-01,6.62E-01,6.89E-01,5.62E-01,5.68E-01,7.19E-01,6.78E-01,7.99E-01,6.87E-01,6.76E-01,7.30E-01,6.92E-01,7.19E-01,5.94E-01,7.05E-01,7.79E-01,7.12E-01,7.05E-01,7.49E-01,5.76E-01,5.71E-01,7.99E-01,6.59E-01,5.57E-01,6.80E-01,6.53E-01,7.08E-01,5.92E-01,6.18E-01,6.97E-01,6.82E-01,6.26E-01,6.36E-01,5.97E-01,5.67E-01,5.57E-01,5.39E-01,6.62E-01,6.86E-01,6.43E-01,6.51E-01,6.22E-01,6.61E-01,6.58E-01,6.85E-01,6.48E-01,6.67E-01,6.74E-01,7.04E-01,6.17E-01,6.28E-01,7.00E-01,6.63E-01,6.06E-01,7.15E-01,6.13E-01,6.81E-01,6.32E-01,7.05E-01,6.76E-01,5.87E-01,6.47E-01,5.82E-01,6.95E-01,6.35E-01,6.03E-01,7.57E-01,6.77E-01,6.76E-01,6.44E-01,5.97E-01,6.68E-01,6.44E-01,6.79E-01,7.27E-01,6.40E-01,6.79E-01,6.16E-01,5.71E-01,6.12E-01,6.43E-01,6.00E-01,6.39E-01,5.98E-01,6.78E-01,6.03E-01,6.27E-01,5.83E-01,5.45E-01,6.32E-01,7.22E-01,6.36E-01,6.91E-01,7.08E-01,6.67E-01,6.01E-01,6.48E-01,6.68E-01,7.01E-01,6.83E-01,6.35E-01,7.41E-01,5.88E-01,7.21E-01,7.69E-01,5.84E-01,5.68E-01,7.02E-01,7.18E-01,6.63E-01,7.75E-01,7.83E-01,7.87E-01,6.72E-01,6.86E-01,6.44E-01,6.27E-01,6.20E-01,6.86E-01,6.70E-01,7.75E-01,7.76E-01,6.91E-01,7.37E-01,7.03E-01,6.93E-01,5.89E-01,8.11E-01,5.62E-01,6.57E-01,7.40E-01,6.90E-01,6.56E-01,6.46E-01,6.66E-01,6.91E-01,6.69E-01,6.53E-01,6.58E-01,5.52E-01,6.63E-01,6.80E-01,5.95E-01,6.29E-01,7.13E-01,6.24E-01,6.53E-01,7.09E-01,5.40E-01,6.67E-01,7.08E-01,6.28E-01,6.05E-01,6.98E-01,6.87E-01,6.71E-01,6.97E-01,6.75E-01,6.55E-01,6.15E-01,6.33E-01,6.12E-01,6.82E-01,7.26E-01,6.76E-01,6.68E-01,7.72E-01
130_S_4730,4.21E-01,3.98E-01,5.74E-01,5.36E-01,5.67E-01,6.40E-01,6.44E-01,6.91E-01,6.23E-01,7.10E-01,6.54E-01,5.75E-01,6.51E-01,5.01E-01,5.82E-01,5.79E-01,5.36E-01,6.21E-01,6.24E-01,6.21E-01,6.80E-01,6.28E-01,6.95E-01,6.07E-01,6.56E-01,6.54E-01,6.18E-01,6.07E-01,6.55E-01,6.13E-01,6.74E-01,6.62E-01,5.34E-01,5.26E-01,6.61E-01,6.88E-01,5.62E-01,5.72E-01,7.38E-01,6.64E-01,7.82E-01,6.92E-01,6.79E-01,7.30E-01,7.08E-01,7.17E-01,6.07E-01,6.98E-01,7.77E-01,7.21E-01,7.22E-01,7.67E-01,5.72E-01,5.53E-01,8.00E-01,6.73E-01,5.38E-01,6.77E-01,6.38E-01,6.99E-01,6.29E-01,6.14E-01,6.81E-01,6.48E-01,6.37E-01,6.32E-01,5.96E-01,5.70E-01,5.43E-01,5.79E-01,6.59E-01,7.06E-01,6.64E-01,6.53E-01,6.19E-01,6.94E-01,6.79E-01,7.03E-01,6.60E-01,7.07E-01,6.92E-01,7.09E-01,6.17E-01,6.13E-01,6.92E-01,6.50E-01,6.35E-01,7.28E-01,6.42E-01,7.12E-01,6.54E-01,7.27E-01,6.96E-01,6.18E-01,6.41E-01,5.67E-01,6.72E-01,6.20E-01,5.83E-01,7.53E-01,6.75E-01,6.70E-01,6.53E-01,6.10E-01,6.77E-01,6.50E-01,6.46E-01,7.30E-01,6.31E-01,6.64E-01,6.30E-01,5.58E-01,6.20E-01,6.58E-01,6.58E-01,6.64E-01,6.04E-01,7.00E-01,6.30E-01,7.01E-01,6.23E-01,6.07E-01,6.52E-01,6.90E-01,6.06E-01,6.80E-01,7.06E-01,6.54E-01,5.56E-01,6.65E-01,6.56E-01,6.89E-01,7.03E-01,6.29E-01,7.41E-01,5.98E-01,6.71E-01,7.67E-01,6.17E-01,6.09E-01,7.39E-01,7.18E-01,6.33E-01,7.73E-01,7.77E-01,7.79E-01,6.83E-01,6.98E-01,6.94E-01,6.85E-01,6.29E-01,6.82E-01,6.91E-01,7.76E-01,7.97E-01,6.94E-01,7.59E-01,7.22E-01,7.24E-01,6.40E-01,8.14E-01,5.65E-01,6.67E-01,7.44E-01,6.89E-01,6.98E-01,7.08E-01,6.63E-01,6.87E-01,6.60E-01,6.49E-01,6.51E-01,5.65E-01,6.95E-01,6.81E-01,5.97E-01,6.85E-01,7.22E-01,6.77E-01,6.70E-01,7.22E-01,6.15E-01,6.77E-01,6.93E-01,6.92E-01,6.27E-01,7.06E-01,6.84E-01,7.00E-01,6.59E-01,6.98E-01,6.52E-01,6.20E-01,6.31E-01,5.90E-01,6.38E-01,7.14E-01,6.49E-01,6.48E-01,7.56E-01
130_S_4971,4.07E-01,3.83E-01,5.73E-01,5.30E-01,5.51E-01,6.29E-01,6.35E-01,6.82E-01,6.08E-01,6.90E-01,6.43E-01,5.62E-01,6.41E-01,4.80E-01,5.70E-01,5.64E-01,5.31E-01,6.15E-01,6.15E-01,6.19E-01,6.82E-01,6.20E-01,6.81E-01,5.97E-01,6.34E-01,6.42E-01,6.24E-01,6.01E-01,6.30E-01,6.05E-01,6.70E-01,6.59E-01,5.13E-01,5.28E-01,6.51E-01,6.76E-01,5.74E-01,5.58E-01,7.22E-01,6.57E-01,7.65E-01,6.80E-01,6.61E-01,7.23E-01,6.93E-01,7.04E-01,6.08E-01,6.91E-01,7.50E-01,6.99E-01,7.01E-01,7.51E-01,5.54E-01,5.44E-01,7.86E-01,6.70E-01,5.44E-01,6.91E-01,6.54E-01,7.03E-01,6.09E-01,6.14E-01,6.86E-01,6.53E-01,6.29E-01,6.14E-01,5.82E-01,5.32E-01,5.49E-01,5.54E-01,6.58E-01,6.88E-01,6.68E-01,6.39E-01,6.17E-01,6.78E-01,6.68E-01,6.88E-01,6.56E-01,6.78E-01,6.85E-01,6.87E-01,6.06E-01,6.17E-01,6.78E-01,6.32E-01,6.45E-01,7.04E-01,6.11E-01,6.79E-01,6.51E-01,7.07E-01,7.00E-01,6.19E-01,6.22E-01,5.61E-01,6.71E-01,6.29E-01,5.76E-01,7.38E-01,6.72E-01,6.60E-01,6.32E-01,6.08E-01,6.65E-01,6.33E-01,6.26E-01,7.17E-01,6.10E-01,6.87E-01,6.16E-01,5.65E-01,6.27E-01,6.61E-01,6.36E-01,6.74E-01,6.27E-01,6.73E-01,6.25E-01,6.60E-01,6.11E-01,5.86E-01,6.07E-01,6.84E-01,6.02E-01,6.82E-01,6.86E-01,6.37E-01,5.77E-01,6.48E-01,6.39E-01,6.78E-01,7.03E-01,6.20E-01,7.38E-01,5.89E-01,6.85E-01,7.60E-01,6.11E-01,5.88E-01,7.16E-01,7.04E-01,6.45E-01,7.66E-01,7.81E-01,7.71E-01,6.54E-01,6.79E-01,6.43E-01,6.67E-01,6.36E-01,6.77E-01,6.61E-01,7.56E-01,7.60E-01,6.85E-01,7.46E-01,6.91E-01,6.87E-01,5.85E-01,7.91E-01,5.16E-01,6.29E-01,7.14E-01,6.81E-01,6.60E-01,6.87E-01,6.20E-01,6.93E-01,6.32E-01,6.36E-01,6.37E-01,5.57E-01,6.80E-01,6.69E-01,5.75E-01,6.53E-01,7.09E-01,6.50E-01,6.58E-01,7.06E-01,5.76E-01,6.54E-01,6.96E-01,6.38E-01,5.87E-01,6.83E-01,6.70E-01,6.59E-01,6.49E-01,6.23E-01,6.39E-01,6.13E-01,6.38E-01,5.98E-01,6.44E-01,7.21E-01,6.36E-01,6.34E-01,7.54E-01
130_S_4982,3.95E-01,3.67E-01,5.62E-01,5.28E-01,5.58E-01,6.22E-01,6.23E-01,6.69E-01,6.07E-01,7.07E-01,6.46E-01,5.75E-01,6.33E-01,5.02E-01,5.81E-01,5.83E-01,5.14E-01,5.59E-01,6.19E-01,6.07E-01,6.86E-01,6.30E-01,6.85E-01,6.13E-01,6.38E-01,6.44E-01,6.14E-01,6.02E-01,6.32E-01,5.78E-01,6.57E-01,6.54E-01,5.24E-01,5.18E-01,6.45E-01,6.80E-01,5.46E-01,5.38E-01,7.15E-01,6.55E-01,7.97E-01,6.86E-01,6.51E-01,7.25E-01,6.88E-01,7.04E-01,5.80E-01,6.82E-01,7.67E-01,6.99E-01,6.92E-01,7.46E-01,5.35E-01,5.34E-01,7.81E-01,6.54E-01,5.41E-01,6.55E-01,6.42E-01,7.12E-01,6.02E-01,6.09E-01,6.62E-01,6.64E-01,6.19E-01,6.10E-01,5.61E-01,5.49E-01,5.32E-01,5.34E-01,6.65E-01,6.82E-01,6.49E-01,6.43E-01,6.19E-01,6.58E-01,6.63E-01,6.86E-01,6.46E-01,6.70E-01,6.77E-01,7.04E-01,5.94E-01,5.91E-01,6.81E-01,6.52E-01,6.15E-01,7.06E-01,6.02E-01,6.69E-01,6.15E-01,6.99E-01,6.73E-01,5.98E-01,6.22E-01,5.87E-01,6.89E-01,6.36E-01,5.81E-01,7.37E-01,6.69E-01,6.64E-01,6.43E-01,5.87E-01,6.71E-01,6.43E-01,6.43E-01,7.08E-01,6.25E-01,6.74E-01,6.28E-01,5.72E-01,6.16E-01,6.44E-01,6.30E-01,6.46E-01,5.84E-01,6.76E-01,6.08E-01,6.14E-01,5.94E-01,5.91E-01,6.07E-01,6.91E-01,6.13E-01,6.78E-01,6.88E-01,6.26E-01,5.55E-01,6.52E-01,6.42E-01,6.78E-01,6.98E-01,6.29E-01,7.42E-01,6.06E-01,6.81E-01,7.50E-01,6.02E-01,5.55E-01,7.09E-01,7.03E-01,6.45E-01,7.69E-01,7.74E-01,7.75E-01,6.67E-01,6.92E-01,6.49E-01,6.47E-01,6.24E-01,6.89E-01,6.59E-01,7.64E-01,7.68E-01,6.84E-01,7.39E-01,6.96E-01,7.03E-01,6.16E-01,7.90E-01,5.23E-01,6.37E-01,7.34E-01,6.71E-01,6.81E-01,6.61E-01,6.25E-01,6.92E-01,6.37E-01,6.36E-01,6.24E-01,5.60E-01,6.63E-01,6.38E-01,5.52E-01,6.63E-01,7.17E-01,6.43E-01,6.71E-01,7.24E-01,5.76E-01,6.55E-01,6.89E-01,6.94E-01,6.14E-01,7.09E-01,6.81E-01,6.71E-01,6.55E-01,6.64E-01,6.53E-01,5.74E-01,6.34E-01,6.15E-01,6.58E-01,7.05E-01,6.61E-01,6.30E-01,7.53E-01
130_S_4984,3.93E-01,3.65E-01,5.54E-01,5.28E-01,5.53E-01,6.36E-01,6.38E-01,6.87E-01,6.11E-01,6.96E-01,6.47E-01,5.63E-01,6.40E-01,5.02E-01,5.65E-01,5.62E-01,5.25E-01,5.90E-01,6.02E-01,6.00E-01,6.58E-01,6.07E-01,6.72E-01,5.79E-01,6.34E-01,6.43E-01,6.24E-01,5.85E-01,6.28E-01,5.86E-01,6.65E-01,6.63E-01,5.25E-01,5.14E-01,6.42E-01,6.77E-01,5.34E-01,5.39E-01,7.03E-01,6.51E-01,7.77E-01,6.73E-01,6.41E-01,7.13E-01,6.84E-01,7.01E-01,5.80E-01,6.68E-01,7.56E-01,7.01E-01,6.98E-01,7.51E-01,5.21E-01,5.21E-01,7.87E-01,6.53E-01,5.45E-01,6.61E-01,6.27E-01,7.00E-01,5.88E-01,5.99E-01,6.75E-01,6.42E-01,6.21E-01,6.09E-01,5.65E-01,5.53E-01,5.19E-01,5.51E-01,6.43E-01,6.72E-01,6.42E-01,6.43E-01,6.22E-01,6.55E-01,6.57E-01,6.81E-01,6.43E-01,6.68E-01,6.82E-01,6.86E-01,5.98E-01,5.88E-01,6.62E-01,6.20E-01,5.89E-01,7.02E-01,6.02E-01,6.43E-01,6.17E-01,6.96E-01,6.76E-01,5.83E-01,6.24E-01,5.74E-01,6.78E-01,6.23E-01,5.91E-01,7.37E-01,6.64E-01,6.54E-01,6.36E-01,5.94E-01,6.75E-01,6.46E-01,6.60E-01,7.25E-01,6.40E-01,6.60E-01,6.36E-01,5.59E-01,6.11E-01,6.43E-01,6.13E-01,6.44E-01,5.95E-01,6.74E-01,5.92E-01,6.46E-01,5.73E-01,5.54E-01,5.97E-01,6.88E-01,6.04E-01,6.75E-01,6.78E-01,6.41E-01,5.83E-01,6.31E-01,6.40E-01,6.71E-01,6.93E-01,6.28E-01,7.26E-01,5.82E-01,6.84E-01,7.46E-01,6.05E-01,5.74E-01,6.92E-01,6.98E-01,6.48E-01,7.61E-01,7.65E-01,7.64E-01,6.70E-01,6.90E-01,6.43E-01,6.32E-01,6.03E-01,6.92E-01,6.78E-01,7.46E-01,7.61E-01,6.61E-01,7.47E-01,6.96E-01,7.03E-01,5.99E-01,7.97E-01,5.37E-01,6.33E-01,7.21E-01,6.82E-01,6.70E-01,6.57E-01,6.19E-01,6.80E-01,6.39E-01,6.27E-01,6.24E-01,5.21E-01,6.48E-01,6.52E-01,5.73E-01,6.45E-01,7.13E-01,6.30E-01,6.57E-01,7.18E-01,5.78E-01,6.82E-01,6.88E-01,6.53E-01,6.18E-01,6.89E-01,6.73E-01,6.79E-01,6.36E-01,6.76E-01,6.54E-01,5.95E-01,6.20E-01,6.00E-01,6.61E-01,6.89E-01,6.44E-01,6.53E-01,7.44E-01
130_S_4990,3.94E-01,3.68E-01,5.57E-01,5.31E-01,5.58E-01,6.28E-01,6.33E-01,6.80E-01,6.07E-01,7.04E-01,6.51E-01,5.68E-01,6.33E-01,4.71E-01,5.51E-01,5.59E-01,5.05E-01,5.67E-01,6.12E-01,5.91E-01,6.79E-01,6.32E-01,6.74E-01,6.16E-01,6.40E-01,6.48E-01,6.01E-01,5.81E-01,6.43E-01,5.91E-01,6.55E-01,6.69E-01,5.10E-01,4.96E-01,6.42E-01,6.60E-01,5.65E-01,5.31E-01,7.03E-01,6.50E-01,7.89E-01,6.75E-01,6.65E-01,7.21E-01,6.93E-01,7.10E-01,6.00E-01,7.08E-01,7.76E-01,6.99E-01,7.19E-01,7.74E-01,5.73E-01,5.53E-01,8.04E-01,6.67E-01,5.51E-01,6.77E-01,6.54E-01,7.06E-01,5.96E-01,6.06E-01,6.90E-01,6.88E-01,6.10E-01,6.17E-01,5.89E-01,5.09E-01,5.52E-01,5.37E-01,6.64E-01,6.91E-01,6.39E-01,6.42E-01,6.22E-01,6.53E-01,6.78E-01,7.01E-01,6.44E-01,6.79E-01,6.77E-01,7.03E-01,6.27E-01,6.14E-01,6.82E-01,6.47E-01,6.05E-01,7.07E-01,6.09E-01,6.78E-01,6.31E-01,6.98E-01,6.60E-01,5.81E-01,6.23E-01,5.82E-01,6.97E-01,6.54E-01,5.94E-01,7.47E-01,6.82E-01,6.68E-01,6.47E-01,6.02E-01,6.89E-01,6.47E-01,6.63E-01,7.28E-01,6.40E-01,6.74E-01,6.20E-01,5.38E-01,5.81E-01,6.33E-01,6.03E-01,6.46E-01,6.19E-01,6.67E-01,6.16E-01,6.47E-01,5.98E-01,5.85E-01,5.87E-01,6.98E-01,6.20E-01,6.62E-01,6.89E-01,6.50E-01,5.65E-01,6.70E-01,6.48E-01,7.01E-01,6.87E-01,6.31E-01,7.04E-01,5.96E-01,6.70E-01,7.66E-01,5.87E-01,5.60E-01,7.04E-01,7.11E-01,6.43E-01,7.62E-01,7.79E-01,7.65E-01,6.74E-01,6.87E-01,6.28E-01,6.66E-01,6.21E-01,6.94E-01,6.66E-01,7.46E-01,7.70E-01,6.70E-01,7.77E-01,7.24E-01,7.00E-01,5.80E-01,8.25E-01,5.44E-01,6.47E-01,7.38E-01,6.65E-01,6.58E-01,6.77E-01,6.66E-01,7.05E-01,6.53E-01,6.48E-01,6.49E-01,5.62E-01,6.76E-01,6.74E-01,5.67E-01,6.44E-01,7.23E-01,6.66E-01,6.34E-01,7.06E-01,5.30E-01,6.59E-01,6.58E-01,6.42E-01,6.12E-01,6.89E-01,6.82E-01,6.61E-01,6.56E-01,6.76E-01,6.48E-01,5.98E-01,6.51E-01,5.97E-01,6.85E-01,6.94E-01,6.54E-01,6.27E-01,7.35E-01
130_S_4997,3.97E-01,3.66E-01,5.59E-01,5.28E-01,5.82E-01,6.41E-01,6.35E-01,6.85E-01,6.15E-01,7.20E-01,6.51E-01,5.86E-01,6.43E-01,5.10E-01,5.75E-01,5.70E-01,5.31E-01,5.88E-01,6.14E-01,5.99E-01,6.91E-01,6.46E-01,6.89E-01,6.22E-01,6.40E-01,6.61E-01,6.39E-01,6.05E-01,6.66E-01,6.02E-01,6.76E-01,6.60E-01,5.33E-01,4.97E-01,6.51E-01,6.77E-01,5.66E-01,5.54E-01,7.12E-01,6.72E-01,8.00E-01,6.87E-01,6.75E-01,7.23E-01,6.94E-01,7.09E-01,6.16E-01,7.07E-01,7.78E-01,7.24E-01,6.96E-01,7.46E-01,5.47E-01,5.43E-01,7.92E-01,6.66E-01,5.59E-01,6.90E-01,6.57E-01,7.20E-01,6.00E-01,6.20E-01,6.87E-01,6.40E-01,6.28E-01,6.35E-01,6.05E-01,5.41E-01,5.55E-01,5.66E-01,6.59E-01,6.88E-01,6.64E-01,6.56E-01,6.28E-01,6.63E-01,6.67E-01,7.00E-01,6.50E-01,6.87E-01,6.78E-01,7.26E-01,5.94E-01,6.27E-01,7.00E-01,6.60E-01,6.45E-01,7.16E-01,6.16E-01,6.97E-01,6.44E-01,7.09E-01,6.96E-01,5.98E-01,6.47E-01,5.93E-01,7.02E-01,6.56E-01,6.14E-01,7.44E-01,6.82E-01,6.68E-01,6.52E-01,6.04E-01,6.73E-01,6.53E-01,6.77E-01,7.34E-01,6.57E-01,7.08E-01,6.43E-01,5.62E-01,6.30E-01,6.56E-01,6.18E-01,6.45E-01,5.97E-01,6.85E-01,6.19E-01,6.51E-01,6.04E-01,5.67E-01,6.29E-01,7.18E-01,6.44E-01,6.95E-01,7.04E-01,6.70E-01,5.90E-01,6.80E-01,6.71E-01,7.20E-01,6.85E-01,6.39E-01,7.49E-01,5.97E-01,6.97E-01,7.56E-01,6.19E-01,5.86E-01,7.16E-01,7.23E-01,6.86E-01,7.94E-01,7.84E-01,7.93E-01,6.94E-01,6.95E-01,6.61E-01,6.51E-01,6.29E-01,6.93E-01,6.87E-01,7.67E-01,7.83E-01,7.03E-01,7.48E-01,7.10E-01,7.03E-01,5.96E-01,8.05E-01,5.42E-01,6.58E-01,7.45E-01,7.27E-01,6.90E-01,6.81E-01,6.72E-01,7.07E-01,6.68E-01,6.61E-01,6.63E-01,5.58E-01,6.73E-01,6.88E-01,5.93E-01,6.85E-01,7.35E-01,6.63E-01,6.81E-01,7.39E-01,5.92E-01,6.81E-01,6.85E-01,6.78E-01,6.31E-01,7.30E-01,7.02E-01,6.97E-01,6.98E-01,6.67E-01,6.73E-01,6.23E-01,6.56E-01,6.34E-01,6.92E-01,7.26E-01,6.77E-01,6.56E-01,7.59E-01
130_S_5006,4.03E-01,3.74E-01,5.66E-01,5.34E-01,5.66E-01,6.34E-01,6.28E-01,6.85E-01,6.05E-01,7.04E-01,6.48E-01,5.71E-01,6.37E-01,4.98E-01,5.68E-01,5.68E-01,5.12E-01,5.82E-01,6.09E-01,5.85E-01,6.85E-01,6.47E-01,6.83E-01,5.96E-01,6.40E-01,6.57E-01,5.95E-01,5.88E-01,6.47E-01,6.04E-01,6.80E-01,6.57E-01,5.22E-01,5.05E-01,6.52E-01,6.74E-01,5.60E-01,5.42E-01,7.04E-01,6.57E-01,7.95E-01,6.82E-01,6.61E-01,7.28E-01,6.84E-01,7.04E-01,6.05E-01,6.75E-01,7.73E-01,7.01E-01,6.90E-01,7.48E-01,5.48E-01,5.40E-01,7.82E-01,6.57E-01,5.58E-01,6.66E-01,6.51E-01,7.04E-01,5.86E-01,6.19E-01,6.80E-01,6.81E-01,6.31E-01,6.21E-01,5.82E-01,5.37E-01,5.20E-01,5.39E-01,6.52E-01,6.99E-01,6.53E-01,6.47E-01,6.19E-01,6.58E-01,6.68E-01,6.86E-01,6.45E-01,6.55E-01,6.76E-01,6.96E-01,5.98E-01,6.05E-01,6.86E-01,6.38E-01,6.46E-01,7.07E-01,6.16E-01,6.75E-01,6.28E-01,7.17E-01,7.01E-01,5.82E-01,6.40E-01,5.64E-01,6.82E-01,6.52E-01,6.04E-01,7.56E-01,6.62E-01,6.63E-01,6.48E-01,5.95E-01,6.71E-01,6.51E-01,6.66E-01,7.16E-01,6.46E-01,6.75E-01,6.33E-01,5.41E-01,6.07E-01,6.40E-01,6.05E-01,6.48E-01,6.01E-01,6.67E-01,5.87E-01,6.18E-01,5.99E-01,5.73E-01,5.90E-01,7.04E-01,6.23E-01,6.78E-01,6.99E-01,6.22E-01,5.76E-01,6.73E-01,6.56E-01,7.10E-01,6.83E-01,6.36E-01,7.42E-01,5.63E-01,6.71E-01,7.45E-01,5.91E-01,5.66E-01,6.89E-01,7.06E-01,6.74E-01,7.73E-01,7.79E-01,7.72E-01,6.84E-01,6.82E-01,6.43E-01,6.39E-01,6.10E-01,6.56E-01,6.48E-01,7.64E-01,7.86E-01,6.66E-01,7.43E-01,6.99E-01,6.90E-01,6.12E-01,7.93E-01,5.36E-01,6.42E-01,7.43E-01,6.69E-01,6.47E-01,6.89E-01,6.40E-01,7.13E-01,6.51E-01,6.44E-01,6.38E-01,5.61E-01,6.87E-01,6.66E-01,5.38E-01,6.63E-01,7.29E-01,6.40E-01,6.31E-01,7.16E-01,5.68E-01,6.62E-01,6.77E-01,6.31E-01,6.25E-01,6.96E-01,6.77E-01,6.86E-01,6.72E-01,6.71E-01,6.56E-01,5.95E-01,6.55E-01,6.23E-01,6.55E-01,7.13E-01,6.64E-01,6.67E-01,7.66E-01
131_S_5138,3.93E-01,3.77E-01,5.72E-01,5.47E-01,5.74E-01,6.50E-01,6.50E-01,7.00E-01,6.30E-01,7.30E-01,6.66E-01,5.83E-01,6.60E-01,5.35E-01,5.86E-01,5.74E-01,5.63E-01,5.97E-01,6.37E-01,6.33E-01,7.01E-01,6.50E-01,7.07E-01,6.19E-01,6.61E-01,6.56E-01,6.32E-01,6.00E-01,6.62E-01,6.06E-01,6.91E-01,6.87E-01,5.65E-01,5.42E-01,6.62E-01,6.85E-01,5.87E-01,5.89E-01,7.44E-01,6.58E-01,8.15E-01,6.98E-01,6.81E-01,7.38E-01,7.08E-01,7.13E-01,6.18E-01,6.98E-01,7.86E-01,7.21E-01,7.11E-01,7.65E-01,5.58E-01,5.56E-01,8.04E-01,6.86E-01,5.61E-01,6.92E-01,6.49E-01,7.36E-01,6.06E-01,6.18E-01,7.01E-01,6.74E-01,6.23E-01,6.35E-01,6.02E-01,5.52E-01,5.42E-01,5.39E-01,6.56E-01,7.12E-01,6.84E-01,6.66E-01,6.43E-01,6.58E-01,6.90E-01,7.10E-01,6.60E-01,6.98E-01,6.94E-01,7.28E-01,6.21E-01,6.27E-01,7.05E-01,6.65E-01,6.37E-01,7.07E-01,6.19E-01,6.82E-01,6.32E-01,7.22E-01,6.79E-01,6.38E-01,6.47E-01,6.03E-01,7.01E-01,6.62E-01,6.27E-01,7.77E-01,6.84E-01,6.80E-01,6.41E-01,6.10E-01,6.84E-01,6.62E-01,6.95E-01,7.35E-01,6.66E-01,7.04E-01,6.49E-01,5.78E-01,6.12E-01,6.45E-01,6.27E-01,6.71E-01,6.40E-01,6.78E-01,6.47E-01,6.55E-01,6.22E-01,5.92E-01,6.13E-01,7.26E-01,6.48E-01,6.99E-01,7.22E-01,6.67E-01,5.88E-01,6.80E-01,6.65E-01,7.14E-01,7.02E-01,6.44E-01,7.39E-01,5.99E-01,7.07E-01,7.79E-01,6.30E-01,6.03E-01,7.23E-01,7.12E-01,6.25E-01,8.02E-01,7.84E-01,7.91E-01,7.03E-01,7.06E-01,6.70E-01,6.52E-01,6.37E-01,6.98E-01,6.86E-01,7.85E-01,7.94E-01,7.10E-01,7.66E-01,7.24E-01,7.04E-01,6.16E-01,8.18E-01,5.44E-01,6.62E-01,7.70E-01,7.05E-01,6.99E-01,6.24E-01,6.74E-01,7.10E-01,6.78E-01,6.60E-01,6.61E-01,5.75E-01,6.92E-01,6.82E-01,5.82E-01,6.71E-01,7.31E-01,6.51E-01,6.52E-01,7.35E-01,6.01E-01,6.89E-01,7.15E-01,6.32E-01,6.43E-01,7.19E-01,7.02E-01,6.77E-01,6.97E-01,6.99E-01,6.40E-01,6.23E-01,6.32E-01,6.46E-01,7.01E-01,7.47E-01,6.90E-01,6.81E-01,7.72E-01
135_S_4863,3.73E-01,3.45E-01,5.37E-01,4.99E-01,5.53E-01,6.22E-01,6.24E-01,6.75E-01,5.95E-01,7.21E-01,6.42E-01,5.54E-01,6.35E-01,4.59E-01,5.51E-01,5.55E-01,4.99E-01,5.71E-01,6.07E-01,5.94E-01,6.87E-01,6.35E-01,6.87E-01,6.19E-01,6.51E-01,6.46E-01,6.20E-01,5.82E-01,6.31E-01,5.72E-01,6.75E-01,6.56E-01,5.11E-01,5.01E-01,6.44E-01,6.67E-01,5.62E-01,5.43E-01,7.14E-01,6.47E-01,8.01E-01,6.87E-01,6.53E-01,7.16E-01,7.00E-01,7.07E-01,6.03E-01,6.82E-01,7.69E-01,7.19E-01,7.06E-01,7.61E-01,5.35E-01,5.46E-01,7.87E-01,6.64E-01,5.31E-01,6.59E-01,6.63E-01,7.09E-01,6.00E-01,6.08E-01,6.90E-01,6.82E-01,6.00E-01,6.27E-01,5.85E-01,5.32E-01,5.23E-01,5.44E-01,6.50E-01,6.93E-01,6.61E-01,6.44E-01,6.27E-01,6.71E-01,6.88E-01,7.06E-01,6.53E-01,7.05E-01,6.81E-01,7.23E-01,5.77E-01,6.27E-01,6.93E-01,6.66E-01,6.21E-01,7.15E-01,6.18E-01,6.98E-01,5.79E-01,7.10E-01,6.86E-01,5.98E-01,6.28E-01,5.84E-01,6.97E-01,6.44E-01,6.22E-01,7.62E-01,6.65E-01,6.75E-01,6.26E-01,5.79E-01,6.71E-01,6.21E-01,6.66E-01,7.13E-01,6.49E-01,7.09E-01,6.38E-01,5.29E-01,6.18E-01,6.55E-01,6.45E-01,6.42E-01,6.02E-01,6.80E-01,6.12E-01,6.27E-01,5.93E-01,5.59E-01,6.38E-01,7.21E-01,6.33E-01,6.94E-01,7.08E-01,6.58E-01,5.91E-01,6.69E-01,6.51E-01,6.98E-01,7.05E-01,6.21E-01,7.44E-01,6.03E-01,6.92E-01,7.67E-01,6.22E-01,5.72E-01,7.24E-01,7.01E-01,6.71E-01,7.86E-01,8.01E-01,7.82E-01,7.07E-01,7.11E-01,6.87E-01,6.82E-01,6.09E-01,7.07E-01,6.86E-01,7.68E-01,7.93E-01,7.11E-01,7.70E-01,7.41E-01,7.30E-01,5.92E-01,8.10E-01,5.40E-01,6.52E-01,7.56E-01,6.63E-01,6.88E-01,6.66E-01,6.71E-01,7.23E-01,6.81E-01,6.52E-01,6.45E-01,5.43E-01,6.66E-01,6.76E-01,5.97E-01,6.95E-01,7.37E-01,6.52E-01,7.02E-01,7.26E-01,5.88E-01,6.98E-01,6.91E-01,6.84E-01,6.32E-01,7.28E-01,7.06E-01,6.96E-01,6.85E-01,6.88E-01,6.68E-01,6.21E-01,6.36E-01,6.33E-01,6.68E-01,7.19E-01,6.76E-01,6.67E-01,7.65E-01
135_S_4954,3.76E-01,3.46E-01,5.29E-01,5.10E-01,5.60E-01,6.23E-01,6.31E-01,6.78E-01,6.01E-01,7.16E-01,6.40E-01,5.56E-01,6.44E-01,4.60E-01,5.70E-01,5.50E-01,5.03E-01,5.76E-01,6.03E-01,5.71E-01,6.78E-01,6.43E-01,6.87E-01,6.17E-01,6.42E-01,6.40E-01,5.98E-01,5.80E-01,6.39E-01,5.78E-01,6.70E-01,6.57E-01,5.25E-01,5.19E-01,6.47E-01,6.74E-01,5.55E-01,5.44E-01,7.28E-01,6.48E-01,8.02E-01,6.84E-01,6.74E-01,7.22E-01,7.12E-01,7.16E-01,5.95E-01,6.98E-01,7.72E-01,7.11E-01,6.99E-01,7.52E-01,5.54E-01,5.41E-01,7.82E-01,6.58E-01,5.45E-01,6.79E-01,6.58E-01,7.12E-01,6.02E-01,6.07E-01,6.92E-01,6.59E-01,6.23E-01,6.16E-01,5.85E-01,5.36E-01,5.14E-01,5.40E-01,6.50E-01,6.95E-01,6.65E-01,6.54E-01,6.35E-01,6.65E-01,6.92E-01,7.06E-01,6.65E-01,6.97E-01,6.93E-01,7.12E-01,5.81E-01,6.18E-01,6.95E-01,6.61E-01,6.26E-01,7.01E-01,6.04E-01,6.92E-01,6.31E-01,7.14E-01,7.08E-01,5.87E-01,6.34E-01,6.01E-01,6.91E-01,6.59E-01,6.16E-01,7.47E-01,6.71E-01,6.62E-01,6.27E-01,5.73E-01,6.75E-01,6.14E-01,6.68E-01,7.29E-01,6.66E-01,6.85E-01,6.53E-01,5.14E-01,6.22E-01,6.61E-01,6.51E-01,6.60E-01,6.05E-01,6.93E-01,6.15E-01,6.53E-01,5.87E-01,6.21E-01,6.41E-01,7.29E-01,6.46E-01,7.15E-01,7.14E-01,6.64E-01,6.11E-01,6.77E-01,6.63E-01,7.17E-01,6.92E-01,6.10E-01,7.39E-01,5.75E-01,6.90E-01,7.80E-01,6.22E-01,5.86E-01,7.29E-01,7.24E-01,6.79E-01,7.95E-01,7.87E-01,8.01E-01,7.10E-01,7.22E-01,6.88E-01,6.90E-01,6.31E-01,7.11E-01,6.96E-01,7.79E-01,7.87E-01,7.15E-01,7.61E-01,7.45E-01,7.23E-01,6.14E-01,8.23E-01,5.61E-01,6.77E-01,7.56E-01,6.84E-01,6.92E-01,6.76E-01,6.90E-01,7.12E-01,6.76E-01,6.51E-01,6.59E-01,5.65E-01,6.73E-01,6.84E-01,6.09E-01,6.88E-01,7.43E-01,6.87E-01,6.83E-01,7.19E-01,6.16E-01,7.04E-01,6.89E-01,6.75E-01,6.56E-01,7.05E-01,7.02E-01,6.87E-01,6.91E-01,6.98E-01,6.91E-01,6.29E-01,6.54E-01,6.26E-01,6.94E-01,7.32E-01,6.93E-01,6.86E-01,7.56E-01
135_S_5015,3.73E-01,3.41E-01,5.30E-01,4.91E-01,5.44E-01,6.10E-01,6.25E-01,6.71E-01,5.94E-01,6.99E-01,6.36E-01,5.47E-01,6.30E-01,4.44E-01,5.45E-01,5.37E-01,4.85E-01,5.50E-01,6.04E-01,5.94E-01,6.76E-01,6.45E-01,6.86E-01,6.11E-01,6.36E-01,6.50E-01,6.08E-01,5.75E-01,6.27E-01,5.74E-01,6.67E-01,6.56E-01,4.85E-01,4.80E-01,6.23E-01,6.82E-01,5.34E-01,5.08E-01,7.01E-01,6.59E-01,7.89E-01,6.71E-01,6.62E-01,7.20E-01,6.96E-01,6.97E-01,5.83E-01,7.00E-01,7.70E-01,7.06E-01,6.82E-01,7.55E-01,5.28E-01,5.45E-01,7.75E-01,6.61E-01,5.21E-01,6.76E-01,6.60E-01,7.05E-01,5.86E-01,6.09E-01,6.87E-01,6.37E-01,6.22E-01,6.15E-01,5.77E-01,5.12E-01,4.77E-01,5.45E-01,6.55E-01,6.87E-01,6.67E-01,6.29E-01,6.02E-01,6.65E-01,6.73E-01,6.90E-01,6.51E-01,6.55E-01,6.75E-01,7.06E-01,6.06E-01,6.15E-01,6.85E-01,6.62E-01,6.34E-01,6.94E-01,5.89E-01,6.72E-01,6.16E-01,7.03E-01,6.92E-01,5.93E-01,6.34E-01,5.77E-01,6.82E-01,6.31E-01,6.07E-01,7.71E-01,6.66E-01,6.67E-01,6.32E-01,5.70E-01,6.50E-01,6.15E-01,6.57E-01,7.27E-01,6.34E-01,6.65E-01,6.39E-01,5.25E-01,6.26E-01,6.47E-01,6.26E-01,6.36E-01,5.76E-01,6.68E-01,6.04E-01,6.19E-01,5.83E-01,5.88E-01,6.34E-01,7.29E-01,6.34E-01,6.92E-01,7.09E-01,6.67E-01,5.94E-01,6.68E-01,6.50E-01,6.99E-01,6.88E-01,6.13E-01,7.44E-01,5.70E-01,6.92E-01,7.81E-01,6.12E-01,5.82E-01,7.18E-01,7.25E-01,6.50E-01,7.86E-01,8.01E-01,7.87E-01,6.91E-01,6.87E-01,6.78E-01,6.58E-01,6.31E-01,7.02E-01,7.13E-01,7.70E-01,7.94E-01,7.09E-01,7.71E-01,7.22E-01,7.13E-01,5.84E-01,8.27E-01,5.63E-01,6.53E-01,7.52E-01,6.76E-01,6.78E-01,6.57E-01,6.63E-01,7.29E-01,6.67E-01,6.53E-01,6.59E-01,5.23E-01,6.67E-01,6.68E-01,5.92E-01,6.73E-01,7.31E-01,6.65E-01,6.37E-01,7.14E-01,5.83E-01,6.81E-01,7.02E-01,6.90E-01,6.31E-01,7.10E-01,7.02E-01,6.93E-01,6.95E-01,7.05E-01,6.54E-01,6.22E-01,6.24E-01,6.00E-01,6.69E-01,7.46E-01,6.78E-01,6.78E-01,7.53E-01
135_S_5275,3.93E-01,3.61E-01,5.51E-01,5.23E-01,5.68E-01,6.21E-01,6.34E-01,6.70E-01,6.06E-01,6.91E-01,6.37E-01,5.74E-01,6.25E-01,4.71E-01,5.66E-01,5.55E-01,5.15E-01,5.82E-01,6.24E-01,5.99E-01,6.87E-01,6.42E-01,6.89E-01,6.16E-01,6.57E-01,6.52E-01,6.26E-01,5.99E-01,6.51E-01,5.87E-01,6.61E-01,6.64E-01,5.21E-01,4.90E-01,6.50E-01,6.83E-01,5.48E-01,5.58E-01,6.99E-01,6.63E-01,7.98E-01,6.79E-01,6.73E-01,7.11E-01,6.74E-01,7.07E-01,6.13E-01,6.76E-01,7.67E-01,7.05E-01,7.02E-01,7.45E-01,5.27E-01,5.53E-01,7.80E-01,6.70E-01,5.55E-01,6.63E-01,6.53E-01,6.96E-01,5.97E-01,6.19E-01,6.97E-01,6.47E-01,6.21E-01,6.17E-01,6.07E-01,5.75E-01,5.25E-01,5.29E-01,6.64E-01,7.01E-01,6.55E-01,6.28E-01,6.32E-01,6.59E-01,6.64E-01,6.80E-01,6.46E-01,6.68E-01,6.83E-01,6.97E-01,5.94E-01,6.30E-01,7.11E-01,6.76E-01,6.10E-01,7.03E-01,5.76E-01,6.77E-01,6.23E-01,7.00E-01,6.78E-01,6.15E-01,6.39E-01,5.89E-01,6.66E-01,6.52E-01,6.16E-01,7.59E-01,6.92E-01,6.71E-01,6.40E-01,6.00E-01,6.50E-01,6.33E-01,6.62E-01,7.23E-01,6.57E-01,6.57E-01,6.32E-01,5.73E-01,6.30E-01,6.50E-01,6.25E-01,6.42E-01,5.86E-01,6.80E-01,6.08E-01,6.35E-01,6.03E-01,5.72E-01,6.09E-01,7.11E-01,6.41E-01,6.88E-01,7.03E-01,6.66E-01,6.03E-01,6.68E-01,6.65E-01,6.95E-01,6.78E-01,6.46E-01,7.36E-01,5.75E-01,6.84E-01,7.39E-01,6.15E-01,5.84E-01,7.02E-01,7.06E-01,6.97E-01,7.92E-01,7.70E-01,7.93E-01,6.85E-01,6.86E-01,6.47E-01,6.51E-01,6.27E-01,6.97E-01,6.92E-01,7.80E-01,7.87E-01,6.97E-01,7.52E-01,7.13E-01,7.05E-01,5.96E-01,8.04E-01,5.58E-01,6.51E-01,7.52E-01,6.83E-01,6.84E-01,6.79E-01,6.96E-01,6.92E-01,6.63E-01,6.68E-01,6.58E-01,5.55E-01,6.81E-01,6.65E-01,5.81E-01,6.71E-01,7.24E-01,6.77E-01,6.08E-01,7.17E-01,5.84E-01,6.60E-01,6.73E-01,6.92E-01,6.03E-01,7.10E-01,6.78E-01,6.70E-01,6.89E-01,6.88E-01,6.61E-01,6.49E-01,6.43E-01,5.77E-01,6.66E-01,7.47E-01,6.58E-01,6.36E-01,7.56E-01
136_S_0186,3.79E-01,3.50E-01,5.45E-01,5.18E-01,5.53E-01,6.22E-01,6.25E-01,6.74E-01,5.99E-01,7.06E-01,6.42E-01,5.67E-01,6.35E-01,4.53E-01,5.45E-01,5.46E-01,4.86E-01,5.68E-01,6.15E-01,5.96E-01,6.75E-01,6.31E-01,6.76E-01,6.16E-01,6.37E-01,6.39E-01,6.00E-01,5.73E-01,6.54E-01,5.89E-01,6.67E-01,6.61E-01,5.09E-01,4.82E-01,6.42E-01,6.68E-01,5.29E-01,5.27E-01,7.19E-01,6.61E-01,7.91E-01,6.75E-01,6.63E-01,7.30E-01,6.89E-01,7.03E-01,5.91E-01,6.85E-01,7.70E-01,7.12E-01,6.89E-01,7.51E-01,5.35E-01,5.40E-01,7.85E-01,6.62E-01,5.51E-01,6.41E-01,6.43E-01,7.14E-01,5.74E-01,6.13E-01,6.78E-01,6.60E-01,6.07E-01,6.11E-01,5.89E-01,5.35E-01,5.26E-01,5.38E-01,6.55E-01,7.10E-01,6.69E-01,6.42E-01,6.22E-01,6.50E-01,6.70E-01,6.89E-01,6.58E-01,6.63E-01,6.78E-01,7.04E-01,5.83E-01,6.19E-01,6.91E-01,6.50E-01,6.19E-01,6.99E-01,6.04E-01,6.81E-01,6.28E-01,7.00E-01,6.88E-01,6.01E-01,6.40E-01,5.92E-01,6.91E-01,6.52E-01,6.01E-01,7.49E-01,6.82E-01,6.86E-01,6.59E-01,6.16E-01,6.83E-01,6.68E-01,6.80E-01,7.34E-01,6.62E-01,6.81E-01,6.44E-01,5.81E-01,6.17E-01,6.32E-01,6.25E-01,6.35E-01,6.18E-01,6.88E-01,6.00E-01,6.25E-01,6.03E-01,5.75E-01,5.72E-01,7.18E-01,6.39E-01,6.87E-01,7.08E-01,6.64E-01,5.93E-01,6.70E-01,6.67E-01,7.16E-01,7.03E-01,6.41E-01,7.55E-01,5.95E-01,6.99E-01,7.66E-01,6.18E-01,5.93E-01,7.13E-01,7.22E-01,6.74E-01,7.77E-01,7.81E-01,7.88E-01,6.80E-01,7.06E-01,6.47E-01,6.55E-01,6.24E-01,6.88E-01,6.59E-01,7.62E-01,7.86E-01,7.08E-01,7.42E-01,7.06E-01,7.00E-01,5.97E-01,8.02E-01,5.53E-01,6.52E-01,7.60E-01,6.67E-01,6.82E-01,6.74E-01,6.71E-01,7.07E-01,6.61E-01,6.46E-01,6.60E-01,5.90E-01,6.73E-01,6.88E-01,5.84E-01,6.60E-01,7.05E-01,6.54E-01,6.58E-01,7.21E-01,5.86E-01,6.80E-01,6.97E-01,6.55E-01,6.17E-01,6.99E-01,6.94E-01,6.64E-01,6.79E-01,6.71E-01,6.44E-01,6.29E-01,6.49E-01,6.07E-01,6.75E-01,7.45E-01,6.74E-01,6.66E-01,7.75E-01
137_S_0438,3.89E-01,3.54E-01,5.62E-01,5.25E-01,5.62E-01,6.36E-01,6.29E-01,6.75E-01,6.06E-01,7.07E-01,6.39E-01,5.84E-01,6.29E-01,4.62E-01,5.58E-01,5.53E-01,5.12E-01,5.85E-01,6.09E-01,6.02E-01,6.65E-01,6.34E-01,6.75E-01,6.16E-01,6.48E-01,6.40E-01,6.25E-01,5.76E-01,6.45E-01,5.90E-01,6.80E-01,6.93E-01,5.35E-01,5.17E-01,6.41E-01,6.81E-01,5.47E-01,5.53E-01,6.98E-01,6.57E-01,7.82E-01,6.85E-01,6.71E-01,7.30E-01,6.70E-01,7.12E-01,5.96E-01,7.02E-01,7.71E-01,7.04E-01,6.99E-01,7.47E-01,5.31E-01,5.49E-01,7.93E-01,6.62E-01,5.51E-01,6.91E-01,6.44E-01,7.12E-01,6.15E-01,6.08E-01,6.97E-01,6.54E-01,6.19E-01,6.10E-01,5.90E-01,5.87E-01,5.35E-01,5.50E-01,6.54E-01,6.91E-01,6.65E-01,6.31E-01,6.28E-01,6.46E-01,6.73E-01,6.95E-01,6.61E-01,6.48E-01,6.66E-01,6.99E-01,5.97E-01,6.26E-01,6.90E-01,6.53E-01,6.27E-01,7.09E-01,6.03E-01,6.63E-01,6.07E-01,6.86E-01,6.57E-01,5.70E-01,6.27E-01,6.10E-01,6.74E-01,6.35E-01,6.26E-01,7.59E-01,6.80E-01,6.87E-01,6.64E-01,6.13E-01,6.80E-01,6.60E-01,6.92E-01,7.36E-01,6.57E-01,6.68E-01,6.53E-01,5.67E-01,6.14E-01,6.56E-01,5.86E-01,6.67E-01,6.29E-01,6.93E-01,6.13E-01,6.57E-01,6.09E-01,5.57E-01,6.23E-01,7.10E-01,6.40E-01,6.72E-01,7.06E-01,6.65E-01,5.79E-01,6.66E-01,6.61E-01,7.08E-01,7.11E-01,6.49E-01,7.55E-01,6.02E-01,7.16E-01,7.58E-01,6.17E-01,5.72E-01,7.00E-01,7.07E-01,6.58E-01,7.67E-01,7.75E-01,7.87E-01,6.73E-01,6.84E-01,6.58E-01,6.39E-01,6.26E-01,6.80E-01,6.80E-01,7.71E-01,7.90E-01,6.99E-01,7.43E-01,7.14E-01,6.90E-01,6.28E-01,8.15E-01,5.37E-01,6.41E-01,7.36E-01,6.72E-01,6.86E-01,7.01E-01,6.73E-01,7.08E-01,6.61E-01,6.52E-01,6.49E-01,5.74E-01,6.90E-01,6.72E-01,6.06E-01,6.76E-01,7.32E-01,6.79E-01,6.47E-01,7.27E-01,5.92E-01,6.71E-01,7.15E-01,6.70E-01,6.19E-01,6.92E-01,6.88E-01,6.79E-01,6.81E-01,6.73E-01,6.63E-01,6.08E-01,6.47E-01,5.62E-01,6.70E-01,7.15E-01,6.72E-01,6.59E-01,7.47E-01
137_S_0459,3.99E-01,3.66E-01,5.67E-01,5.45E-01,5.86E-01,6.43E-01,6.40E-01,6.90E-01,6.08E-01,7.27E-01,6.58E-01,5.95E-01,6.40E-01,4.81E-01,5.68E-01,5.73E-01,5.26E-01,5.67E-01,6.21E-01,6.04E-01,6.91E-01,6.51E-01,6.97E-01,6.21E-01,6.62E-01,6.62E-01,6.14E-01,5.95E-01,6.36E-01,5.99E-01,6.93E-01,6.82E-01,5.55E-01,5.34E-01,6.69E-01,6.88E-01,5.59E-01,5.88E-01,7.09E-01,6.72E-01,7.96E-01,6.91E-01,6.77E-01,7.36E-01,7.02E-01,6.95E-01,6.14E-01,7.14E-01,7.79E-01,7.14E-01,7.11E-01,7.65E-01,5.61E-01,5.56E-01,7.96E-01,6.77E-01,5.46E-01,6.80E-01,6.97E-01,7.21E-01,6.12E-01,6.45E-01,6.95E-01,6.81E-01,6.40E-01,6.29E-01,6.00E-01,5.72E-01,5.30E-01,5.72E-01,6.76E-01,7.01E-01,6.61E-01,6.40E-01,6.47E-01,6.83E-01,6.72E-01,6.94E-01,6.68E-01,6.60E-01,6.92E-01,6.99E-01,6.17E-01,6.32E-01,7.00E-01,6.65E-01,6.26E-01,7.19E-01,5.96E-01,6.70E-01,6.48E-01,7.16E-01,6.84E-01,6.01E-01,6.54E-01,6.26E-01,6.75E-01,6.44E-01,6.16E-01,7.70E-01,6.90E-01,6.80E-01,6.66E-01,6.20E-01,7.10E-01,6.61E-01,6.81E-01,7.28E-01,6.64E-01,6.85E-01,6.35E-01,5.75E-01,6.12E-01,6.49E-01,5.88E-01,6.40E-01,6.20E-01,6.89E-01,6.00E-01,6.40E-01,6.00E-01,5.70E-01,6.25E-01,7.09E-01,6.30E-01,6.92E-01,7.05E-01,6.46E-01,5.95E-01,6.79E-01,6.54E-01,6.93E-01,6.95E-01,6.59E-01,7.60E-01,6.04E-01,6.99E-01,7.58E-01,6.13E-01,5.92E-01,6.92E-01,7.03E-01,6.55E-01,7.68E-01,7.75E-01,7.91E-01,7.05E-01,6.95E-01,6.40E-01,6.24E-01,5.92E-01,6.98E-01,6.96E-01,7.67E-01,7.60E-01,6.88E-01,7.47E-01,7.06E-01,6.86E-01,6.16E-01,8.27E-01,5.58E-01,6.45E-01,7.49E-01,6.83E-01,6.91E-01,6.93E-01,6.84E-01,7.20E-01,6.76E-01,6.48E-01,6.57E-01,5.66E-01,6.92E-01,6.65E-01,6.01E-01,6.69E-01,7.42E-01,6.52E-01,6.75E-01,7.42E-01,5.69E-01,6.58E-01,7.19E-01,6.12E-01,5.99E-01,6.70E-01,6.71E-01,6.72E-01,6.87E-01,7.01E-01,6.73E-01,6.24E-01,6.64E-01,5.72E-01,6.75E-01,7.26E-01,6.46E-01,6.53E-01,7.59E-01
137_S_0686,3.79E-01,3.43E-01,5.43E-01,5.16E-01,5.47E-01,6.25E-01,6.10E-01,6.64E-01,5.87E-01,7.05E-01,6.34E-01,5.65E-01,6.35E-01,4.45E-01,5.62E-01,5.59E-01,5.10E-01,5.84E-01,6.22E-01,6.12E-01,6.74E-01,6.26E-01,6.82E-01,6.16E-01,6.47E-01,6.38E-01,6.11E-01,5.82E-01,6.42E-01,5.92E-01,6.72E-01,6.56E-01,5.15E-01,5.23E-01,6.58E-01,6.65E-01,5.68E-01,5.45E-01,7.30E-01,6.64E-01,7.91E-01,6.75E-01,6.74E-01,7.24E-01,7.01E-01,7.13E-01,6.07E-01,6.97E-01,7.68E-01,7.04E-01,6.77E-01,6.97E-01,4.87E-01,5.34E-01,7.65E-01,6.57E-01,5.45E-01,6.81E-01,6.85E-01,7.14E-01,5.98E-01,6.20E-01,6.80E-01,6.51E-01,6.28E-01,6.10E-01,5.90E-01,5.40E-01,5.18E-01,5.46E-01,6.53E-01,6.98E-01,6.72E-01,6.46E-01,6.40E-01,6.70E-01,6.75E-01,6.96E-01,6.66E-01,6.02E-01,6.84E-01,6.88E-01,5.72E-01,6.17E-01,6.88E-01,6.45E-01,6.39E-01,7.10E-01,6.11E-01,6.82E-01,6.39E-01,7.00E-01,7.08E-01,5.83E-01,6.35E-01,5.91E-01,6.82E-01,6.49E-01,6.11E-01,7.65E-01,6.75E-01,6.74E-01,6.48E-01,6.06E-01,6.87E-01,6.46E-01,6.59E-01,7.05E-01,6.50E-01,6.87E-01,6.35E-01,5.29E-01,6.55E-01,6.36E-01,6.36E-01,6.53E-01,6.15E-01,6.93E-01,6.38E-01,6.81E-01,6.17E-01,6.03E-01,6.28E-01,7.00E-01,6.01E-01,6.90E-01,6.97E-01,6.35E-01,5.66E-01,6.60E-01,6.45E-01,6.89E-01,6.93E-01,6.31E-01,7.51E-01,6.06E-01,6.99E-01,7.69E-01,6.25E-01,5.95E-01,7.16E-01,6.96E-01,6.41E-01,7.68E-01,7.77E-01,7.85E-01,6.93E-01,7.00E-01,6.75E-01,6.67E-01,6.28E-01,6.98E-01,6.81E-01,7.64E-01,7.78E-01,6.95E-01,7.27E-01,6.88E-01,6.56E-01,6.14E-01,7.77E-01,5.32E-01,6.29E-01,7.39E-01,6.67E-01,6.79E-01,6.74E-01,6.78E-01,7.13E-01,6.54E-01,6.46E-01,6.39E-01,5.69E-01,6.86E-01,6.47E-01,5.76E-01,6.88E-01,7.26E-01,6.77E-01,6.58E-01,7.35E-01,6.08E-01,6.98E-01,7.10E-01,6.82E-01,6.18E-01,6.94E-01,6.77E-01,6.70E-01,6.75E-01,6.68E-01,6.56E-01,6.19E-01,6.55E-01,5.97E-01,6.63E-01,7.15E-01,6.43E-01,6.52E-01,7.60E-01
137_S_0972,3.80E-01,3.47E-01,5.44E-01,5.16E-01,5.66E-01,6.27E-01,6.22E-01,6.69E-01,5.92E-01,7.10E-01,6.39E-01,5.79E-01,6.37E-01,4.62E-01,5.56E-01,5.54E-01,5.10E-01,5.90E-01,6.24E-01,6.11E-01,6.85E-01,6.41E-01,6.77E-01,6.10E-01,6.43E-01,6.43E-01,6.32E-01,5.87E-01,6.32E-01,5.86E-01,6.69E-01,6.61E-01,5.41E-01,5.21E-01,6.52E-01,6.93E-01,5.62E-01,5.61E-01,7.08E-01,6.64E-01,8.00E-01,6.80E-01,6.56E-01,7.20E-01,6.97E-01,7.15E-01,6.13E-01,6.99E-01,7.71E-01,7.14E-01,6.94E-01,7.55E-01,4.81E-01,5.44E-01,7.76E-01,6.77E-01,5.41E-01,6.82E-01,6.69E-01,7.09E-01,6.19E-01,6.27E-01,6.89E-01,6.82E-01,6.12E-01,6.16E-01,5.80E-01,5.36E-01,5.26E-01,5.50E-01,6.63E-01,6.91E-01,6.81E-01,6.45E-01,6.52E-01,6.68E-01,6.76E-01,7.05E-01,6.73E-01,6.71E-01,6.93E-01,7.05E-01,5.63E-01,6.26E-01,7.05E-01,6.73E-01,6.42E-01,7.18E-01,6.10E-01,6.74E-01,6.35E-01,7.09E-01,6.89E-01,6.22E-01,6.42E-01,5.97E-01,6.86E-01,6.50E-01,6.21E-01,7.66E-01,6.79E-01,6.78E-01,6.51E-01,6.05E-01,7.02E-01,6.49E-01,6.74E-01,7.15E-01,6.64E-01,7.00E-01,6.31E-01,5.60E-01,6.43E-01,6.53E-01,6.10E-01,6.63E-01,6.05E-01,6.95E-01,6.34E-01,6.42E-01,6.06E-01,5.93E-01,6.13E-01,7.21E-01,6.42E-01,6.85E-01,7.05E-01,6.47E-01,5.99E-01,6.64E-01,6.53E-01,7.03E-01,7.05E-01,6.33E-01,7.49E-01,6.21E-01,6.75E-01,7.72E-01,6.29E-01,6.22E-01,7.19E-01,7.15E-01,6.56E-01,7.65E-01,7.81E-01,7.87E-01,6.92E-01,6.95E-01,6.65E-01,6.56E-01,6.31E-01,7.06E-01,6.91E-01,7.73E-01,7.68E-01,7.14E-01,7.61E-01,7.23E-01,6.92E-01,6.09E-01,7.91E-01,5.14E-01,6.26E-01,7.47E-01,6.37E-01,6.76E-01,6.85E-01,7.11E-01,7.23E-01,6.67E-01,6.46E-01,6.57E-01,5.78E-01,6.76E-01,6.75E-01,5.91E-01,6.74E-01,7.28E-01,6.83E-01,6.54E-01,7.15E-01,5.92E-01,7.01E-01,7.02E-01,6.77E-01,6.33E-01,6.99E-01,6.90E-01,6.87E-01,6.82E-01,6.88E-01,6.87E-01,6.20E-01,6.53E-01,6.05E-01,6.68E-01,7.26E-01,6.66E-01,6.76E-01,7.64E-01
137_S_1041,3.90E-01,3.62E-01,5.49E-01,5.04E-01,5.47E-01,6.07E-01,6.15E-01,6.66E-01,5.97E-01,6.70E-01,6.34E-01,5.38E-01,6.31E-01,4.54E-01,5.57E-01,5.33E-01,4.96E-01,5.66E-01,5.74E-01,5.89E-01,6.64E-01,6.03E-01,6.64E-01,5.68E-01,6.12E-01,6.39E-01,6.16E-01,5.95E-01,6.10E-01,5.79E-01,6.36E-01,6.50E-01,5.15E-01,4.95E-01,6.32E-01,6.66E-01,5.39E-01,5.19E-01,7.08E-01,6.57E-01,7.79E-01,6.62E-01,6.43E-01,7.27E-01,6.81E-01,6.99E-01,6.03E-01,6.80E-01,7.65E-01,6.89E-01,6.65E-01,7.34E-01,5.08E-01,5.23E-01,7.63E-01,6.39E-01,4.89E-01,6.57E-01,6.16E-01,7.17E-01,5.93E-01,6.05E-01,6.70E-01,6.24E-01,5.91E-01,6.03E-01,5.66E-01,5.23E-01,5.16E-01,5.37E-01,6.36E-01,6.94E-01,6.44E-01,6.38E-01,6.30E-01,6.70E-01,6.47E-01,6.81E-01,6.38E-01,6.46E-01,6.60E-01,6.78E-01,5.80E-01,6.04E-01,6.63E-01,6.20E-01,5.93E-01,6.89E-01,6.06E-01,6.65E-01,6.16E-01,6.79E-01,6.54E-01,5.99E-01,5.98E-01,5.56E-01,6.41E-01,6.00E-01,5.66E-01,7.32E-01,6.39E-01,6.23E-01,6.14E-01,5.64E-01,6.07E-01,5.99E-01,5.99E-01,6.87E-01,5.87E-01,6.24E-01,5.92E-01,5.26E-01,5.98E-01,6.38E-01,6.26E-01,6.46E-01,5.95E-01,6.90E-01,6.17E-01,6.76E-01,5.84E-01,5.81E-01,6.07E-01,6.74E-01,5.52E-01,6.28E-01,6.56E-01,6.26E-01,4.92E-01,6.38E-01,6.08E-01,6.31E-01,6.49E-01,6.08E-01,7.37E-01,5.90E-01,6.50E-01,7.55E-01,6.09E-01,5.77E-01,7.49E-01,6.96E-01,6.01E-01,7.31E-01,7.43E-01,7.62E-01,6.68E-01,6.80E-01,6.40E-01,6.66E-01,6.12E-01,6.72E-01,6.70E-01,7.36E-01,7.58E-01,6.59E-01,7.33E-01,6.76E-01,6.68E-01,5.84E-01,7.66E-01,5.14E-01,6.21E-01,6.84E-01,6.36E-01,6.80E-01,6.57E-01,6.36E-01,6.80E-01,6.10E-01,6.27E-01,5.97E-01,5.34E-01,6.43E-01,6.47E-01,5.52E-01,6.40E-01,7.20E-01,6.51E-01,6.76E-01,6.96E-01,5.57E-01,6.27E-01,6.38E-01,6.83E-01,5.86E-01,6.75E-01,6.48E-01,6.52E-01,6.25E-01,6.52E-01,6.37E-01,5.96E-01,6.14E-01,5.16E-01,6.04E-01,7.06E-01,6.10E-01,5.44E-01,7.06E-01
137_S_4587,4.07E-01,3.80E-01,5.65E-01,5.47E-01,5.82E-01,6.35E-01,6.41E-01,6.96E-01,6.22E-01,7.16E-01,6.59E-01,5.82E-01,6.50E-01,5.21E-01,5.90E-01,5.76E-01,5.44E-01,6.24E-01,6.11E-01,6.08E-01,7.05E-01,6.43E-01,6.95E-01,6.05E-01,6.47E-01,6.59E-01,6.36E-01,6.02E-01,6.42E-01,6.08E-01,6.77E-01,6.77E-01,5.38E-01,5.40E-01,6.50E-01,6.80E-01,5.84E-01,5.39E-01,7.35E-01,6.58E-01,8.03E-01,6.90E-01,6.55E-01,7.44E-01,7.00E-01,6.99E-01,6.24E-01,6.99E-01,7.80E-01,7.18E-01,6.99E-01,7.63E-01,5.52E-01,5.56E-01,7.94E-01,6.76E-01,5.56E-01,6.94E-01,6.88E-01,7.23E-01,6.24E-01,6.14E-01,6.67E-01,6.86E-01,6.27E-01,6.32E-01,5.97E-01,5.56E-01,5.66E-01,5.49E-01,6.68E-01,7.02E-01,6.61E-01,6.56E-01,6.45E-01,6.79E-01,6.88E-01,7.11E-01,6.67E-01,6.83E-01,6.87E-01,7.10E-01,5.99E-01,6.27E-01,6.79E-01,6.70E-01,6.76E-01,7.13E-01,6.08E-01,6.90E-01,6.59E-01,7.19E-01,6.74E-01,6.14E-01,6.33E-01,6.18E-01,6.95E-01,6.60E-01,6.30E-01,7.58E-01,6.73E-01,6.72E-01,6.50E-01,6.02E-01,6.71E-01,6.46E-01,6.71E-01,7.37E-01,6.75E-01,6.74E-01,6.54E-01,5.57E-01,6.28E-01,6.69E-01,6.56E-01,6.71E-01,6.51E-01,7.08E-01,6.44E-01,7.00E-01,6.10E-01,6.22E-01,6.36E-01,7.18E-01,6.36E-01,6.90E-01,7.12E-01,6.78E-01,6.01E-01,6.69E-01,6.65E-01,7.07E-01,7.00E-01,6.49E-01,7.61E-01,6.26E-01,6.93E-01,7.67E-01,6.40E-01,5.80E-01,7.31E-01,7.11E-01,6.75E-01,7.96E-01,7.78E-01,7.88E-01,7.07E-01,7.08E-01,6.97E-01,6.91E-01,6.21E-01,7.11E-01,6.95E-01,7.75E-01,7.89E-01,7.09E-01,7.77E-01,7.30E-01,7.12E-01,6.31E-01,8.18E-01,5.57E-01,6.60E-01,7.54E-01,6.88E-01,7.01E-01,6.94E-01,6.42E-01,7.17E-01,6.76E-01,6.63E-01,6.57E-01,5.53E-01,6.85E-01,6.94E-01,5.95E-01,6.77E-01,7.35E-01,6.81E-01,6.90E-01,7.27E-01,6.36E-01,6.88E-01,6.88E-01,6.97E-01,6.32E-01,7.00E-01,7.00E-01,6.72E-01,6.85E-01,6.95E-01,6.43E-01,6.28E-01,6.50E-01,6.05E-01,6.81E-01,7.33E-01,6.70E-01,6.56E-01,7.50E-01
141_S_0717,3.78E-01,3.44E-01,5.35E-01,5.13E-01,5.51E-01,6.27E-01,6.22E-01,6.63E-01,5.92E-01,7.06E-01,6.40E-01,5.68E-01,6.17E-01,4.35E-01,5.42E-01,5.49E-01,4.98E-01,5.80E-01,6.20E-01,5.97E-01,6.79E-01,6.28E-01,6.81E-01,6.03E-01,6.38E-01,6.49E-01,6.21E-01,5.80E-01,6.34E-01,5.74E-01,6.72E-01,6.77E-01,5.17E-01,5.23E-01,6.40E-01,6.78E-01,5.60E-01,5.29E-01,7.17E-01,6.63E-01,7.87E-01,6.73E-01,6.67E-01,7.20E-01,6.81E-01,7.06E-01,6.05E-01,6.97E-01,7.64E-01,7.03E-01,6.94E-01,7.61E-01,5.45E-01,5.47E-01,7.95E-01,6.65E-01,5.51E-01,6.79E-01,6.54E-01,7.20E-01,5.79E-01,6.21E-01,6.86E-01,6.36E-01,6.46E-01,6.19E-01,5.93E-01,5.65E-01,4.95E-01,5.45E-01,6.56E-01,7.02E-01,6.69E-01,6.41E-01,6.27E-01,6.70E-01,6.75E-01,6.94E-01,6.55E-01,6.84E-01,6.92E-01,6.99E-01,6.15E-01,6.24E-01,6.94E-01,6.51E-01,6.00E-01,7.18E-01,6.04E-01,6.88E-01,6.60E-01,7.12E-01,6.96E-01,5.96E-01,6.43E-01,6.11E-01,6.76E-01,6.47E-01,6.05E-01,7.54E-01,6.66E-01,6.64E-01,6.48E-01,5.93E-01,6.62E-01,6.60E-01,6.58E-01,7.22E-01,6.48E-01,6.74E-01,6.45E-01,5.52E-01,6.10E-01,6.63E-01,6.10E-01,6.50E-01,6.15E-01,6.84E-01,6.12E-01,6.46E-01,6.05E-01,5.84E-01,6.20E-01,7.03E-01,6.28E-01,6.74E-01,7.02E-01,6.50E-01,5.83E-01,6.76E-01,6.51E-01,7.07E-01,6.85E-01,6.38E-01,7.44E-01,6.26E-01,6.88E-01,7.67E-01,6.21E-01,5.96E-01,7.20E-01,7.23E-01,6.65E-01,7.82E-01,7.81E-01,7.95E-01,6.88E-01,6.98E-01,6.64E-01,6.69E-01,6.18E-01,6.92E-01,6.95E-01,7.72E-01,7.86E-01,6.91E-01,7.69E-01,7.26E-01,7.16E-01,6.04E-01,8.24E-01,5.56E-01,6.61E-01,7.53E-01,6.80E-01,6.84E-01,6.95E-01,6.68E-01,7.06E-01,6.56E-01,6.48E-01,6.45E-01,5.75E-01,6.68E-01,6.60E-01,6.15E-01,6.73E-01,7.30E-01,6.76E-01,6.70E-01,7.23E-01,5.88E-01,6.63E-01,6.93E-01,6.77E-01,6.00E-01,7.03E-01,6.89E-01,6.76E-01,6.92E-01,7.15E-01,6.75E-01,6.18E-01,6.50E-01,5.78E-01,6.80E-01,7.44E-01,6.48E-01,6.29E-01,7.49E-01
941_S_1203,3.76E-01,3.39E-01,5.27E-01,4.96E-01,5.51E-01,6.16E-01,6.15E-01,6.60E-01,5.81E-01,6.92E-01,6.24E-01,5.52E-01,6.10E-01,4.34E-01,5.41E-01,5.30E-01,4.62E-01,5.52E-01,6.00E-01,5.64E-01,6.63E-01,6.28E-01,6.74E-01,6.05E-01,6.32E-01,6.31E-01,6.07E-01,5.62E-01,6.28E-01,5.73E-01,6.58E-01,6.51E-01,5.10E-01,4.78E-01,6.35E-01,6.66E-01,5.35E-01,5.43E-01,6.81E-01,6.58E-01,7.86E-01,6.66E-01,6.61E-01,7.23E-01,6.68E-01,6.92E-01,5.91E-01,6.89E-01,7.69E-01,6.90E-01,6.92E-01,7.50E-01,5.31E-01,5.39E-01,7.95E-01,6.48E-01,5.28E-01,6.72E-01,6.40E-01,7.03E-01,5.79E-01,5.97E-01,6.84E-01,6.39E-01,6.23E-01,6.11E-01,5.93E-01,5.29E-01,5.32E-01,5.42E-01,6.53E-01,6.88E-01,6.71E-01,6.30E-01,6.18E-01,6.66E-01,6.58E-01,6.86E-01,6.56E-01,6.69E-01,6.77E-01,6.76E-01,6.07E-01,6.15E-01,6.92E-01,6.56E-01,6.02E-01,6.97E-01,5.84E-01,6.78E-01,6.20E-01,6.91E-01,6.88E-01,5.93E-01,6.37E-01,5.66E-01,6.71E-01,6.42E-01,6.07E-01,7.55E-01,6.67E-01,6.72E-01,6.47E-01,6.05E-01,6.70E-01,6.38E-01,6.57E-01,7.00E-01,6.50E-01,6.64E-01,6.24E-01,5.27E-01,6.15E-01,6.68E-01,5.77E-01,6.51E-01,6.31E-01,6.76E-01,5.99E-01,6.30E-01,5.93E-01,5.54E-01,6.24E-01,7.03E-01,6.41E-01,6.77E-01,6.95E-01,6.57E-01,6.08E-01,6.82E-01,6.50E-01,7.06E-01,6.94E-01,6.39E-01,7.37E-01,5.91E-01,6.89E-01,7.53E-01,6.09E-01,5.82E-01,7.18E-01,7.14E-01,6.71E-01,7.75E-01,7.81E-01,7.86E-01,6.89E-01,6.84E-01,6.44E-01,6.29E-01,6.27E-01,6.94E-01,6.72E-01,7.50E-01,7.82E-01,6.73E-01,7.61E-01,7.19E-01,6.99E-01,5.93E-01,8.21E-01,5.60E-01,6.58E-01,7.52E-01,6.79E-01,6.79E-01,6.60E-01,6.77E-01,6.95E-01,6.55E-01,6.48E-01,6.50E-01,5.86E-01,6.95E-01,6.79E-01,5.78E-01,6.78E-01,7.12E-01,6.75E-01,6.81E-01,7.31E-01,5.76E-01,6.65E-01,6.86E-01,6.60E-01,5.98E-01,6.92E-01,6.86E-01,6.73E-01,6.88E-01,7.12E-01,6.60E-01,6.21E-01,6.53E-01,6.07E-01,6.70E-01,7.27E-01,6.41E-01,6.76E-01,7.69E-01