Subject ID,Feature_1,Feature_2,Feature_3,Feature_4,Feature_5,Feature_6,Feature_7,Feature_8,Feature_9,Feature_10,Feature_11,Feature_12,Feature_13,Feature_14,Feature_15,Feature_16,Feature_17,Feature_18,Feature_19,Feature_20,Feature_21,Feature_22,Feature_23,Feature_24,Feature_25,Feature_26,Feature_27,Feature_28,Feature_29,Feature_30,Feature_31,Feature_32,Feature_33,Feature_34,Feature_35,Feature_36,Feature_37,Feature_38,Feature_39,Feature_40,Feature_41,Feature_42,Feature_43,Feature_44,Feature_45,Feature_46,Feature_47,Feature_48,Feature_49,Feature_50,Feature_51,Feature_52,Feature_53,Feature_54,Feature_55,Feature_56,Feature_57,Feature_58,Feature_59,Feature_60,Feature_61,Feature_62,Feature_63,Feature_64,Feature_65,Feature_66,Feature_67,Feature_68,Feature_69,Feature_70,Feature_71,Feature_72,Feature_73,Feature_74,Feature_75,Feature_76,Feature_77,Feature_78,Feature_79,Feature_80,Feature_81,Feature_82,Feature_83,Feature_84,Feature_85,Feature_86,Feature_87,Feature_88,Feature_89,Feature_90,Feature_91,Feature_92,Feature_93,Feature_94,Feature_95,Feature_96,Feature_97,Feature_98,Feature_99,Feature_100,Feature_101,Feature_102,Feature_103,Feature_104,Feature_105,Feature_106,Feature_107,Feature_108,Feature_109,Feature_110,Feature_111,Feature_112,Feature_113,Feature_114,Feature_115,Feature_116,Feature_117,Feature_118,Feature_119,Feature_120,Feature_121,Feature_122,Feature_123,Feature_124,Feature_125,Feature_126,Feature_127,Feature_128,Feature_129,Feature_130,Feature_131,Feature_132,Feature_133,Feature_134,Feature_135,Feature_136,Feature_137,Feature_138,Feature_139,Feature_140,Feature_141,Feature_142,Feature_143,Feature_144,Feature_145,Feature_146,Feature_147,Feature_148,Feature_149,Feature_150,Feature_151,Feature_152,Feature_153,Feature_154,Feature_155,Feature_156,Feature_157,Feature_158,Feature_159,Feature_160,Feature_161,Feature_162,Feature_163,Feature_164,Feature_165,Feature_166,Feature_167,Feature_168,Feature_169,Feature_170,Feature_171,Feature_172,Feature_173,Feature_174,Feature_175,Feature_176,Feature_177,Feature_178,Feature_179,Feature_180,Feature_181,Feature_182,Feature_183,Feature_184,Feature_185,Feature_186,Feature_187,Feature_188,Feature_189,Feature_190,Feature_191,Feature_192,Feature_193,Feature_194,Feature_195,Feature_196,Feature_197,Feature_198,Feature_199,Feature_200
002_S_0295,1.02E+00,7.19E-01,1.04E+00,8.50E-01,9.02E-01,1.04E+00,1.04E+00,1.08E+00,9.51E-01,1.05E+00,9.87E-01,1.05E+00,9.42E-01,9.68E-01,9.95E-01,9.77E-01,9.42E-01,9.65E-01,9.95E-01,9.21E-01,8.98E-01,1.08E+00,9.78E-01,1.03E+00,1.04E+00,1.00E+00,1.08E+00,1.05E+00,1.09E+00,1.07E+00,1.04E+00,1.09E+00,1.14E+00,1.06E+00,1.05E+00,1.03E+00,1.05E+00,1.08E+00,1.07E+00,1.04E+00,1.09E+00,9.85E-01,1.02E+00,9.40E-01,1.01E+00,1.04E+00,1.07E+00,1.19E+00,1.04E+00,1.01E+00,1.09E+00,1.08E+00,9.62E-01,1.03E+00,8.60E-01,8.70E-01,1.16E+00,1.25E+00,1.06E+00,1.03E+00,1.09E+00,1.21E+00,1.19E+00,1.09E+00,1.19E+00,1.01E+00,1.19E+00,1.15E+00,1.22E+00,1.22E+00,1.22E+00,1.20E+00,1.24E+00,9.08E-01,1.23E+00,1.17E+00,1.17E+00,1.15E+00,1.20E+00,1.07E+00,1.24E+00,1.06E+00,9.85E-01,1.10E+00,1.03E+00,1.07E+00,1.13E+00,1.23E+00,1.22E+00,1.21E+00,1.19E+00,1.10E+00,1.23E+00,1.14E+00,1.16E+00,1.17E+00,1.14E+00,1.09E+00,1.13E+00,1.10E+00,1.27E+00,1.21E+00,1.14E+00,1.25E+00,1.23E+00,1.24E+00,1.19E+00,1.13E+00,1.29E+00,1.24E+00,1.29E+00,1.15E+00,1.17E+00,1.20E+00,1.21E+00,1.13E+00,1.12E+00,1.13E+00,1.15E+00,1.11E+00,1.16E+00,1.03E+00,1.12E+00,1.08E+00,1.19E+00,9.73E-01,1.11E+00,1.17E+00,1.12E+00,1.23E+00,1.11E+00,1.21E+00,1.07E+00,1.19E+00,1.12E+00,1.19E+00,1.15E+00,1.10E+00,1.29E+00,1.07E+00,1.13E+00,1.21E+00,1.25E+00,1.13E+00,1.13E+00,1.17E+00,1.07E+00,1.16E+00,1.26E+00,1.22E+00,1.20E+00,1.37E+00,1.27E+00,1.15E+00,1.05E+00,1.11E+00,1.19E+00,1.18E+00,1.11E+00,1.30E+00,9.39E-01,1.12E+00,9.80E-01,1.15E+00,1.35E+00,1.14E+00,1.20E+00,1.18E+00,1.29E+00,1.14E+00,1.19E+00,1.26E+00,1.36E+00,1.26E+00,1.34E+00,1.31E+00,1.33E+00,1.35E+00,1.12E+00,1.18E+00,1.39E+00,1.48E+00,1.22E+00,1.28E+00,1.25E+00,1.46E+00,1.07E+00,1.09E+00,1.13E+00,1.21E+00,9.42E-01,1.21E+00,1.22E+00,1.31E+00,1.17E+00,1.05E+00,9.62E-01,1.09E+00,1.14E+00,1.23E+00
002_S_0413,9.56E-01,6.68E-01,9.96E-01,8.21E-01,8.79E-01,1.01E+00,1.01E+00,1.06E+00,9.15E-01,1.03E+00,9.36E-01,1.09E+00,9.10E-01,9.20E-01,9.77E-01,9.75E-01,9.94E-01,1.04E+00,1.00E+00,9.71E-01,9.65E-01,1.08E+00,9.50E-01,1.05E+00,1.06E+00,9.86E-01,1.06E+00,1.01E+00,1.10E+00,1.08E+00,1.07E+00,1.11E+00,1.10E+00,1.08E+00,1.09E+00,1.05E+00,1.07E+00,1.08E+00,1.12E+00,1.08E+00,1.04E+00,9.75E-01,1.08E+00,9.34E-01,9.74E-01,1.05E+00,1.13E+00,1.19E+00,1.04E+00,9.46E-01,1.08E+00,1.03E+00,9.19E-01,9.80E-01,8.48E-01,8.49E-01,1.17E+00,1.31E+00,1.11E+00,1.04E+00,1.17E+00,1.27E+00,1.21E+00,1.14E+00,1.21E+00,9.93E-01,1.15E+00,1.19E+00,1.24E+00,1.21E+00,1.23E+00,1.25E+00,1.25E+00,8.95E-01,1.23E+00,1.20E+00,1.13E+00,1.11E+00,1.20E+00,1.00E+00,1.17E+00,1.01E+00,9.41E-01,1.10E+00,1.04E+00,1.15E+00,1.17E+00,1.14E+00,1.17E+00,1.14E+00,1.19E+00,1.08E+00,1.24E+00,1.21E+00,1.24E+00,1.20E+00,1.07E+00,9.51E-01,1.16E+00,1.11E+00,1.25E+00,1.23E+00,1.27E+00,1.31E+00,1.27E+00,1.33E+00,1.27E+00,1.05E+00,1.41E+00,1.22E+00,1.29E+00,1.19E+00,1.18E+00,1.13E+00,1.31E+00,1.12E+00,1.14E+00,1.12E+00,1.17E+00,1.13E+00,1.15E+00,1.17E+00,1.17E+00,1.14E+00,1.15E+00,9.45E-01,1.07E+00,1.15E+00,1.12E+00,1.17E+00,1.17E+00,1.21E+00,1.16E+00,1.33E+00,1.14E+00,1.27E+00,1.17E+00,1.06E+00,1.26E+00,1.15E+00,1.14E+00,1.17E+00,1.21E+00,1.10E+00,1.13E+00,1.14E+00,1.15E+00,1.15E+00,1.22E+00,1.21E+00,1.18E+00,1.34E+00,1.22E+00,1.09E+00,1.02E+00,1.13E+00,1.15E+00,1.14E+00,1.05E+00,1.18E+00,8.41E-01,1.02E+00,8.85E-01,1.07E+00,1.30E+00,1.14E+00,1.18E+00,1.24E+00,1.25E+00,1.08E+00,1.14E+00,1.22E+00,1.33E+00,1.29E+00,1.33E+00,1.34E+00,1.29E+00,1.30E+00,1.17E+00,1.24E+00,1.50E+00,1.41E+00,1.13E+00,1.21E+00,1.26E+00,1.31E+00,1.03E+00,1.04E+00,1.09E+00,1.25E+00,8.53E-01,1.20E+00,1.29E+00,1.25E+00,1.13E+00,9.35E-01,1.02E+00,1.03E+00,1.24E+00,1.24E+00
002_S_0685,9.49E-01,6.88E-01,1.02E+00,8.35E-01,8.97E-01,1.02E+00,1.02E+00,1.04E+00,9.20E-01,1.09E+00,9.45E-01,1.06E+00,9.32E-01,9.33E-01,1.01E+00,9.56E-01,9.89E-01,1.03E+00,1.03E+00,9.94E-01,8.91E-01,1.02E+00,9.70E-01,1.05E+00,1.02E+00,1.01E+00,1.08E+00,1.02E+00,1.01E+00,1.08E+00,1.05E+00,1.07E+00,1.11E+00,1.08E+00,1.05E+00,9.63E-01,1.06E+00,1.07E+00,1.10E+00,1.09E+00,1.09E+00,9.74E-01,1.08E+00,9.75E-01,1.01E+00,1.07E+00,1.13E+00,1.19E+00,1.06E+00,9.59E-01,1.07E+00,1.08E+00,9.46E-01,9.96E-01,8.55E-01,8.62E-01,1.13E+00,1.27E+00,1.10E+00,1.06E+00,1.13E+00,1.24E+00,1.15E+00,1.10E+00,1.17E+00,1.01E+00,1.16E+00,1.20E+00,1.14E+00,1.21E+00,1.26E+00,1.24E+00,1.30E+00,8.99E-01,1.24E+00,1.19E+00,1.15E+00,1.16E+00,1.26E+00,1.04E+00,1.20E+00,1.04E+00,9.70E-01,1.10E+00,1.00E+00,1.12E+00,1.16E+00,1.19E+00,1.21E+00,1.21E+00,1.21E+00,1.10E+00,1.22E+00,1.16E+00,1.15E+00,1.19E+00,1.06E+00,9.00E-01,1.13E+00,1.05E+00,1.18E+00,1.24E+00,1.19E+00,1.29E+00,1.24E+00,1.25E+00,9.96E-01,9.61E-01,1.36E+00,1.17E+00,1.30E+00,1.14E+00,1.15E+00,1.11E+00,1.33E+00,1.14E+00,1.16E+00,1.10E+00,1.12E+00,1.16E+00,1.10E+00,1.18E+00,1.12E+00,1.03E+00,1.10E+00,9.60E-01,1.04E+00,1.19E+00,1.13E+00,1.22E+00,1.07E+00,1.16E+00,1.10E+00,1.19E+00,1.16E+00,1.29E+00,1.19E+00,1.04E+00,1.26E+00,1.13E+00,1.09E+00,1.22E+00,1.22E+00,1.13E+00,1.17E+00,1.19E+00,1.16E+00,1.24E+00,1.36E+00,1.25E+00,1.25E+00,1.36E+00,1.25E+00,1.20E+00,1.09E+00,1.19E+00,1.15E+00,1.17E+00,1.07E+00,1.23E+00,8.74E-01,1.07E+00,9.19E-01,1.04E+00,1.31E+00,1.21E+00,1.20E+00,1.22E+00,1.28E+00,1.11E+00,1.14E+00,1.21E+00,1.37E+00,1.29E+00,1.39E+00,1.35E+00,1.32E+00,1.30E+00,1.26E+00,1.26E+00,1.39E+00,1.53E+00,1.19E+00,1.26E+00,1.29E+00,1.42E+00,1.05E+00,1.06E+00,1.17E+00,1.23E+00,9.04E-01,1.21E+00,1.34E+00,1.23E+00,1.05E+00,9.19E-01,8.85E-01,1.05E+00,1.20E+00,1.25E+00
002_S_1261,9.21E-01,6.75E-01,1.02E+00,8.19E-01,8.60E-01,1.01E+00,1.00E+00,1.03E+00,9.37E-01,1.05E+00,9.63E-01,1.10E+00,9.37E-01,9.05E-01,9.80E-01,9.67E-01,9.03E-01,1.02E+00,1.01E+00,8.97E-01,1.06E+00,1.10E+00,1.02E+00,1.05E+00,1.00E+00,1.02E+00,1.03E+00,1.03E+00,9.99E-01,1.03E+00,1.07E+00,9.94E-01,1.06E+00,1.02E+00,1.06E+00,1.05E+00,1.07E+00,9.94E-01,1.06E+00,1.09E+00,1.03E+00,9.82E-01,1.05E+00,9.34E-01,9.67E-01,1.04E+00,1.13E+00,1.22E+00,1.08E+00,9.74E-01,1.02E+00,1.02E+00,8.84E-01,9.72E-01,7.88E-01,8.46E-01,1.13E+00,1.14E+00,1.13E+00,1.08E+00,1.19E+00,1.21E+00,1.22E+00,1.03E+00,1.16E+00,9.78E-01,1.17E+00,1.20E+00,1.22E+00,1.14E+00,1.25E+00,1.17E+00,1.27E+00,8.67E-01,1.21E+00,1.22E+00,1.17E+00,1.17E+00,1.28E+00,9.84E-01,1.13E+00,1.02E+00,9.36E-01,1.12E+00,1.08E+00,1.14E+00,1.19E+00,1.15E+00,1.20E+00,1.19E+00,1.25E+00,1.09E+00,1.16E+00,1.20E+00,1.18E+00,1.17E+00,1.07E+00,9.81E-01,1.15E+00,1.10E+00,1.17E+00,1.18E+00,1.22E+00,1.22E+00,1.26E+00,1.27E+00,9.58E-01,9.74E-01,1.32E+00,1.18E+00,1.30E+00,1.15E+00,1.14E+00,1.18E+00,1.28E+00,1.10E+00,1.12E+00,1.12E+00,1.10E+00,1.18E+00,9.78E-01,1.13E+00,1.07E+00,1.23E+00,1.23E+00,9.61E-01,1.09E+00,1.15E+00,1.15E+00,1.19E+00,1.08E+00,1.25E+00,1.14E+00,1.33E+00,1.12E+00,1.19E+00,1.20E+00,1.07E+00,1.27E+00,1.12E+00,1.09E+00,1.22E+00,1.19E+00,1.11E+00,1.15E+00,1.16E+00,1.16E+00,1.18E+00,1.27E+00,1.17E+00,1.25E+00,1.31E+00,1.30E+00,1.18E+00,1.08E+00,1.17E+00,1.10E+00,1.12E+00,1.04E+00,1.19E+00,7.89E-01,1.02E+00,9.09E-01,1.05E+00,1.20E+00,1.20E+00,1.21E+00,1.16E+00,1.25E+00,1.12E+00,1.19E+00,1.30E+00,1.42E+00,1.34E+00,1.39E+00,1.38E+00,1.21E+00,1.31E+00,1.19E+00,1.29E+00,1.43E+00,1.41E+00,1.14E+00,1.34E+00,1.30E+00,1.34E+00,1.06E+00,1.05E+00,1.12E+00,1.31E+00,9.29E-01,1.17E+00,1.30E+00,1.26E+00,1.02E+00,1.06E+00,1.12E+00,1.06E+00,1.22E+00,1.24E+00
002_S_5018,9.55E-01,6.60E-01,9.91E-01,8.26E-01,8.55E-01,9.52E-01,1.01E+00,1.01E+00,8.93E-01,1.08E+00,9.34E-01,1.02E+00,9.03E-01,9.07E-01,9.96E-01,9.64E-01,9.40E-01,9.93E-01,1.01E+00,9.64E-01,9.78E-01,1.06E+00,9.46E-01,1.06E+00,1.01E+00,1.02E+00,1.06E+00,9.90E-01,1.05E+00,9.63E-01,9.88E-01,9.38E-01,9.77E-01,1.03E+00,1.01E+00,9.76E-01,1.02E+00,1.04E+00,1.04E+00,1.05E+00,1.11E+00,9.65E-01,1.11E+00,9.04E-01,9.55E-01,1.00E+00,1.04E+00,1.12E+00,1.06E+00,9.32E-01,1.01E+00,9.85E-01,8.26E-01,8.69E-01,8.35E-01,9.32E-01,1.01E+00,9.38E-01,9.76E-01,9.37E-01,1.08E+00,1.16E+00,1.15E+00,1.07E+00,1.11E+00,9.46E-01,9.38E-01,1.00E+00,1.09E+00,1.15E+00,1.10E+00,1.13E+00,1.04E+00,8.28E-01,9.41E-01,1.02E+00,1.06E+00,1.04E+00,1.06E+00,1.00E+00,1.13E+00,9.75E-01,8.54E-01,8.99E-01,9.22E-01,9.43E-01,9.60E-01,1.08E+00,1.09E+00,1.09E+00,1.13E+00,1.13E+00,1.15E+00,1.20E+00,1.21E+00,1.04E+00,1.00E+00,9.47E-01,9.76E-01,9.09E-01,1.27E+00,1.19E+00,1.28E+00,1.27E+00,1.25E+00,1.27E+00,1.09E+00,1.10E+00,1.49E+00,1.22E+00,1.31E+00,1.15E+00,1.12E+00,1.12E+00,1.14E+00,1.11E+00,1.09E+00,1.11E+00,1.07E+00,1.07E+00,1.00E+00,1.05E+00,1.11E+00,1.27E+00,1.24E+00,9.42E-01,1.07E+00,1.19E+00,1.15E+00,1.20E+00,1.13E+00,1.17E+00,1.13E+00,1.27E+00,1.07E+00,1.23E+00,1.13E+00,1.01E+00,1.21E+00,1.15E+00,1.07E+00,1.19E+00,1.19E+00,1.13E+00,1.21E+00,1.22E+00,1.15E+00,1.10E+00,1.18E+00,1.07E+00,1.16E+00,1.26E+00,1.20E+00,1.13E+00,1.07E+00,1.12E+00,1.12E+00,1.18E+00,1.11E+00,1.19E+00,9.09E-01,1.02E+00,9.67E-01,1.12E+00,1.18E+00,1.12E+00,1.14E+00,1.23E+00,1.22E+00,1.06E+00,1.07E+00,1.14E+00,1.22E+00,1.21E+00,1.23E+00,1.25E+00,1.30E+00,1.23E+00,1.02E+00,1.13E+00,1.39E+00,1.27E+00,1.05E+00,1.19E+00,1.18E+00,1.28E+00,1.02E+00,1.04E+00,1.05E+00,1.17E+00,9.38E-01,1.14E+00,1.37E+00,1.25E+00,1.16E+00,1.06E+00,1.09E+00,1.04E+00,1.18E+00,1.26E+00
003_S_4644,9.56E-01,6.36E-01,1.03E+00,7.84E-01,8.18E-01,9.90E-01,1.01E+00,9.59E-01,8.91E-01,1.12E+00,8.95E-01,1.06E+00,9.06E-01,8.61E-01,9.48E-01,9.59E-01,9.21E-01,9.61E-01,9.75E-01,9.27E-01,1.00E+00,1.14E+00,9.96E-01,1.08E+00,1.06E+00,1.01E+00,1.03E+00,9.61E-01,1.03E+00,1.01E+00,1.04E+00,1.11E+00,1.05E+00,9.97E-01,1.00E+00,9.63E-01,9.82E-01,9.52E-01,1.02E+00,1.06E+00,1.01E+00,9.65E-01,1.07E+00,9.16E-01,9.64E-01,9.47E-01,1.14E+00,1.21E+00,1.11E+00,9.57E-01,1.07E+00,1.13E+00,9.22E-01,9.82E-01,8.41E-01,7.97E-01,1.11E+00,1.24E+00,1.08E+00,1.05E+00,1.12E+00,1.26E+00,1.16E+00,1.04E+00,1.25E+00,9.63E-01,1.10E+00,1.14E+00,1.17E+00,1.23E+00,1.33E+00,1.34E+00,1.19E+00,8.62E-01,1.21E+00,1.18E+00,1.17E+00,1.13E+00,1.28E+00,1.06E+00,1.22E+00,1.06E+00,9.82E-01,1.10E+00,1.03E+00,1.13E+00,1.13E+00,1.17E+00,1.20E+00,1.14E+00,1.21E+00,1.18E+00,1.28E+00,1.29E+00,1.28E+00,1.12E+00,1.14E+00,1.01E+00,1.12E+00,1.06E+00,1.23E+00,1.15E+00,1.40E+00,1.21E+00,1.21E+00,1.23E+00,1.35E+00,1.06E+00,1.65E+00,1.31E+00,1.43E+00,1.17E+00,1.08E+00,1.17E+00,1.30E+00,1.12E+00,1.07E+00,1.10E+00,1.08E+00,1.05E+00,1.05E+00,1.12E+00,1.06E+00,1.19E+00,1.19E+00,9.34E-01,1.07E+00,1.13E+00,1.09E+00,1.17E+00,1.06E+00,1.14E+00,1.12E+00,1.32E+00,1.18E+00,1.15E+00,1.12E+00,9.71E-01,1.18E+00,1.05E+00,1.03E+00,1.17E+00,1.24E+00,1.06E+00,1.20E+00,1.17E+00,1.22E+00,1.18E+00,1.33E+00,1.15E+00,1.20E+00,1.31E+00,1.29E+00,1.07E+00,1.08E+00,1.25E+00,1.20E+00,1.21E+00,1.17E+00,1.27E+00,8.38E-01,1.00E+00,8.52E-01,1.03E+00,1.32E+00,1.14E+00,1.17E+00,1.23E+00,1.24E+00,1.10E+00,1.09E+00,1.15E+00,1.31E+00,1.23E+00,1.35E+00,1.30E+00,1.31E+00,1.36E+00,1.25E+00,1.19E+00,1.57E+00,1.73E+00,1.13E+00,1.25E+00,1.31E+00,1.50E+00,1.09E+00,1.08E+00,1.21E+00,1.20E+00,9.40E-01,1.16E+00,1.38E+00,1.23E+00,1.13E+00,9.47E-01,1.02E+00,9.76E-01,1.16E+00,1.13E+00
003_S_4900,9.40E-01,6.29E-01,1.06E+00,7.85E-01,8.38E-01,1.02E+00,1.03E+00,1.08E+00,8.84E-01,1.10E+00,9.30E-01,1.10E+00,8.79E-01,8.74E-01,9.66E-01,9.21E-01,9.50E-01,9.72E-01,9.46E-01,9.30E-01,1.06E+00,1.17E+00,1.02E+00,1.10E+00,1.05E+00,1.02E+00,1.03E+00,9.84E-01,1.02E+00,1.01E+00,1.04E+00,1.13E+00,1.08E+00,1.05E+00,1.03E+00,9.52E-01,1.01E+00,1.01E+00,1.04E+00,1.06E+00,1.04E+00,9.97E-01,1.08E+00,9.28E-01,9.65E-01,1.02E+00,1.07E+00,1.23E+00,1.12E+00,9.55E-01,1.08E+00,1.10E+00,9.07E-01,9.52E-01,8.62E-01,8.40E-01,1.09E+00,1.23E+00,1.10E+00,1.07E+00,1.07E+00,1.22E+00,1.23E+00,1.10E+00,1.17E+00,9.90E-01,1.11E+00,1.16E+00,1.22E+00,1.17E+00,1.24E+00,1.23E+00,1.25E+00,9.16E-01,1.19E+00,1.12E+00,1.16E+00,1.07E+00,1.22E+00,1.04E+00,1.17E+00,1.04E+00,9.59E-01,1.10E+00,1.06E+00,1.08E+00,1.19E+00,1.19E+00,1.19E+00,1.13E+00,1.21E+00,1.08E+00,1.21E+00,1.25E+00,1.29E+00,1.14E+00,1.14E+00,1.01E+00,1.12E+00,1.08E+00,1.18E+00,1.08E+00,1.24E+00,1.24E+00,1.22E+00,1.31E+00,1.09E+00,1.12E+00,1.65E+00,1.38E+00,1.55E+00,1.10E+00,1.14E+00,1.17E+00,1.18E+00,1.11E+00,1.04E+00,1.10E+00,1.12E+00,1.10E+00,1.12E+00,1.10E+00,1.07E+00,1.27E+00,1.19E+00,9.48E-01,1.10E+00,1.13E+00,1.10E+00,1.13E+00,1.03E+00,1.13E+00,1.10E+00,1.27E+00,1.10E+00,1.22E+00,1.12E+00,1.07E+00,1.26E+00,1.11E+00,1.05E+00,1.18E+00,1.19E+00,1.07E+00,1.20E+00,1.18E+00,1.20E+00,1.14E+00,1.27E+00,1.17E+00,1.19E+00,1.31E+00,1.27E+00,1.10E+00,1.08E+00,1.23E+00,1.17E+00,1.13E+00,1.16E+00,1.21E+00,8.52E-01,1.01E+00,9.14E-01,1.03E+00,1.30E+00,1.10E+00,1.17E+00,1.21E+00,1.25E+00,1.12E+00,1.10E+00,1.15E+00,1.29E+00,1.26E+00,1.35E+00,1.28E+00,1.24E+00,1.29E+00,1.31E+00,1.19E+00,1.54E+00,1.59E+00,1.18E+00,1.27E+00,1.27E+00,1.46E+00,1.14E+00,1.07E+00,1.22E+00,1.22E+00,9.29E-01,1.20E+00,1.32E+00,1.16E+00,1.13E+00,9.84E-01,1.02E+00,9.79E-01,1.16E+00,1.07E+00
003_S_5165,1.01E+00,6.84E-01,1.01E+00,8.19E-01,8.72E-01,1.04E+00,1.08E+00,1.11E+00,9.58E-01,1.12E+00,9.90E-01,1.08E+00,9.36E-01,9.40E-01,1.01E+00,1.01E+00,1.01E+00,1.07E+00,1.02E+00,1.01E+00,9.60E-01,1.22E+00,1.01E+00,1.13E+00,1.08E+00,1.06E+00,1.11E+00,1.07E+00,1.07E+00,1.06E+00,1.07E+00,1.01E+00,1.05E+00,1.04E+00,1.05E+00,9.98E-01,1.03E+00,1.05E+00,1.07E+00,1.03E+00,1.11E+00,9.95E-01,1.08E+00,9.53E-01,9.82E-01,1.04E+00,1.03E+00,1.18E+00,1.05E+00,9.56E-01,1.14E+00,1.09E+00,9.36E-01,9.78E-01,8.90E-01,8.47E-01,1.10E+00,1.10E+00,9.96E-01,9.83E-01,1.08E+00,1.23E+00,1.19E+00,1.08E+00,1.18E+00,9.79E-01,1.03E+00,1.05E+00,1.17E+00,1.21E+00,1.26E+00,1.22E+00,1.19E+00,8.73E-01,1.08E+00,1.14E+00,1.19E+00,1.13E+00,1.20E+00,1.08E+00,1.19E+00,1.06E+00,9.86E-01,1.04E+00,1.12E+00,1.10E+00,1.09E+00,1.18E+00,1.18E+00,1.14E+00,1.13E+00,1.15E+00,1.23E+00,1.19E+00,1.24E+00,1.15E+00,1.18E+00,1.01E+00,1.16E+00,1.10E+00,1.22E+00,1.10E+00,1.14E+00,1.11E+00,1.10E+00,1.23E+00,1.16E+00,1.18E+00,1.54E+00,1.30E+00,1.39E+00,1.17E+00,1.10E+00,1.17E+00,1.26E+00,1.16E+00,1.13E+00,1.16E+00,1.13E+00,1.15E+00,1.06E+00,1.14E+00,1.16E+00,1.25E+00,1.21E+00,9.63E-01,1.13E+00,1.24E+00,1.14E+00,1.32E+00,1.05E+00,1.15E+00,1.12E+00,1.14E+00,1.05E+00,1.12E+00,1.18E+00,1.05E+00,1.17E+00,1.08E+00,1.04E+00,1.20E+00,1.28E+00,1.12E+00,1.25E+00,1.19E+00,1.16E+00,1.14E+00,1.22E+00,1.14E+00,1.12E+00,1.32E+00,1.31E+00,1.16E+00,1.09E+00,1.15E+00,1.20E+00,1.23E+00,1.15E+00,1.27E+00,8.80E-01,9.94E-01,9.24E-01,1.06E+00,1.13E+00,1.10E+00,1.22E+00,1.26E+00,1.27E+00,1.08E+00,1.09E+00,1.07E+00,1.15E+00,1.14E+00,1.29E+00,1.31E+00,1.29E+00,1.36E+00,1.16E+00,1.20E+00,1.39E+00,1.36E+00,1.16E+00,1.09E+00,1.21E+00,1.30E+00,1.14E+00,1.08E+00,1.22E+00,1.30E+00,1.00E+00,1.23E+00,1.35E+00,1.14E+00,1.15E+00,1.07E+00,1.23E+00,1.12E+00,1.19E+00,1.27E+00
003_S_5187,1.02E+00,7.24E-01,1.06E+00,8.63E-01,9.00E-01,1.05E+00,1.09E+00,1.12E+00,9.82E-01,1.11E+00,1.00E+00,1.11E+00,9.50E-01,9.51E-01,1.03E+00,1.03E+00,1.00E+00,1.11E+00,1.08E+00,1.01E+00,1.01E+00,1.16E+00,1.03E+00,1.16E+00,1.08E+00,1.06E+00,1.14E+00,1.09E+00,1.12E+00,1.09E+00,1.06E+00,1.01E+00,1.05E+00,9.84E-01,1.06E+00,1.02E+00,1.00E+00,1.02E+00,1.14E+00,1.09E+00,1.17E+00,1.05E+00,1.15E+00,9.28E-01,1.02E+00,1.11E+00,1.12E+00,1.23E+00,1.10E+00,9.96E-01,1.09E+00,1.07E+00,9.90E-01,1.07E+00,9.48E-01,9.17E-01,1.10E+00,1.06E+00,1.07E+00,1.04E+00,1.20E+00,1.25E+00,1.20E+00,1.14E+00,1.19E+00,1.02E+00,1.14E+00,1.11E+00,1.25E+00,1.20E+00,1.18E+00,1.21E+00,1.12E+00,9.06E-01,1.18E+00,1.20E+00,1.13E+00,1.07E+00,1.11E+00,1.10E+00,1.17E+00,1.06E+00,1.05E+00,1.14E+00,1.12E+00,1.16E+00,1.14E+00,1.19E+00,1.22E+00,1.19E+00,1.24E+00,1.21E+00,1.19E+00,1.25E+00,1.31E+00,1.18E+00,1.12E+00,1.05E+00,1.20E+00,1.08E+00,1.32E+00,1.08E+00,1.21E+00,1.13E+00,1.03E+00,1.19E+00,1.18E+00,1.06E+00,1.49E+00,1.25E+00,1.39E+00,1.13E+00,1.06E+00,1.16E+00,1.18E+00,1.10E+00,9.90E-01,1.14E+00,1.04E+00,1.18E+00,1.03E+00,1.09E+00,1.12E+00,1.16E+00,1.22E+00,9.66E-01,1.09E+00,1.16E+00,1.14E+00,1.23E+00,1.11E+00,1.05E+00,1.04E+00,9.99E-01,9.51E-01,9.59E-01,1.05E+00,9.69E-01,1.03E+00,9.95E-01,1.12E+00,1.13E+00,1.23E+00,1.20E+00,1.29E+00,1.22E+00,1.06E+00,1.10E+00,1.11E+00,1.17E+00,1.09E+00,1.22E+00,1.23E+00,1.11E+00,1.05E+00,1.04E+00,1.13E+00,1.15E+00,1.14E+00,1.19E+00,9.54E-01,1.03E+00,9.23E-01,1.09E+00,1.04E+00,1.01E+00,1.20E+00,1.20E+00,1.20E+00,1.05E+00,1.09E+00,1.06E+00,1.12E+00,1.11E+00,1.22E+00,1.23E+00,1.18E+00,1.23E+00,1.07E+00,1.20E+00,1.16E+00,1.13E+00,9.55E-01,1.12E+00,1.21E+00,1.20E+00,1.08E+00,1.07E+00,1.13E+00,1.17E+00,9.34E-01,1.20E+00,1.31E+00,1.09E+00,1.06E+00,9.71E-01,1.02E+00,1.07E+00,1.11E+00,1.14E+00
005_S_0221,1.12E+00,7.78E-01,1.15E+00,9.06E-01,9.59E-01,1.10E+00,1.12E+00,1.13E+00,1.02E+00,1.18E+00,1.00E+00,1.13E+00,9.73E-01,1.01E+00,1.02E+00,1.01E+00,1.04E+00,1.07E+00,1.12E+00,1.05E+00,9.98E-01,1.13E+00,1.01E+00,1.16E+00,1.09E+00,1.09E+00,1.15E+00,1.09E+00,1.10E+00,1.10E+00,1.10E+00,1.06E+00,1.05E+00,1.00E+00,1.06E+00,1.09E+00,1.12E+00,1.07E+00,1.20E+00,1.13E+00,1.08E+00,1.04E+00,1.22E+00,9.79E-01,1.03E+00,1.11E+00,1.07E+00,1.36E+00,1.10E+00,1.02E+00,1.24E+00,1.08E+00,8.47E-01,9.41E-01,8.52E-01,9.19E-01,1.10E+00,1.10E+00,1.00E+00,1.01E+00,1.17E+00,1.50E+00,1.34E+00,1.16E+00,1.31E+00,1.03E+00,1.06E+00,1.11E+00,1.30E+00,1.38E+00,1.39E+00,1.15E+00,1.08E+00,9.24E-01,1.16E+00,1.18E+00,1.09E+00,1.04E+00,1.09E+00,1.07E+00,1.30E+00,1.06E+00,9.80E-01,1.04E+00,1.15E+00,1.16E+00,1.08E+00,1.27E+00,1.26E+00,1.20E+00,1.23E+00,1.29E+00,1.44E+00,1.41E+00,1.48E+00,1.12E+00,1.04E+00,9.07E-01,1.24E+00,1.04E+00,1.23E+00,1.18E+00,1.37E+00,1.32E+00,1.10E+00,1.20E+00,1.22E+00,1.11E+00,1.46E+00,1.26E+00,1.33E+00,1.12E+00,1.27E+00,1.16E+00,1.21E+00,1.17E+00,1.21E+00,1.12E+00,1.23E+00,1.16E+00,1.25E+00,1.28E+00,1.18E+00,1.10E+00,1.10E+00,9.58E-01,1.03E+00,1.17E+00,1.20E+00,1.19E+00,1.06E+00,9.67E-01,1.05E+00,9.49E-01,9.30E-01,8.57E-01,1.24E+00,1.03E+00,1.09E+00,1.13E+00,1.09E+00,9.63E-01,1.14E+00,1.15E+00,1.15E+00,1.09E+00,1.06E+00,1.05E+00,1.07E+00,1.26E+00,8.62E-01,1.44E+00,1.18E+00,1.10E+00,1.04E+00,1.09E+00,1.13E+00,1.31E+00,1.13E+00,1.30E+00,8.93E-01,8.52E-01,8.13E-01,1.01E+00,9.35E-01,1.03E+00,1.03E+00,1.15E+00,1.25E+00,9.72E-01,9.64E-01,9.54E-01,8.87E-01,9.20E-01,1.23E+00,1.15E+00,1.38E+00,1.32E+00,1.15E+00,9.97E-01,1.03E+00,1.07E+00,9.36E-01,8.98E-01,1.05E+00,1.06E+00,9.87E-01,1.01E+00,1.14E+00,1.12E+00,9.64E-01,1.15E+00,1.42E+00,9.07E-01,9.49E-01,9.47E-01,8.49E-01,1.08E+00,9.43E-01,1.04E+00
005_S_0223,1.03E+00,7.36E-01,1.04E+00,8.78E-01,9.20E-01,1.09E+00,1.12E+00,1.18E+00,9.68E-01,1.09E+00,1.01E+00,1.14E+00,9.44E-01,9.25E-01,1.01E+00,9.92E-01,1.02E+00,1.03E+00,1.05E+00,1.01E+00,1.03E+00,1.10E+00,9.77E-01,1.07E+00,1.07E+00,1.04E+00,1.06E+00,1.03E+00,1.14E+00,1.15E+00,1.09E+00,1.08E+00,1.13E+00,1.06E+00,1.04E+00,1.02E+00,1.10E+00,1.06E+00,1.10E+00,1.05E+00,1.11E+00,9.98E-01,1.10E+00,9.26E-01,9.95E-01,1.03E+00,1.06E+00,1.18E+00,1.07E+00,9.78E-01,1.04E+00,1.05E+00,9.60E-01,1.01E+00,8.83E-01,9.70E-01,1.12E+00,1.18E+00,1.12E+00,1.06E+00,1.12E+00,1.16E+00,1.13E+00,1.09E+00,1.17E+00,9.80E-01,1.10E+00,1.12E+00,1.13E+00,1.16E+00,1.21E+00,1.30E+00,1.19E+00,9.22E-01,1.17E+00,1.16E+00,1.15E+00,1.10E+00,1.20E+00,1.04E+00,1.18E+00,1.07E+00,9.91E-01,1.10E+00,1.04E+00,1.10E+00,1.13E+00,1.17E+00,1.15E+00,1.12E+00,1.18E+00,1.12E+00,1.16E+00,1.20E+00,1.21E+00,1.17E+00,1.11E+00,1.00E+00,1.12E+00,1.09E+00,1.30E+00,1.22E+00,1.25E+00,1.27E+00,1.20E+00,1.33E+00,1.22E+00,1.12E+00,1.53E+00,1.23E+00,1.53E+00,1.25E+00,1.17E+00,1.16E+00,1.24E+00,1.16E+00,1.11E+00,1.14E+00,1.17E+00,1.17E+00,1.19E+00,1.21E+00,1.20E+00,1.17E+00,1.16E+00,9.49E-01,1.06E+00,1.16E+00,1.14E+00,1.15E+00,1.08E+00,1.12E+00,1.21E+00,1.26E+00,1.12E+00,1.19E+00,1.20E+00,1.00E+00,1.22E+00,1.13E+00,1.13E+00,1.15E+00,1.18E+00,1.19E+00,1.24E+00,1.18E+00,1.14E+00,1.12E+00,1.20E+00,1.20E+00,1.10E+00,1.20E+00,1.22E+00,1.10E+00,1.04E+00,1.13E+00,1.11E+00,1.17E+00,1.13E+00,1.18E+00,8.46E-01,9.25E-01,8.91E-01,1.04E+00,1.18E+00,1.13E+00,1.15E+00,1.18E+00,1.15E+00,1.06E+00,1.06E+00,1.10E+00,1.18E+00,1.17E+00,1.22E+00,1.24E+00,1.18E+00,1.28E+00,1.17E+00,1.12E+00,1.50E+00,1.46E+00,1.09E+00,1.17E+00,1.22E+00,1.34E+00,1.05E+00,1.06E+00,1.21E+00,1.17E+00,9.32E-01,1.14E+00,1.25E+00,1.15E+00,1.06E+00,9.63E-01,9.85E-01,1.05E+00,1.13E+00,1.18E+00
005_S_0602,9.77E-01,7.18E-01,1.05E+00,8.56E-01,8.84E-01,9.96E-01,1.04E+00,1.06E+00,9.32E-01,1.10E+00,9.52E-01,1.05E+00,9.37E-01,9.42E-01,9.82E-01,9.57E-01,9.38E-01,9.81E-01,9.58E-01,9.44E-01,1.08E+00,1.16E+00,1.03E+00,1.08E+00,1.06E+00,1.06E+00,1.06E+00,1.02E+00,1.02E+00,1.02E+00,1.03E+00,1.05E+00,1.07E+00,1.02E+00,1.04E+00,9.83E-01,9.46E-01,9.93E-01,1.08E+00,1.05E+00,1.08E+00,1.03E+00,1.06E+00,9.69E-01,9.96E-01,9.88E-01,1.11E+00,1.16E+00,1.08E+00,9.80E-01,1.08E+00,1.08E+00,1.01E+00,1.01E+00,9.06E-01,9.24E-01,1.13E+00,1.14E+00,1.06E+00,1.04E+00,1.08E+00,1.16E+00,1.13E+00,1.08E+00,1.15E+00,1.01E+00,1.11E+00,1.15E+00,1.17E+00,1.18E+00,1.22E+00,1.23E+00,1.21E+00,9.53E-01,1.16E+00,1.21E+00,1.14E+00,1.13E+00,1.19E+00,1.08E+00,1.15E+00,1.07E+00,1.04E+00,1.09E+00,1.10E+00,1.11E+00,1.13E+00,1.22E+00,1.17E+00,1.19E+00,1.20E+00,1.17E+00,1.23E+00,1.18E+00,1.21E+00,1.09E+00,1.10E+00,9.83E-01,1.13E+00,1.05E+00,1.20E+00,1.12E+00,1.17E+00,1.19E+00,1.15E+00,1.24E+00,1.08E+00,1.06E+00,1.37E+00,1.25E+00,1.39E+00,1.14E+00,1.05E+00,1.09E+00,1.18E+00,1.08E+00,9.97E-01,1.08E+00,1.03E+00,1.10E+00,1.09E+00,1.08E+00,1.09E+00,1.30E+00,1.18E+00,9.71E-01,1.07E+00,1.17E+00,1.14E+00,1.17E+00,1.09E+00,1.16E+00,1.13E+00,1.24E+00,1.05E+00,1.17E+00,1.13E+00,1.04E+00,1.23E+00,1.09E+00,1.12E+00,1.14E+00,1.15E+00,1.19E+00,1.25E+00,1.24E+00,1.14E+00,1.21E+00,1.29E+00,1.11E+00,1.14E+00,1.22E+00,1.23E+00,1.15E+00,1.08E+00,1.19E+00,1.15E+00,1.21E+00,1.20E+00,1.19E+00,9.52E-01,1.09E+00,1.02E+00,1.12E+00,1.23E+00,1.10E+00,1.12E+00,1.16E+00,1.22E+00,1.12E+00,1.17E+00,1.18E+00,1.27E+00,1.21E+00,1.26E+00,1.24E+00,1.22E+00,1.28E+00,1.18E+00,1.19E+00,1.44E+00,1.53E+00,1.16E+00,1.24E+00,1.25E+00,1.43E+00,1.13E+00,1.11E+00,1.22E+00,1.22E+00,1.05E+00,1.19E+00,1.28E+00,1.16E+00,1.09E+00,9.95E-01,1.18E+00,1.05E+00,1.21E+00,1.19E+00
005_S_0610,1.06E+00,7.51E-01,1.15E+00,9.11E-01,9.77E-01,1.06E+00,1.07E+00,1.14E+00,1.01E+00,1.18E+00,1.03E+00,1.10E+00,9.32E-01,9.63E-01,1.01E+00,9.89E-01,1.01E+00,1.03E+00,1.02E+00,9.75E-01,9.90E-01,1.14E+00,1.01E+00,1.09E+00,1.08E+00,1.06E+00,1.10E+00,1.04E+00,1.10E+00,1.13E+00,1.14E+00,1.08E+00,1.03E+00,1.04E+00,1.02E+00,1.00E+00,9.65E-01,1.03E+00,1.06E+00,1.08E+00,1.06E+00,1.02E+00,1.09E+00,9.78E-01,9.14E-01,1.05E+00,1.10E+00,1.20E+00,1.08E+00,9.77E-01,1.07E+00,1.13E+00,1.03E+00,1.07E+00,9.76E-01,9.40E-01,1.16E+00,1.15E+00,1.10E+00,1.05E+00,9.92E-01,1.25E+00,1.24E+00,1.12E+00,1.17E+00,1.00E+00,1.19E+00,1.14E+00,1.14E+00,1.21E+00,1.29E+00,1.26E+00,1.15E+00,9.48E-01,1.20E+00,1.16E+00,1.21E+00,1.14E+00,1.27E+00,1.11E+00,1.22E+00,1.08E+00,1.07E+00,1.13E+00,1.16E+00,1.18E+00,1.19E+00,1.23E+00,1.20E+00,1.10E+00,1.16E+00,1.13E+00,1.28E+00,1.16E+00,1.20E+00,1.19E+00,1.17E+00,1.05E+00,1.19E+00,1.15E+00,1.27E+00,1.27E+00,1.35E+00,1.35E+00,1.29E+00,1.38E+00,1.07E+00,1.08E+00,1.52E+00,1.27E+00,1.39E+00,1.22E+00,1.05E+00,1.08E+00,7.47E-01,1.13E+00,1.07E+00,1.12E+00,9.59E-01,1.15E+00,9.98E-01,8.84E-01,1.13E+00,1.08E+00,1.19E+00,9.72E-01,1.08E+00,1.17E+00,1.11E+00,1.18E+00,1.13E+00,1.17E+00,1.12E+00,1.14E+00,1.11E+00,1.07E+00,1.10E+00,1.07E+00,9.79E-01,1.04E+00,1.08E+00,1.15E+00,1.20E+00,1.10E+00,1.17E+00,1.17E+00,7.50E-01,9.60E-01,9.36E-01,8.23E-01,1.15E+00,1.31E+00,1.30E+00,1.13E+00,1.08E+00,9.93E-01,1.19E+00,1.22E+00,1.16E+00,1.23E+00,9.36E-01,1.10E+00,9.78E-01,1.09E+00,1.20E+00,1.08E+00,1.09E+00,1.22E+00,1.22E+00,9.85E-01,1.21E+00,1.24E+00,1.24E+00,1.16E+00,1.28E+00,1.17E+00,1.29E+00,1.34E+00,7.95E-01,1.12E+00,1.29E+00,1.24E+00,1.06E+00,1.23E+00,1.19E+00,1.28E+00,1.11E+00,1.06E+00,1.11E+00,1.27E+00,9.98E-01,1.17E+00,1.31E+00,1.23E+00,1.13E+00,1.01E+00,1.05E+00,1.05E+00,1.19E+00,1.25E+00
005_S_1341,1.01E+00,7.40E-01,1.04E+00,8.80E-01,9.25E-01,1.06E+00,1.10E+00,1.09E+00,9.74E-01,1.13E+00,9.92E-01,1.09E+00,9.42E-01,9.56E-01,1.02E+00,9.98E-01,9.88E-01,1.06E+00,1.06E+00,1.01E+00,1.03E+00,1.13E+00,1.02E+00,1.07E+00,1.07E+00,1.04E+00,1.11E+00,1.02E+00,1.08E+00,1.08E+00,1.08E+00,1.07E+00,1.09E+00,1.02E+00,1.06E+00,1.03E+00,1.05E+00,1.06E+00,1.11E+00,1.06E+00,1.15E+00,1.02E+00,1.06E+00,9.35E-01,9.75E-01,1.10E+00,1.12E+00,1.13E+00,1.07E+00,9.66E-01,1.03E+00,1.01E+00,9.34E-01,1.00E+00,8.63E-01,9.32E-01,1.14E+00,1.10E+00,1.08E+00,1.02E+00,1.15E+00,1.15E+00,1.13E+00,1.12E+00,1.17E+00,1.00E+00,1.12E+00,1.12E+00,1.15E+00,1.14E+00,1.17E+00,1.19E+00,1.23E+00,9.01E-01,1.13E+00,1.15E+00,1.14E+00,1.11E+00,1.17E+00,9.81E-01,1.10E+00,9.92E-01,9.77E-01,1.08E+00,1.10E+00,1.13E+00,1.12E+00,1.11E+00,1.14E+00,1.15E+00,1.18E+00,1.16E+00,1.17E+00,1.18E+00,1.22E+00,1.17E+00,1.07E+00,1.02E+00,1.18E+00,1.07E+00,1.30E+00,1.19E+00,1.31E+00,1.24E+00,1.21E+00,1.27E+00,1.20E+00,1.10E+00,1.48E+00,1.23E+00,1.38E+00,1.19E+00,1.17E+00,1.14E+00,1.23E+00,1.15E+00,1.08E+00,1.11E+00,1.11E+00,1.19E+00,1.13E+00,1.22E+00,1.17E+00,1.26E+00,1.23E+00,9.91E-01,1.11E+00,1.17E+00,1.18E+00,1.24E+00,1.11E+00,1.19E+00,1.14E+00,1.25E+00,1.12E+00,1.15E+00,1.21E+00,1.06E+00,1.26E+00,1.18E+00,1.12E+00,1.17E+00,1.21E+00,1.19E+00,1.22E+00,1.21E+00,1.15E+00,1.14E+00,1.23E+00,1.29E+00,1.16E+00,1.25E+00,1.23E+00,1.15E+00,1.07E+00,1.13E+00,1.05E+00,1.13E+00,1.04E+00,1.14E+00,9.49E-01,1.06E+00,9.10E-01,1.12E+00,1.17E+00,1.12E+00,1.17E+00,1.25E+00,1.23E+00,1.09E+00,1.12E+00,1.15E+00,1.16E+00,1.17E+00,1.23E+00,1.24E+00,1.18E+00,1.21E+00,1.24E+00,1.17E+00,1.35E+00,1.39E+00,1.09E+00,1.17E+00,1.20E+00,1.28E+00,9.92E-01,1.05E+00,1.16E+00,1.23E+00,1.03E+00,1.22E+00,1.29E+00,1.17E+00,1.09E+00,1.07E+00,1.16E+00,1.13E+00,1.20E+00,1.27E+00
005_S_4910,1.03E+00,7.49E-01,1.02E+00,8.77E-01,9.60E-01,1.09E+00,1.13E+00,1.11E+00,9.82E-01,1.11E+00,1.03E+00,1.13E+00,9.87E-01,9.49E-01,1.07E+00,1.06E+00,1.00E+00,1.14E+00,1.11E+00,1.02E+00,9.71E-01,1.08E+00,9.92E-01,1.14E+00,1.05E+00,1.08E+00,1.17E+00,1.10E+00,1.15E+00,1.10E+00,1.15E+00,1.09E+00,1.13E+00,1.10E+00,1.12E+00,1.05E+00,1.11E+00,1.10E+00,1.12E+00,1.13E+00,1.16E+00,1.03E+00,1.14E+00,9.66E-01,1.01E+00,1.11E+00,1.06E+00,1.20E+00,1.05E+00,9.78E-01,1.04E+00,1.03E+00,9.16E-01,9.36E-01,7.59E-01,8.58E-01,1.13E+00,1.12E+00,1.09E+00,1.08E+00,1.22E+00,1.24E+00,1.20E+00,1.09E+00,1.24E+00,9.85E-01,1.07E+00,1.07E+00,1.25E+00,1.17E+00,1.20E+00,1.26E+00,1.23E+00,8.85E-01,1.09E+00,1.22E+00,1.12E+00,1.07E+00,1.11E+00,9.85E-01,1.17E+00,1.00E+00,8.80E-01,1.00E+00,9.39E-01,1.06E+00,1.10E+00,1.17E+00,1.20E+00,1.23E+00,1.30E+00,1.17E+00,1.16E+00,1.20E+00,1.18E+00,1.16E+00,1.11E+00,1.01E+00,1.09E+00,1.13E+00,1.42E+00,1.17E+00,1.16E+00,1.20E+00,1.21E+00,1.28E+00,1.19E+00,1.08E+00,1.48E+00,1.30E+00,1.39E+00,1.25E+00,1.13E+00,1.23E+00,1.30E+00,1.08E+00,1.16E+00,1.17E+00,1.17E+00,1.24E+00,1.10E+00,1.25E+00,1.14E+00,1.01E+00,1.03E+00,9.37E-01,1.09E+00,1.22E+00,1.18E+00,1.27E+00,1.14E+00,1.12E+00,1.23E+00,1.11E+00,1.06E+00,1.12E+00,1.14E+00,1.04E+00,1.13E+00,1.21E+00,1.13E+00,1.06E+00,1.30E+00,1.34E+00,1.21E+00,1.17E+00,1.25E+00,1.12E+00,1.13E+00,1.35E+00,1.07E+00,1.22E+00,1.21E+00,1.20E+00,1.00E+00,1.13E+00,1.01E+00,1.06E+00,9.27E-01,1.14E+00,7.07E-01,7.49E-01,8.07E-01,1.10E+00,1.04E+00,1.03E+00,1.18E+00,1.18E+00,1.15E+00,9.70E-01,8.07E-01,9.20E-01,1.03E+00,1.06E+00,1.20E+00,1.34E+00,1.16E+00,1.23E+00,1.24E+00,1.21E+00,1.31E+00,1.17E+00,9.40E-01,1.04E+00,1.19E+00,1.14E+00,9.34E-01,9.67E-01,1.05E+00,9.46E-01,7.30E-01,1.19E+00,1.14E+00,1.14E+00,1.04E+00,9.82E-01,8.96E-01,9.29E-01,9.46E-01,1.04E+00
005_S_5038,1.09E+00,7.71E-01,1.21E+00,9.32E-01,9.76E-01,1.14E+00,1.13E+00,1.19E+00,1.02E+00,1.20E+00,1.09E+00,1.18E+00,1.02E+00,1.00E+00,1.13E+00,1.10E+00,1.05E+00,1.14E+00,1.13E+00,1.10E+00,8.60E-01,1.12E+00,9.94E-01,1.05E+00,1.08E+00,1.08E+00,1.14E+00,1.10E+00,1.16E+00,1.16E+00,1.11E+00,1.04E+00,1.14E+00,1.10E+00,1.15E+00,1.07E+00,1.11E+00,1.13E+00,1.22E+00,1.13E+00,1.18E+00,1.01E+00,1.06E+00,9.89E-01,1.07E+00,1.14E+00,1.11E+00,1.23E+00,1.05E+00,9.75E-01,1.05E+00,1.03E+00,9.96E-01,1.06E+00,9.00E-01,8.20E-01,1.20E+00,1.19E+00,1.11E+00,1.10E+00,1.19E+00,1.21E+00,1.21E+00,1.16E+00,1.28E+00,1.04E+00,1.19E+00,1.19E+00,1.24E+00,1.22E+00,1.22E+00,1.29E+00,1.26E+00,9.21E-01,1.23E+00,1.23E+00,1.17E+00,1.15E+00,1.21E+00,1.01E+00,1.09E+00,9.77E-01,1.01E+00,1.08E+00,9.52E-01,1.19E+00,1.17E+00,1.17E+00,1.22E+00,1.23E+00,1.30E+00,1.06E+00,1.17E+00,1.09E+00,1.16E+00,1.26E+00,1.13E+00,1.09E+00,1.21E+00,1.17E+00,1.34E+00,1.29E+00,1.43E+00,1.39E+00,1.28E+00,1.44E+00,1.26E+00,1.12E+00,1.75E+00,1.37E+00,1.55E+00,1.20E+00,1.15E+00,1.21E+00,1.39E+00,1.22E+00,1.19E+00,1.22E+00,1.19E+00,1.26E+00,1.27E+00,1.30E+00,1.25E+00,9.30E-01,1.05E+00,9.57E-01,1.12E+00,1.13E+00,1.05E+00,1.14E+00,1.21E+00,1.19E+00,1.21E+00,1.31E+00,1.22E+00,1.27E+00,1.18E+00,1.06E+00,1.32E+00,1.24E+00,1.17E+00,1.09E+00,1.24E+00,1.18E+00,1.08E+00,1.13E+00,1.29E+00,1.18E+00,1.26E+00,1.41E+00,1.00E+00,1.18E+00,1.26E+00,1.19E+00,1.03E+00,1.20E+00,1.08E+00,1.06E+00,8.96E-01,1.12E+00,8.20E-01,1.08E+00,9.01E-01,1.12E+00,1.28E+00,1.10E+00,1.22E+00,1.16E+00,1.18E+00,1.10E+00,1.10E+00,1.20E+00,1.26E+00,1.19E+00,1.27E+00,1.27E+00,1.17E+00,1.24E+00,1.30E+00,1.23E+00,1.40E+00,1.48E+00,1.11E+00,1.21E+00,1.23E+00,1.35E+00,9.05E-01,9.50E-01,1.02E+00,1.15E+00,8.23E-01,1.22E+00,1.11E+00,1.28E+00,1.11E+00,1.03E+00,8.12E-01,1.09E+00,1.22E+00,1.21E+00
005_S_5119,1.01E+00,7.23E-01,1.04E+00,8.60E-01,9.15E-01,1.02E+00,1.04E+00,1.08E+00,9.50E-01,1.09E+00,9.86E-01,1.12E+00,9.59E-01,9.62E-01,9.98E-01,9.79E-01,9.82E-01,1.03E+00,1.05E+00,1.01E+00,9.92E-01,1.17E+00,1.02E+00,1.14E+00,1.10E+00,1.09E+00,1.14E+00,1.07E+00,1.09E+00,1.05E+00,1.08E+00,1.07E+00,1.05E+00,9.97E-01,1.12E+00,1.04E+00,9.93E-01,1.06E+00,1.07E+00,1.09E+00,1.11E+00,1.01E+00,1.11E+00,9.29E-01,9.97E-01,1.06E+00,1.10E+00,1.07E+00,1.05E+00,9.67E-01,1.06E+00,9.97E-01,9.23E-01,9.59E-01,8.87E-01,8.82E-01,1.11E+00,1.10E+00,1.07E+00,1.02E+00,1.10E+00,1.19E+00,1.21E+00,1.10E+00,1.12E+00,9.85E-01,1.03E+00,1.08E+00,1.17E+00,1.15E+00,1.09E+00,1.13E+00,1.17E+00,8.74E-01,1.09E+00,1.09E+00,1.06E+00,1.03E+00,1.11E+00,9.81E-01,1.09E+00,9.70E-01,9.53E-01,9.69E-01,1.02E+00,1.10E+00,1.12E+00,1.07E+00,1.06E+00,1.16E+00,1.14E+00,1.15E+00,1.14E+00,1.20E+00,1.22E+00,1.13E+00,1.08E+00,9.95E-01,1.15E+00,1.09E+00,1.34E+00,1.21E+00,1.30E+00,1.24E+00,1.23E+00,1.32E+00,1.16E+00,1.14E+00,1.55E+00,1.25E+00,1.42E+00,1.17E+00,1.17E+00,1.12E+00,1.18E+00,1.10E+00,1.10E+00,1.06E+00,1.05E+00,1.17E+00,1.06E+00,1.12E+00,1.13E+00,1.13E+00,1.18E+00,9.57E-01,1.08E+00,1.14E+00,1.11E+00,1.26E+00,1.09E+00,1.15E+00,1.15E+00,1.09E+00,1.08E+00,1.14E+00,1.17E+00,1.06E+00,1.16E+00,1.04E+00,1.08E+00,1.15E+00,1.24E+00,1.15E+00,1.18E+00,1.14E+00,1.12E+00,1.05E+00,1.07E+00,1.19E+00,1.11E+00,1.15E+00,1.03E+00,1.10E+00,1.01E+00,1.03E+00,9.90E-01,1.07E+00,9.38E-01,1.00E+00,8.76E-01,9.02E-01,8.79E-01,1.08E+00,1.07E+00,1.01E+00,1.13E+00,1.16E+00,1.13E+00,1.02E+00,9.57E-01,1.03E+00,1.04E+00,1.14E+00,1.09E+00,1.10E+00,1.11E+00,1.05E+00,1.05E+00,1.07E+00,1.28E+00,1.09E+00,1.00E+00,1.06E+00,1.00E+00,1.14E+00,9.49E-01,9.85E-01,9.77E-01,1.15E+00,8.80E-01,1.11E+00,1.23E+00,1.12E+00,1.07E+00,1.04E+00,9.82E-01,1.10E+00,1.16E+00,1.14E+00
006_S_0484,1.01E+00,7.43E-01,1.04E+00,8.91E-01,9.35E-01,1.05E+00,1.10E+00,1.12E+00,9.71E-01,1.12E+00,9.55E-01,1.08E+00,9.33E-01,9.59E-01,1.04E+00,1.02E+00,1.01E+00,1.03E+00,1.03E+00,1.01E+00,1.08E+00,1.20E+00,1.03E+00,1.12E+00,1.14E+00,1.10E+00,1.13E+00,1.05E+00,1.04E+00,1.06E+00,1.09E+00,1.10E+00,1.10E+00,1.08E+00,1.09E+00,1.05E+00,1.05E+00,1.03E+00,1.08E+00,1.10E+00,1.07E+00,1.04E+00,1.08E+00,9.35E-01,1.00E+00,1.04E+00,1.12E+00,1.17E+00,1.09E+00,9.70E-01,1.05E+00,1.09E+00,9.98E-01,1.03E+00,9.16E-01,9.52E-01,1.16E+00,1.16E+00,1.11E+00,1.09E+00,1.10E+00,1.19E+00,1.19E+00,1.11E+00,1.14E+00,1.02E+00,1.12E+00,1.14E+00,1.17E+00,1.15E+00,1.20E+00,1.18E+00,1.18E+00,9.73E-01,1.17E+00,1.14E+00,1.13E+00,1.11E+00,1.21E+00,1.08E+00,1.14E+00,1.03E+00,1.04E+00,1.10E+00,1.17E+00,1.12E+00,1.17E+00,1.13E+00,1.15E+00,1.09E+00,1.11E+00,1.06E+00,1.20E+00,1.16E+00,1.20E+00,1.14E+00,1.09E+00,1.05E+00,1.14E+00,1.05E+00,1.22E+00,1.17E+00,1.26E+00,1.24E+00,1.19E+00,1.25E+00,1.20E+00,9.83E-01,1.40E+00,1.24E+00,1.29E+00,1.15E+00,1.19E+00,1.16E+00,1.09E+00,1.12E+00,1.10E+00,1.12E+00,1.11E+00,1.12E+00,1.05E+00,1.10E+00,1.14E+00,1.23E+00,1.23E+00,9.81E-01,1.10E+00,1.15E+00,1.18E+00,1.18E+00,1.05E+00,1.14E+00,1.12E+00,1.21E+00,1.14E+00,1.22E+00,1.17E+00,1.07E+00,1.17E+00,1.12E+00,1.12E+00,1.17E+00,1.17E+00,1.12E+00,1.17E+00,1.18E+00,1.05E+00,1.06E+00,1.15E+00,1.03E+00,1.12E+00,1.27E+00,1.22E+00,1.12E+00,1.07E+00,1.08E+00,1.12E+00,1.14E+00,1.16E+00,1.16E+00,9.11E-01,1.05E+00,9.53E-01,9.94E-01,1.22E+00,1.17E+00,1.13E+00,1.17E+00,1.20E+00,1.07E+00,1.13E+00,1.16E+00,1.23E+00,1.22E+00,1.23E+00,1.24E+00,1.25E+00,1.26E+00,1.09E+00,1.18E+00,1.36E+00,1.41E+00,1.14E+00,1.21E+00,1.20E+00,1.31E+00,1.01E+00,1.06E+00,1.14E+00,1.23E+00,1.06E+00,1.16E+00,1.25E+00,1.22E+00,1.08E+00,9.08E-01,1.15E+00,1.10E+00,1.15E+00,1.19E+00
006_S_0498,9.53E-01,7.02E-01,9.64E-01,8.29E-01,8.60E-01,9.85E-01,1.04E+00,1.07E+00,9.22E-01,1.01E+00,9.64E-01,1.04E+00,9.15E-01,9.44E-01,1.00E+00,9.56E-01,9.83E-01,1.02E+00,1.01E+00,9.98E-01,1.10E+00,1.14E+00,1.02E+00,1.14E+00,1.07E+00,1.08E+00,1.06E+00,1.03E+00,1.05E+00,1.01E+00,1.05E+00,1.04E+00,1.06E+00,1.01E+00,1.06E+00,1.00E+00,1.01E+00,1.04E+00,1.13E+00,1.10E+00,1.03E+00,1.01E+00,1.11E+00,9.55E-01,9.79E-01,1.13E+00,1.12E+00,1.24E+00,1.10E+00,9.87E-01,1.07E+00,1.10E+00,9.82E-01,9.64E-01,9.18E-01,9.27E-01,1.10E+00,1.23E+00,1.13E+00,1.05E+00,1.17E+00,1.26E+00,1.20E+00,1.10E+00,1.25E+00,9.91E-01,1.08E+00,1.18E+00,1.25E+00,1.19E+00,1.30E+00,1.29E+00,1.24E+00,9.13E-01,1.19E+00,1.20E+00,1.18E+00,1.14E+00,1.20E+00,1.08E+00,1.21E+00,1.05E+00,1.04E+00,1.06E+00,1.13E+00,1.11E+00,1.15E+00,1.24E+00,1.24E+00,1.18E+00,1.24E+00,1.11E+00,1.23E+00,1.26E+00,1.30E+00,1.15E+00,1.14E+00,1.00E+00,1.16E+00,1.07E+00,1.25E+00,1.15E+00,1.17E+00,1.09E+00,1.13E+00,1.21E+00,1.15E+00,1.10E+00,1.43E+00,1.17E+00,1.44E+00,1.10E+00,1.13E+00,1.09E+00,1.13E+00,1.08E+00,1.05E+00,1.08E+00,1.08E+00,1.12E+00,1.03E+00,1.08E+00,1.09E+00,1.25E+00,1.24E+00,9.64E-01,1.07E+00,1.20E+00,1.16E+00,1.21E+00,1.07E+00,1.19E+00,1.03E+00,1.23E+00,1.11E+00,1.15E+00,1.18E+00,1.04E+00,1.09E+00,1.14E+00,1.13E+00,1.22E+00,1.25E+00,1.06E+00,1.20E+00,1.18E+00,1.17E+00,1.20E+00,1.26E+00,1.16E+00,1.20E+00,1.40E+00,1.34E+00,1.14E+00,1.10E+00,1.18E+00,1.22E+00,1.20E+00,1.19E+00,1.27E+00,9.28E-01,1.09E+00,9.79E-01,1.07E+00,1.26E+00,1.14E+00,1.23E+00,1.28E+00,1.26E+00,1.09E+00,1.16E+00,1.16E+00,1.29E+00,1.22E+00,1.42E+00,1.35E+00,1.31E+00,1.36E+00,1.26E+00,1.21E+00,1.50E+00,1.44E+00,1.17E+00,1.23E+00,1.28E+00,1.42E+00,1.07E+00,1.13E+00,1.28E+00,1.32E+00,1.08E+00,1.29E+00,1.39E+00,1.23E+00,1.19E+00,1.06E+00,1.18E+00,1.03E+00,1.24E+00,1.27E+00
006_S_0547,1.03E+00,7.48E-01,1.07E+00,8.82E-01,9.21E-01,1.02E+00,1.05E+00,1.08E+00,9.41E-01,1.08E+00,9.56E-01,1.05E+00,9.50E-01,9.54E-01,1.04E+00,1.01E+00,1.01E+00,1.08E+00,1.04E+00,9.96E-01,8.80E-01,1.08E+00,1.02E+00,1.07E+00,1.02E+00,1.03E+00,1.10E+00,1.04E+00,1.10E+00,1.06E+00,1.08E+00,1.03E+00,1.02E+00,1.02E+00,1.03E+00,1.01E+00,1.06E+00,1.02E+00,1.11E+00,1.04E+00,1.05E+00,1.00E+00,1.06E+00,9.74E-01,1.02E+00,1.07E+00,1.05E+00,1.14E+00,1.08E+00,9.69E-01,1.07E+00,1.07E+00,9.74E-01,1.01E+00,9.35E-01,8.82E-01,1.10E+00,1.15E+00,1.04E+00,1.01E+00,1.10E+00,1.16E+00,1.14E+00,1.08E+00,1.14E+00,9.81E-01,1.08E+00,1.09E+00,1.14E+00,1.15E+00,1.18E+00,1.19E+00,1.18E+00,8.85E-01,1.16E+00,1.15E+00,1.10E+00,1.08E+00,1.17E+00,1.08E+00,1.15E+00,1.05E+00,1.04E+00,1.08E+00,1.08E+00,1.10E+00,1.09E+00,1.15E+00,1.17E+00,1.15E+00,1.22E+00,1.12E+00,1.20E+00,1.17E+00,1.18E+00,1.14E+00,1.05E+00,9.58E-01,1.10E+00,1.10E+00,1.33E+00,1.26E+00,1.19E+00,1.31E+00,1.25E+00,1.17E+00,1.18E+00,1.08E+00,1.24E+00,1.16E+00,1.16E+00,1.03E+00,1.17E+00,1.14E+00,1.14E+00,1.12E+00,1.10E+00,1.15E+00,1.12E+00,1.14E+00,1.09E+00,1.07E+00,1.12E+00,1.25E+00,1.24E+00,1.03E+00,1.14E+00,1.30E+00,1.20E+00,1.26E+00,1.20E+00,1.21E+00,1.12E+00,1.16E+00,1.06E+00,1.08E+00,1.18E+00,1.07E+00,1.10E+00,1.08E+00,1.15E+00,1.21E+00,1.23E+00,1.08E+00,1.20E+00,1.21E+00,1.03E+00,1.10E+00,1.13E+00,1.03E+00,1.19E+00,1.27E+00,1.21E+00,1.16E+00,1.12E+00,1.04E+00,1.15E+00,1.15E+00,1.11E+00,1.16E+00,9.88E-01,1.13E+00,9.87E-01,1.14E+00,1.20E+00,1.15E+00,1.18E+00,1.23E+00,1.25E+00,1.07E+00,1.21E+00,1.21E+00,1.28E+00,1.19E+00,1.30E+00,1.29E+00,1.30E+00,1.24E+00,1.07E+00,1.21E+00,1.23E+00,1.22E+00,1.03E+00,1.23E+00,1.22E+00,1.21E+00,1.07E+00,1.02E+00,1.09E+00,1.33E+00,1.12E+00,1.20E+00,1.32E+00,1.25E+00,1.04E+00,1.08E+00,1.17E+00,1.13E+00,1.24E+00,1.29E+00
006_S_0731,9.37E-01,7.21E-01,9.75E-01,8.51E-01,8.96E-01,1.00E+00,1.01E+00,1.03E+00,9.35E-01,1.08E+00,9.19E-01,1.07E+00,8.98E-01,9.29E-01,1.02E+00,9.82E-01,9.83E-01,1.01E+00,9.85E-01,9.77E-01,1.09E+00,1.18E+00,1.03E+00,1.13E+00,1.05E+00,1.07E+00,1.10E+00,1.06E+00,1.04E+00,1.05E+00,1.06E+00,1.06E+00,1.08E+00,1.01E+00,1.07E+00,1.02E+00,1.02E+00,1.01E+00,1.09E+00,1.10E+00,1.09E+00,1.03E+00,1.13E+00,9.67E-01,9.74E-01,1.06E+00,1.14E+00,1.23E+00,1.14E+00,9.96E-01,1.09E+00,1.06E+00,9.81E-01,1.02E+00,9.65E-01,9.26E-01,1.12E+00,1.25E+00,1.12E+00,1.11E+00,1.13E+00,1.22E+00,1.22E+00,1.06E+00,1.18E+00,1.01E+00,1.12E+00,1.16E+00,1.24E+00,1.19E+00,1.28E+00,1.20E+00,1.22E+00,9.27E-01,1.19E+00,1.17E+00,1.18E+00,1.13E+00,1.26E+00,1.05E+00,1.17E+00,1.05E+00,1.06E+00,1.09E+00,1.12E+00,1.12E+00,1.14E+00,1.21E+00,1.19E+00,1.16E+00,1.22E+00,1.17E+00,1.14E+00,1.24E+00,1.27E+00,1.16E+00,1.10E+00,9.74E-01,1.15E+00,1.07E+00,1.12E+00,1.11E+00,1.12E+00,1.13E+00,1.18E+00,1.15E+00,9.44E-01,1.00E+00,1.30E+00,1.24E+00,1.26E+00,1.12E+00,1.15E+00,1.12E+00,1.09E+00,1.11E+00,1.09E+00,1.09E+00,1.08E+00,1.04E+00,1.02E+00,1.06E+00,1.07E+00,1.23E+00,1.19E+00,9.76E-01,1.08E+00,1.13E+00,1.13E+00,1.22E+00,1.08E+00,1.13E+00,1.11E+00,1.28E+00,1.03E+00,1.20E+00,1.22E+00,1.09E+00,1.18E+00,1.07E+00,1.08E+00,1.20E+00,1.17E+00,1.10E+00,1.23E+00,1.22E+00,1.06E+00,1.11E+00,1.21E+00,1.08E+00,1.18E+00,1.31E+00,1.26E+00,1.14E+00,1.12E+00,1.15E+00,1.12E+00,1.12E+00,1.15E+00,1.21E+00,9.80E-01,1.05E+00,9.81E-01,1.03E+00,1.26E+00,1.18E+00,1.15E+00,1.24E+00,1.28E+00,1.09E+00,1.10E+00,1.12E+00,1.29E+00,1.26E+00,1.33E+00,1.33E+00,1.25E+00,1.33E+00,1.20E+00,1.20E+00,1.39E+00,1.47E+00,1.16E+00,1.22E+00,1.30E+00,1.43E+00,1.09E+00,1.11E+00,1.22E+00,1.23E+00,1.03E+00,1.17E+00,1.35E+00,1.17E+00,1.12E+00,9.72E-01,1.16E+00,1.02E+00,1.26E+00,1.18E+00
007_S_0316,9.80E-01,6.92E-01,1.07E+00,8.27E-01,8.94E-01,1.04E+00,1.09E+00,1.14E+00,9.82E-01,1.16E+00,1.02E+00,1.12E+00,9.27E-01,9.32E-01,1.04E+00,1.02E+00,9.78E-01,1.07E+00,1.08E+00,1.04E+00,1.05E+00,1.22E+00,1.01E+00,1.13E+00,1.06E+00,1.08E+00,1.12E+00,1.03E+00,1.05E+00,1.04E+00,1.06E+00,9.93E-01,1.03E+00,1.01E+00,1.02E+00,9.89E-01,1.03E+00,1.00E+00,1.11E+00,1.08E+00,1.12E+00,1.00E+00,1.09E+00,9.62E-01,9.91E-01,1.08E+00,1.05E+00,1.13E+00,1.04E+00,9.67E-01,1.03E+00,1.05E+00,8.56E-01,9.62E-01,7.70E-01,8.48E-01,1.12E+00,1.09E+00,1.04E+00,1.05E+00,1.11E+00,1.18E+00,1.14E+00,1.07E+00,1.16E+00,9.55E-01,1.03E+00,1.04E+00,1.11E+00,1.08E+00,1.15E+00,1.20E+00,1.20E+00,8.60E-01,1.07E+00,1.12E+00,1.17E+00,1.10E+00,1.19E+00,1.08E+00,1.13E+00,1.05E+00,8.74E-01,1.01E+00,1.06E+00,1.05E+00,1.08E+00,1.17E+00,1.11E+00,1.14E+00,1.13E+00,1.07E+00,1.06E+00,1.10E+00,1.15E+00,1.16E+00,1.19E+00,1.05E+00,1.09E+00,1.08E+00,1.32E+00,1.24E+00,1.37E+00,1.30E+00,1.27E+00,1.36E+00,1.25E+00,1.18E+00,1.66E+00,1.36E+00,1.54E+00,1.15E+00,1.21E+00,1.22E+00,1.33E+00,1.22E+00,1.11E+00,1.15E+00,1.20E+00,1.12E+00,1.26E+00,1.24E+00,1.19E+00,1.24E+00,1.21E+00,9.46E-01,1.10E+00,1.23E+00,1.20E+00,1.28E+00,1.12E+00,1.11E+00,1.15E+00,1.20E+00,1.14E+00,1.16E+00,1.17E+00,1.02E+00,1.25E+00,1.16E+00,1.12E+00,1.16E+00,1.22E+00,1.17E+00,1.18E+00,1.15E+00,1.19E+00,1.14E+00,1.27E+00,1.20E+00,1.09E+00,1.21E+00,1.20E+00,1.13E+00,1.04E+00,1.15E+00,1.12E+00,1.17E+00,1.14E+00,1.19E+00,7.64E-01,8.99E-01,8.49E-01,1.10E+00,1.14E+00,1.10E+00,1.15E+00,1.18E+00,1.20E+00,1.06E+00,1.01E+00,1.02E+00,1.10E+00,1.12E+00,1.25E+00,1.25E+00,1.16E+00,1.24E+00,1.12E+00,1.12E+00,1.41E+00,1.41E+00,1.07E+00,1.07E+00,1.18E+00,1.39E+00,1.08E+00,1.05E+00,1.08E+00,1.17E+00,8.16E-01,1.08E+00,1.24E+00,1.14E+00,1.17E+00,1.09E+00,1.10E+00,1.06E+00,1.07E+00,1.15E+00
007_S_1206,1.01E+00,6.92E-01,1.06E+00,8.48E-01,8.99E-01,1.07E+00,1.03E+00,1.06E+00,9.32E-01,1.07E+00,9.98E-01,1.10E+00,9.58E-01,9.67E-01,9.91E-01,9.88E-01,9.88E-01,1.03E+00,1.01E+00,9.96E-01,9.58E-01,1.10E+00,1.02E+00,1.10E+00,1.10E+00,1.06E+00,1.13E+00,1.05E+00,1.06E+00,1.13E+00,1.13E+00,1.11E+00,1.11E+00,1.06E+00,1.06E+00,1.06E+00,1.08E+00,1.05E+00,1.13E+00,1.09E+00,1.01E+00,1.01E+00,1.12E+00,1.01E+00,1.02E+00,1.08E+00,1.12E+00,1.21E+00,1.09E+00,9.84E-01,1.03E+00,1.11E+00,9.77E-01,1.01E+00,8.48E-01,7.97E-01,1.15E+00,1.17E+00,1.11E+00,1.06E+00,1.12E+00,1.21E+00,1.18E+00,1.10E+00,1.15E+00,9.77E-01,1.18E+00,1.17E+00,1.22E+00,1.21E+00,1.24E+00,1.28E+00,1.25E+00,8.81E-01,1.25E+00,1.20E+00,1.21E+00,1.11E+00,1.18E+00,1.07E+00,1.21E+00,1.07E+00,9.44E-01,1.09E+00,1.04E+00,1.16E+00,1.20E+00,1.21E+00,1.19E+00,1.15E+00,1.20E+00,1.10E+00,1.22E+00,1.21E+00,1.18E+00,1.17E+00,1.16E+00,1.02E+00,1.20E+00,1.12E+00,1.26E+00,1.27E+00,1.37E+00,1.31E+00,1.30E+00,1.32E+00,1.19E+00,1.05E+00,1.43E+00,1.26E+00,1.35E+00,1.14E+00,1.19E+00,1.19E+00,1.13E+00,1.15E+00,1.16E+00,1.12E+00,1.18E+00,1.10E+00,1.10E+00,1.04E+00,1.13E+00,1.14E+00,1.21E+00,9.63E-01,1.13E+00,1.19E+00,1.14E+00,1.26E+00,1.08E+00,1.23E+00,1.21E+00,1.27E+00,1.16E+00,1.17E+00,1.16E+00,1.12E+00,1.18E+00,1.15E+00,1.18E+00,1.19E+00,1.27E+00,1.08E+00,1.21E+00,1.15E+00,9.79E-01,1.13E+00,1.23E+00,1.04E+00,1.21E+00,1.30E+00,1.30E+00,1.14E+00,1.12E+00,1.06E+00,1.14E+00,1.13E+00,1.08E+00,1.24E+00,8.60E-01,1.05E+00,9.52E-01,1.08E+00,1.23E+00,1.13E+00,1.20E+00,1.23E+00,1.26E+00,1.10E+00,1.13E+00,1.21E+00,1.31E+00,1.26E+00,1.31E+00,1.31E+00,1.26E+00,1.30E+00,1.02E+00,1.19E+00,1.43E+00,1.42E+00,1.10E+00,1.25E+00,1.26E+00,1.39E+00,1.09E+00,1.03E+00,1.05E+00,1.26E+00,9.32E-01,1.15E+00,1.34E+00,1.28E+00,1.08E+00,9.78E-01,1.06E+00,1.10E+00,1.32E+00,1.26E+00
007_S_4911,1.11E+00,6.91E-01,1.14E+00,8.37E-01,9.09E-01,1.07E+00,1.15E+00,1.20E+00,9.74E-01,1.16E+00,1.02E+00,1.17E+00,9.63E-01,9.57E-01,1.09E+00,1.04E+00,1.09E+00,1.14E+00,1.12E+00,1.08E+00,9.77E-01,1.19E+00,9.92E-01,1.18E+00,1.13E+00,1.10E+00,1.16E+00,1.10E+00,1.20E+00,1.18E+00,1.10E+00,9.72E-01,1.12E+00,1.11E+00,1.13E+00,1.09E+00,1.21E+00,1.11E+00,1.19E+00,1.15E+00,1.17E+00,1.04E+00,1.19E+00,1.01E+00,1.05E+00,1.17E+00,1.18E+00,1.31E+00,1.13E+00,1.00E+00,1.14E+00,1.16E+00,1.03E+00,1.07E+00,9.74E-01,9.28E-01,1.21E+00,1.19E+00,1.14E+00,1.08E+00,1.24E+00,1.35E+00,1.22E+00,1.17E+00,1.33E+00,1.02E+00,1.00E+00,1.13E+00,1.26E+00,1.28E+00,1.21E+00,1.22E+00,1.28E+00,8.90E-01,9.16E-01,1.18E+00,9.79E-01,1.07E+00,1.10E+00,1.14E+00,1.30E+00,1.10E+00,1.05E+00,9.98E-01,1.16E+00,1.11E+00,1.03E+00,1.25E+00,1.19E+00,1.20E+00,1.31E+00,1.35E+00,1.31E+00,1.36E+00,1.34E+00,1.02E+00,1.25E+00,1.12E+00,1.16E+00,1.01E+00,1.39E+00,1.13E+00,1.38E+00,1.26E+00,1.13E+00,1.32E+00,1.20E+00,1.19E+00,1.68E+00,1.31E+00,1.44E+00,1.18E+00,1.39E+00,1.27E+00,1.51E+00,1.23E+00,1.32E+00,1.25E+00,1.38E+00,1.33E+00,1.30E+00,1.34E+00,1.26E+00,1.25E+00,1.19E+00,9.62E-01,1.11E+00,1.32E+00,1.28E+00,1.32E+00,1.10E+00,9.15E-01,1.06E+00,1.09E+00,1.10E+00,1.20E+00,1.36E+00,1.07E+00,1.27E+00,1.22E+00,1.20E+00,1.22E+00,1.29E+00,1.27E+00,1.29E+00,1.23E+00,1.39E+00,1.23E+00,1.37E+00,1.43E+00,1.11E+00,1.24E+00,1.21E+00,1.21E+00,1.09E+00,1.26E+00,1.20E+00,1.26E+00,1.22E+00,1.27E+00,8.78E-01,8.91E-01,8.74E-01,1.16E+00,1.14E+00,1.16E+00,1.20E+00,1.23E+00,1.09E+00,1.03E+00,9.67E-01,9.06E-01,9.56E-01,1.20E+00,1.11E+00,1.15E+00,1.16E+00,1.11E+00,1.33E+00,9.68E-01,1.08E+00,1.15E+00,1.02E+00,8.09E-01,1.04E+00,1.01E+00,1.10E+00,1.03E+00,1.12E+00,1.23E+00,9.36E-01,1.02E+00,1.27E+00,8.49E-01,1.06E+00,1.04E+00,1.01E+00,1.24E+00,9.26E-01,1.10E+00
007_S_5196,9.93E-01,6.73E-01,1.05E+00,8.18E-01,8.77E-01,1.01E+00,1.07E+00,1.04E+00,9.22E-01,1.09E+00,9.37E-01,1.10E+00,9.08E-01,9.02E-01,9.77E-01,9.44E-01,9.73E-01,1.02E+00,9.92E-01,9.64E-01,1.00E+00,1.16E+00,9.80E-01,1.08E+00,1.09E+00,1.05E+00,1.07E+00,9.98E-01,1.02E+00,1.06E+00,1.03E+00,1.00E+00,1.05E+00,1.05E+00,1.05E+00,9.73E-01,1.05E+00,9.96E-01,1.08E+00,1.07E+00,1.06E+00,9.87E-01,1.07E+00,9.38E-01,9.82E-01,1.03E+00,1.09E+00,1.17E+00,1.07E+00,9.47E-01,1.04E+00,9.96E-01,8.31E-01,9.18E-01,8.75E-01,8.97E-01,1.11E+00,1.19E+00,1.13E+00,1.07E+00,1.10E+00,1.22E+00,1.21E+00,1.09E+00,1.17E+00,9.78E-01,1.07E+00,1.09E+00,1.10E+00,1.17E+00,1.18E+00,1.22E+00,1.21E+00,8.99E-01,1.19E+00,1.14E+00,1.09E+00,1.06E+00,1.18E+00,9.98E-01,1.13E+00,9.68E-01,8.80E-01,9.73E-01,9.99E-01,1.10E+00,1.09E+00,1.07E+00,1.11E+00,1.13E+00,1.16E+00,1.08E+00,1.18E+00,1.19E+00,1.16E+00,1.19E+00,1.12E+00,9.80E-01,1.12E+00,1.10E+00,1.25E+00,1.23E+00,1.33E+00,1.28E+00,1.30E+00,1.32E+00,1.23E+00,1.08E+00,1.47E+00,1.32E+00,1.41E+00,1.16E+00,1.14E+00,1.18E+00,1.23E+00,1.12E+00,1.09E+00,1.12E+00,1.13E+00,1.15E+00,1.09E+00,1.10E+00,1.10E+00,1.19E+00,1.21E+00,9.63E-01,1.11E+00,1.15E+00,1.15E+00,1.25E+00,1.13E+00,1.17E+00,1.19E+00,1.25E+00,1.19E+00,1.24E+00,1.18E+00,1.04E+00,1.26E+00,1.18E+00,1.09E+00,1.18E+00,1.15E+00,1.07E+00,1.19E+00,1.17E+00,1.09E+00,1.13E+00,1.25E+00,1.09E+00,1.16E+00,1.29E+00,1.24E+00,1.10E+00,1.07E+00,9.92E-01,1.07E+00,1.09E+00,1.03E+00,1.16E+00,8.13E-01,9.62E-01,8.66E-01,1.07E+00,1.23E+00,1.12E+00,1.13E+00,1.11E+00,1.20E+00,1.06E+00,1.04E+00,1.12E+00,1.26E+00,1.22E+00,1.29E+00,1.23E+00,1.19E+00,1.22E+00,8.96E-01,1.13E+00,1.39E+00,1.40E+00,1.12E+00,1.24E+00,1.18E+00,1.30E+00,9.98E-01,1.03E+00,9.87E-01,1.22E+00,8.41E-01,1.14E+00,1.28E+00,1.33E+00,1.15E+00,1.04E+00,1.08E+00,1.04E+00,1.24E+00,1.17E+00
009_S_0751,1.02E+00,7.33E-01,1.05E+00,8.51E-01,8.90E-01,1.02E+00,1.07E+00,1.07E+00,9.49E-01,1.07E+00,9.71E-01,1.07E+00,9.41E-01,9.24E-01,1.01E+00,9.80E-01,9.77E-01,1.01E+00,1.03E+00,9.94E-01,1.07E+00,1.18E+00,1.01E+00,1.12E+00,1.09E+00,1.09E+00,1.08E+00,1.04E+00,1.11E+00,1.10E+00,1.05E+00,1.08E+00,1.06E+00,1.05E+00,1.06E+00,1.02E+00,1.03E+00,1.00E+00,1.04E+00,1.07E+00,1.16E+00,1.04E+00,1.10E+00,9.55E-01,1.01E+00,1.06E+00,1.09E+00,1.14E+00,1.08E+00,9.76E-01,1.07E+00,1.07E+00,9.91E-01,1.03E+00,9.73E-01,9.71E-01,1.14E+00,1.09E+00,1.05E+00,1.02E+00,1.10E+00,1.19E+00,1.19E+00,1.04E+00,1.17E+00,1.00E+00,1.11E+00,1.10E+00,1.16E+00,1.12E+00,1.18E+00,1.22E+00,1.17E+00,8.97E-01,1.13E+00,1.15E+00,1.17E+00,1.11E+00,1.19E+00,1.08E+00,1.13E+00,1.06E+00,1.00E+00,1.06E+00,1.12E+00,1.11E+00,1.11E+00,1.16E+00,1.15E+00,1.19E+00,1.16E+00,1.19E+00,1.17E+00,1.20E+00,1.21E+00,1.11E+00,1.08E+00,1.08E+00,1.16E+00,1.06E+00,1.25E+00,1.17E+00,1.26E+00,1.23E+00,1.17E+00,1.25E+00,1.17E+00,1.12E+00,1.50E+00,1.24E+00,1.43E+00,1.12E+00,1.13E+00,1.12E+00,1.25E+00,1.10E+00,1.10E+00,1.09E+00,1.05E+00,1.10E+00,1.11E+00,1.11E+00,1.12E+00,1.32E+00,1.27E+00,9.82E-01,1.09E+00,1.19E+00,1.17E+00,1.19E+00,1.14E+00,1.15E+00,1.13E+00,1.22E+00,1.10E+00,1.17E+00,1.16E+00,1.04E+00,1.23E+00,1.08E+00,1.03E+00,1.16E+00,1.22E+00,1.18E+00,1.23E+00,1.22E+00,1.25E+00,1.16E+00,1.26E+00,1.20E+00,1.13E+00,1.23E+00,1.23E+00,1.18E+00,1.06E+00,1.23E+00,1.13E+00,1.22E+00,1.21E+00,1.17E+00,9.81E-01,1.08E+00,1.02E+00,1.14E+00,1.19E+00,1.11E+00,1.19E+00,1.21E+00,1.23E+00,1.11E+00,1.12E+00,1.16E+00,1.20E+00,1.18E+00,1.27E+00,1.26E+00,1.21E+00,1.25E+00,1.21E+00,1.16E+00,1.42E+00,1.48E+00,1.11E+00,1.22E+00,1.24E+00,1.39E+00,1.11E+00,1.11E+00,1.22E+00,1.26E+00,1.09E+00,1.19E+00,1.30E+00,1.16E+00,1.17E+00,1.10E+00,1.11E+00,1.08E+00,1.18E+00,1.22E+00
009_S_1354,9.82E-01,7.83E-01,1.00E+00,8.89E-01,9.01E-01,9.88E-01,1.04E+00,1.06E+00,9.82E-01,1.09E+00,9.94E-01,1.06E+00,9.65E-01,9.73E-01,1.02E+00,1.00E+00,1.03E+00,1.04E+00,1.04E+00,1.04E+00,1.09E+00,1.13E+00,1.01E+00,1.09E+00,1.05E+00,1.08E+00,1.06E+00,1.02E+00,1.08E+00,1.03E+00,1.02E+00,1.03E+00,1.06E+00,1.00E+00,1.06E+00,1.03E+00,1.03E+00,1.03E+00,1.08E+00,1.06E+00,1.19E+00,1.03E+00,1.09E+00,9.79E-01,1.01E+00,1.05E+00,1.03E+00,1.11E+00,1.05E+00,9.88E-01,1.05E+00,1.06E+00,9.42E-01,9.30E-01,9.70E-01,1.00E+00,1.01E+00,1.01E+00,1.03E+00,1.02E+00,1.10E+00,1.12E+00,1.12E+00,1.05E+00,1.13E+00,1.00E+00,9.38E-01,1.01E+00,1.13E+00,1.11E+00,1.14E+00,1.18E+00,1.13E+00,9.53E-01,1.01E+00,1.11E+00,1.11E+00,1.07E+00,1.12E+00,1.06E+00,1.14E+00,1.04E+00,9.74E-01,9.35E-01,1.00E+00,9.88E-01,9.83E-01,1.17E+00,1.13E+00,1.15E+00,1.12E+00,1.17E+00,1.13E+00,1.18E+00,1.16E+00,1.02E+00,1.09E+00,1.02E+00,9.96E-01,9.61E-01,1.15E+00,1.08E+00,1.13E+00,1.09E+00,1.00E+00,1.14E+00,1.10E+00,1.08E+00,1.30E+00,1.19E+00,1.36E+00,1.09E+00,1.15E+00,1.14E+00,1.26E+00,1.14E+00,1.11E+00,1.12E+00,1.12E+00,1.12E+00,1.16E+00,1.19E+00,1.16E+00,1.24E+00,1.17E+00,9.83E-01,1.08E+00,1.13E+00,1.15E+00,1.13E+00,1.09E+00,1.06E+00,1.06E+00,1.16E+00,1.09E+00,1.15E+00,1.16E+00,1.03E+00,1.19E+00,1.13E+00,1.07E+00,1.12E+00,1.19E+00,1.18E+00,1.26E+00,1.22E+00,1.18E+00,1.13E+00,1.22E+00,1.22E+00,1.09E+00,1.15E+00,1.18E+00,1.16E+00,1.08E+00,1.18E+00,1.12E+00,1.16E+00,1.18E+00,1.18E+00,1.04E+00,1.04E+00,1.01E+00,1.11E+00,1.14E+00,1.10E+00,1.13E+00,1.18E+00,1.18E+00,1.08E+00,1.08E+00,1.06E+00,1.12E+00,1.17E+00,1.24E+00,1.25E+00,1.18E+00,1.21E+00,1.28E+00,1.14E+00,1.29E+00,1.27E+00,1.08E+00,1.09E+00,1.20E+00,1.25E+00,1.11E+00,1.11E+00,1.27E+00,1.13E+00,1.11E+00,1.20E+00,1.28E+00,1.08E+00,1.09E+00,1.06E+00,1.12E+00,1.04E+00,1.05E+00,1.09E+00
009_S_5027,1.08E+00,7.76E-01,1.11E+00,9.28E-01,9.74E-01,1.11E+00,1.07E+00,1.17E+00,1.01E+00,1.09E+00,1.05E+00,1.20E+00,9.91E-01,9.85E-01,1.05E+00,1.04E+00,1.03E+00,1.06E+00,1.09E+00,1.04E+00,1.05E+00,1.10E+00,9.98E-01,1.10E+00,1.05E+00,1.05E+00,1.09E+00,1.05E+00,1.05E+00,1.02E+00,1.10E+00,1.05E+00,1.15E+00,1.03E+00,1.08E+00,1.02E+00,1.07E+00,1.08E+00,1.11E+00,1.06E+00,1.12E+00,1.01E+00,1.11E+00,9.94E-01,1.03E+00,1.04E+00,1.02E+00,1.15E+00,1.07E+00,9.89E-01,1.05E+00,1.03E+00,8.63E-01,8.74E-01,8.49E-01,9.36E-01,1.01E+00,1.07E+00,1.03E+00,9.99E-01,1.13E+00,1.16E+00,1.11E+00,1.06E+00,1.15E+00,9.91E-01,9.95E-01,1.08E+00,1.16E+00,1.13E+00,1.13E+00,1.30E+00,1.27E+00,9.17E-01,1.14E+00,1.16E+00,1.15E+00,1.10E+00,1.20E+00,1.05E+00,1.12E+00,1.05E+00,9.21E-01,1.02E+00,1.04E+00,1.11E+00,1.12E+00,1.09E+00,1.11E+00,1.12E+00,1.14E+00,1.13E+00,1.14E+00,1.14E+00,1.17E+00,1.14E+00,1.15E+00,9.82E-01,1.13E+00,1.08E+00,1.37E+00,1.25E+00,1.38E+00,1.36E+00,1.27E+00,1.39E+00,1.36E+00,1.17E+00,1.46E+00,1.25E+00,1.47E+00,1.26E+00,1.19E+00,1.18E+00,1.30E+00,1.16E+00,1.17E+00,1.17E+00,1.18E+00,1.13E+00,1.21E+00,1.24E+00,1.20E+00,1.20E+00,1.22E+00,1.01E+00,1.10E+00,1.18E+00,1.15E+00,1.23E+00,1.19E+00,1.19E+00,1.17E+00,1.33E+00,1.18E+00,1.27E+00,1.19E+00,1.08E+00,1.34E+00,1.24E+00,1.14E+00,1.18E+00,1.19E+00,1.19E+00,1.26E+00,1.22E+00,1.21E+00,1.20E+00,1.28E+00,1.23E+00,1.18E+00,1.26E+00,1.24E+00,1.20E+00,1.12E+00,1.20E+00,1.17E+00,1.18E+00,1.13E+00,1.18E+00,9.47E-01,1.02E+00,9.81E-01,1.11E+00,1.28E+00,1.16E+00,1.19E+00,1.22E+00,1.21E+00,1.12E+00,1.16E+00,1.22E+00,1.28E+00,1.25E+00,1.32E+00,1.28E+00,1.26E+00,1.22E+00,1.22E+00,1.19E+00,1.46E+00,1.55E+00,1.12E+00,1.24E+00,1.25E+00,1.36E+00,1.09E+00,1.07E+00,1.12E+00,1.27E+00,1.02E+00,1.18E+00,1.30E+00,1.24E+00,1.20E+00,1.03E+00,1.10E+00,1.10E+00,1.22E+00,1.22E+00
009_S_5037,1.08E+00,7.24E-01,1.06E+00,8.89E-01,9.38E-01,1.10E+00,1.13E+00,1.15E+00,9.88E-01,1.17E+00,1.02E+00,1.15E+00,9.59E-01,9.33E-01,1.02E+00,1.01E+00,1.03E+00,1.07E+00,1.03E+00,1.02E+00,9.46E-01,1.17E+00,1.03E+00,1.09E+00,1.09E+00,1.08E+00,1.12E+00,1.07E+00,1.13E+00,1.11E+00,1.11E+00,1.08E+00,1.12E+00,1.06E+00,1.06E+00,1.03E+00,9.76E-01,1.03E+00,1.13E+00,1.11E+00,1.12E+00,9.95E-01,1.09E+00,9.78E-01,1.03E+00,1.10E+00,1.07E+00,1.17E+00,1.04E+00,9.41E-01,1.03E+00,1.05E+00,8.35E-01,8.73E-01,7.55E-01,8.36E-01,1.12E+00,1.14E+00,1.06E+00,1.04E+00,1.13E+00,1.17E+00,1.21E+00,1.10E+00,1.21E+00,9.48E-01,9.72E-01,1.04E+00,1.15E+00,1.13E+00,1.13E+00,1.24E+00,1.20E+00,8.82E-01,1.07E+00,1.16E+00,1.16E+00,1.09E+00,1.21E+00,1.07E+00,1.14E+00,1.02E+00,8.44E-01,9.28E-01,1.08E+00,1.14E+00,1.07E+00,1.10E+00,1.08E+00,1.16E+00,1.16E+00,1.05E+00,1.13E+00,1.13E+00,1.21E+00,1.11E+00,1.15E+00,1.05E+00,1.22E+00,1.11E+00,1.40E+00,1.28E+00,1.33E+00,1.34E+00,1.32E+00,1.41E+00,1.22E+00,1.17E+00,1.43E+00,1.29E+00,1.40E+00,1.23E+00,1.16E+00,1.19E+00,1.11E+00,1.14E+00,1.10E+00,1.15E+00,1.14E+00,1.15E+00,1.07E+00,1.06E+00,1.11E+00,1.15E+00,1.19E+00,9.91E-01,1.16E+00,1.17E+00,1.16E+00,1.17E+00,1.19E+00,1.23E+00,1.18E+00,1.24E+00,1.13E+00,1.19E+00,1.16E+00,1.02E+00,1.07E+00,1.06E+00,1.09E+00,1.17E+00,1.25E+00,1.15E+00,1.16E+00,1.20E+00,1.06E+00,1.11E+00,1.05E+00,9.38E-01,1.16E+00,1.24E+00,1.20E+00,1.14E+00,1.07E+00,9.84E-01,1.12E+00,1.10E+00,1.13E+00,1.23E+00,8.34E-01,1.02E+00,9.22E-01,1.17E+00,1.21E+00,1.11E+00,1.19E+00,1.25E+00,1.23E+00,1.04E+00,1.14E+00,1.21E+00,1.25E+00,1.18E+00,1.21E+00,1.33E+00,1.26E+00,1.22E+00,9.57E-01,1.14E+00,1.35E+00,1.24E+00,1.02E+00,1.23E+00,1.18E+00,1.29E+00,1.02E+00,9.53E-01,9.74E-01,1.25E+00,8.76E-01,1.08E+00,1.25E+00,1.31E+00,1.17E+00,1.13E+00,1.09E+00,1.10E+00,1.28E+00,1.18E+00
009_S_5224,1.07E+00,7.63E-01,1.11E+00,8.98E-01,9.63E-01,1.11E+00,1.11E+00,1.17E+00,1.02E+00,1.20E+00,1.03E+00,1.15E+00,9.87E-01,9.79E-01,1.08E+00,1.06E+00,1.00E+00,1.12E+00,1.13E+00,1.07E+00,9.65E-01,1.06E+00,1.00E+00,1.12E+00,1.09E+00,1.08E+00,1.16E+00,1.08E+00,1.11E+00,1.10E+00,1.14E+00,1.07E+00,1.06E+00,9.96E-01,1.05E+00,1.01E+00,1.06E+00,1.05E+00,1.12E+00,1.11E+00,1.12E+00,1.00E+00,1.13E+00,9.72E-01,1.04E+00,1.16E+00,1.08E+00,1.19E+00,1.06E+00,1.00E+00,1.08E+00,1.06E+00,9.05E-01,9.57E-01,8.07E-01,8.67E-01,1.11E+00,1.07E+00,1.07E+00,1.04E+00,1.19E+00,1.22E+00,1.16E+00,1.08E+00,1.19E+00,1.00E+00,1.03E+00,1.11E+00,1.16E+00,1.19E+00,1.26E+00,1.28E+00,1.27E+00,8.99E-01,1.09E+00,1.14E+00,1.23E+00,1.15E+00,1.20E+00,1.04E+00,1.15E+00,1.02E+00,8.80E-01,9.84E-01,1.01E+00,1.12E+00,1.12E+00,1.10E+00,1.12E+00,1.16E+00,1.22E+00,1.09E+00,1.13E+00,1.08E+00,1.16E+00,1.21E+00,1.13E+00,1.06E+00,1.15E+00,1.11E+00,1.30E+00,1.23E+00,1.21E+00,1.29E+00,1.30E+00,1.33E+00,1.13E+00,1.13E+00,1.50E+00,1.26E+00,1.36E+00,1.24E+00,1.10E+00,1.17E+00,1.27E+00,1.16E+00,1.18E+00,1.13E+00,1.16E+00,1.21E+00,1.19E+00,1.24E+00,1.20E+00,1.09E+00,1.19E+00,9.73E-01,1.06E+00,1.17E+00,1.10E+00,1.20E+00,1.10E+00,1.18E+00,1.23E+00,1.23E+00,1.07E+00,1.13E+00,1.10E+00,1.03E+00,1.22E+00,1.18E+00,1.14E+00,1.13E+00,1.25E+00,1.18E+00,1.12E+00,1.12E+00,1.16E+00,1.18E+00,1.25E+00,1.16E+00,1.13E+00,1.27E+00,1.19E+00,1.19E+00,1.01E+00,1.03E+00,1.07E+00,1.13E+00,9.84E-01,1.17E+00,7.27E-01,8.84E-01,8.63E-01,1.11E+00,1.13E+00,1.03E+00,1.18E+00,1.13E+00,1.19E+00,1.05E+00,1.05E+00,1.09E+00,1.14E+00,1.13E+00,1.25E+00,1.25E+00,1.19E+00,1.26E+00,1.12E+00,1.16E+00,1.37E+00,1.31E+00,9.95E-01,1.14E+00,1.16E+00,1.23E+00,9.53E-01,9.82E-01,1.03E+00,1.09E+00,7.73E-01,1.08E+00,1.17E+00,1.21E+00,1.05E+00,1.08E+00,9.65E-01,1.02E+00,1.16E+00,1.26E+00
009_S_5252,1.06E+00,7.02E-01,1.09E+00,8.45E-01,9.12E-01,1.08E+00,1.09E+00,1.12E+00,9.48E-01,1.15E+00,9.54E-01,1.09E+00,9.04E-01,9.37E-01,1.02E+00,1.01E+00,9.99E-01,1.04E+00,1.04E+00,1.05E+00,1.11E+00,1.19E+00,1.04E+00,1.13E+00,1.05E+00,1.07E+00,1.11E+00,1.06E+00,1.15E+00,1.11E+00,1.11E+00,1.10E+00,1.08E+00,1.05E+00,1.08E+00,1.05E+00,1.07E+00,1.09E+00,1.13E+00,1.09E+00,1.10E+00,1.01E+00,1.09E+00,9.89E-01,9.89E-01,1.10E+00,1.03E+00,1.12E+00,1.07E+00,9.53E-01,1.05E+00,1.04E+00,9.43E-01,1.00E+00,9.05E-01,9.01E-01,1.14E+00,1.13E+00,1.06E+00,1.04E+00,1.15E+00,1.21E+00,1.17E+00,1.11E+00,1.18E+00,9.65E-01,1.04E+00,1.02E+00,1.13E+00,1.16E+00,1.14E+00,1.22E+00,1.16E+00,8.67E-01,1.06E+00,1.10E+00,1.10E+00,1.07E+00,1.12E+00,1.04E+00,1.14E+00,1.03E+00,9.89E-01,1.04E+00,1.11E+00,1.08E+00,1.04E+00,1.12E+00,1.11E+00,1.13E+00,1.13E+00,1.18E+00,1.20E+00,1.24E+00,1.22E+00,1.14E+00,1.10E+00,1.05E+00,1.18E+00,1.09E+00,1.35E+00,1.24E+00,1.36E+00,1.29E+00,1.33E+00,1.34E+00,1.27E+00,1.17E+00,1.53E+00,1.28E+00,1.36E+00,1.17E+00,1.21E+00,1.16E+00,1.34E+00,1.15E+00,1.16E+00,1.12E+00,1.22E+00,1.19E+00,1.21E+00,1.21E+00,1.12E+00,1.29E+00,1.18E+00,9.69E-01,1.10E+00,1.17E+00,1.17E+00,1.20E+00,1.13E+00,1.15E+00,1.18E+00,1.13E+00,1.09E+00,1.16E+00,1.24E+00,1.04E+00,1.27E+00,1.18E+00,1.15E+00,1.13E+00,1.25E+00,1.10E+00,1.21E+00,1.17E+00,1.24E+00,1.15E+00,1.26E+00,1.25E+00,1.02E+00,1.20E+00,1.12E+00,1.11E+00,1.04E+00,1.15E+00,1.08E+00,1.13E+00,1.17E+00,1.11E+00,8.52E-01,9.80E-01,8.96E-01,1.10E+00,1.14E+00,1.12E+00,1.13E+00,1.17E+00,1.16E+00,1.04E+00,9.95E-01,1.02E+00,9.88E-01,1.11E+00,1.14E+00,1.18E+00,1.14E+00,1.11E+00,1.13E+00,1.09E+00,1.29E+00,1.22E+00,1.05E+00,9.68E-01,1.11E+00,1.24E+00,1.07E+00,1.04E+00,1.14E+00,1.14E+00,9.58E-01,1.11E+00,1.28E+00,1.18E+00,1.10E+00,1.05E+00,1.16E+00,9.79E-01,9.52E-01,9.98E-01
010_S_0472,1.05E+00,7.26E-01,1.07E+00,8.91E-01,9.04E-01,1.04E+00,1.05E+00,1.06E+00,9.59E-01,1.11E+00,9.73E-01,1.05E+00,9.36E-01,9.46E-01,1.00E+00,9.83E-01,9.67E-01,1.01E+00,9.85E-01,9.73E-01,1.05E+00,1.18E+00,1.04E+00,1.13E+00,1.08E+00,1.09E+00,1.12E+00,1.04E+00,1.11E+00,1.10E+00,1.08E+00,1.11E+00,1.07E+00,1.05E+00,1.06E+00,9.98E-01,1.03E+00,1.04E+00,1.05E+00,1.08E+00,1.12E+00,1.03E+00,1.11E+00,9.36E-01,9.77E-01,1.03E+00,1.12E+00,1.15E+00,1.10E+00,9.77E-01,1.13E+00,1.07E+00,9.65E-01,9.93E-01,9.78E-01,1.01E+00,1.12E+00,1.23E+00,1.09E+00,1.09E+00,1.03E+00,1.21E+00,1.21E+00,1.05E+00,1.16E+00,1.01E+00,1.14E+00,1.14E+00,1.18E+00,1.19E+00,1.28E+00,1.21E+00,1.21E+00,8.87E-01,1.17E+00,1.11E+00,1.15E+00,1.13E+00,1.22E+00,1.07E+00,1.19E+00,1.09E+00,1.05E+00,1.10E+00,1.10E+00,1.11E+00,1.11E+00,1.17E+00,1.16E+00,1.15E+00,1.16E+00,1.23E+00,1.25E+00,1.23E+00,1.22E+00,1.14E+00,1.09E+00,1.02E+00,1.16E+00,1.10E+00,1.24E+00,1.14E+00,1.27E+00,1.21E+00,1.13E+00,1.25E+00,1.06E+00,9.87E-01,1.40E+00,1.24E+00,1.32E+00,1.13E+00,1.10E+00,1.12E+00,1.09E+00,1.06E+00,1.08E+00,1.09E+00,1.08E+00,1.07E+00,1.10E+00,1.08E+00,1.09E+00,1.24E+00,1.17E+00,9.83E-01,1.10E+00,1.15E+00,1.14E+00,1.20E+00,1.08E+00,1.13E+00,1.09E+00,1.29E+00,1.17E+00,1.19E+00,1.13E+00,1.06E+00,1.26E+00,1.12E+00,1.04E+00,1.15E+00,1.16E+00,1.15E+00,1.22E+00,1.22E+00,9.31E-01,1.16E+00,1.22E+00,1.02E+00,1.17E+00,1.28E+00,1.21E+00,1.18E+00,1.08E+00,1.01E+00,1.13E+00,1.22E+00,1.17E+00,1.25E+00,9.48E-01,1.05E+00,9.86E-01,1.10E+00,1.28E+00,1.13E+00,1.12E+00,1.16E+00,1.19E+00,1.09E+00,1.14E+00,1.15E+00,1.21E+00,1.25E+00,1.23E+00,1.23E+00,1.30E+00,1.32E+00,1.01E+00,1.17E+00,1.39E+00,1.45E+00,1.12E+00,1.18E+00,1.20E+00,1.36E+00,1.08E+00,1.07E+00,1.16E+00,1.20E+00,1.05E+00,1.21E+00,1.25E+00,1.18E+00,1.06E+00,1.01E+00,1.07E+00,1.04E+00,1.17E+00,1.17E+00
011_S_0003,9.82E-01,6.77E-01,1.04E+00,8.22E-01,8.24E-01,9.45E-01,1.03E+00,1.10E+00,9.43E-01,1.19E+00,9.80E-01,1.12E+00,9.30E-01,9.65E-01,1.06E+00,1.03E+00,1.04E+00,1.11E+00,1.09E+00,1.07E+00,9.81E-01,1.07E+00,9.94E-01,1.14E+00,1.08E+00,1.08E+00,1.16E+00,1.06E+00,1.11E+00,9.61E-01,8.97E-01,9.64E-01,1.03E+00,1.05E+00,1.12E+00,1.06E+00,1.09E+00,1.09E+00,1.14E+00,1.10E+00,1.20E+00,1.02E+00,1.19E+00,9.93E-01,1.01E+00,1.13E+00,1.12E+00,1.23E+00,1.09E+00,9.80E-01,1.13E+00,1.08E+00,7.77E-01,8.25E-01,8.20E-01,8.67E-01,9.67E-01,1.04E+00,1.09E+00,1.04E+00,1.13E+00,1.29E+00,1.24E+00,1.15E+00,1.23E+00,9.96E-01,9.65E-01,1.12E+00,1.21E+00,1.20E+00,1.23E+00,1.23E+00,1.21E+00,8.77E-01,1.06E+00,1.19E+00,1.13E+00,1.12E+00,1.19E+00,1.08E+00,1.18E+00,1.06E+00,9.79E-01,9.98E-01,9.91E-01,1.06E+00,1.11E+00,1.25E+00,1.27E+00,1.27E+00,1.31E+00,1.18E+00,1.22E+00,1.25E+00,1.33E+00,9.93E-01,1.11E+00,9.34E-01,1.11E+00,1.04E+00,1.36E+00,1.12E+00,1.38E+00,1.24E+00,1.16E+00,1.33E+00,1.27E+00,1.20E+00,1.62E+00,1.30E+00,1.50E+00,1.22E+00,1.25E+00,1.23E+00,1.38E+00,1.17E+00,1.17E+00,1.22E+00,1.27E+00,1.27E+00,1.29E+00,1.29E+00,1.27E+00,1.15E+00,1.14E+00,9.62E-01,1.13E+00,1.26E+00,1.22E+00,1.28E+00,1.15E+00,1.09E+00,1.15E+00,1.24E+00,1.16E+00,1.20E+00,1.26E+00,1.09E+00,1.34E+00,1.24E+00,1.14E+00,1.24E+00,1.30E+00,1.29E+00,1.27E+00,1.26E+00,1.26E+00,1.21E+00,1.36E+00,1.36E+00,1.16E+00,1.31E+00,1.30E+00,1.22E+00,1.06E+00,1.19E+00,1.18E+00,1.27E+00,1.21E+00,1.24E+00,8.60E-01,8.77E-01,7.37E-01,1.05E+00,1.18E+00,1.17E+00,1.23E+00,1.30E+00,1.28E+00,1.12E+00,1.11E+00,1.08E+00,1.22E+00,1.25E+00,1.34E+00,1.34E+00,1.31E+00,1.33E+00,1.30E+00,1.25E+00,1.48E+00,1.50E+00,1.11E+00,1.18E+00,1.26E+00,1.33E+00,1.09E+00,1.08E+00,1.20E+00,1.19E+00,9.04E-01,1.27E+00,1.35E+00,1.04E+00,1.12E+00,9.67E-01,1.02E+00,1.08E+00,1.16E+00,1.14E+00
011_S_0005,9.43E-01,6.91E-01,9.98E-01,8.32E-01,8.86E-01,9.98E-01,1.02E+00,1.05E+00,9.32E-01,1.06E+00,9.59E-01,1.04E+00,9.18E-01,9.06E-01,1.02E+00,9.76E-01,9.73E-01,1.01E+00,9.89E-01,9.80E-01,1.05E+00,1.15E+00,1.02E+00,1.07E+00,1.07E+00,1.03E+00,1.11E+00,1.04E+00,1.03E+00,1.03E+00,1.04E+00,1.06E+00,1.04E+00,1.07E+00,1.06E+00,9.86E-01,1.01E+00,1.00E+00,1.08E+00,1.08E+00,1.11E+00,1.00E+00,1.11E+00,9.23E-01,9.68E-01,1.03E+00,1.11E+00,1.19E+00,1.12E+00,9.62E-01,1.07E+00,1.08E+00,9.47E-01,9.65E-01,8.66E-01,9.89E-01,1.10E+00,1.18E+00,1.10E+00,1.09E+00,1.06E+00,1.22E+00,1.15E+00,1.09E+00,1.21E+00,9.95E-01,1.11E+00,1.17E+00,1.15E+00,1.15E+00,1.23E+00,1.18E+00,1.14E+00,8.96E-01,1.18E+00,1.15E+00,1.14E+00,1.12E+00,1.22E+00,1.06E+00,1.13E+00,1.03E+00,1.00E+00,1.05E+00,1.09E+00,1.12E+00,1.13E+00,1.15E+00,1.15E+00,1.15E+00,1.19E+00,1.24E+00,1.25E+00,1.23E+00,1.28E+00,1.14E+00,1.07E+00,9.82E-01,1.15E+00,1.08E+00,1.16E+00,1.13E+00,1.21E+00,1.16E+00,1.14E+00,1.25E+00,1.12E+00,1.07E+00,1.44E+00,1.27E+00,1.35E+00,1.05E+00,1.12E+00,1.17E+00,1.16E+00,1.15E+00,1.08E+00,1.14E+00,1.08E+00,1.01E+00,1.04E+00,1.08E+00,1.06E+00,1.19E+00,1.17E+00,9.53E-01,1.06E+00,1.12E+00,1.12E+00,1.22E+00,1.07E+00,1.12E+00,1.10E+00,1.22E+00,1.14E+00,1.20E+00,1.13E+00,1.05E+00,1.13E+00,1.08E+00,1.11E+00,1.14E+00,1.21E+00,1.16E+00,1.22E+00,1.20E+00,1.06E+00,1.12E+00,1.21E+00,1.09E+00,1.17E+00,1.27E+00,1.25E+00,1.14E+00,1.10E+00,1.11E+00,1.17E+00,1.22E+00,1.17E+00,1.14E+00,9.33E-01,1.01E+00,9.87E-01,1.04E+00,1.22E+00,1.10E+00,1.17E+00,1.20E+00,1.20E+00,1.10E+00,1.12E+00,1.14E+00,1.25E+00,1.24E+00,1.35E+00,1.31E+00,1.25E+00,1.31E+00,1.05E+00,1.18E+00,1.38E+00,1.42E+00,1.11E+00,1.18E+00,1.24E+00,1.34E+00,1.09E+00,1.08E+00,1.14E+00,1.24E+00,1.04E+00,1.17E+00,1.30E+00,1.15E+00,1.13E+00,1.05E+00,1.06E+00,1.06E+00,1.12E+00,1.13E+00
011_S_0008,9.77E-01,7.12E-01,9.95E-01,8.40E-01,8.75E-01,9.93E-01,1.09E+00,1.08E+00,9.55E-01,1.06E+00,9.64E-01,1.04E+00,9.37E-01,9.50E-01,9.81E-01,9.67E-01,9.71E-01,9.60E-01,9.72E-01,9.64E-01,1.03E+00,1.16E+00,1.02E+00,1.10E+00,1.07E+00,1.04E+00,1.06E+00,1.03E+00,1.08E+00,1.07E+00,1.07E+00,1.07E+00,1.07E+00,1.01E+00,1.03E+00,9.97E-01,9.60E-01,9.99E-01,1.05E+00,1.03E+00,1.05E+00,1.02E+00,1.09E+00,9.33E-01,9.79E-01,1.01E+00,1.08E+00,1.17E+00,1.08E+00,9.92E-01,1.12E+00,1.11E+00,9.76E-01,1.01E+00,9.40E-01,9.70E-01,1.08E+00,1.13E+00,1.05E+00,1.01E+00,1.08E+00,1.24E+00,1.23E+00,1.09E+00,1.16E+00,9.93E-01,1.12E+00,1.12E+00,1.10E+00,1.19E+00,1.30E+00,1.18E+00,1.19E+00,9.17E-01,1.18E+00,1.15E+00,1.19E+00,1.13E+00,1.26E+00,1.06E+00,1.21E+00,1.07E+00,1.06E+00,1.09E+00,1.11E+00,1.13E+00,1.15E+00,1.24E+00,1.21E+00,1.19E+00,1.18E+00,1.22E+00,1.26E+00,1.25E+00,1.23E+00,1.11E+00,1.11E+00,1.05E+00,1.14E+00,1.09E+00,1.27E+00,1.18E+00,1.22E+00,1.16E+00,1.16E+00,1.16E+00,1.12E+00,1.10E+00,1.39E+00,1.22E+00,1.30E+00,1.14E+00,1.11E+00,1.03E+00,1.08E+00,1.03E+00,1.03E+00,1.01E+00,1.06E+00,1.04E+00,1.02E+00,1.03E+00,1.05E+00,1.22E+00,1.19E+00,9.77E-01,1.08E+00,1.09E+00,1.12E+00,1.10E+00,1.10E+00,1.13E+00,1.12E+00,1.22E+00,1.06E+00,1.10E+00,1.12E+00,1.02E+00,1.15E+00,1.07E+00,1.03E+00,1.12E+00,1.13E+00,1.10E+00,1.20E+00,1.16E+00,1.11E+00,1.12E+00,1.15E+00,1.08E+00,1.12E+00,1.24E+00,1.24E+00,1.13E+00,1.10E+00,1.20E+00,1.12E+00,1.14E+00,1.14E+00,1.20E+00,8.80E-01,9.97E-01,8.91E-01,1.08E+00,1.19E+00,1.06E+00,1.14E+00,1.16E+00,1.24E+00,1.08E+00,1.13E+00,1.13E+00,1.18E+00,1.14E+00,1.23E+00,1.17E+00,1.29E+00,1.31E+00,1.22E+00,1.19E+00,1.37E+00,1.46E+00,1.15E+00,1.17E+00,1.24E+00,1.38E+00,1.07E+00,1.11E+00,1.21E+00,1.23E+00,1.03E+00,1.19E+00,1.23E+00,1.11E+00,1.07E+00,1.06E+00,1.08E+00,1.09E+00,1.19E+00,1.21E+00
011_S_0010,1.01E+00,7.02E-01,1.05E+00,8.39E-01,8.94E-01,1.04E+00,1.11E+00,1.14E+00,9.49E-01,1.12E+00,9.75E-01,1.10E+00,9.23E-01,8.98E-01,9.98E-01,9.81E-01,9.75E-01,1.02E+00,9.98E-01,9.91E-01,1.02E+00,1.17E+00,1.02E+00,1.10E+00,1.09E+00,1.07E+00,1.11E+00,1.04E+00,1.10E+00,1.05E+00,1.11E+00,1.12E+00,1.10E+00,1.03E+00,1.06E+00,1.03E+00,1.03E+00,1.02E+00,1.09E+00,1.08E+00,1.09E+00,1.01E+00,1.08E+00,9.63E-01,9.74E-01,1.05E+00,1.07E+00,1.17E+00,1.09E+00,9.78E-01,1.10E+00,1.03E+00,9.42E-01,1.03E+00,8.84E-01,9.41E-01,1.15E+00,1.10E+00,1.11E+00,1.10E+00,1.12E+00,1.21E+00,1.22E+00,1.08E+00,1.19E+00,9.82E-01,1.13E+00,1.09E+00,1.14E+00,1.15E+00,1.18E+00,1.23E+00,1.14E+00,8.86E-01,1.09E+00,1.09E+00,1.06E+00,1.02E+00,1.06E+00,1.03E+00,1.10E+00,1.03E+00,1.02E+00,1.08E+00,1.08E+00,1.11E+00,1.10E+00,1.14E+00,1.13E+00,1.10E+00,1.19E+00,1.16E+00,1.16E+00,1.18E+00,1.18E+00,1.13E+00,1.14E+00,1.02E+00,1.14E+00,1.08E+00,1.40E+00,1.28E+00,1.26E+00,1.26E+00,1.33E+00,1.31E+00,1.33E+00,1.14E+00,1.51E+00,1.28E+00,1.49E+00,1.21E+00,1.16E+00,1.10E+00,1.25E+00,1.13E+00,1.12E+00,1.11E+00,1.13E+00,1.07E+00,1.13E+00,1.17E+00,1.15E+00,1.18E+00,1.16E+00,9.60E-01,1.07E+00,1.12E+00,1.14E+00,1.23E+00,1.16E+00,1.19E+00,1.23E+00,1.11E+00,1.00E+00,1.18E+00,1.13E+00,1.08E+00,1.10E+00,1.09E+00,1.09E+00,1.18E+00,1.19E+00,1.09E+00,1.17E+00,1.16E+00,1.20E+00,1.18E+00,1.11E+00,1.20E+00,1.10E+00,1.26E+00,1.18E+00,1.12E+00,1.08E+00,1.18E+00,1.08E+00,1.15E+00,1.09E+00,1.16E+00,9.07E-01,1.07E+00,9.09E-01,1.10E+00,1.10E+00,1.09E+00,1.18E+00,1.23E+00,1.19E+00,1.08E+00,1.06E+00,1.14E+00,1.06E+00,1.13E+00,1.20E+00,1.21E+00,1.21E+00,1.22E+00,1.26E+00,1.14E+00,1.42E+00,1.09E+00,1.02E+00,1.07E+00,1.11E+00,1.08E+00,1.04E+00,1.05E+00,1.15E+00,1.17E+00,1.02E+00,1.15E+00,1.29E+00,1.12E+00,1.13E+00,1.06E+00,1.07E+00,1.06E+00,1.16E+00,1.16E+00
011_S_0016,9.82E-01,7.35E-01,9.74E-01,8.90E-01,9.36E-01,1.03E+00,1.07E+00,1.10E+00,9.76E-01,1.05E+00,9.70E-01,1.06E+00,9.70E-01,9.76E-01,1.03E+00,1.00E+00,9.96E-01,1.01E+00,1.02E+00,9.91E-01,1.10E+00,1.21E+00,1.05E+00,1.13E+00,1.15E+00,1.09E+00,1.10E+00,1.07E+00,1.13E+00,1.11E+00,1.11E+00,1.05E+00,1.04E+00,1.02E+00,1.08E+00,1.02E+00,1.01E+00,1.05E+00,1.10E+00,1.14E+00,1.09E+00,1.05E+00,1.15E+00,9.99E-01,1.01E+00,1.07E+00,1.15E+00,1.20E+00,1.14E+00,9.90E-01,1.07E+00,1.13E+00,1.03E+00,1.06E+00,9.66E-01,9.42E-01,1.19E+00,1.21E+00,1.11E+00,1.05E+00,1.13E+00,1.22E+00,1.22E+00,1.12E+00,1.17E+00,1.01E+00,1.17E+00,1.15E+00,1.21E+00,1.23E+00,1.22E+00,1.18E+00,1.18E+00,9.54E-01,1.20E+00,1.23E+00,1.19E+00,1.14E+00,1.19E+00,1.10E+00,1.19E+00,1.07E+00,1.08E+00,1.15E+00,1.15E+00,1.18E+00,1.19E+00,1.23E+00,1.22E+00,1.18E+00,1.19E+00,1.17E+00,1.26E+00,1.29E+00,1.29E+00,1.17E+00,1.13E+00,1.08E+00,1.19E+00,1.12E+00,1.21E+00,1.20E+00,1.15E+00,1.18E+00,1.26E+00,1.24E+00,1.06E+00,1.05E+00,1.33E+00,1.20E+00,1.27E+00,1.22E+00,1.14E+00,1.17E+00,1.19E+00,1.18E+00,1.08E+00,1.10E+00,1.07E+00,1.13E+00,1.10E+00,1.11E+00,1.09E+00,1.26E+00,1.31E+00,9.99E-01,1.13E+00,1.18E+00,1.19E+00,1.21E+00,1.20E+00,1.25E+00,1.11E+00,1.13E+00,1.14E+00,1.16E+00,1.15E+00,1.03E+00,1.16E+00,1.12E+00,1.15E+00,1.21E+00,1.23E+00,1.13E+00,1.24E+00,1.20E+00,1.05E+00,1.15E+00,1.18E+00,1.12E+00,1.19E+00,1.31E+00,1.29E+00,1.20E+00,1.09E+00,1.08E+00,1.24E+00,1.21E+00,1.22E+00,1.29E+00,9.80E-01,1.14E+00,1.00E+00,1.15E+00,1.26E+00,1.15E+00,1.18E+00,1.30E+00,1.32E+00,1.11E+00,1.22E+00,1.27E+00,1.31E+00,1.25E+00,1.39E+00,1.37E+00,1.32E+00,1.32E+00,1.20E+00,1.23E+00,1.27E+00,1.33E+00,1.15E+00,1.30E+00,1.29E+00,1.35E+00,1.12E+00,1.10E+00,1.26E+00,1.41E+00,1.09E+00,1.25E+00,1.40E+00,1.30E+00,1.07E+00,1.02E+00,1.14E+00,1.02E+00,1.23E+00,1.19E+00
011_S_0023,9.45E-01,7.18E-01,9.80E-01,8.59E-01,8.98E-01,9.97E-01,1.01E+00,1.03E+00,9.36E-01,1.08E+00,9.43E-01,1.04E+00,9.54E-01,9.25E-01,1.01E+00,1.00E+00,9.39E-01,1.01E+00,9.73E-01,9.36E-01,1.06E+00,1.16E+00,1.03E+00,1.07E+00,1.08E+00,1.04E+00,1.07E+00,1.03E+00,1.03E+00,1.00E+00,1.03E+00,1.02E+00,1.04E+00,1.03E+00,1.05E+00,1.02E+00,1.01E+00,9.80E-01,1.05E+00,1.07E+00,1.07E+00,1.00E+00,1.09E+00,9.05E-01,9.79E-01,1.02E+00,1.13E+00,1.21E+00,1.14E+00,9.98E-01,1.02E+00,1.09E+00,9.91E-01,1.01E+00,9.31E-01,9.46E-01,1.13E+00,1.11E+00,1.09E+00,1.07E+00,1.17E+00,1.25E+00,1.17E+00,1.12E+00,1.20E+00,1.02E+00,1.11E+00,1.11E+00,1.21E+00,1.20E+00,1.24E+00,1.17E+00,1.16E+00,9.37E-01,1.17E+00,1.21E+00,1.18E+00,1.10E+00,1.19E+00,1.09E+00,1.19E+00,1.07E+00,1.03E+00,1.09E+00,1.11E+00,1.13E+00,1.12E+00,1.22E+00,1.25E+00,1.17E+00,1.23E+00,1.11E+00,1.22E+00,1.24E+00,1.25E+00,1.12E+00,1.09E+00,1.01E+00,1.11E+00,1.06E+00,1.20E+00,1.13E+00,1.16E+00,1.16E+00,1.11E+00,1.17E+00,1.02E+00,1.02E+00,1.31E+00,1.18E+00,1.27E+00,1.09E+00,1.08E+00,1.11E+00,1.11E+00,1.05E+00,9.98E-01,1.06E+00,1.04E+00,1.06E+00,1.02E+00,1.01E+00,1.06E+00,1.25E+00,1.24E+00,9.88E-01,1.12E+00,1.14E+00,1.13E+00,1.19E+00,1.06E+00,1.10E+00,1.06E+00,1.18E+00,1.05E+00,1.12E+00,1.13E+00,1.02E+00,1.15E+00,1.01E+00,1.05E+00,1.18E+00,1.21E+00,1.09E+00,1.19E+00,1.21E+00,1.10E+00,1.12E+00,1.22E+00,1.15E+00,1.19E+00,1.26E+00,1.30E+00,1.17E+00,1.10E+00,1.20E+00,1.18E+00,1.16E+00,1.19E+00,1.24E+00,9.32E-01,1.08E+00,1.01E+00,1.08E+00,1.17E+00,1.11E+00,1.15E+00,1.23E+00,1.26E+00,1.11E+00,1.15E+00,1.16E+00,1.20E+00,1.21E+00,1.32E+00,1.27E+00,1.23E+00,1.35E+00,1.20E+00,1.22E+00,1.31E+00,1.39E+00,1.14E+00,1.20E+00,1.28E+00,1.31E+00,1.13E+00,1.11E+00,1.26E+00,1.28E+00,1.04E+00,1.22E+00,1.31E+00,1.12E+00,1.05E+00,1.01E+00,1.13E+00,1.06E+00,1.13E+00,1.15E+00
011_S_4845,1.01E+00,6.96E-01,1.11E+00,8.62E-01,9.42E-01,1.11E+00,1.10E+00,1.17E+00,9.79E-01,1.19E+00,9.96E-01,1.17E+00,9.47E-01,9.01E-01,1.06E+00,1.01E+00,1.01E+00,1.08E+00,1.05E+00,1.03E+00,1.04E+00,1.16E+00,1.00E+00,1.16E+00,1.06E+00,1.09E+00,1.15E+00,1.08E+00,1.12E+00,1.05E+00,1.10E+00,9.69E-01,1.01E+00,9.96E-01,1.06E+00,1.07E+00,1.11E+00,1.07E+00,1.14E+00,1.08E+00,1.17E+00,1.02E+00,1.14E+00,9.48E-01,1.02E+00,1.12E+00,1.01E+00,1.02E+00,1.05E+00,9.66E-01,1.06E+00,1.02E+00,9.09E-01,9.41E-01,8.65E-01,8.35E-01,1.05E+00,9.48E-01,1.01E+00,1.05E+00,1.13E+00,1.03E+00,1.09E+00,9.98E-01,1.18E+00,9.52E-01,9.03E-01,9.71E-01,1.08E+00,1.08E+00,1.07E+00,1.20E+00,1.17E+00,8.44E-01,9.93E-01,9.73E-01,1.13E+00,1.05E+00,1.14E+00,1.06E+00,1.08E+00,1.03E+00,9.58E-01,9.30E-01,1.05E+00,1.01E+00,1.02E+00,1.08E+00,9.63E-01,1.14E+00,1.18E+00,1.12E+00,1.15E+00,1.17E+00,1.18E+00,1.14E+00,1.15E+00,1.03E+00,1.09E+00,1.05E+00,1.45E+00,1.19E+00,1.38E+00,1.35E+00,1.33E+00,1.43E+00,1.23E+00,1.27E+00,1.79E+00,1.38E+00,1.50E+00,1.23E+00,1.21E+00,1.19E+00,1.32E+00,1.16E+00,1.19E+00,1.19E+00,1.19E+00,1.25E+00,1.14E+00,1.29E+00,1.16E+00,1.24E+00,1.23E+00,9.32E-01,1.08E+00,1.19E+00,1.16E+00,1.22E+00,1.14E+00,1.13E+00,1.14E+00,1.17E+00,1.03E+00,1.11E+00,1.15E+00,1.04E+00,1.18E+00,1.15E+00,1.10E+00,1.12E+00,1.19E+00,1.25E+00,1.29E+00,1.21E+00,1.27E+00,1.14E+00,1.19E+00,1.35E+00,1.02E+00,1.05E+00,9.47E-01,1.13E+00,1.01E+00,1.10E+00,1.12E+00,1.14E+00,1.15E+00,1.12E+00,9.12E-01,9.56E-01,8.99E-01,1.14E+00,9.79E-01,1.05E+00,1.10E+00,1.11E+00,9.92E-01,1.01E+00,9.67E-01,9.17E-01,9.11E-01,9.73E-01,9.67E-01,1.11E+00,1.15E+00,1.03E+00,1.12E+00,9.25E-01,1.34E+00,1.23E+00,9.90E-01,9.56E-01,9.39E-01,1.17E+00,1.04E+00,1.02E+00,1.00E+00,1.11E+00,8.49E-01,9.74E-01,1.18E+00,1.13E+00,1.10E+00,1.08E+00,1.05E+00,1.03E+00,1.07E+00,1.11E+00
011_S_4906,1.01E+00,6.81E-01,1.05E+00,8.25E-01,9.03E-01,1.02E+00,1.10E+00,1.13E+00,9.41E-01,1.10E+00,9.85E-01,1.11E+00,9.28E-01,8.65E-01,9.92E-01,9.39E-01,9.15E-01,9.94E-01,1.02E+00,9.46E-01,1.05E+00,1.13E+00,1.01E+00,1.10E+00,1.05E+00,1.07E+00,1.10E+00,1.00E+00,1.09E+00,1.09E+00,1.10E+00,1.03E+00,9.88E-01,1.03E+00,1.05E+00,1.02E+00,1.02E+00,1.03E+00,1.04E+00,1.12E+00,1.11E+00,9.86E-01,1.09E+00,9.11E-01,9.78E-01,1.02E+00,1.05E+00,1.12E+00,1.07E+00,9.59E-01,1.07E+00,1.05E+00,8.64E-01,9.57E-01,9.01E-01,8.55E-01,1.16E+00,1.05E+00,1.04E+00,1.03E+00,1.06E+00,1.17E+00,1.16E+00,1.09E+00,1.12E+00,9.58E-01,1.06E+00,1.06E+00,1.11E+00,1.15E+00,1.14E+00,1.23E+00,1.17E+00,8.33E-01,1.07E+00,1.09E+00,1.13E+00,1.07E+00,1.15E+00,1.07E+00,1.13E+00,1.02E+00,9.31E-01,1.01E+00,1.00E+00,1.02E+00,1.04E+00,1.11E+00,1.15E+00,1.15E+00,1.14E+00,1.16E+00,1.16E+00,1.21E+00,1.18E+00,1.17E+00,1.10E+00,9.86E-01,1.05E+00,1.05E+00,1.32E+00,1.18E+00,1.28E+00,1.29E+00,1.23E+00,1.30E+00,1.11E+00,1.12E+00,1.50E+00,1.28E+00,1.40E+00,1.18E+00,1.14E+00,1.12E+00,1.26E+00,1.05E+00,1.08E+00,1.08E+00,1.13E+00,1.10E+00,1.04E+00,1.16E+00,1.10E+00,1.28E+00,1.17E+00,9.64E-01,1.10E+00,1.20E+00,1.14E+00,1.20E+00,1.09E+00,1.04E+00,1.19E+00,1.18E+00,1.11E+00,1.16E+00,1.17E+00,1.04E+00,1.22E+00,1.13E+00,1.05E+00,1.15E+00,1.19E+00,1.17E+00,1.23E+00,1.17E+00,1.13E+00,1.13E+00,1.19E+00,1.18E+00,1.12E+00,1.19E+00,1.20E+00,1.14E+00,1.05E+00,1.06E+00,1.13E+00,1.19E+00,1.16E+00,1.19E+00,8.44E-01,9.24E-01,8.79E-01,1.06E+00,1.09E+00,1.03E+00,1.12E+00,1.14E+00,1.14E+00,1.04E+00,9.76E-01,1.02E+00,1.05E+00,1.09E+00,1.24E+00,1.18E+00,1.20E+00,1.17E+00,1.10E+00,1.16E+00,1.33E+00,1.22E+00,9.58E-01,1.01E+00,1.18E+00,1.26E+00,1.04E+00,1.02E+00,1.11E+00,1.10E+00,8.51E-01,1.21E+00,1.24E+00,1.09E+00,1.07E+00,1.02E+00,1.06E+00,1.05E+00,1.02E+00,1.07E+00
011_S_4949,9.88E-01,6.96E-01,1.07E+00,8.53E-01,9.22E-01,1.05E+00,1.07E+00,1.12E+00,9.39E-01,1.15E+00,1.01E+00,1.12E+00,9.80E-01,9.54E-01,1.04E+00,1.01E+00,1.06E+00,1.08E+00,1.04E+00,1.02E+00,9.64E-01,1.20E+00,1.02E+00,1.14E+00,1.09E+00,1.07E+00,1.14E+00,1.08E+00,1.00E+00,1.00E+00,1.08E+00,1.08E+00,1.06E+00,1.06E+00,1.08E+00,1.06E+00,1.07E+00,1.04E+00,1.13E+00,1.13E+00,1.14E+00,1.06E+00,1.10E+00,9.78E-01,1.01E+00,1.09E+00,1.12E+00,1.19E+00,1.10E+00,9.84E-01,1.07E+00,1.08E+00,8.70E-01,9.62E-01,7.87E-01,7.70E-01,1.09E+00,1.08E+00,1.05E+00,1.01E+00,1.05E+00,1.16E+00,1.20E+00,1.11E+00,1.18E+00,9.90E-01,1.06E+00,1.10E+00,1.18E+00,1.18E+00,1.26E+00,1.22E+00,1.21E+00,9.01E-01,1.12E+00,1.08E+00,1.13E+00,1.08E+00,1.19E+00,1.07E+00,1.22E+00,1.04E+00,9.86E-01,1.05E+00,1.07E+00,1.12E+00,1.19E+00,1.17E+00,1.04E+00,1.14E+00,1.19E+00,1.01E+00,1.18E+00,1.19E+00,1.22E+00,1.21E+00,1.05E+00,8.93E-01,1.19E+00,1.10E+00,1.19E+00,1.27E+00,1.20E+00,1.30E+00,1.28E+00,1.28E+00,1.09E+00,9.87E-01,1.58E+00,1.30E+00,1.45E+00,1.19E+00,1.30E+00,1.25E+00,1.27E+00,1.19E+00,1.14E+00,1.23E+00,1.20E+00,1.20E+00,1.20E+00,1.19E+00,1.12E+00,1.24E+00,1.26E+00,9.62E-01,1.17E+00,1.22E+00,1.22E+00,1.30E+00,1.06E+00,1.19E+00,1.23E+00,1.12E+00,1.24E+00,1.22E+00,1.34E+00,1.07E+00,1.24E+00,1.25E+00,1.16E+00,1.26E+00,1.31E+00,1.26E+00,1.28E+00,1.23E+00,1.07E+00,1.14E+00,1.24E+00,1.07E+00,1.17E+00,1.25E+00,1.26E+00,1.20E+00,1.10E+00,1.02E+00,1.14E+00,1.10E+00,1.08E+00,1.25E+00,7.02E-01,8.95E-01,7.61E-01,1.01E+00,1.21E+00,1.21E+00,1.19E+00,1.28E+00,1.25E+00,1.05E+00,1.18E+00,1.22E+00,1.28E+00,1.27E+00,1.26E+00,1.24E+00,1.26E+00,1.30E+00,9.77E-01,1.18E+00,1.32E+00,1.31E+00,1.08E+00,1.23E+00,1.18E+00,1.27E+00,1.03E+00,1.02E+00,1.04E+00,1.27E+00,7.98E-01,1.13E+00,1.30E+00,1.22E+00,1.12E+00,8.77E-01,1.06E+00,1.16E+00,1.34E+00,1.26E+00
012_S_0637,9.97E-01,7.24E-01,1.08E+00,8.61E-01,8.89E-01,1.00E+00,1.04E+00,1.02E+00,9.23E-01,1.08E+00,9.44E-01,1.03E+00,9.15E-01,9.32E-01,9.63E-01,9.52E-01,9.35E-01,9.76E-01,9.79E-01,9.21E-01,1.02E+00,1.14E+00,1.03E+00,1.11E+00,1.06E+00,1.04E+00,1.09E+00,1.01E+00,1.08E+00,1.06E+00,1.06E+00,1.02E+00,1.04E+00,9.93E-01,1.04E+00,9.89E-01,9.58E-01,9.92E-01,1.11E+00,1.08E+00,1.04E+00,9.98E-01,1.10E+00,9.61E-01,9.59E-01,1.02E+00,1.12E+00,1.19E+00,1.06E+00,9.50E-01,1.05E+00,1.07E+00,9.48E-01,9.84E-01,9.22E-01,8.78E-01,1.15E+00,1.13E+00,1.06E+00,9.87E-01,1.05E+00,1.21E+00,1.21E+00,1.08E+00,1.12E+00,9.92E-01,1.13E+00,1.14E+00,1.20E+00,1.17E+00,1.23E+00,1.23E+00,1.15E+00,9.02E-01,1.18E+00,1.13E+00,1.16E+00,1.14E+00,1.21E+00,1.06E+00,1.17E+00,1.05E+00,1.00E+00,1.10E+00,1.10E+00,1.13E+00,1.17E+00,1.15E+00,1.13E+00,1.09E+00,1.10E+00,1.11E+00,1.15E+00,1.16E+00,1.18E+00,1.13E+00,1.02E+00,1.02E+00,1.12E+00,1.11E+00,1.23E+00,1.16E+00,1.27E+00,1.27E+00,1.22E+00,1.21E+00,1.08E+00,1.02E+00,1.36E+00,1.19E+00,1.16E+00,1.06E+00,1.08E+00,1.10E+00,1.12E+00,1.06E+00,1.04E+00,1.04E+00,1.06E+00,1.07E+00,1.08E+00,1.07E+00,1.03E+00,1.20E+00,1.20E+00,9.77E-01,1.08E+00,1.15E+00,1.13E+00,1.19E+00,1.13E+00,1.14E+00,1.04E+00,1.16E+00,1.12E+00,1.09E+00,1.13E+00,1.02E+00,1.07E+00,1.04E+00,1.08E+00,1.17E+00,1.16E+00,1.04E+00,1.12E+00,1.15E+00,1.02E+00,1.11E+00,1.25E+00,1.03E+00,1.15E+00,1.25E+00,1.21E+00,1.11E+00,1.05E+00,1.06E+00,1.13E+00,1.12E+00,1.11E+00,1.20E+00,9.14E-01,1.03E+00,9.38E-01,1.11E+00,1.26E+00,1.11E+00,1.07E+00,1.21E+00,1.24E+00,1.04E+00,1.16E+00,1.19E+00,1.28E+00,1.19E+00,1.26E+00,1.22E+00,1.19E+00,1.27E+00,8.62E-01,1.14E+00,1.33E+00,1.43E+00,1.10E+00,1.25E+00,1.17E+00,1.29E+00,1.04E+00,1.02E+00,1.06E+00,1.22E+00,9.69E-01,1.07E+00,1.30E+00,1.23E+00,1.02E+00,1.05E+00,1.11E+00,1.07E+00,1.23E+00,1.26E+00
012_S_0720,1.04E+00,7.34E-01,1.06E+00,8.65E-01,9.20E-01,1.08E+00,1.12E+00,1.12E+00,9.79E-01,1.18E+00,9.80E-01,1.10E+00,9.53E-01,9.64E-01,1.03E+00,1.02E+00,1.00E+00,1.05E+00,1.04E+00,9.77E-01,1.02E+00,1.17E+00,1.02E+00,1.13E+00,1.13E+00,1.11E+00,1.12E+00,1.06E+00,1.16E+00,1.10E+00,1.10E+00,1.09E+00,1.12E+00,1.07E+00,1.11E+00,1.03E+00,1.09E+00,1.09E+00,1.14E+00,1.14E+00,1.09E+00,1.00E+00,1.11E+00,9.58E-01,1.01E+00,1.09E+00,1.15E+00,1.17E+00,1.06E+00,9.89E-01,1.02E+00,1.04E+00,8.95E-01,9.76E-01,9.01E-01,8.88E-01,1.19E+00,1.16E+00,1.13E+00,1.10E+00,1.12E+00,1.20E+00,1.16E+00,1.13E+00,1.20E+00,1.01E+00,1.14E+00,1.14E+00,1.13E+00,1.17E+00,1.17E+00,1.27E+00,1.26E+00,9.29E-01,1.21E+00,1.14E+00,1.15E+00,1.14E+00,1.22E+00,1.07E+00,1.14E+00,1.07E+00,1.03E+00,1.10E+00,1.09E+00,1.17E+00,1.18E+00,1.16E+00,1.16E+00,1.19E+00,1.16E+00,1.07E+00,1.17E+00,1.18E+00,1.19E+00,1.22E+00,1.12E+00,1.04E+00,1.21E+00,1.13E+00,1.39E+00,1.24E+00,1.26E+00,1.23E+00,1.24E+00,1.31E+00,1.28E+00,1.16E+00,1.46E+00,1.26E+00,1.37E+00,1.21E+00,1.17E+00,1.14E+00,1.34E+00,1.11E+00,1.14E+00,1.12E+00,1.13E+00,1.14E+00,1.18E+00,1.24E+00,1.07E+00,1.15E+00,1.19E+00,9.68E-01,1.11E+00,1.18E+00,1.15E+00,1.21E+00,1.16E+00,1.18E+00,1.20E+00,1.25E+00,1.13E+00,1.21E+00,1.23E+00,1.01E+00,1.33E+00,1.16E+00,1.12E+00,1.19E+00,1.21E+00,1.08E+00,1.15E+00,1.10E+00,1.15E+00,1.16E+00,1.30E+00,1.25E+00,1.17E+00,1.20E+00,1.16E+00,1.10E+00,1.06E+00,1.11E+00,1.08E+00,1.09E+00,1.06E+00,1.14E+00,8.53E-01,9.03E-01,8.21E-01,1.08E+00,1.18E+00,1.15E+00,1.13E+00,1.13E+00,1.13E+00,1.06E+00,1.09E+00,1.10E+00,1.17E+00,1.16E+00,1.18E+00,1.16E+00,1.17E+00,1.19E+00,1.20E+00,1.13E+00,1.32E+00,1.48E+00,1.11E+00,1.18E+00,1.14E+00,1.33E+00,1.01E+00,1.05E+00,1.06E+00,1.19E+00,9.12E-01,1.12E+00,1.22E+00,1.19E+00,1.10E+00,1.04E+00,1.02E+00,1.11E+00,1.22E+00,1.24E+00
013_S_4616,1.08E+00,7.37E-01,1.13E+00,9.20E-01,9.89E-01,1.16E+00,1.16E+00,1.20E+00,1.02E+00,1.17E+00,1.04E+00,1.18E+00,1.01E+00,1.01E+00,1.12E+00,1.07E+00,1.05E+00,1.14E+00,1.19E+00,1.11E+00,1.11E+00,1.04E+00,1.02E+00,1.03E+00,1.10E+00,1.11E+00,1.24E+00,1.13E+00,1.17E+00,1.20E+00,1.21E+00,1.15E+00,1.14E+00,1.08E+00,1.18E+00,1.13E+00,1.12E+00,1.15E+00,1.12E+00,1.07E+00,9.76E-01,9.90E-01,1.00E+00,9.62E-01,1.06E+00,1.12E+00,1.08E+00,1.23E+00,1.10E+00,9.95E-01,9.80E-01,1.10E+00,1.02E+00,1.11E+00,9.96E-01,9.18E-01,1.21E+00,1.27E+00,1.12E+00,1.10E+00,1.19E+00,1.23E+00,1.19E+00,1.13E+00,1.16E+00,9.82E-01,1.18E+00,1.20E+00,1.21E+00,1.21E+00,1.27E+00,1.32E+00,1.26E+00,8.97E-01,1.26E+00,1.18E+00,1.22E+00,1.15E+00,1.26E+00,1.09E+00,1.21E+00,1.08E+00,1.11E+00,1.18E+00,1.22E+00,1.19E+00,1.20E+00,1.15E+00,1.17E+00,1.17E+00,1.21E+00,9.21E-01,1.23E+00,1.06E+00,1.13E+00,1.27E+00,1.23E+00,1.13E+00,1.31E+00,1.18E+00,1.33E+00,1.33E+00,1.21E+00,1.39E+00,1.44E+00,1.43E+00,1.22E+00,1.19E+00,1.50E+00,1.33E+00,1.46E+00,1.17E+00,1.22E+00,1.24E+00,1.33E+00,1.26E+00,1.25E+00,1.29E+00,1.29E+00,1.28E+00,1.27E+00,1.30E+00,1.34E+00,7.68E-01,9.33E-01,9.76E-01,1.06E+00,1.20E+00,1.15E+00,1.32E+00,1.25E+00,1.23E+00,1.31E+00,1.25E+00,1.22E+00,1.30E+00,1.15E+00,1.15E+00,1.29E+00,1.27E+00,1.19E+00,1.01E+00,1.22E+00,9.65E-01,9.05E-01,1.06E+00,1.13E+00,1.15E+00,1.29E+00,1.18E+00,1.16E+00,1.24E+00,1.25E+00,1.12E+00,1.09E+00,9.81E-01,1.19E+00,1.09E+00,1.03E+00,1.23E+00,9.38E-01,1.14E+00,9.33E-01,1.17E+00,1.29E+00,1.12E+00,1.26E+00,1.16E+00,1.22E+00,1.03E+00,1.16E+00,1.24E+00,1.30E+00,1.24E+00,1.29E+00,1.20E+00,1.27E+00,1.29E+00,9.23E-01,1.23E+00,1.45E+00,1.40E+00,1.07E+00,1.23E+00,1.23E+00,1.32E+00,1.09E+00,1.03E+00,9.54E-01,1.30E+00,9.84E-01,1.18E+00,1.14E+00,1.27E+00,1.15E+00,1.13E+00,1.16E+00,1.08E+00,1.22E+00,1.17E+00
014_S_0519,9.83E-01,7.03E-01,1.03E+00,8.48E-01,9.10E-01,1.05E+00,1.00E+00,1.02E+00,9.13E-01,1.04E+00,9.82E-01,1.09E+00,9.65E-01,8.02E-01,9.70E-01,9.12E-01,9.46E-01,9.92E-01,1.05E+00,9.46E-01,8.14E-01,1.04E+00,9.90E-01,1.02E+00,1.00E+00,9.82E-01,1.04E+00,9.89E-01,1.02E+00,1.02E+00,1.10E+00,1.10E+00,1.06E+00,1.04E+00,9.75E-01,1.03E+00,9.62E-01,1.05E+00,1.01E+00,9.74E-01,1.03E+00,9.86E-01,1.04E+00,9.12E-01,1.01E+00,1.03E+00,9.77E-01,1.20E+00,1.12E+00,1.00E+00,1.06E+00,1.10E+00,9.88E-01,1.06E+00,8.97E-01,7.98E-01,1.13E+00,1.14E+00,1.06E+00,1.07E+00,1.07E+00,1.23E+00,1.18E+00,1.01E+00,1.12E+00,9.87E-01,1.15E+00,1.12E+00,1.20E+00,1.17E+00,1.27E+00,1.24E+00,1.25E+00,9.09E-01,1.13E+00,1.15E+00,1.21E+00,1.18E+00,1.31E+00,1.10E+00,1.22E+00,1.06E+00,1.01E+00,1.08E+00,1.04E+00,1.10E+00,1.02E+00,1.19E+00,1.17E+00,1.19E+00,1.17E+00,1.05E+00,1.25E+00,1.14E+00,1.14E+00,1.18E+00,1.08E+00,9.56E-01,1.07E+00,1.07E+00,1.08E+00,1.13E+00,8.84E-01,1.21E+00,1.24E+00,1.22E+00,7.41E-01,7.77E-01,1.13E+00,1.12E+00,1.19E+00,1.16E+00,1.15E+00,1.11E+00,1.38E+00,1.08E+00,1.14E+00,1.08E+00,1.13E+00,1.08E+00,1.15E+00,1.21E+00,1.12E+00,1.16E+00,1.14E+00,9.93E-01,1.09E+00,1.17E+00,1.07E+00,1.19E+00,1.07E+00,1.20E+00,1.19E+00,1.24E+00,1.18E+00,1.22E+00,1.19E+00,1.11E+00,1.30E+00,1.17E+00,1.07E+00,1.17E+00,1.26E+00,1.11E+00,1.20E+00,1.26E+00,1.15E+00,1.22E+00,1.37E+00,1.14E+00,1.23E+00,1.39E+00,1.30E+00,1.22E+00,1.09E+00,1.15E+00,1.22E+00,1.15E+00,1.17E+00,1.23E+00,9.31E-01,1.13E+00,9.29E-01,1.13E+00,1.28E+00,1.18E+00,1.11E+00,1.17E+00,1.25E+00,1.13E+00,1.16E+00,1.21E+00,1.35E+00,1.24E+00,1.34E+00,1.29E+00,1.34E+00,1.40E+00,1.13E+00,1.17E+00,1.42E+00,1.57E+00,1.17E+00,1.30E+00,1.24E+00,1.43E+00,1.08E+00,1.08E+00,1.18E+00,1.27E+00,9.32E-01,1.20E+00,1.31E+00,1.26E+00,1.03E+00,9.06E-01,1.12E+00,1.11E+00,1.18E+00,1.26E+00
014_S_0520,1.07E+00,6.98E-01,1.09E+00,8.37E-01,8.73E-01,9.92E-01,1.09E+00,1.09E+00,9.23E-01,1.09E+00,9.90E-01,1.07E+00,8.93E-01,8.91E-01,9.76E-01,9.50E-01,9.46E-01,9.59E-01,9.43E-01,9.34E-01,9.64E-01,1.14E+00,9.92E-01,1.05E+00,1.07E+00,1.03E+00,1.05E+00,1.00E+00,1.08E+00,1.08E+00,1.04E+00,9.72E-01,9.95E-01,9.82E-01,9.64E-01,9.53E-01,9.44E-01,9.54E-01,1.04E+00,9.67E-01,9.98E-01,9.60E-01,1.05E+00,9.30E-01,9.76E-01,9.88E-01,1.02E+00,1.09E+00,1.03E+00,9.52E-01,1.03E+00,1.04E+00,8.80E-01,9.40E-01,8.79E-01,8.57E-01,1.10E+00,1.10E+00,9.99E-01,1.02E+00,1.07E+00,1.16E+00,1.12E+00,1.05E+00,1.12E+00,9.60E-01,1.06E+00,1.06E+00,1.09E+00,1.10E+00,1.16E+00,1.19E+00,1.15E+00,8.79E-01,1.13E+00,1.07E+00,1.09E+00,1.08E+00,1.22E+00,1.01E+00,1.15E+00,1.01E+00,9.89E-01,1.04E+00,1.04E+00,1.08E+00,1.08E+00,1.10E+00,1.12E+00,1.09E+00,1.07E+00,1.06E+00,1.09E+00,1.14E+00,1.11E+00,1.10E+00,1.08E+00,1.04E+00,1.07E+00,1.07E+00,1.34E+00,1.19E+00,1.30E+00,1.30E+00,1.25E+00,1.27E+00,1.34E+00,1.14E+00,1.50E+00,1.28E+00,1.36E+00,1.10E+00,1.17E+00,1.19E+00,1.18E+00,1.12E+00,1.10E+00,1.09E+00,1.08E+00,1.05E+00,1.09E+00,1.08E+00,1.07E+00,1.23E+00,1.23E+00,9.45E-01,1.12E+00,1.17E+00,1.16E+00,1.23E+00,1.12E+00,1.17E+00,1.04E+00,1.19E+00,1.06E+00,1.12E+00,1.15E+00,1.04E+00,1.19E+00,1.09E+00,1.11E+00,1.19E+00,1.20E+00,1.06E+00,1.13E+00,1.19E+00,1.13E+00,1.11E+00,1.26E+00,1.18E+00,1.22E+00,1.28E+00,1.22E+00,1.11E+00,1.05E+00,1.14E+00,1.13E+00,1.16E+00,1.12E+00,1.23E+00,9.05E-01,1.07E+00,9.42E-01,1.15E+00,1.23E+00,1.11E+00,1.12E+00,1.21E+00,1.24E+00,1.08E+00,1.16E+00,1.21E+00,1.27E+00,1.24E+00,1.28E+00,1.30E+00,1.28E+00,1.26E+00,1.14E+00,1.13E+00,1.39E+00,1.43E+00,1.10E+00,1.20E+00,1.24E+00,1.32E+00,1.06E+00,1.04E+00,1.09E+00,1.24E+00,1.01E+00,1.12E+00,1.32E+00,1.17E+00,1.15E+00,1.10E+00,1.06E+00,1.02E+00,1.11E+00,1.20E+00
016_S_1263,9.56E-01,7.23E-01,1.02E+00,8.48E-01,9.01E-01,1.01E+00,1.03E+00,1.05E+00,9.48E-01,1.07E+00,1.01E+00,1.10E+00,9.53E-01,9.38E-01,1.03E+00,1.02E+00,1.01E+00,1.05E+00,1.07E+00,1.02E+00,9.44E-01,1.09E+00,1.01E+00,1.05E+00,1.07E+00,1.01E+00,1.10E+00,1.07E+00,1.05E+00,1.04E+00,1.07E+00,1.10E+00,1.08E+00,1.01E+00,1.07E+00,1.03E+00,1.06E+00,1.07E+00,1.10E+00,1.05E+00,1.03E+00,9.92E-01,1.07E+00,9.59E-01,9.95E-01,1.08E+00,1.08E+00,1.15E+00,1.03E+00,9.65E-01,1.02E+00,1.03E+00,9.26E-01,1.01E+00,8.81E-01,8.33E-01,1.13E+00,1.08E+00,1.05E+00,1.06E+00,1.16E+00,1.18E+00,1.19E+00,1.10E+00,1.18E+00,9.93E-01,1.09E+00,1.09E+00,1.13E+00,1.14E+00,1.16E+00,1.13E+00,1.21E+00,8.96E-01,1.10E+00,1.14E+00,1.09E+00,1.07E+00,1.14E+00,1.04E+00,1.13E+00,1.03E+00,9.71E-01,1.07E+00,1.07E+00,1.12E+00,1.11E+00,1.12E+00,1.15E+00,1.15E+00,1.17E+00,1.05E+00,1.16E+00,1.08E+00,1.16E+00,1.16E+00,1.12E+00,9.71E-01,1.15E+00,1.08E+00,1.21E+00,1.22E+00,1.11E+00,1.21E+00,1.25E+00,1.27E+00,9.91E-01,1.03E+00,1.40E+00,1.28E+00,1.36E+00,1.17E+00,1.21E+00,1.23E+00,1.36E+00,1.20E+00,1.17E+00,1.19E+00,1.19E+00,1.21E+00,1.24E+00,1.28E+00,1.20E+00,1.25E+00,1.25E+00,9.78E-01,1.10E+00,1.25E+00,1.18E+00,1.31E+00,1.17E+00,1.17E+00,1.13E+00,1.20E+00,1.13E+00,1.24E+00,1.23E+00,1.09E+00,1.31E+00,1.20E+00,1.12E+00,1.22E+00,1.26E+00,1.10E+00,1.14E+00,1.16E+00,1.21E+00,1.20E+00,1.28E+00,1.26E+00,1.19E+00,1.27E+00,1.24E+00,1.13E+00,1.05E+00,1.15E+00,1.12E+00,1.13E+00,1.07E+00,1.17E+00,9.07E-01,1.10E+00,8.97E-01,1.11E+00,1.25E+00,1.17E+00,1.23E+00,1.25E+00,1.27E+00,1.11E+00,1.19E+00,1.23E+00,1.24E+00,1.23E+00,1.26E+00,1.32E+00,1.26E+00,1.28E+00,1.21E+00,1.18E+00,1.38E+00,1.36E+00,1.13E+00,1.22E+00,1.27E+00,1.25E+00,1.05E+00,1.05E+00,1.15E+00,1.35E+00,9.43E-01,1.15E+00,1.28E+00,1.25E+00,1.14E+00,1.02E+00,1.14E+00,1.10E+00,1.26E+00,1.23E+00
016_S_4583,1.07E+00,7.66E-01,1.22E+00,9.39E-01,9.94E-01,1.20E+00,1.14E+00,1.16E+00,1.02E+00,1.25E+00,1.05E+00,1.25E+00,9.85E-01,1.02E+00,1.06E+00,1.04E+00,1.05E+00,1.14E+00,1.08E+00,1.08E+00,1.01E+00,1.16E+00,1.05E+00,1.13E+00,1.07E+00,1.12E+00,1.17E+00,1.09E+00,1.08E+00,1.17E+00,1.17E+00,1.22E+00,1.17E+00,1.12E+00,1.09E+00,1.07E+00,1.10E+00,1.14E+00,1.14E+00,1.11E+00,1.17E+00,1.05E+00,1.11E+00,1.03E+00,1.01E+00,1.10E+00,1.06E+00,1.22E+00,1.09E+00,9.55E-01,1.09E+00,1.11E+00,9.79E-01,1.03E+00,8.80E-01,8.64E-01,1.18E+00,1.14E+00,1.06E+00,1.06E+00,1.11E+00,1.20E+00,1.17E+00,1.14E+00,1.15E+00,9.62E-01,1.04E+00,1.05E+00,1.10E+00,1.18E+00,1.27E+00,1.22E+00,1.16E+00,9.08E-01,1.06E+00,1.19E+00,1.18E+00,1.08E+00,1.17E+00,1.06E+00,1.23E+00,1.06E+00,9.50E-01,1.00E+00,1.03E+00,1.07E+00,1.08E+00,1.15E+00,1.17E+00,1.18E+00,1.22E+00,1.17E+00,1.20E+00,1.20E+00,1.16E+00,1.20E+00,1.19E+00,1.03E+00,1.07E+00,1.06E+00,1.31E+00,1.32E+00,1.50E+00,1.51E+00,1.34E+00,1.55E+00,1.20E+00,1.12E+00,1.82E+00,1.46E+00,1.54E+00,1.21E+00,1.16E+00,1.16E+00,1.01E+00,1.06E+00,1.18E+00,1.17E+00,1.21E+00,1.18E+00,1.24E+00,1.06E+00,1.24E+00,1.13E+00,1.21E+00,9.88E-01,1.11E+00,1.23E+00,1.20E+00,1.24E+00,1.17E+00,1.07E+00,1.31E+00,1.22E+00,1.15E+00,1.27E+00,1.26E+00,1.04E+00,1.09E+00,1.26E+00,1.18E+00,1.14E+00,1.15E+00,1.34E+00,1.28E+00,1.27E+00,1.04E+00,1.05E+00,1.16E+00,9.72E-01,1.11E+00,1.23E+00,1.23E+00,1.31E+00,1.09E+00,1.08E+00,1.15E+00,1.19E+00,1.13E+00,1.25E+00,8.26E-01,9.71E-01,9.16E-01,1.11E+00,1.21E+00,1.14E+00,1.06E+00,1.21E+00,1.22E+00,9.34E-01,9.92E-01,9.66E-01,1.04E+00,1.15E+00,1.19E+00,1.18E+00,1.28E+00,1.31E+00,1.01E+00,1.15E+00,1.23E+00,1.27E+00,9.08E-01,1.01E+00,1.19E+00,1.17E+00,1.01E+00,1.01E+00,1.07E+00,1.11E+00,7.78E-01,1.11E+00,1.27E+00,1.06E+00,1.03E+00,1.05E+00,9.95E-01,1.07E+00,1.20E+00,1.03E+00
016_S_4638,9.95E-01,6.75E-01,1.06E+00,8.33E-01,8.96E-01,1.03E+00,1.11E+00,1.10E+00,9.47E-01,1.13E+00,9.99E-01,1.09E+00,9.05E-01,9.55E-01,1.01E+00,9.70E-01,9.97E-01,1.01E+00,1.08E+00,1.01E+00,1.01E+00,1.16E+00,9.95E-01,1.12E+00,1.12E+00,1.08E+00,1.08E+00,1.04E+00,1.01E+00,1.06E+00,1.04E+00,1.08E+00,1.09E+00,1.05E+00,1.03E+00,9.95E-01,1.06E+00,1.04E+00,1.09E+00,1.06E+00,1.09E+00,1.01E+00,1.17E+00,9.11E-01,9.99E-01,1.04E+00,1.11E+00,1.22E+00,1.15E+00,9.80E-01,1.06E+00,1.05E+00,8.86E-01,9.44E-01,8.45E-01,8.75E-01,1.12E+00,1.22E+00,1.08E+00,1.09E+00,1.12E+00,1.25E+00,1.26E+00,1.09E+00,1.22E+00,9.48E-01,1.09E+00,1.11E+00,1.23E+00,1.13E+00,1.23E+00,1.23E+00,1.22E+00,8.71E-01,1.20E+00,1.16E+00,1.16E+00,1.18E+00,1.25E+00,1.04E+00,1.15E+00,1.02E+00,9.22E-01,1.04E+00,1.01E+00,1.08E+00,1.10E+00,1.12E+00,1.08E+00,1.19E+00,1.18E+00,1.15E+00,1.24E+00,1.19E+00,1.26E+00,1.17E+00,1.13E+00,1.01E+00,1.12E+00,1.04E+00,1.25E+00,1.18E+00,1.32E+00,1.28E+00,1.21E+00,1.32E+00,1.22E+00,1.07E+00,1.62E+00,1.36E+00,1.52E+00,1.23E+00,1.12E+00,1.16E+00,1.32E+00,1.11E+00,1.14E+00,1.14E+00,1.20E+00,1.20E+00,1.15E+00,1.17E+00,1.13E+00,1.16E+00,1.22E+00,9.57E-01,1.14E+00,1.20E+00,1.19E+00,1.26E+00,1.08E+00,1.14E+00,1.13E+00,1.29E+00,1.07E+00,1.19E+00,1.18E+00,1.02E+00,1.32E+00,1.21E+00,1.16E+00,1.11E+00,1.28E+00,1.12E+00,1.26E+00,1.22E+00,1.15E+00,1.15E+00,1.41E+00,1.19E+00,1.09E+00,1.28E+00,1.27E+00,1.13E+00,1.13E+00,1.14E+00,1.12E+00,1.18E+00,1.12E+00,1.18E+00,8.63E-01,9.61E-01,9.00E-01,1.07E+00,1.25E+00,1.18E+00,1.25E+00,1.22E+00,1.29E+00,1.02E+00,1.06E+00,1.15E+00,1.21E+00,1.13E+00,1.34E+00,1.34E+00,1.28E+00,1.28E+00,1.01E+00,1.20E+00,1.56E+00,1.64E+00,1.09E+00,1.21E+00,1.29E+00,1.53E+00,9.91E-01,1.04E+00,1.12E+00,1.20E+00,9.12E-01,1.16E+00,1.33E+00,1.22E+00,1.15E+00,1.03E+00,1.09E+00,1.09E+00,1.18E+00,1.18E+00
016_S_4688,9.97E-01,7.46E-01,1.04E+00,8.79E-01,9.11E-01,1.06E+00,1.07E+00,1.10E+00,9.73E-01,1.16E+00,9.88E-01,1.07E+00,9.58E-01,9.50E-01,1.02E+00,1.00E+00,9.72E-01,1.03E+00,1.01E+00,1.00E+00,9.56E-01,1.04E+00,9.92E-01,1.07E+00,1.05E+00,1.02E+00,1.09E+00,1.04E+00,1.08E+00,1.06E+00,1.08E+00,1.04E+00,1.08E+00,1.03E+00,1.03E+00,1.01E+00,9.75E-01,1.00E+00,1.05E+00,1.05E+00,1.09E+00,1.02E+00,1.08E+00,9.94E-01,1.02E+00,1.06E+00,1.09E+00,1.14E+00,1.07E+00,9.99E-01,1.07E+00,1.06E+00,9.87E-01,1.03E+00,9.52E-01,8.93E-01,1.13E+00,1.16E+00,1.06E+00,1.07E+00,1.10E+00,1.19E+00,1.18E+00,1.05E+00,1.15E+00,1.02E+00,1.13E+00,1.14E+00,1.21E+00,1.15E+00,1.18E+00,1.19E+00,1.16E+00,9.32E-01,1.19E+00,1.13E+00,1.16E+00,1.10E+00,1.23E+00,1.04E+00,1.13E+00,1.03E+00,1.03E+00,1.09E+00,1.08E+00,1.13E+00,1.13E+00,1.11E+00,1.17E+00,1.14E+00,1.18E+00,1.08E+00,1.16E+00,1.15E+00,1.16E+00,1.18E+00,1.12E+00,1.03E+00,1.14E+00,1.11E+00,1.24E+00,1.16E+00,1.24E+00,1.21E+00,1.16E+00,1.21E+00,1.14E+00,1.07E+00,1.43E+00,1.29E+00,1.33E+00,1.14E+00,1.12E+00,1.14E+00,1.27E+00,1.12E+00,1.10E+00,1.11E+00,1.11E+00,1.16E+00,1.16E+00,1.21E+00,1.16E+00,1.08E+00,1.11E+00,9.62E-01,1.09E+00,1.15E+00,1.11E+00,1.20E+00,1.10E+00,1.17E+00,1.13E+00,1.22E+00,1.09E+00,1.14E+00,1.13E+00,1.06E+00,1.19E+00,1.11E+00,1.16E+00,1.13E+00,1.23E+00,1.09E+00,1.12E+00,1.14E+00,1.15E+00,1.14E+00,1.24E+00,1.18E+00,1.15E+00,1.25E+00,1.23E+00,1.12E+00,1.07E+00,1.16E+00,1.13E+00,1.10E+00,1.07E+00,1.15E+00,9.69E-01,1.08E+00,9.77E-01,1.10E+00,1.21E+00,1.08E+00,1.14E+00,1.18E+00,1.20E+00,1.10E+00,1.15E+00,1.16E+00,1.24E+00,1.18E+00,1.28E+00,1.24E+00,1.22E+00,1.24E+00,1.20E+00,1.18E+00,1.34E+00,1.45E+00,1.09E+00,1.17E+00,1.24E+00,1.34E+00,1.01E+00,1.04E+00,1.12E+00,1.22E+00,9.76E-01,1.18E+00,1.21E+00,1.21E+00,1.07E+00,1.03E+00,1.00E+00,1.04E+00,1.16E+00,1.19E+00
016_S_4887,9.35E-01,6.71E-01,9.88E-01,8.25E-01,8.70E-01,1.04E+00,1.03E+00,1.08E+00,9.26E-01,1.08E+00,9.79E-01,1.12E+00,9.34E-01,8.84E-01,1.01E+00,1.00E+00,9.99E-01,1.03E+00,1.03E+00,9.77E-01,1.01E+00,1.12E+00,1.01E+00,1.10E+00,1.04E+00,1.01E+00,1.07E+00,1.02E+00,1.02E+00,1.02E+00,1.07E+00,1.07E+00,1.07E+00,1.05E+00,1.03E+00,1.04E+00,1.03E+00,1.04E+00,1.10E+00,1.07E+00,1.05E+00,9.91E-01,1.07E+00,9.50E-01,1.01E+00,1.06E+00,1.07E+00,1.16E+00,1.03E+00,9.72E-01,1.03E+00,1.04E+00,8.54E-01,9.85E-01,8.56E-01,8.54E-01,1.10E+00,1.14E+00,1.04E+00,1.05E+00,1.12E+00,1.18E+00,1.16E+00,1.08E+00,1.15E+00,9.78E-01,1.12E+00,1.14E+00,1.17E+00,1.13E+00,1.16E+00,1.18E+00,1.24E+00,9.10E-01,1.18E+00,1.15E+00,1.16E+00,1.11E+00,1.19E+00,1.06E+00,1.12E+00,1.03E+00,9.83E-01,1.07E+00,1.09E+00,1.11E+00,1.16E+00,1.16E+00,1.18E+00,1.13E+00,1.16E+00,1.07E+00,1.18E+00,1.17E+00,1.17E+00,1.18E+00,1.12E+00,1.01E+00,1.14E+00,1.03E+00,1.18E+00,1.18E+00,1.21E+00,1.22E+00,1.21E+00,1.29E+00,1.11E+00,1.07E+00,1.41E+00,1.27E+00,1.40E+00,1.15E+00,1.17E+00,1.21E+00,1.29E+00,1.18E+00,1.14E+00,1.19E+00,1.17E+00,1.15E+00,1.20E+00,1.21E+00,1.17E+00,1.18E+00,1.21E+00,9.63E-01,1.11E+00,1.20E+00,1.19E+00,1.23E+00,1.10E+00,1.19E+00,1.16E+00,1.23E+00,1.15E+00,1.22E+00,1.14E+00,1.05E+00,1.28E+00,1.18E+00,1.07E+00,1.19E+00,1.25E+00,1.15E+00,1.23E+00,1.18E+00,1.24E+00,1.17E+00,1.30E+00,1.16E+00,1.22E+00,1.25E+00,1.26E+00,1.17E+00,1.06E+00,1.18E+00,1.14E+00,1.14E+00,1.11E+00,1.17E+00,8.65E-01,1.02E+00,9.02E-01,1.05E+00,1.22E+00,1.16E+00,1.20E+00,1.19E+00,1.24E+00,1.11E+00,1.16E+00,1.19E+00,1.26E+00,1.24E+00,1.33E+00,1.32E+00,1.26E+00,1.27E+00,1.21E+00,1.22E+00,1.34E+00,1.43E+00,1.14E+00,1.25E+00,1.23E+00,1.33E+00,1.09E+00,1.08E+00,1.20E+00,1.26E+00,1.00E+00,1.16E+00,1.29E+00,1.25E+00,1.10E+00,9.87E-01,1.10E+00,1.08E+00,1.20E+00,1.26E+00
016_S_4951,1.04E+00,7.03E-01,1.05E+00,8.40E-01,8.86E-01,1.02E+00,1.06E+00,1.06E+00,9.26E-01,1.05E+00,9.53E-01,1.05E+00,9.32E-01,9.20E-01,1.01E+00,9.61E-01,9.80E-01,1.01E+00,9.89E-01,9.82E-01,9.96E-01,1.17E+00,1.01E+00,1.06E+00,1.06E+00,1.03E+00,1.05E+00,1.02E+00,1.07E+00,1.07E+00,1.05E+00,1.08E+00,1.07E+00,1.02E+00,9.95E-01,9.57E-01,9.95E-01,9.62E-01,1.07E+00,1.02E+00,1.04E+00,9.95E-01,1.05E+00,9.50E-01,9.54E-01,1.06E+00,1.07E+00,1.17E+00,1.05E+00,9.77E-01,1.05E+00,1.11E+00,9.40E-01,1.03E+00,8.74E-01,8.71E-01,1.10E+00,1.19E+00,1.07E+00,1.03E+00,1.13E+00,1.20E+00,1.18E+00,1.08E+00,1.17E+00,9.92E-01,1.10E+00,1.10E+00,1.17E+00,1.16E+00,1.18E+00,1.22E+00,1.16E+00,8.96E-01,1.12E+00,1.17E+00,1.14E+00,1.10E+00,1.17E+00,1.06E+00,1.14E+00,9.94E-01,9.62E-01,1.06E+00,1.07E+00,1.08E+00,1.10E+00,1.12E+00,1.17E+00,1.15E+00,1.16E+00,1.07E+00,1.24E+00,1.18E+00,1.17E+00,1.13E+00,1.11E+00,1.01E+00,1.14E+00,1.07E+00,1.29E+00,1.14E+00,1.30E+00,1.30E+00,1.24E+00,1.28E+00,1.20E+00,1.05E+00,1.41E+00,1.20E+00,1.34E+00,1.13E+00,1.19E+00,1.19E+00,1.23E+00,1.17E+00,1.10E+00,1.13E+00,1.12E+00,1.12E+00,1.15E+00,1.17E+00,1.12E+00,1.28E+00,1.27E+00,9.76E-01,1.11E+00,1.18E+00,1.15E+00,1.18E+00,1.08E+00,1.15E+00,1.15E+00,1.23E+00,1.09E+00,1.20E+00,1.17E+00,1.06E+00,1.17E+00,1.13E+00,1.11E+00,1.17E+00,1.22E+00,1.09E+00,1.15E+00,1.16E+00,1.12E+00,1.14E+00,1.22E+00,1.17E+00,1.19E+00,1.28E+00,1.24E+00,1.09E+00,1.10E+00,1.14E+00,1.14E+00,1.17E+00,1.11E+00,1.19E+00,8.90E-01,1.05E+00,9.12E-01,1.10E+00,1.26E+00,1.12E+00,1.12E+00,1.20E+00,1.24E+00,1.09E+00,1.12E+00,1.16E+00,1.21E+00,1.24E+00,1.24E+00,1.29E+00,1.24E+00,1.23E+00,1.24E+00,1.19E+00,1.44E+00,1.38E+00,1.11E+00,1.13E+00,1.23E+00,1.38E+00,1.07E+00,1.06E+00,1.11E+00,1.24E+00,9.17E-01,1.20E+00,1.23E+00,1.17E+00,1.14E+00,1.04E+00,1.10E+00,1.09E+00,1.23E+00,1.15E+00
016_S_4952,9.50E-01,6.92E-01,1.01E+00,8.34E-01,9.06E-01,1.04E+00,1.10E+00,1.08E+00,9.29E-01,1.08E+00,9.47E-01,1.08E+00,9.33E-01,8.96E-01,1.03E+00,9.75E-01,9.38E-01,9.94E-01,1.04E+00,9.61E-01,1.06E+00,1.18E+00,1.03E+00,1.09E+00,1.09E+00,1.07E+00,1.11E+00,1.05E+00,1.09E+00,9.97E-01,1.05E+00,1.12E+00,1.03E+00,1.02E+00,1.02E+00,1.02E+00,1.01E+00,1.01E+00,1.01E+00,1.04E+00,1.08E+00,1.02E+00,1.06E+00,9.38E-01,9.80E-01,1.00E+00,1.13E+00,1.19E+00,1.08E+00,9.73E-01,1.02E+00,1.09E+00,9.73E-01,1.01E+00,8.85E-01,9.41E-01,1.14E+00,1.16E+00,1.05E+00,9.76E-01,1.15E+00,1.17E+00,1.22E+00,1.10E+00,1.15E+00,9.99E-01,1.08E+00,1.10E+00,1.17E+00,1.14E+00,1.19E+00,1.21E+00,1.18E+00,9.33E-01,1.18E+00,1.17E+00,1.15E+00,1.11E+00,1.23E+00,1.05E+00,1.15E+00,1.01E+00,9.89E-01,1.11E+00,1.09E+00,1.12E+00,1.14E+00,1.17E+00,1.18E+00,1.16E+00,1.17E+00,1.11E+00,1.22E+00,1.18E+00,1.16E+00,1.16E+00,1.08E+00,1.03E+00,1.15E+00,1.03E+00,1.22E+00,1.13E+00,1.21E+00,1.24E+00,1.24E+00,1.25E+00,1.08E+00,1.02E+00,1.46E+00,1.27E+00,1.34E+00,1.15E+00,1.12E+00,1.14E+00,1.22E+00,1.18E+00,1.09E+00,1.16E+00,1.07E+00,1.06E+00,1.14E+00,1.15E+00,1.19E+00,1.29E+00,1.21E+00,9.73E-01,1.11E+00,1.20E+00,1.12E+00,1.24E+00,1.14E+00,1.15E+00,1.14E+00,1.23E+00,1.12E+00,1.14E+00,1.16E+00,1.03E+00,1.22E+00,1.12E+00,1.04E+00,1.15E+00,1.15E+00,1.13E+00,1.18E+00,1.15E+00,1.16E+00,1.13E+00,1.27E+00,1.17E+00,1.17E+00,1.25E+00,1.19E+00,1.11E+00,1.06E+00,1.15E+00,1.15E+00,1.13E+00,1.15E+00,1.17E+00,9.04E-01,1.07E+00,9.28E-01,1.08E+00,1.20E+00,1.12E+00,1.18E+00,1.20E+00,1.18E+00,1.10E+00,1.13E+00,1.14E+00,1.23E+00,1.22E+00,1.30E+00,1.23E+00,1.21E+00,1.19E+00,1.13E+00,1.18E+00,1.38E+00,1.40E+00,1.17E+00,1.21E+00,1.19E+00,1.33E+00,1.06E+00,1.06E+00,1.12E+00,1.20E+00,9.42E-01,1.14E+00,1.26E+00,1.17E+00,1.08E+00,1.02E+00,1.18E+00,1.05E+00,1.16E+00,1.25E+00
016_S_5057,9.56E-01,6.59E-01,1.01E+00,8.07E-01,8.62E-01,1.00E+00,1.04E+00,1.04E+00,9.34E-01,1.08E+00,9.61E-01,1.04E+00,9.20E-01,8.85E-01,9.95E-01,1.01E+00,9.46E-01,1.01E+00,9.88E-01,9.61E-01,1.01E+00,1.11E+00,9.99E-01,1.09E+00,1.04E+00,1.01E+00,1.09E+00,1.03E+00,1.07E+00,1.05E+00,1.04E+00,1.06E+00,1.06E+00,9.57E-01,9.91E-01,9.55E-01,1.00E+00,9.94E-01,9.92E-01,1.04E+00,1.06E+00,9.90E-01,1.09E+00,9.35E-01,9.93E-01,1.04E+00,1.10E+00,1.21E+00,1.07E+00,9.85E-01,1.10E+00,1.10E+00,8.77E-01,9.55E-01,8.49E-01,8.47E-01,1.16E+00,1.14E+00,1.08E+00,1.03E+00,1.11E+00,1.25E+00,1.25E+00,1.08E+00,1.17E+00,9.75E-01,1.15E+00,1.14E+00,1.21E+00,1.19E+00,1.26E+00,1.24E+00,1.18E+00,8.66E-01,1.20E+00,1.19E+00,1.15E+00,1.12E+00,1.23E+00,1.07E+00,1.18E+00,1.05E+00,9.78E-01,1.11E+00,1.13E+00,1.12E+00,1.15E+00,1.19E+00,1.18E+00,1.18E+00,1.21E+00,1.13E+00,1.26E+00,1.24E+00,1.25E+00,1.15E+00,1.15E+00,1.00E+00,1.15E+00,1.09E+00,1.17E+00,1.18E+00,1.22E+00,1.24E+00,1.18E+00,1.24E+00,1.03E+00,1.06E+00,1.50E+00,1.23E+00,1.37E+00,1.15E+00,1.10E+00,1.07E+00,1.20E+00,1.09E+00,1.09E+00,1.07E+00,1.08E+00,1.10E+00,1.05E+00,1.02E+00,1.09E+00,1.14E+00,1.11E+00,9.53E-01,1.08E+00,1.16E+00,1.13E+00,1.22E+00,1.09E+00,1.16E+00,1.06E+00,1.22E+00,1.12E+00,1.15E+00,1.12E+00,9.86E-01,1.18E+00,1.09E+00,1.05E+00,1.13E+00,1.24E+00,1.13E+00,1.28E+00,1.20E+00,1.09E+00,1.13E+00,1.23E+00,1.13E+00,1.17E+00,1.33E+00,1.29E+00,1.18E+00,1.08E+00,1.16E+00,1.19E+00,1.21E+00,1.17E+00,1.26E+00,8.28E-01,9.90E-01,8.99E-01,1.08E+00,1.26E+00,1.13E+00,1.16E+00,1.18E+00,1.32E+00,1.10E+00,1.15E+00,1.19E+00,1.27E+00,1.20E+00,1.36E+00,1.33E+00,1.31E+00,1.36E+00,1.13E+00,1.23E+00,1.38E+00,1.43E+00,1.10E+00,1.21E+00,1.29E+00,1.49E+00,1.13E+00,1.11E+00,1.25E+00,1.21E+00,9.67E-01,1.20E+00,1.35E+00,1.26E+00,1.11E+00,9.73E-01,1.00E+00,1.08E+00,1.14E+00,1.16E+00
016_S_5251,9.94E-01,7.16E-01,1.05E+00,8.60E-01,9.10E-01,1.07E+00,1.07E+00,1.08E+00,9.79E-01,1.07E+00,9.86E-01,1.11E+00,9.52E-01,9.70E-01,1.06E+00,1.02E+00,1.04E+00,1.08E+00,1.05E+00,1.02E+00,1.03E+00,1.16E+00,1.01E+00,1.11E+00,1.11E+00,1.09E+00,1.06E+00,1.06E+00,1.11E+00,1.12E+00,1.10E+00,1.02E+00,1.12E+00,1.08E+00,1.10E+00,1.05E+00,1.09E+00,1.09E+00,1.12E+00,1.09E+00,1.12E+00,1.06E+00,1.11E+00,1.00E+00,9.87E-01,1.08E+00,1.12E+00,1.17E+00,1.07E+00,1.00E+00,1.06E+00,1.08E+00,9.98E-01,1.10E+00,9.00E-01,8.56E-01,1.13E+00,1.16E+00,1.09E+00,1.08E+00,1.10E+00,1.19E+00,1.19E+00,1.14E+00,1.17E+00,9.78E-01,1.10E+00,1.12E+00,1.17E+00,1.18E+00,1.17E+00,1.20E+00,1.19E+00,8.91E-01,1.15E+00,1.17E+00,1.17E+00,1.12E+00,1.17E+00,1.04E+00,1.14E+00,1.04E+00,1.01E+00,1.07E+00,1.02E+00,1.09E+00,1.16E+00,1.13E+00,1.15E+00,1.17E+00,1.18E+00,1.03E+00,1.25E+00,1.16E+00,1.14E+00,1.17E+00,1.16E+00,1.06E+00,1.16E+00,1.03E+00,1.27E+00,1.26E+00,1.36E+00,1.33E+00,1.23E+00,1.25E+00,1.26E+00,1.09E+00,1.44E+00,1.21E+00,1.40E+00,1.16E+00,1.18E+00,1.18E+00,1.28E+00,1.21E+00,1.15E+00,1.19E+00,1.15E+00,1.18E+00,1.19E+00,1.12E+00,1.11E+00,1.19E+00,1.21E+00,9.77E-01,1.10E+00,1.20E+00,1.16E+00,1.19E+00,1.13E+00,1.15E+00,1.12E+00,1.22E+00,1.13E+00,1.20E+00,1.19E+00,9.82E-01,1.23E+00,1.17E+00,1.16E+00,1.23E+00,1.23E+00,1.15E+00,1.22E+00,1.21E+00,1.17E+00,1.16E+00,1.23E+00,1.09E+00,1.19E+00,1.26E+00,1.25E+00,1.11E+00,1.09E+00,1.15E+00,1.10E+00,1.13E+00,1.08E+00,1.19E+00,9.24E-01,1.09E+00,9.43E-01,1.11E+00,1.22E+00,1.20E+00,1.20E+00,1.23E+00,1.18E+00,1.06E+00,1.09E+00,1.16E+00,1.21E+00,1.20E+00,1.26E+00,1.24E+00,1.28E+00,1.22E+00,9.59E-01,1.12E+00,1.34E+00,1.35E+00,1.04E+00,1.16E+00,1.19E+00,1.30E+00,1.07E+00,1.07E+00,1.12E+00,1.20E+00,9.42E-01,1.16E+00,1.20E+00,1.20E+00,1.12E+00,9.66E-01,1.03E+00,1.06E+00,1.20E+00,1.24E+00
018_S_0043,9.87E-01,7.16E-01,1.04E+00,8.43E-01,8.82E-01,1.01E+00,1.01E+00,1.08E+00,9.22E-01,1.10E+00,9.53E-01,1.02E+00,9.27E-01,8.92E-01,9.80E-01,8.82E-01,9.64E-01,9.71E-01,9.57E-01,9.30E-01,1.02E+00,1.14E+00,1.00E+00,1.10E+00,1.08E+00,1.05E+00,1.05E+00,9.92E-01,1.09E+00,1.09E+00,1.08E+00,1.06E+00,1.01E+00,1.02E+00,1.01E+00,9.99E-01,9.69E-01,9.68E-01,1.07E+00,1.05E+00,1.02E+00,9.82E-01,1.09E+00,9.42E-01,1.01E+00,1.01E+00,1.12E+00,1.16E+00,1.09E+00,9.91E-01,1.03E+00,1.02E+00,9.58E-01,9.68E-01,9.16E-01,9.05E-01,1.15E+00,1.19E+00,1.06E+00,1.01E+00,1.11E+00,1.21E+00,1.24E+00,1.12E+00,1.17E+00,9.91E-01,1.14E+00,1.14E+00,1.19E+00,1.14E+00,1.18E+00,1.16E+00,1.13E+00,9.15E-01,1.18E+00,1.16E+00,1.19E+00,1.09E+00,1.23E+00,1.07E+00,1.13E+00,1.05E+00,9.95E-01,1.07E+00,1.07E+00,1.12E+00,1.17E+00,1.13E+00,1.13E+00,1.14E+00,1.17E+00,1.11E+00,1.13E+00,1.19E+00,1.20E+00,1.13E+00,1.09E+00,1.03E+00,1.15E+00,1.10E+00,1.25E+00,1.19E+00,1.29E+00,1.20E+00,1.17E+00,1.20E+00,1.13E+00,1.08E+00,1.46E+00,1.18E+00,1.36E+00,1.13E+00,1.08E+00,1.07E+00,1.14E+00,1.04E+00,1.02E+00,1.03E+00,1.04E+00,1.01E+00,9.37E-01,9.67E-01,1.06E+00,1.21E+00,1.17E+00,9.46E-01,1.07E+00,1.17E+00,1.12E+00,1.14E+00,1.14E+00,1.18E+00,1.09E+00,1.14E+00,1.09E+00,1.11E+00,1.13E+00,9.96E-01,1.01E+00,1.04E+00,1.06E+00,1.14E+00,1.13E+00,1.06E+00,1.13E+00,1.13E+00,1.06E+00,1.09E+00,1.12E+00,1.11E+00,1.14E+00,1.28E+00,1.18E+00,1.10E+00,1.07E+00,1.15E+00,1.07E+00,1.11E+00,1.12E+00,1.15E+00,9.31E-01,1.01E+00,9.54E-01,1.06E+00,1.21E+00,1.08E+00,1.11E+00,1.20E+00,1.18E+00,1.08E+00,1.12E+00,1.20E+00,1.25E+00,1.21E+00,1.21E+00,1.26E+00,1.20E+00,1.25E+00,1.11E+00,1.15E+00,1.37E+00,1.40E+00,1.08E+00,1.23E+00,1.15E+00,1.34E+00,1.06E+00,1.09E+00,1.17E+00,1.20E+00,1.01E+00,1.12E+00,1.28E+00,1.20E+00,1.11E+00,1.02E+00,1.08E+00,1.06E+00,1.20E+00,1.17E+00
018_S_0055,1.01E+00,7.40E-01,1.06E+00,8.53E-01,9.18E-01,1.04E+00,1.08E+00,1.11E+00,9.72E-01,1.13E+00,9.97E-01,1.08E+00,9.59E-01,9.45E-01,9.42E-01,9.35E-01,9.88E-01,9.76E-01,9.81E-01,9.09E-01,1.01E+00,1.14E+00,1.01E+00,1.10E+00,1.08E+00,1.08E+00,1.10E+00,1.04E+00,1.10E+00,1.10E+00,1.12E+00,1.13E+00,1.05E+00,1.05E+00,1.02E+00,9.85E-01,9.49E-01,9.83E-01,1.06E+00,1.07E+00,1.07E+00,1.02E+00,1.13E+00,9.94E-01,1.01E+00,1.07E+00,1.12E+00,1.17E+00,1.13E+00,1.01E+00,1.08E+00,1.10E+00,9.22E-01,1.02E+00,8.84E-01,8.82E-01,1.21E+00,1.14E+00,1.05E+00,9.84E-01,1.06E+00,1.21E+00,1.17E+00,1.13E+00,1.21E+00,9.75E-01,1.18E+00,1.16E+00,1.20E+00,1.21E+00,1.29E+00,1.26E+00,1.20E+00,9.26E-01,1.24E+00,1.14E+00,1.21E+00,1.13E+00,1.28E+00,1.12E+00,1.21E+00,1.07E+00,9.84E-01,1.12E+00,1.12E+00,1.16E+00,1.18E+00,1.22E+00,1.16E+00,1.19E+00,1.22E+00,1.19E+00,1.27E+00,1.23E+00,1.23E+00,1.23E+00,1.18E+00,1.10E+00,1.14E+00,1.12E+00,1.22E+00,1.21E+00,1.29E+00,1.24E+00,1.24E+00,1.28E+00,1.23E+00,1.04E+00,1.45E+00,1.30E+00,1.44E+00,1.16E+00,1.12E+00,1.10E+00,1.16E+00,1.10E+00,1.05E+00,1.05E+00,1.01E+00,1.12E+00,8.26E-01,7.55E-01,1.03E+00,1.21E+00,1.19E+00,9.80E-01,1.11E+00,1.18E+00,1.14E+00,1.20E+00,1.16E+00,1.22E+00,1.17E+00,1.15E+00,1.12E+00,1.15E+00,1.19E+00,1.04E+00,1.03E+00,1.04E+00,1.13E+00,1.19E+00,1.21E+00,1.18E+00,1.21E+00,1.25E+00,1.13E+00,1.19E+00,1.24E+00,9.54E-01,1.16E+00,1.29E+00,1.24E+00,1.19E+00,1.11E+00,1.14E+00,1.13E+00,1.17E+00,1.15E+00,1.19E+00,9.06E-01,1.06E+00,9.88E-01,1.12E+00,1.24E+00,1.12E+00,1.16E+00,1.26E+00,1.19E+00,1.08E+00,1.17E+00,1.22E+00,1.30E+00,1.15E+00,1.26E+00,1.25E+00,1.32E+00,1.36E+00,9.69E-01,1.15E+00,1.38E+00,1.39E+00,1.08E+00,1.27E+00,1.24E+00,1.46E+00,1.15E+00,1.09E+00,1.10E+00,1.23E+00,9.60E-01,1.10E+00,1.32E+00,1.27E+00,1.21E+00,1.04E+00,1.03E+00,1.13E+00,1.18E+00,1.20E+00
018_S_0286,9.92E-01,6.94E-01,1.06E+00,8.53E-01,8.98E-01,1.04E+00,1.06E+00,1.11E+00,9.36E-01,1.10E+00,9.75E-01,1.13E+00,9.35E-01,9.20E-01,1.03E+00,9.76E-01,9.88E-01,1.03E+00,1.03E+00,9.79E-01,1.06E+00,1.06E+00,9.95E-01,1.07E+00,9.50E-01,1.04E+00,1.08E+00,1.04E+00,1.04E+00,1.04E+00,1.06E+00,1.06E+00,1.04E+00,1.01E+00,1.01E+00,9.73E-01,1.02E+00,1.05E+00,1.06E+00,1.02E+00,1.12E+00,9.80E-01,1.08E+00,9.52E-01,9.68E-01,1.04E+00,9.34E-01,1.15E+00,1.04E+00,9.71E-01,1.05E+00,1.01E+00,9.19E-01,8.66E-01,8.66E-01,9.06E-01,1.01E+00,9.98E-01,9.96E-01,9.93E-01,1.12E+00,1.11E+00,1.07E+00,1.01E+00,1.10E+00,9.37E-01,8.65E-01,9.46E-01,1.07E+00,1.10E+00,1.12E+00,1.15E+00,1.23E+00,8.19E-01,9.58E-01,1.10E+00,1.15E+00,1.10E+00,1.16E+00,1.03E+00,1.10E+00,1.00E+00,8.21E-01,8.51E-01,9.96E-01,9.97E-01,9.88E-01,1.14E+00,1.15E+00,1.22E+00,1.19E+00,1.18E+00,1.07E+00,1.15E+00,1.14E+00,1.10E+00,1.07E+00,1.01E+00,9.53E-01,9.89E-01,1.30E+00,1.20E+00,1.27E+00,1.25E+00,1.28E+00,1.32E+00,1.24E+00,1.11E+00,1.56E+00,1.23E+00,1.40E+00,1.18E+00,1.14E+00,1.20E+00,1.36E+00,1.16E+00,1.10E+00,1.14E+00,1.17E+00,1.14E+00,1.22E+00,1.26E+00,1.09E+00,1.25E+00,1.16E+00,9.34E-01,1.08E+00,1.22E+00,1.16E+00,1.24E+00,1.13E+00,1.13E+00,1.19E+00,1.32E+00,1.11E+00,1.23E+00,1.13E+00,9.81E-01,1.29E+00,1.14E+00,1.11E+00,1.17E+00,1.26E+00,1.15E+00,1.24E+00,1.21E+00,1.24E+00,1.23E+00,1.29E+00,1.35E+00,1.15E+00,1.27E+00,1.21E+00,1.13E+00,1.03E+00,1.16E+00,1.10E+00,1.22E+00,1.10E+00,1.14E+00,8.91E-01,9.69E-01,9.43E-01,1.12E+00,1.16E+00,1.09E+00,1.20E+00,1.22E+00,1.19E+00,1.05E+00,1.05E+00,1.00E+00,1.18E+00,1.15E+00,1.26E+00,1.30E+00,1.19E+00,1.24E+00,1.25E+00,1.16E+00,1.43E+00,1.43E+00,1.03E+00,1.13E+00,1.26E+00,1.33E+00,1.05E+00,1.07E+00,1.19E+00,1.13E+00,9.33E-01,1.20E+00,1.30E+00,1.19E+00,1.06E+00,9.77E-01,1.13E+00,1.04E+00,1.14E+00,1.15E+00
018_S_4733,1.03E+00,7.55E-01,1.03E+00,8.86E-01,9.19E-01,9.98E-01,1.11E+00,1.10E+00,9.87E-01,1.10E+00,1.00E+00,1.05E+00,9.89E-01,9.81E-01,1.06E+00,1.01E+00,1.05E+00,1.09E+00,1.09E+00,1.04E+00,9.91E-01,1.15E+00,1.06E+00,1.14E+00,1.05E+00,1.12E+00,1.17E+00,1.07E+00,1.14E+00,1.10E+00,1.04E+00,1.01E+00,1.00E+00,9.64E-01,9.78E-01,1.01E+00,1.08E+00,1.04E+00,1.11E+00,1.08E+00,1.19E+00,1.05E+00,1.11E+00,9.78E-01,1.03E+00,1.10E+00,9.86E-01,1.11E+00,1.11E+00,9.87E-01,1.14E+00,1.12E+00,1.01E+00,1.00E+00,9.39E-01,9.27E-01,1.09E+00,9.33E-01,9.14E-01,9.49E-01,1.04E+00,1.17E+00,1.15E+00,1.08E+00,1.17E+00,9.76E-01,1.05E+00,9.54E-01,1.07E+00,1.16E+00,1.17E+00,1.08E+00,1.07E+00,8.72E-01,9.53E-01,1.03E+00,1.05E+00,1.10E+00,1.04E+00,1.12E+00,1.18E+00,1.07E+00,1.05E+00,1.06E+00,1.03E+00,1.08E+00,1.03E+00,1.10E+00,1.06E+00,1.15E+00,1.14E+00,1.25E+00,1.22E+00,1.19E+00,1.21E+00,1.00E+00,1.11E+00,1.05E+00,1.08E+00,1.02E+00,1.41E+00,1.09E+00,1.16E+00,1.10E+00,1.07E+00,1.14E+00,1.18E+00,1.07E+00,1.39E+00,1.19E+00,1.31E+00,1.11E+00,1.19E+00,1.23E+00,1.23E+00,1.18E+00,1.13E+00,1.20E+00,1.20E+00,1.21E+00,1.21E+00,1.28E+00,1.17E+00,1.26E+00,1.19E+00,1.03E+00,1.16E+00,1.25E+00,1.22E+00,1.31E+00,1.12E+00,1.05E+00,1.10E+00,9.82E-01,9.38E-01,9.74E-01,1.24E+00,1.04E+00,1.04E+00,1.06E+00,1.14E+00,1.13E+00,1.22E+00,1.20E+00,1.24E+00,1.23E+00,1.13E+00,1.17E+00,1.10E+00,1.25E+00,1.05E+00,1.21E+00,1.13E+00,1.18E+00,1.10E+00,9.84E-01,1.19E+00,1.24E+00,1.17E+00,1.17E+00,9.67E-01,1.03E+00,1.01E+00,1.16E+00,9.66E-01,9.84E-01,1.09E+00,1.19E+00,1.14E+00,1.02E+00,1.08E+00,1.04E+00,9.81E-01,9.86E-01,1.12E+00,1.15E+00,1.25E+00,1.15E+00,1.12E+00,1.09E+00,1.15E+00,1.05E+00,1.01E+00,1.02E+00,1.01E+00,1.19E+00,1.06E+00,1.01E+00,1.04E+00,1.14E+00,1.02E+00,1.06E+00,1.26E+00,9.86E-01,1.04E+00,1.09E+00,1.11E+00,1.12E+00,1.04E+00,1.14E+00
019_S_5012,1.02E+00,7.36E-01,1.09E+00,9.01E-01,9.66E-01,1.08E+00,1.13E+00,1.13E+00,1.01E+00,1.18E+00,1.03E+00,1.15E+00,1.02E+00,1.03E+00,1.06E+00,1.07E+00,1.06E+00,1.11E+00,1.11E+00,1.05E+00,1.00E+00,1.15E+00,1.07E+00,1.15E+00,1.07E+00,1.08E+00,1.22E+00,1.12E+00,1.10E+00,1.11E+00,1.12E+00,1.10E+00,1.10E+00,1.09E+00,1.08E+00,1.02E+00,1.11E+00,1.03E+00,1.13E+00,1.12E+00,1.14E+00,1.07E+00,1.14E+00,9.96E-01,1.07E+00,1.08E+00,1.04E+00,1.16E+00,1.13E+00,1.04E+00,1.11E+00,1.13E+00,1.06E+00,1.10E+00,1.00E+00,9.09E-01,1.17E+00,1.06E+00,1.08E+00,1.03E+00,1.12E+00,1.19E+00,1.14E+00,1.15E+00,1.17E+00,1.04E+00,1.12E+00,1.09E+00,1.12E+00,1.18E+00,1.15E+00,1.25E+00,1.22E+00,9.35E-01,1.09E+00,1.19E+00,1.19E+00,1.16E+00,1.22E+00,1.11E+00,1.18E+00,1.08E+00,1.04E+00,1.10E+00,1.16E+00,1.13E+00,1.08E+00,1.16E+00,1.12E+00,1.21E+00,1.24E+00,1.11E+00,1.25E+00,1.20E+00,1.20E+00,1.15E+00,1.18E+00,1.06E+00,1.17E+00,1.11E+00,1.30E+00,1.26E+00,1.31E+00,1.36E+00,1.25E+00,1.37E+00,1.17E+00,1.17E+00,1.57E+00,1.34E+00,1.46E+00,1.27E+00,1.21E+00,1.22E+00,1.27E+00,1.19E+00,1.14E+00,1.22E+00,1.25E+00,1.22E+00,1.13E+00,1.21E+00,1.19E+00,1.16E+00,1.26E+00,1.03E+00,1.17E+00,1.25E+00,1.23E+00,1.35E+00,1.15E+00,1.20E+00,1.19E+00,1.26E+00,1.07E+00,1.17E+00,1.20E+00,1.11E+00,1.10E+00,1.13E+00,1.18E+00,1.19E+00,1.21E+00,1.22E+00,1.29E+00,1.26E+00,1.14E+00,1.17E+00,1.13E+00,1.25E+00,1.13E+00,1.26E+00,1.24E+00,1.19E+00,1.10E+00,9.59E-01,1.16E+00,1.24E+00,1.11E+00,1.19E+00,1.00E+00,1.13E+00,1.04E+00,1.20E+00,1.11E+00,1.15E+00,1.19E+00,1.17E+00,1.14E+00,1.08E+00,1.15E+00,1.13E+00,1.15E+00,1.12E+00,1.21E+00,1.24E+00,1.28E+00,1.22E+00,1.09E+00,1.25E+00,1.34E+00,1.23E+00,1.09E+00,1.16E+00,1.24E+00,1.29E+00,1.01E+00,1.07E+00,1.00E+00,1.25E+00,1.01E+00,1.19E+00,1.28E+00,1.19E+00,1.15E+00,1.12E+00,1.11E+00,1.16E+00,1.21E+00,1.24E+00
019_S_5019,9.67E-01,6.74E-01,1.05E+00,8.36E-01,8.66E-01,1.02E+00,1.07E+00,1.09E+00,9.47E-01,1.07E+00,9.58E-01,1.10E+00,9.38E-01,9.22E-01,1.03E+00,9.97E-01,9.87E-01,1.03E+00,1.07E+00,1.00E+00,1.07E+00,1.18E+00,1.03E+00,1.14E+00,1.08E+00,1.08E+00,1.23E+00,1.06E+00,1.08E+00,9.93E-01,1.01E+00,9.54E-01,1.02E+00,9.93E-01,1.05E+00,9.79E-01,1.04E+00,1.02E+00,1.10E+00,1.08E+00,1.10E+00,1.02E+00,1.13E+00,9.10E-01,9.68E-01,1.07E+00,1.08E+00,1.20E+00,1.12E+00,9.67E-01,1.10E+00,1.06E+00,9.50E-01,1.01E+00,8.92E-01,8.63E-01,1.07E+00,1.05E+00,1.02E+00,9.90E-01,1.09E+00,1.22E+00,1.18E+00,1.09E+00,1.14E+00,9.92E-01,1.07E+00,1.08E+00,1.21E+00,1.23E+00,1.22E+00,1.11E+00,1.18E+00,8.77E-01,1.11E+00,1.14E+00,1.10E+00,1.10E+00,1.16E+00,1.05E+00,1.19E+00,1.05E+00,1.04E+00,1.10E+00,1.08E+00,1.12E+00,1.15E+00,1.22E+00,1.25E+00,1.17E+00,1.26E+00,1.18E+00,1.20E+00,1.25E+00,1.34E+00,1.13E+00,1.13E+00,1.03E+00,1.16E+00,1.07E+00,1.40E+00,9.69E-01,1.22E+00,1.14E+00,9.32E-01,1.12E+00,1.14E+00,1.10E+00,1.43E+00,1.18E+00,1.33E+00,1.05E+00,1.18E+00,1.17E+00,1.24E+00,1.18E+00,1.02E+00,1.13E+00,1.14E+00,1.13E+00,1.02E+00,1.18E+00,1.14E+00,1.21E+00,1.11E+00,9.36E-01,1.09E+00,1.17E+00,1.15E+00,1.31E+00,1.10E+00,9.83E-01,9.58E-01,1.12E+00,9.44E-01,9.43E-01,1.21E+00,9.43E-01,1.09E+00,1.09E+00,1.06E+00,1.07E+00,1.19E+00,1.19E+00,1.24E+00,1.17E+00,1.13E+00,1.16E+00,1.15E+00,1.10E+00,1.02E+00,1.23E+00,1.19E+00,1.06E+00,1.05E+00,1.11E+00,1.08E+00,1.11E+00,1.09E+00,1.17E+00,9.18E-01,9.74E-01,9.20E-01,1.13E+00,9.37E-01,1.03E+00,1.15E+00,1.16E+00,1.18E+00,9.99E-01,1.02E+00,9.68E-01,9.93E-01,1.00E+00,1.18E+00,1.17E+00,1.18E+00,1.22E+00,1.12E+00,1.14E+00,1.20E+00,1.29E+00,9.99E-01,1.03E+00,1.16E+00,1.22E+00,1.01E+00,1.02E+00,1.06E+00,1.11E+00,8.90E-01,1.16E+00,1.33E+00,9.67E-01,8.90E-01,9.97E-01,9.94E-01,1.08E+00,1.05E+00,1.11E+00
020_S_0097,8.96E-01,6.53E-01,9.45E-01,7.68E-01,8.33E-01,9.71E-01,9.97E-01,1.01E+00,9.05E-01,1.05E+00,9.32E-01,1.05E+00,8.92E-01,8.63E-01,9.35E-01,8.94E-01,9.30E-01,9.68E-01,9.25E-01,9.09E-01,1.03E+00,1.16E+00,1.02E+00,1.07E+00,1.07E+00,1.04E+00,1.02E+00,1.02E+00,1.03E+00,9.84E-01,9.99E-01,1.02E+00,1.03E+00,9.85E-01,1.03E+00,9.91E-01,9.68E-01,9.71E-01,1.07E+00,1.10E+00,1.07E+00,9.73E-01,1.10E+00,8.90E-01,9.51E-01,9.95E-01,1.15E+00,1.19E+00,1.07E+00,9.40E-01,1.02E+00,1.05E+00,9.08E-01,9.50E-01,8.78E-01,8.66E-01,1.10E+00,1.20E+00,1.10E+00,1.05E+00,1.03E+00,1.26E+00,1.20E+00,1.06E+00,1.20E+00,9.60E-01,1.11E+00,1.17E+00,1.22E+00,1.20E+00,1.25E+00,1.19E+00,1.20E+00,8.59E-01,1.18E+00,1.18E+00,1.17E+00,1.12E+00,1.26E+00,1.05E+00,1.15E+00,1.02E+00,9.93E-01,1.11E+00,1.06E+00,1.14E+00,1.20E+00,1.17E+00,1.17E+00,1.15E+00,1.15E+00,1.12E+00,1.19E+00,1.25E+00,1.28E+00,1.13E+00,1.12E+00,1.03E+00,1.16E+00,1.06E+00,1.18E+00,1.11E+00,1.16E+00,1.19E+00,1.12E+00,1.24E+00,9.72E-01,1.05E+00,1.36E+00,1.24E+00,1.34E+00,1.08E+00,1.06E+00,1.10E+00,1.27E+00,1.05E+00,1.04E+00,1.05E+00,1.07E+00,1.08E+00,1.04E+00,1.11E+00,1.07E+00,1.17E+00,1.20E+00,9.33E-01,1.07E+00,1.13E+00,1.09E+00,1.16E+00,1.10E+00,1.07E+00,1.07E+00,1.20E+00,1.06E+00,1.16E+00,1.09E+00,1.04E+00,1.22E+00,1.08E+00,1.04E+00,1.16E+00,1.21E+00,1.09E+00,1.19E+00,1.14E+00,1.13E+00,1.20E+00,1.31E+00,1.28E+00,1.17E+00,1.18E+00,1.18E+00,1.09E+00,1.04E+00,1.14E+00,1.09E+00,1.09E+00,1.13E+00,1.12E+00,9.52E-01,1.08E+00,9.78E-01,1.09E+00,1.27E+00,1.09E+00,1.11E+00,1.19E+00,1.17E+00,1.09E+00,1.14E+00,1.22E+00,1.34E+00,1.26E+00,1.28E+00,1.25E+00,1.19E+00,1.22E+00,1.29E+00,1.15E+00,1.50E+00,1.53E+00,1.12E+00,1.25E+00,1.16E+00,1.44E+00,1.10E+00,1.07E+00,1.14E+00,1.25E+00,9.27E-01,1.11E+00,1.27E+00,1.25E+00,1.07E+00,1.05E+00,1.05E+00,1.05E+00,1.17E+00,1.12E+00
020_S_0213,9.81E-01,7.30E-01,1.01E+00,8.35E-01,8.50E-01,8.89E-01,1.09E+00,1.10E+00,9.46E-01,1.12E+00,9.63E-01,1.02E+00,9.72E-01,9.43E-01,1.03E+00,9.91E-01,9.77E-01,1.05E+00,1.06E+00,9.69E-01,1.04E+00,1.18E+00,1.04E+00,1.15E+00,9.85E-01,9.89E-01,1.18E+00,1.06E+00,8.84E-01,8.24E-01,8.76E-01,7.34E-01,7.70E-01,8.08E-01,9.86E-01,9.57E-01,8.44E-01,9.19E-01,1.05E+00,9.93E-01,1.15E+00,1.04E+00,1.13E+00,9.60E-01,1.01E+00,1.10E+00,8.82E-01,1.16E+00,1.16E+00,1.00E+00,1.11E+00,1.10E+00,9.30E-01,9.15E-01,8.58E-01,8.53E-01,8.84E-01,7.01E-01,8.72E-01,8.24E-01,9.49E-01,1.21E+00,1.09E+00,1.09E+00,1.12E+00,9.57E-01,8.49E-01,8.24E-01,1.06E+00,1.17E+00,1.23E+00,9.44E-01,8.85E-01,8.67E-01,7.24E-01,1.03E+00,9.68E-01,1.02E+00,9.27E-01,1.10E+00,1.18E+00,1.11E+00,8.99E-01,8.61E-01,1.02E+00,9.99E-01,8.98E-01,1.22E+00,1.19E+00,1.19E+00,1.18E+00,1.24E+00,1.24E+00,1.22E+00,1.25E+00,7.82E-01,1.09E+00,9.82E-01,1.02E+00,8.60E-01,1.31E+00,1.19E+00,1.13E+00,1.23E+00,1.18E+00,1.22E+00,1.12E+00,1.19E+00,1.41E+00,1.37E+00,1.36E+00,1.22E+00,1.15E+00,1.25E+00,1.23E+00,1.15E+00,1.05E+00,1.19E+00,1.10E+00,1.24E+00,1.15E+00,1.19E+00,1.18E+00,1.41E+00,1.32E+00,1.02E+00,1.15E+00,1.27E+00,1.25E+00,1.31E+00,1.12E+00,1.04E+00,9.89E-01,9.54E-01,8.85E-01,9.62E-01,1.21E+00,9.90E-01,9.77E-01,1.05E+00,1.12E+00,1.30E+00,1.25E+00,1.14E+00,1.33E+00,1.33E+00,1.17E+00,1.22E+00,1.09E+00,1.24E+00,1.20E+00,1.36E+00,1.31E+00,1.22E+00,1.14E+00,1.24E+00,1.21E+00,1.25E+00,1.28E+00,1.29E+00,1.02E+00,1.10E+00,1.02E+00,1.19E+00,9.23E-01,1.10E+00,1.23E+00,1.31E+00,1.29E+00,1.09E+00,1.16E+00,1.02E+00,9.50E-01,1.11E+00,1.23E+00,1.26E+00,1.26E+00,1.35E+00,1.22E+00,1.17E+00,1.22E+00,9.67E-01,1.10E+00,1.01E+00,1.23E+00,1.13E+00,1.20E+00,1.13E+00,1.26E+00,1.28E+00,1.08E+00,1.30E+00,1.44E+00,1.05E+00,1.11E+00,1.11E+00,1.19E+00,1.08E+00,1.15E+00,1.24E+00
021_S_0159,9.92E-01,7.06E-01,1.04E+00,8.76E-01,9.30E-01,1.10E+00,1.08E+00,1.07E+00,9.74E-01,1.07E+00,9.67E-01,1.12E+00,9.32E-01,9.77E-01,1.07E+00,1.01E+00,1.01E+00,1.03E+00,1.05E+00,1.03E+00,9.32E-01,1.17E+00,1.01E+00,1.06E+00,1.09E+00,1.03E+00,1.12E+00,1.07E+00,1.07E+00,1.07E+00,1.10E+00,1.19E+00,1.18E+00,1.07E+00,1.07E+00,1.00E+00,1.08E+00,1.10E+00,1.13E+00,1.10E+00,1.06E+00,1.01E+00,1.09E+00,9.70E-01,9.91E-01,1.02E+00,1.13E+00,1.15E+00,1.08E+00,9.91E-01,1.04E+00,1.08E+00,9.52E-01,1.00E+00,8.82E-01,8.42E-01,1.19E+00,1.28E+00,1.09E+00,1.09E+00,1.14E+00,1.14E+00,1.04E+00,1.08E+00,1.19E+00,9.98E-01,1.16E+00,1.20E+00,1.09E+00,1.21E+00,1.17E+00,1.27E+00,1.35E+00,9.29E-01,1.23E+00,1.12E+00,1.21E+00,1.13E+00,1.18E+00,1.03E+00,1.16E+00,1.05E+00,9.93E-01,1.12E+00,1.08E+00,1.12E+00,1.16E+00,1.16E+00,1.12E+00,1.11E+00,1.14E+00,1.05E+00,1.17E+00,1.10E+00,1.14E+00,1.27E+00,1.13E+00,1.08E+00,1.11E+00,1.06E+00,1.16E+00,1.20E+00,1.20E+00,1.19E+00,1.22E+00,1.28E+00,1.13E+00,1.03E+00,1.33E+00,1.20E+00,1.32E+00,1.15E+00,1.10E+00,1.15E+00,1.26E+00,1.22E+00,1.19E+00,1.26E+00,1.21E+00,1.23E+00,1.25E+00,1.27E+00,1.26E+00,1.04E+00,1.18E+00,9.27E-01,1.06E+00,1.08E+00,1.08E+00,1.23E+00,1.08E+00,1.18E+00,1.21E+00,1.33E+00,1.13E+00,1.34E+00,1.14E+00,1.09E+00,1.34E+00,1.23E+00,1.17E+00,1.09E+00,1.18E+00,1.07E+00,1.09E+00,1.13E+00,1.14E+00,1.17E+00,1.36E+00,1.18E+00,1.15E+00,1.24E+00,1.21E+00,1.07E+00,1.05E+00,1.11E+00,1.16E+00,1.08E+00,1.06E+00,1.19E+00,8.63E-01,1.02E+00,9.07E-01,1.05E+00,1.36E+00,1.14E+00,1.32E+00,1.11E+00,1.12E+00,1.07E+00,1.11E+00,1.20E+00,1.34E+00,1.22E+00,1.24E+00,1.10E+00,1.25E+00,1.26E+00,1.21E+00,1.23E+00,1.37E+00,1.55E+00,1.16E+00,1.24E+00,1.28E+00,1.50E+00,1.06E+00,1.04E+00,1.06E+00,1.19E+00,9.26E-01,1.15E+00,1.15E+00,1.26E+00,1.16E+00,9.88E-01,9.64E-01,1.01E+00,1.14E+00,1.13E+00
021_S_0984,9.22E-01,6.49E-01,9.59E-01,7.91E-01,8.29E-01,9.84E-01,1.02E+00,1.05E+00,9.33E-01,1.07E+00,1.00E+00,1.07E+00,9.49E-01,9.57E-01,1.08E+00,1.07E+00,1.03E+00,1.14E+00,1.08E+00,1.03E+00,8.07E-01,9.72E-01,9.52E-01,1.07E+00,1.07E+00,1.04E+00,1.14E+00,1.07E+00,1.02E+00,1.01E+00,1.06E+00,1.04E+00,1.05E+00,1.04E+00,1.05E+00,1.01E+00,1.01E+00,1.06E+00,1.15E+00,1.04E+00,1.05E+00,9.45E-01,1.08E+00,9.42E-01,9.98E-01,1.14E+00,1.05E+00,1.24E+00,1.06E+00,9.59E-01,1.10E+00,1.09E+00,9.78E-01,9.82E-01,9.42E-01,8.54E-01,1.13E+00,1.14E+00,1.09E+00,1.04E+00,1.19E+00,1.28E+00,1.23E+00,1.13E+00,1.30E+00,1.00E+00,1.14E+00,1.15E+00,1.20E+00,1.22E+00,1.25E+00,1.25E+00,1.19E+00,8.84E-01,1.14E+00,1.25E+00,1.14E+00,1.12E+00,1.16E+00,1.08E+00,1.18E+00,1.04E+00,9.80E-01,1.06E+00,9.98E-01,1.14E+00,1.15E+00,1.16E+00,1.23E+00,1.22E+00,1.22E+00,1.10E+00,1.22E+00,1.07E+00,1.24E+00,1.17E+00,1.14E+00,9.70E-01,1.12E+00,1.13E+00,1.31E+00,1.26E+00,1.26E+00,1.36E+00,1.31E+00,1.33E+00,1.22E+00,1.18E+00,1.47E+00,1.26E+00,1.39E+00,1.15E+00,1.29E+00,1.25E+00,1.40E+00,1.31E+00,1.26E+00,1.28E+00,1.31E+00,1.30E+00,1.26E+00,1.35E+00,1.24E+00,1.05E+00,1.17E+00,9.64E-01,1.14E+00,1.22E+00,1.21E+00,1.29E+00,1.16E+00,1.26E+00,1.28E+00,1.29E+00,1.25E+00,1.29E+00,1.24E+00,1.04E+00,1.30E+00,1.25E+00,1.18E+00,1.22E+00,1.34E+00,1.16E+00,1.20E+00,1.18E+00,1.24E+00,1.16E+00,1.28E+00,1.34E+00,1.25E+00,1.33E+00,1.32E+00,1.17E+00,1.09E+00,1.16E+00,1.15E+00,1.17E+00,1.12E+00,1.27E+00,9.16E-01,1.02E+00,1.00E+00,1.11E+00,1.28E+00,1.27E+00,1.20E+00,1.30E+00,1.30E+00,1.11E+00,1.10E+00,1.21E+00,1.36E+00,1.34E+00,1.40E+00,1.38E+00,1.31E+00,1.26E+00,1.24E+00,1.21E+00,1.45E+00,1.47E+00,1.14E+00,1.29E+00,1.29E+00,1.38E+00,1.08E+00,1.06E+00,1.12E+00,1.21E+00,9.14E-01,1.24E+00,1.34E+00,1.31E+00,1.12E+00,1.04E+00,9.73E-01,1.13E+00,1.20E+00,1.29E+00
021_S_1109,9.67E-01,7.14E-01,9.94E-01,8.48E-01,8.75E-01,9.55E-01,1.05E+00,1.01E+00,9.50E-01,1.08E+00,9.49E-01,1.06E+00,9.27E-01,9.10E-01,9.27E-01,8.71E-01,9.65E-01,9.37E-01,9.75E-01,9.50E-01,9.50E-01,1.06E+00,9.87E-01,1.09E+00,1.06E+00,9.98E-01,1.06E+00,9.70E-01,1.08E+00,1.00E+00,1.02E+00,1.02E+00,9.71E-01,1.00E+00,9.83E-01,9.58E-01,8.92E-01,9.20E-01,1.06E+00,1.02E+00,1.14E+00,9.92E-01,1.08E+00,9.62E-01,9.69E-01,1.04E+00,1.09E+00,1.20E+00,1.09E+00,9.90E-01,1.06E+00,1.02E+00,9.03E-01,9.14E-01,8.58E-01,8.80E-01,1.11E+00,1.11E+00,1.03E+00,1.01E+00,9.63E-01,1.24E+00,1.16E+00,1.03E+00,1.15E+00,9.89E-01,1.09E+00,1.12E+00,1.10E+00,1.18E+00,1.19E+00,1.03E+00,1.12E+00,8.91E-01,1.13E+00,1.10E+00,1.08E+00,1.05E+00,1.11E+00,1.06E+00,1.14E+00,1.05E+00,9.88E-01,1.07E+00,9.99E-01,1.14E+00,1.15E+00,1.17E+00,1.14E+00,1.18E+00,1.11E+00,1.19E+00,1.16E+00,1.22E+00,1.29E+00,1.02E+00,1.10E+00,1.04E+00,1.15E+00,1.07E+00,1.26E+00,1.19E+00,1.27E+00,1.24E+00,1.15E+00,1.33E+00,1.07E+00,1.10E+00,1.38E+00,1.23E+00,1.23E+00,1.13E+00,1.12E+00,1.10E+00,1.22E+00,1.09E+00,1.03E+00,9.93E-01,1.07E+00,1.02E+00,1.01E+00,1.10E+00,1.10E+00,1.16E+00,1.19E+00,9.34E-01,1.07E+00,1.15E+00,1.10E+00,1.22E+00,1.11E+00,1.16E+00,1.14E+00,1.16E+00,1.08E+00,1.08E+00,1.08E+00,1.03E+00,1.14E+00,9.63E-01,1.11E+00,1.16E+00,1.20E+00,1.16E+00,1.21E+00,1.19E+00,1.15E+00,1.15E+00,1.17E+00,1.07E+00,1.16E+00,1.31E+00,1.28E+00,1.13E+00,1.09E+00,1.13E+00,1.06E+00,1.18E+00,1.16E+00,1.24E+00,8.24E-01,8.65E-01,8.25E-01,1.06E+00,1.15E+00,1.07E+00,1.05E+00,1.23E+00,1.23E+00,1.06E+00,1.08E+00,1.12E+00,1.21E+00,1.22E+00,1.24E+00,1.25E+00,1.20E+00,1.25E+00,9.05E-01,1.12E+00,1.29E+00,1.29E+00,1.07E+00,1.23E+00,1.17E+00,1.19E+00,1.10E+00,1.06E+00,1.17E+00,1.23E+00,8.22E-01,1.10E+00,1.33E+00,1.23E+00,1.06E+00,1.04E+00,1.02E+00,1.08E+00,1.20E+00,1.15E+00
021_S_4718,1.07E+00,7.21E-01,1.05E+00,8.70E-01,9.21E-01,1.05E+00,1.10E+00,1.13E+00,9.67E-01,1.11E+00,9.85E-01,1.12E+00,9.52E-01,9.33E-01,1.03E+00,9.56E-01,9.87E-01,1.08E+00,1.05E+00,9.93E-01,1.01E+00,1.16E+00,1.00E+00,1.17E+00,1.11E+00,1.06E+00,1.13E+00,1.12E+00,1.11E+00,1.09E+00,1.10E+00,1.08E+00,1.08E+00,9.77E-01,1.02E+00,9.76E-01,1.00E+00,9.91E-01,1.15E+00,1.06E+00,1.05E+00,9.93E-01,1.13E+00,9.91E-01,1.01E+00,1.10E+00,1.06E+00,1.22E+00,1.09E+00,1.00E+00,1.09E+00,1.05E+00,9.24E-01,9.58E-01,8.79E-01,8.51E-01,1.10E+00,1.11E+00,9.90E-01,9.64E-01,1.02E+00,1.23E+00,1.19E+00,1.09E+00,1.24E+00,1.01E+00,1.06E+00,1.14E+00,1.33E+00,1.25E+00,1.26E+00,1.27E+00,1.21E+00,9.04E-01,1.16E+00,1.16E+00,1.15E+00,1.08E+00,1.16E+00,1.07E+00,1.24E+00,1.07E+00,1.04E+00,1.06E+00,1.16E+00,1.13E+00,1.17E+00,1.22E+00,1.19E+00,1.21E+00,1.29E+00,1.17E+00,1.22E+00,1.27E+00,1.34E+00,1.14E+00,1.10E+00,9.96E-01,1.16E+00,1.05E+00,1.42E+00,1.09E+00,1.26E+00,1.23E+00,1.19E+00,1.26E+00,1.21E+00,1.12E+00,1.47E+00,1.23E+00,1.35E+00,1.16E+00,1.01E+00,1.16E+00,1.24E+00,9.69E-01,9.90E-01,1.15E+00,1.07E+00,1.16E+00,1.06E+00,1.15E+00,1.06E+00,1.13E+00,1.08E+00,9.35E-01,1.06E+00,1.15E+00,1.15E+00,1.18E+00,1.07E+00,1.07E+00,1.01E+00,1.01E+00,9.85E-01,1.01E+00,1.16E+00,9.85E-01,1.06E+00,1.03E+00,1.04E+00,1.10E+00,1.14E+00,1.16E+00,1.16E+00,1.20E+00,1.09E+00,1.13E+00,1.09E+00,1.13E+00,1.08E+00,1.27E+00,1.29E+00,1.14E+00,1.09E+00,1.02E+00,1.13E+00,1.18E+00,1.07E+00,1.26E+00,8.41E-01,8.81E-01,8.36E-01,1.09E+00,9.71E-01,9.83E-01,1.13E+00,1.20E+00,1.16E+00,1.02E+00,9.69E-01,9.64E-01,1.02E+00,1.05E+00,1.24E+00,1.17E+00,1.26E+00,1.31E+00,1.09E+00,1.18E+00,1.18E+00,1.19E+00,1.05E+00,1.03E+00,1.20E+00,1.22E+00,1.00E+00,1.05E+00,1.11E+00,1.14E+00,8.48E-01,1.25E+00,1.36E+00,1.03E+00,1.07E+00,1.03E+00,1.05E+00,1.07E+00,9.89E-01,1.01E+00
021_S_4924,1.11E+00,7.25E-01,1.14E+00,9.16E-01,9.70E-01,1.14E+00,1.14E+00,1.24E+00,9.97E-01,1.18E+00,1.08E+00,1.25E+00,1.01E+00,1.03E+00,1.10E+00,1.02E+00,1.05E+00,1.16E+00,1.13E+00,1.07E+00,1.03E+00,1.25E+00,1.03E+00,1.11E+00,1.20E+00,1.15E+00,1.19E+00,1.14E+00,1.10E+00,1.08E+00,1.20E+00,1.07E+00,1.12E+00,1.03E+00,1.10E+00,1.05E+00,1.07E+00,1.06E+00,1.17E+00,1.14E+00,1.08E+00,1.02E+00,1.08E+00,9.41E-01,1.01E+00,1.12E+00,1.08E+00,1.18E+00,1.04E+00,9.39E-01,1.02E+00,1.00E+00,8.93E-01,9.63E-01,8.46E-01,8.37E-01,1.05E+00,1.09E+00,1.02E+00,1.06E+00,1.15E+00,1.17E+00,1.19E+00,1.05E+00,1.16E+00,1.00E+00,9.03E-01,1.06E+00,1.17E+00,1.07E+00,1.09E+00,1.25E+00,1.29E+00,8.99E-01,1.09E+00,1.19E+00,1.14E+00,1.08E+00,1.21E+00,9.80E-01,1.11E+00,9.87E-01,8.90E-01,9.41E-01,1.08E+00,1.11E+00,1.16E+00,1.08E+00,1.11E+00,1.10E+00,1.17E+00,1.06E+00,1.15E+00,1.16E+00,1.20E+00,1.20E+00,1.12E+00,1.01E+00,1.19E+00,1.10E+00,1.35E+00,1.28E+00,1.32E+00,1.38E+00,1.42E+00,1.49E+00,1.23E+00,1.13E+00,1.67E+00,1.33E+00,1.59E+00,1.25E+00,1.19E+00,1.15E+00,1.23E+00,1.21E+00,1.07E+00,1.17E+00,1.24E+00,1.18E+00,1.13E+00,1.23E+00,1.18E+00,1.25E+00,1.29E+00,9.85E-01,1.08E+00,1.10E+00,1.06E+00,1.23E+00,1.16E+00,1.28E+00,1.24E+00,1.19E+00,1.12E+00,1.19E+00,1.02E+00,9.98E-01,1.18E+00,1.13E+00,1.05E+00,1.03E+00,1.09E+00,9.80E-01,9.87E-01,9.64E-01,1.03E+00,1.06E+00,1.12E+00,1.00E+00,1.01E+00,1.01E+00,1.05E+00,1.03E+00,9.53E-01,8.88E-01,9.98E-01,9.67E-01,9.43E-01,9.92E-01,8.92E-01,1.06E+00,8.81E-01,1.14E+00,1.19E+00,1.01E+00,1.06E+00,9.75E-01,1.05E+00,9.85E-01,1.06E+00,1.17E+00,1.11E+00,1.03E+00,1.07E+00,1.06E+00,1.04E+00,1.07E+00,9.13E-01,1.01E+00,1.44E+00,1.31E+00,9.99E-01,1.10E+00,1.08E+00,1.32E+00,9.39E-01,9.19E-01,8.45E-01,1.20E+00,9.31E-01,9.56E-01,1.01E+00,1.25E+00,1.15E+00,1.05E+00,1.16E+00,1.03E+00,1.23E+00,1.24E+00
022_S_0014,1.03E+00,7.20E-01,1.07E+00,8.53E-01,9.08E-01,1.05E+00,1.09E+00,1.13E+00,9.52E-01,1.10E+00,9.89E-01,1.07E+00,9.40E-01,9.32E-01,9.94E-01,9.45E-01,1.00E+00,1.03E+00,9.85E-01,9.82E-01,1.04E+00,1.13E+00,1.01E+00,1.09E+00,1.08E+00,1.06E+00,1.05E+00,9.86E-01,1.11E+00,1.08E+00,1.04E+00,1.09E+00,1.09E+00,1.04E+00,1.04E+00,1.01E+00,1.04E+00,1.00E+00,1.11E+00,1.08E+00,1.14E+00,1.02E+00,1.17E+00,9.76E-01,1.01E+00,1.07E+00,1.09E+00,1.23E+00,1.10E+00,9.77E-01,1.10E+00,1.11E+00,9.38E-01,9.96E-01,9.12E-01,9.52E-01,1.16E+00,1.22E+00,1.08E+00,1.07E+00,1.19E+00,1.27E+00,1.27E+00,1.12E+00,1.20E+00,1.00E+00,1.15E+00,1.14E+00,1.18E+00,1.24E+00,1.29E+00,1.28E+00,1.21E+00,8.94E-01,1.17E+00,1.22E+00,1.21E+00,1.14E+00,1.20E+00,1.10E+00,1.21E+00,1.05E+00,9.78E-01,1.11E+00,1.03E+00,1.16E+00,1.15E+00,1.21E+00,1.22E+00,1.19E+00,1.19E+00,1.18E+00,1.25E+00,1.26E+00,1.31E+00,1.11E+00,1.11E+00,1.05E+00,1.17E+00,1.15E+00,1.30E+00,1.22E+00,1.25E+00,1.23E+00,1.21E+00,1.23E+00,1.18E+00,1.09E+00,1.53E+00,1.30E+00,1.44E+00,1.14E+00,1.15E+00,1.11E+00,1.28E+00,1.12E+00,1.06E+00,1.06E+00,1.07E+00,1.12E+00,1.10E+00,1.18E+00,1.06E+00,1.23E+00,1.21E+00,9.63E-01,1.10E+00,1.17E+00,1.16E+00,1.11E+00,1.15E+00,1.18E+00,1.17E+00,1.24E+00,1.12E+00,1.17E+00,1.18E+00,1.03E+00,1.21E+00,1.10E+00,1.06E+00,1.12E+00,1.24E+00,1.17E+00,1.23E+00,1.18E+00,1.17E+00,1.15E+00,1.26E+00,1.20E+00,1.14E+00,1.28E+00,1.21E+00,1.16E+00,1.08E+00,1.17E+00,1.14E+00,1.18E+00,1.18E+00,1.23E+00,9.35E-01,1.01E+00,9.59E-01,1.12E+00,1.25E+00,1.13E+00,1.13E+00,1.26E+00,1.19E+00,1.06E+00,1.14E+00,1.19E+00,1.22E+00,1.19E+00,1.23E+00,1.25E+00,1.27E+00,1.29E+00,1.25E+00,1.11E+00,1.41E+00,1.48E+00,1.07E+00,1.23E+00,1.24E+00,1.44E+00,1.06E+00,1.09E+00,1.15E+00,1.26E+00,9.34E-01,1.15E+00,1.30E+00,1.17E+00,1.16E+00,1.01E+00,1.02E+00,1.05E+00,1.19E+00,1.17E+00
022_S_0066,9.17E-01,7.42E-01,9.67E-01,8.58E-01,8.88E-01,9.60E-01,1.01E+00,1.06E+00,9.41E-01,1.05E+00,9.56E-01,1.03E+00,9.53E-01,9.48E-01,1.03E+00,1.00E+00,1.00E+00,1.03E+00,1.01E+00,9.92E-01,9.84E-01,1.11E+00,9.85E-01,1.08E+00,1.02E+00,1.04E+00,1.08E+00,1.08E+00,1.00E+00,9.68E-01,9.90E-01,9.95E-01,1.00E+00,1.01E+00,1.03E+00,1.02E+00,1.04E+00,1.03E+00,1.10E+00,1.08E+00,1.14E+00,1.02E+00,1.05E+00,9.48E-01,1.02E+00,1.09E+00,1.08E+00,1.18E+00,1.07E+00,9.78E-01,1.08E+00,1.07E+00,9.25E-01,9.71E-01,8.35E-01,9.52E-01,1.03E+00,1.12E+00,1.08E+00,1.01E+00,1.13E+00,1.23E+00,1.25E+00,1.09E+00,1.18E+00,1.01E+00,1.05E+00,1.06E+00,1.13E+00,1.16E+00,1.21E+00,1.23E+00,1.16E+00,9.08E-01,1.07E+00,1.15E+00,1.16E+00,1.14E+00,1.18E+00,1.06E+00,1.16E+00,1.07E+00,8.94E-01,9.88E-01,9.58E-01,1.08E+00,1.08E+00,1.22E+00,1.18E+00,1.19E+00,1.16E+00,1.15E+00,1.23E+00,1.20E+00,1.19E+00,1.01E+00,1.11E+00,9.46E-01,1.04E+00,9.98E-01,1.15E+00,1.08E+00,1.19E+00,1.11E+00,1.09E+00,1.12E+00,1.01E+00,9.54E-01,1.33E+00,1.14E+00,1.29E+00,1.11E+00,1.19E+00,1.22E+00,1.29E+00,1.16E+00,1.11E+00,1.16E+00,1.10E+00,1.12E+00,1.15E+00,1.16E+00,1.11E+00,1.18E+00,1.15E+00,9.69E-01,1.06E+00,1.13E+00,1.13E+00,1.20E+00,1.07E+00,1.08E+00,1.10E+00,1.21E+00,1.04E+00,1.05E+00,1.12E+00,1.10E+00,1.14E+00,1.09E+00,1.14E+00,1.11E+00,1.24E+00,1.16E+00,1.16E+00,1.17E+00,1.22E+00,1.17E+00,1.25E+00,1.19E+00,1.12E+00,1.32E+00,1.28E+00,1.19E+00,1.11E+00,1.18E+00,1.18E+00,1.17E+00,1.14E+00,1.21E+00,8.58E-01,9.37E-01,8.85E-01,1.02E+00,1.10E+00,1.09E+00,1.10E+00,1.23E+00,1.28E+00,1.09E+00,1.06E+00,1.06E+00,1.10E+00,1.17E+00,1.31E+00,1.32E+00,1.28E+00,1.36E+00,1.18E+00,1.19E+00,1.28E+00,1.29E+00,1.15E+00,1.09E+00,1.25E+00,1.37E+00,1.09E+00,1.07E+00,1.23E+00,1.12E+00,8.48E-01,1.17E+00,1.25E+00,1.03E+00,1.04E+00,9.38E-01,9.85E-01,1.04E+00,1.04E+00,1.11E+00
022_S_0096,1.10E+00,7.34E-01,1.13E+00,8.66E-01,9.37E-01,1.07E+00,1.14E+00,1.17E+00,9.89E-01,1.16E+00,1.02E+00,1.14E+00,9.58E-01,9.44E-01,1.02E+00,9.98E-01,9.95E-01,1.01E+00,1.05E+00,1.00E+00,9.03E-01,1.11E+00,9.53E-01,1.02E+00,1.01E+00,9.98E-01,1.05E+00,1.01E+00,1.11E+00,1.10E+00,1.11E+00,1.04E+00,1.12E+00,1.05E+00,1.01E+00,9.77E-01,1.06E+00,1.05E+00,1.10E+00,1.02E+00,1.12E+00,9.97E-01,1.05E+00,9.38E-01,9.85E-01,1.05E+00,1.05E+00,1.13E+00,1.06E+00,9.82E-01,1.07E+00,1.06E+00,9.52E-01,9.94E-01,8.89E-01,8.48E-01,1.13E+00,1.14E+00,1.10E+00,1.07E+00,1.10E+00,1.20E+00,1.19E+00,1.08E+00,1.13E+00,9.73E-01,1.13E+00,1.11E+00,1.12E+00,1.13E+00,1.19E+00,1.30E+00,1.27E+00,8.72E-01,1.14E+00,1.15E+00,1.16E+00,1.14E+00,1.22E+00,1.05E+00,1.16E+00,1.05E+00,9.58E-01,1.09E+00,1.05E+00,1.12E+00,1.13E+00,1.13E+00,1.13E+00,1.15E+00,1.13E+00,1.09E+00,1.20E+00,1.14E+00,1.14E+00,1.12E+00,1.16E+00,1.08E+00,1.13E+00,1.07E+00,1.44E+00,1.29E+00,1.53E+00,1.34E+00,1.25E+00,1.39E+00,1.45E+00,1.12E+00,1.70E+00,1.26E+00,1.47E+00,1.18E+00,1.13E+00,1.11E+00,1.33E+00,1.14E+00,1.15E+00,1.12E+00,1.16E+00,1.10E+00,1.16E+00,1.20E+00,1.12E+00,1.00E+00,1.14E+00,9.24E-01,1.06E+00,1.08E+00,1.07E+00,1.11E+00,1.18E+00,1.14E+00,1.20E+00,1.36E+00,1.18E+00,1.30E+00,1.15E+00,1.01E+00,1.32E+00,1.11E+00,1.10E+00,1.07E+00,1.17E+00,1.16E+00,1.15E+00,1.17E+00,1.11E+00,1.19E+00,1.32E+00,1.22E+00,1.09E+00,1.19E+00,1.19E+00,1.17E+00,1.03E+00,1.08E+00,1.08E+00,1.11E+00,1.05E+00,1.12E+00,8.72E-01,1.02E+00,9.65E-01,1.10E+00,1.19E+00,1.13E+00,1.16E+00,1.15E+00,1.20E+00,1.07E+00,1.08E+00,1.15E+00,1.17E+00,1.21E+00,1.24E+00,1.23E+00,1.17E+00,1.23E+00,1.13E+00,1.16E+00,1.43E+00,1.53E+00,1.06E+00,1.17E+00,1.22E+00,1.36E+00,1.05E+00,1.05E+00,1.12E+00,1.15E+00,8.77E-01,1.13E+00,1.14E+00,1.15E+00,1.07E+00,1.01E+00,8.24E-01,1.08E+00,1.17E+00,1.17E+00
022_S_0130,1.05E+00,7.66E-01,1.07E+00,9.01E-01,9.11E-01,1.02E+00,1.16E+00,1.14E+00,9.89E-01,1.21E+00,9.85E-01,1.04E+00,9.68E-01,9.55E-01,1.05E+00,1.03E+00,1.01E+00,1.01E+00,1.02E+00,1.00E+00,1.09E+00,1.22E+00,1.08E+00,1.16E+00,1.06E+00,1.07E+00,1.13E+00,1.07E+00,1.10E+00,1.06E+00,1.06E+00,1.09E+00,1.06E+00,1.09E+00,1.13E+00,1.01E+00,1.06E+00,1.00E+00,1.14E+00,1.11E+00,1.17E+00,1.08E+00,1.12E+00,1.01E+00,1.06E+00,1.08E+00,1.11E+00,1.20E+00,1.18E+00,1.03E+00,1.10E+00,1.09E+00,9.98E-01,9.85E-01,9.32E-01,9.39E-01,1.12E+00,1.12E+00,1.17E+00,1.16E+00,1.20E+00,1.22E+00,1.19E+00,1.10E+00,1.21E+00,1.03E+00,1.08E+00,1.16E+00,1.19E+00,1.21E+00,1.23E+00,1.19E+00,1.17E+00,9.69E-01,1.09E+00,1.15E+00,1.20E+00,1.12E+00,1.21E+00,1.09E+00,1.23E+00,1.08E+00,1.03E+00,1.10E+00,1.05E+00,1.10E+00,1.10E+00,1.19E+00,1.16E+00,1.23E+00,1.23E+00,1.19E+00,1.23E+00,1.30E+00,1.24E+00,1.07E+00,1.20E+00,1.17E+00,1.11E+00,1.12E+00,1.32E+00,1.07E+00,1.29E+00,1.16E+00,1.09E+00,1.23E+00,1.34E+00,1.23E+00,1.57E+00,1.39E+00,1.42E+00,1.13E+00,1.19E+00,1.22E+00,1.39E+00,1.15E+00,1.18E+00,1.15E+00,1.17E+00,1.17E+00,1.17E+00,1.19E+00,1.14E+00,1.41E+00,1.27E+00,9.88E-01,1.14E+00,1.30E+00,1.23E+00,1.34E+00,1.05E+00,1.15E+00,1.07E+00,1.29E+00,1.13E+00,1.14E+00,1.26E+00,1.16E+00,1.27E+00,1.07E+00,1.17E+00,1.30E+00,1.28E+00,1.23E+00,1.38E+00,1.36E+00,1.23E+00,1.22E+00,1.42E+00,1.22E+00,1.20E+00,1.33E+00,1.24E+00,1.19E+00,1.14E+00,1.27E+00,1.16E+00,1.19E+00,1.21E+00,1.27E+00,9.32E-01,1.05E+00,1.07E+00,1.10E+00,1.20E+00,1.17E+00,1.19E+00,1.34E+00,1.34E+00,1.18E+00,1.17E+00,1.15E+00,1.24E+00,1.33E+00,1.26E+00,1.32E+00,1.30E+00,1.29E+00,1.29E+00,1.23E+00,1.48E+00,1.52E+00,1.28E+00,1.18E+00,1.36E+00,1.41E+00,1.14E+00,1.15E+00,1.24E+00,1.25E+00,9.96E-01,1.21E+00,1.45E+00,1.09E+00,1.14E+00,1.12E+00,1.16E+00,1.06E+00,1.12E+00,1.06E+00
022_S_0219,1.00E+00,7.30E-01,1.02E+00,8.74E-01,8.92E-01,9.88E-01,1.05E+00,1.11E+00,9.73E-01,1.18E+00,9.80E-01,1.06E+00,9.37E-01,9.44E-01,1.00E+00,9.96E-01,9.72E-01,1.05E+00,1.02E+00,9.92E-01,9.69E-01,1.02E+00,9.84E-01,1.07E+00,1.05E+00,1.02E+00,1.05E+00,1.06E+00,1.08E+00,1.05E+00,1.04E+00,1.08E+00,1.03E+00,9.97E-01,1.03E+00,9.85E-01,1.03E+00,9.99E-01,1.13E+00,9.97E-01,1.24E+00,1.02E+00,1.07E+00,9.75E-01,1.00E+00,1.05E+00,1.08E+00,1.10E+00,1.09E+00,9.80E-01,1.06E+00,1.06E+00,8.65E-01,9.54E-01,8.66E-01,9.55E-01,1.07E+00,1.13E+00,1.05E+00,1.06E+00,1.18E+00,1.14E+00,1.16E+00,1.10E+00,1.22E+00,9.86E-01,1.04E+00,1.08E+00,1.16E+00,1.13E+00,1.12E+00,1.23E+00,1.20E+00,9.14E-01,1.12E+00,1.15E+00,1.14E+00,1.12E+00,1.22E+00,1.05E+00,1.11E+00,1.01E+00,9.85E-01,1.06E+00,9.72E-01,1.09E+00,1.05E+00,1.07E+00,1.15E+00,1.18E+00,1.17E+00,1.23E+00,1.16E+00,1.19E+00,1.18E+00,1.10E+00,1.11E+00,1.06E+00,1.09E+00,1.02E+00,1.28E+00,1.11E+00,1.25E+00,1.15E+00,1.13E+00,1.19E+00,1.15E+00,1.04E+00,1.46E+00,1.23E+00,1.35E+00,1.10E+00,1.13E+00,1.17E+00,1.17E+00,1.17E+00,1.11E+00,1.12E+00,1.11E+00,1.17E+00,1.14E+00,1.11E+00,1.12E+00,1.08E+00,1.10E+00,9.60E-01,1.06E+00,1.16E+00,1.12E+00,1.19E+00,1.13E+00,1.09E+00,1.09E+00,1.19E+00,1.14E+00,1.16E+00,1.16E+00,9.93E-01,1.22E+00,1.11E+00,1.12E+00,1.11E+00,1.29E+00,1.28E+00,1.22E+00,1.19E+00,1.11E+00,1.19E+00,1.23E+00,1.14E+00,1.13E+00,1.19E+00,1.16E+00,1.18E+00,1.04E+00,1.05E+00,1.13E+00,1.18E+00,1.10E+00,1.12E+00,7.53E-01,8.82E-01,8.09E-01,1.07E+00,1.19E+00,1.13E+00,1.20E+00,1.22E+00,1.19E+00,1.07E+00,1.06E+00,1.09E+00,1.22E+00,1.20E+00,1.26E+00,1.31E+00,1.22E+00,1.14E+00,1.17E+00,1.20E+00,1.43E+00,1.45E+00,1.09E+00,1.18E+00,1.27E+00,1.38E+00,9.62E-01,9.88E-01,1.03E+00,1.12E+00,8.66E-01,1.19E+00,1.20E+00,1.08E+00,1.08E+00,9.77E-01,9.88E-01,1.03E+00,1.08E+00,1.12E+00
022_S_0543,1.03E+00,7.67E-01,1.06E+00,9.12E-01,9.29E-01,1.02E+00,1.11E+00,1.16E+00,1.00E+00,1.18E+00,9.66E-01,1.06E+00,9.85E-01,9.88E-01,1.08E+00,1.03E+00,1.04E+00,1.04E+00,1.03E+00,9.74E-01,1.09E+00,1.13E+00,1.00E+00,1.18E+00,1.01E+00,1.05E+00,1.18E+00,1.13E+00,1.11E+00,9.91E-01,1.02E+00,9.10E-01,8.47E-01,8.67E-01,1.00E+00,9.46E-01,9.41E-01,9.35E-01,1.10E+00,1.01E+00,1.24E+00,1.03E+00,1.18E+00,9.66E-01,1.01E+00,1.08E+00,1.01E+00,1.25E+00,1.13E+00,1.02E+00,1.16E+00,1.17E+00,9.67E-01,9.57E-01,9.09E-01,9.28E-01,9.94E-01,8.92E-01,9.15E-01,9.04E-01,1.06E+00,1.43E+00,1.40E+00,1.10E+00,1.25E+00,1.03E+00,1.01E+00,1.06E+00,1.23E+00,1.37E+00,1.34E+00,1.10E+00,1.05E+00,9.18E-01,9.50E-01,1.16E+00,1.09E+00,1.10E+00,1.13E+00,1.07E+00,1.35E+00,1.08E+00,1.03E+00,1.04E+00,1.09E+00,1.15E+00,1.01E+00,1.31E+00,1.20E+00,1.27E+00,1.19E+00,1.34E+00,1.43E+00,1.56E+00,1.47E+00,9.36E-01,1.14E+00,1.02E+00,1.09E+00,9.76E-01,1.37E+00,9.90E-01,1.21E+00,1.14E+00,9.69E-01,1.17E+00,1.20E+00,1.05E+00,1.41E+00,1.26E+00,1.28E+00,1.07E+00,1.13E+00,1.03E+00,1.22E+00,1.12E+00,1.02E+00,1.12E+00,1.08E+00,1.15E+00,1.03E+00,1.16E+00,1.12E+00,1.10E+00,8.65E-01,9.35E-01,1.04E+00,1.11E+00,1.09E+00,1.12E+00,1.05E+00,7.71E-01,8.76E-01,9.10E-01,7.76E-01,8.11E-01,9.87E-01,9.10E-01,9.29E-01,9.55E-01,9.59E-01,8.93E-01,1.13E+00,1.24E+00,1.24E+00,1.20E+00,1.12E+00,1.09E+00,1.01E+00,1.13E+00,8.16E-01,1.28E+00,1.15E+00,1.19E+00,9.82E-01,1.18E+00,1.10E+00,1.28E+00,1.13E+00,1.22E+00,7.82E-01,9.13E-01,8.13E-01,1.01E+00,7.66E-01,8.81E-01,1.03E+00,1.11E+00,1.28E+00,9.66E-01,9.01E-01,8.14E-01,7.45E-01,8.17E-01,1.12E+00,1.05E+00,1.27E+00,1.31E+00,1.23E+00,1.08E+00,1.10E+00,1.07E+00,9.01E-01,6.97E-01,1.09E+00,1.15E+00,1.01E+00,1.05E+00,1.23E+00,9.76E-01,8.20E-01,1.24E+00,1.40E+00,7.26E-01,9.26E-01,9.36E-01,8.98E-01,8.83E-01,7.52E-01,7.75E-01
023_S_0031,9.80E-01,7.07E-01,1.00E+00,8.40E-01,8.90E-01,1.01E+00,1.06E+00,1.08E+00,9.42E-01,1.08E+00,9.58E-01,1.06E+00,9.36E-01,9.30E-01,9.65E-01,9.90E-01,1.01E+00,1.02E+00,1.03E+00,1.01E+00,9.31E-01,1.05E+00,9.81E-01,1.03E+00,1.02E+00,1.00E+00,1.03E+00,1.01E+00,1.07E+00,1.03E+00,1.05E+00,1.07E+00,1.08E+00,1.01E+00,9.93E-01,9.79E-01,1.02E+00,1.05E+00,1.06E+00,1.01E+00,1.05E+00,9.68E-01,1.00E+00,9.33E-01,9.55E-01,1.05E+00,1.06E+00,1.12E+00,1.01E+00,9.56E-01,1.01E+00,1.06E+00,9.21E-01,9.48E-01,8.43E-01,8.87E-01,1.10E+00,1.10E+00,1.05E+00,1.05E+00,1.08E+00,1.13E+00,1.07E+00,1.03E+00,1.07E+00,9.64E-01,1.08E+00,1.08E+00,1.05E+00,1.11E+00,1.14E+00,1.21E+00,1.17E+00,8.63E-01,1.10E+00,1.12E+00,1.15E+00,1.13E+00,1.20E+00,1.03E+00,1.14E+00,9.97E-01,8.98E-01,1.01E+00,9.20E-01,1.04E+00,1.07E+00,1.12E+00,1.15E+00,1.12E+00,1.13E+00,1.06E+00,1.12E+00,1.09E+00,1.09E+00,1.14E+00,1.09E+00,1.02E+00,1.10E+00,1.04E+00,1.34E+00,1.28E+00,1.22E+00,1.27E+00,1.27E+00,1.22E+00,1.22E+00,1.13E+00,1.39E+00,1.25E+00,1.35E+00,1.11E+00,1.20E+00,1.16E+00,1.27E+00,1.19E+00,1.13E+00,1.17E+00,1.16E+00,1.15E+00,1.12E+00,1.17E+00,1.09E+00,1.22E+00,1.24E+00,9.58E-01,1.08E+00,1.20E+00,1.18E+00,1.25E+00,1.20E+00,1.22E+00,1.18E+00,1.24E+00,1.13E+00,1.18E+00,1.19E+00,1.05E+00,1.22E+00,1.12E+00,1.11E+00,1.24E+00,1.23E+00,1.12E+00,1.18E+00,1.15E+00,1.16E+00,1.18E+00,1.25E+00,1.16E+00,1.19E+00,1.28E+00,1.23E+00,1.12E+00,1.06E+00,1.13E+00,1.11E+00,1.13E+00,1.12E+00,1.22E+00,9.24E-01,1.08E+00,9.78E-01,1.16E+00,1.17E+00,1.17E+00,1.17E+00,1.16E+00,1.22E+00,1.08E+00,1.12E+00,1.19E+00,1.24E+00,1.19E+00,1.18E+00,1.24E+00,1.26E+00,1.26E+00,1.05E+00,1.15E+00,1.35E+00,1.37E+00,1.09E+00,1.21E+00,1.19E+00,1.36E+00,1.02E+00,1.03E+00,1.17E+00,1.22E+00,9.83E-01,1.16E+00,1.23E+00,1.25E+00,1.11E+00,1.10E+00,1.08E+00,1.08E+00,1.20E+00,1.28E+00
023_S_0061,9.98E-01,6.85E-01,1.01E+00,8.35E-01,8.96E-01,1.01E+00,9.85E-01,9.85E-01,8.82E-01,1.10E+00,9.49E-01,1.01E+00,9.54E-01,9.43E-01,1.03E+00,9.81E-01,9.87E-01,1.04E+00,1.03E+00,1.02E+00,9.33E-01,1.15E+00,1.01E+00,1.10E+00,1.08E+00,1.08E+00,1.13E+00,1.05E+00,1.09E+00,1.09E+00,1.10E+00,1.07E+00,1.09E+00,9.91E-01,1.06E+00,9.95E-01,1.03E+00,1.06E+00,1.09E+00,1.08E+00,1.04E+00,1.02E+00,1.08E+00,9.58E-01,9.99E-01,1.07E+00,1.17E+00,1.19E+00,1.07E+00,9.94E-01,1.10E+00,1.08E+00,9.30E-01,9.89E-01,9.39E-01,8.62E-01,1.16E+00,1.20E+00,1.11E+00,1.09E+00,1.13E+00,1.23E+00,1.22E+00,1.11E+00,1.26E+00,1.01E+00,1.13E+00,1.19E+00,1.26E+00,1.23E+00,1.25E+00,1.26E+00,1.17E+00,8.72E-01,1.21E+00,1.20E+00,1.18E+00,1.14E+00,1.22E+00,1.08E+00,1.17E+00,1.06E+00,1.01E+00,1.12E+00,1.09E+00,1.14E+00,1.17E+00,1.16E+00,1.19E+00,1.20E+00,1.20E+00,1.12E+00,1.17E+00,1.14E+00,1.22E+00,1.13E+00,1.02E+00,9.38E-01,1.17E+00,1.12E+00,1.22E+00,1.20E+00,1.14E+00,1.31E+00,1.20E+00,1.20E+00,8.78E-01,8.52E-01,1.30E+00,1.26E+00,1.29E+00,9.94E-01,1.17E+00,1.12E+00,1.23E+00,1.14E+00,1.17E+00,1.12E+00,1.10E+00,1.14E+00,1.09E+00,1.14E+00,1.19E+00,1.11E+00,1.11E+00,9.65E-01,1.10E+00,1.15E+00,1.12E+00,1.19E+00,1.17E+00,1.19E+00,1.13E+00,1.17E+00,1.10E+00,1.17E+00,1.15E+00,1.01E+00,1.15E+00,1.17E+00,1.12E+00,1.12E+00,1.24E+00,1.07E+00,1.08E+00,1.12E+00,1.17E+00,1.17E+00,1.24E+00,1.16E+00,1.18E+00,1.24E+00,1.19E+00,1.12E+00,1.08E+00,1.14E+00,1.16E+00,1.16E+00,1.14E+00,1.17E+00,9.07E-01,1.03E+00,9.43E-01,1.05E+00,1.22E+00,1.16E+00,1.20E+00,1.20E+00,1.16E+00,1.06E+00,1.12E+00,1.17E+00,1.30E+00,1.25E+00,1.30E+00,1.29E+00,1.23E+00,1.22E+00,1.20E+00,1.19E+00,1.46E+00,1.31E+00,1.01E+00,1.17E+00,1.22E+00,1.27E+00,1.05E+00,1.05E+00,1.14E+00,1.21E+00,9.43E-01,1.18E+00,1.19E+00,1.16E+00,9.43E-01,9.34E-01,1.05E+00,1.11E+00,1.15E+00,1.11E+00
023_S_0926,1.02E+00,6.78E-01,1.08E+00,8.12E-01,8.66E-01,1.05E+00,1.04E+00,1.09E+00,9.13E-01,1.10E+00,9.38E-01,1.08E+00,9.11E-01,8.96E-01,9.86E-01,9.33E-01,9.92E-01,1.00E+00,1.00E+00,9.96E-01,9.76E-01,1.10E+00,9.76E-01,1.08E+00,1.05E+00,1.00E+00,1.09E+00,1.02E+00,1.11E+00,1.10E+00,1.04E+00,1.07E+00,1.09E+00,1.02E+00,9.61E-01,9.68E-01,1.00E+00,9.66E-01,1.07E+00,1.01E+00,1.10E+00,9.73E-01,1.05E+00,9.04E-01,9.41E-01,1.03E+00,1.04E+00,1.10E+00,1.03E+00,9.37E-01,1.04E+00,9.87E-01,9.20E-01,9.30E-01,8.97E-01,9.07E-01,1.08E+00,1.12E+00,1.04E+00,1.04E+00,1.14E+00,1.15E+00,1.11E+00,1.06E+00,1.13E+00,9.52E-01,1.08E+00,1.10E+00,1.06E+00,1.14E+00,1.19E+00,1.21E+00,1.15E+00,8.68E-01,1.12E+00,1.15E+00,1.13E+00,1.08E+00,1.19E+00,1.01E+00,1.14E+00,9.85E-01,9.51E-01,1.02E+00,1.00E+00,1.08E+00,1.12E+00,1.14E+00,1.12E+00,1.08E+00,1.17E+00,1.14E+00,1.12E+00,1.18E+00,1.18E+00,1.11E+00,1.10E+00,9.88E-01,1.12E+00,1.03E+00,1.32E+00,1.19E+00,1.35E+00,1.30E+00,1.21E+00,1.34E+00,1.20E+00,1.10E+00,1.60E+00,1.25E+00,1.44E+00,1.19E+00,1.18E+00,1.08E+00,1.27E+00,1.07E+00,1.13E+00,1.08E+00,1.15E+00,1.11E+00,1.14E+00,1.17E+00,1.11E+00,1.21E+00,1.21E+00,9.29E-01,1.10E+00,1.12E+00,1.13E+00,1.18E+00,1.15E+00,1.15E+00,1.18E+00,1.23E+00,1.09E+00,1.17E+00,1.06E+00,9.89E-01,1.18E+00,1.10E+00,1.10E+00,1.10E+00,1.21E+00,1.13E+00,1.20E+00,1.15E+00,1.18E+00,1.11E+00,1.25E+00,1.26E+00,1.10E+00,1.18E+00,1.18E+00,1.12E+00,1.03E+00,1.12E+00,1.04E+00,1.14E+00,1.12E+00,1.17E+00,9.51E-01,1.00E+00,9.42E-01,1.10E+00,1.25E+00,1.10E+00,1.15E+00,1.10E+00,1.15E+00,1.06E+00,1.07E+00,1.14E+00,1.19E+00,1.13E+00,1.20E+00,1.26E+00,1.18E+00,1.28E+00,1.30E+00,1.11E+00,1.48E+00,1.50E+00,1.04E+00,1.16E+00,1.20E+00,1.39E+00,1.03E+00,1.06E+00,1.14E+00,1.21E+00,9.81E-01,1.12E+00,1.23E+00,1.16E+00,1.10E+00,9.87E-01,1.02E+00,1.02E+00,1.14E+00,1.18E+00
023_S_1190,9.27E-01,7.03E-01,9.86E-01,8.58E-01,8.82E-01,9.78E-01,1.06E+00,1.03E+00,9.31E-01,1.10E+00,9.71E-01,9.87E-01,9.53E-01,9.23E-01,1.09E+00,1.03E+00,9.73E-01,1.06E+00,1.06E+00,1.00E+00,1.05E+00,1.21E+00,1.05E+00,1.14E+00,1.07E+00,1.06E+00,1.10E+00,1.08E+00,1.05E+00,9.99E-01,1.07E+00,9.87E-01,9.64E-01,9.58E-01,1.03E+00,9.93E-01,1.04E+00,9.79E-01,1.09E+00,1.10E+00,1.11E+00,1.02E+00,1.10E+00,9.50E-01,9.90E-01,1.08E+00,1.08E+00,1.18E+00,1.09E+00,9.76E-01,1.10E+00,1.08E+00,9.45E-01,1.01E+00,9.06E-01,8.79E-01,1.16E+00,1.05E+00,1.04E+00,1.03E+00,1.13E+00,1.28E+00,1.24E+00,1.10E+00,1.22E+00,9.87E-01,1.12E+00,1.11E+00,1.20E+00,1.23E+00,1.27E+00,1.10E+00,1.20E+00,9.01E-01,1.09E+00,1.17E+00,1.15E+00,1.11E+00,1.19E+00,1.07E+00,1.25E+00,1.02E+00,9.95E-01,1.10E+00,1.13E+00,1.13E+00,1.11E+00,1.22E+00,1.18E+00,1.20E+00,1.23E+00,1.18E+00,1.24E+00,1.22E+00,1.25E+00,1.07E+00,1.03E+00,9.85E-01,1.14E+00,1.06E+00,1.12E+00,1.10E+00,1.03E+00,1.16E+00,1.15E+00,1.10E+00,9.09E-01,9.28E-01,1.19E+00,1.15E+00,1.19E+00,1.07E+00,1.12E+00,1.13E+00,1.29E+00,1.16E+00,1.09E+00,1.11E+00,1.13E+00,1.19E+00,1.05E+00,1.04E+00,1.15E+00,1.23E+00,1.23E+00,9.77E-01,1.10E+00,1.21E+00,1.13E+00,1.25E+00,9.92E-01,1.15E+00,1.08E+00,1.08E+00,1.06E+00,1.11E+00,1.13E+00,1.06E+00,1.11E+00,1.09E+00,1.14E+00,1.15E+00,1.23E+00,1.22E+00,1.19E+00,1.25E+00,1.10E+00,1.13E+00,1.18E+00,1.15E+00,1.13E+00,1.30E+00,1.27E+00,1.21E+00,1.07E+00,1.12E+00,1.13E+00,1.21E+00,1.13E+00,1.21E+00,8.95E-01,1.01E+00,9.22E-01,1.06E+00,1.15E+00,1.08E+00,1.23E+00,1.20E+00,1.24E+00,1.04E+00,1.12E+00,1.14E+00,1.16E+00,1.18E+00,1.28E+00,1.29E+00,1.29E+00,1.31E+00,1.03E+00,1.19E+00,1.22E+00,1.21E+00,1.01E+00,1.14E+00,1.19E+00,1.21E+00,1.07E+00,1.04E+00,1.11E+00,1.22E+00,9.66E-01,1.20E+00,1.29E+00,1.14E+00,9.89E-01,9.72E-01,1.08E+00,1.06E+00,1.16E+00,1.22E+00
023_S_5120,1.02E+00,6.99E-01,1.04E+00,8.42E-01,8.94E-01,1.03E+00,1.08E+00,1.12E+00,9.55E-01,1.12E+00,9.56E-01,1.08E+00,9.33E-01,9.34E-01,1.01E+00,9.83E-01,9.83E-01,1.00E+00,1.00E+00,9.91E-01,9.37E-01,1.20E+00,1.03E+00,1.10E+00,1.10E+00,1.07E+00,1.12E+00,1.03E+00,1.07E+00,1.10E+00,1.09E+00,1.07E+00,1.05E+00,9.92E-01,1.02E+00,9.51E-01,9.87E-01,1.02E+00,1.09E+00,1.04E+00,1.04E+00,9.93E-01,1.10E+00,9.30E-01,9.70E-01,1.03E+00,1.07E+00,1.22E+00,1.11E+00,9.60E-01,1.06E+00,1.07E+00,8.94E-01,9.81E-01,8.16E-01,7.96E-01,1.13E+00,1.13E+00,1.06E+00,1.07E+00,1.05E+00,1.22E+00,1.17E+00,1.10E+00,1.19E+00,9.69E-01,1.16E+00,1.18E+00,1.26E+00,1.17E+00,1.25E+00,1.23E+00,1.19E+00,9.30E-01,1.20E+00,1.18E+00,1.19E+00,1.15E+00,1.23E+00,1.03E+00,1.18E+00,1.04E+00,9.62E-01,1.09E+00,1.04E+00,1.19E+00,1.19E+00,1.15E+00,1.19E+00,1.18E+00,1.25E+00,1.11E+00,1.20E+00,1.25E+00,1.23E+00,1.18E+00,1.15E+00,1.02E+00,1.16E+00,1.07E+00,1.34E+00,1.29E+00,1.26E+00,1.33E+00,1.22E+00,1.30E+00,1.30E+00,1.07E+00,1.56E+00,1.27E+00,1.43E+00,1.14E+00,1.14E+00,1.13E+00,1.12E+00,1.17E+00,1.03E+00,1.13E+00,1.11E+00,1.09E+00,1.00E+00,9.75E-01,1.13E+00,1.20E+00,1.22E+00,9.60E-01,1.06E+00,1.15E+00,1.17E+00,1.25E+00,1.16E+00,1.22E+00,1.16E+00,1.23E+00,1.11E+00,1.13E+00,1.13E+00,1.04E+00,1.14E+00,1.12E+00,1.08E+00,1.16E+00,1.23E+00,1.01E+00,1.13E+00,1.15E+00,9.44E-01,1.14E+00,1.20E+00,1.01E+00,1.14E+00,1.29E+00,1.23E+00,1.09E+00,1.08E+00,9.82E-01,1.14E+00,1.08E+00,1.07E+00,1.22E+00,8.11E-01,1.00E+00,8.64E-01,1.08E+00,1.23E+00,1.01E+00,1.15E+00,1.21E+00,1.25E+00,1.09E+00,1.15E+00,1.20E+00,1.25E+00,1.21E+00,1.31E+00,1.30E+00,1.22E+00,1.27E+00,9.67E-01,1.26E+00,1.41E+00,1.37E+00,1.15E+00,1.26E+00,1.29E+00,1.37E+00,1.07E+00,1.06E+00,1.02E+00,1.31E+00,9.52E-01,1.17E+00,1.35E+00,1.20E+00,1.14E+00,1.04E+00,1.05E+00,1.09E+00,1.29E+00,1.24E+00
023_S_5241,9.92E-01,7.47E-01,1.05E+00,9.10E-01,9.69E-01,1.14E+00,1.11E+00,1.12E+00,1.00E+00,1.13E+00,1.06E+00,1.18E+00,1.02E+00,9.85E-01,1.07E+00,1.05E+00,1.04E+00,1.04E+00,1.10E+00,1.01E+00,1.03E+00,1.21E+00,1.08E+00,1.15E+00,1.17E+00,1.14E+00,1.18E+00,1.12E+00,1.04E+00,1.12E+00,1.16E+00,1.16E+00,1.18E+00,1.12E+00,1.14E+00,1.08E+00,1.01E+00,9.89E-01,1.13E+00,1.14E+00,1.09E+00,1.04E+00,1.11E+00,1.02E+00,1.02E+00,1.15E+00,1.17E+00,1.18E+00,1.06E+00,9.30E-01,1.00E+00,9.96E-01,9.19E-01,1.05E+00,9.10E-01,8.73E-01,1.22E+00,1.16E+00,1.12E+00,1.07E+00,1.10E+00,1.21E+00,1.18E+00,1.11E+00,1.21E+00,9.57E-01,1.13E+00,1.12E+00,1.16E+00,1.13E+00,1.15E+00,1.26E+00,1.19E+00,8.75E-01,1.16E+00,1.08E+00,1.15E+00,1.05E+00,1.20E+00,9.08E-01,1.07E+00,9.16E-01,1.03E+00,1.10E+00,1.16E+00,1.22E+00,1.20E+00,1.05E+00,1.09E+00,1.04E+00,1.15E+00,1.06E+00,1.14E+00,1.15E+00,1.12E+00,1.24E+00,1.16E+00,9.39E-01,1.30E+00,1.21E+00,1.26E+00,1.32E+00,1.19E+00,1.28E+00,1.37E+00,1.33E+00,1.12E+00,1.11E+00,1.37E+00,1.23E+00,1.35E+00,1.15E+00,1.24E+00,1.22E+00,1.14E+00,1.20E+00,1.15E+00,1.20E+00,1.19E+00,1.18E+00,1.05E+00,1.05E+00,1.19E+00,1.16E+00,1.26E+00,1.00E+00,1.08E+00,1.26E+00,1.18E+00,1.33E+00,1.13E+00,1.28E+00,1.22E+00,1.09E+00,1.19E+00,1.17E+00,1.28E+00,1.06E+00,1.07E+00,1.20E+00,1.15E+00,1.20E+00,1.23E+00,1.24E+00,1.19E+00,1.15E+00,9.30E-01,1.10E+00,1.11E+00,9.70E-01,1.16E+00,1.15E+00,1.10E+00,1.17E+00,1.01E+00,8.31E-01,9.04E-01,1.04E+00,7.99E-01,9.94E-01,7.49E-01,8.66E-01,7.25E-01,1.03E+00,1.12E+00,1.18E+00,1.10E+00,1.22E+00,1.11E+00,9.58E-01,1.09E+00,1.15E+00,1.13E+00,1.14E+00,1.07E+00,1.20E+00,1.07E+00,1.09E+00,8.08E-01,1.04E+00,1.18E+00,1.17E+00,9.04E-01,1.18E+00,1.09E+00,1.09E+00,7.95E-01,8.89E-01,8.08E-01,1.34E+00,7.91E-01,9.79E-01,1.16E+00,1.25E+00,1.06E+00,1.01E+00,1.12E+00,1.19E+00,1.37E+00,1.28E+00
024_S_1063,1.11E+00,7.44E-01,1.08E+00,8.71E-01,9.27E-01,1.04E+00,1.11E+00,1.12E+00,9.86E-01,1.15E+00,1.00E+00,1.08E+00,9.48E-01,9.48E-01,1.03E+00,9.73E-01,9.49E-01,1.02E+00,9.55E-01,9.57E-01,1.03E+00,1.15E+00,1.04E+00,1.13E+00,1.06E+00,1.06E+00,1.11E+00,1.04E+00,1.15E+00,1.13E+00,1.10E+00,1.05E+00,1.00E+00,9.74E-01,1.02E+00,9.72E-01,1.02E+00,9.91E-01,1.05E+00,1.05E+00,1.19E+00,1.03E+00,1.10E+00,9.67E-01,9.94E-01,1.07E+00,1.06E+00,1.14E+00,1.12E+00,9.45E-01,1.12E+00,1.09E+00,9.55E-01,1.02E+00,9.01E-01,8.91E-01,1.13E+00,1.04E+00,1.04E+00,9.56E-01,1.08E+00,1.16E+00,1.18E+00,1.09E+00,1.16E+00,9.67E-01,1.12E+00,1.09E+00,1.11E+00,1.16E+00,1.18E+00,1.18E+00,1.14E+00,8.55E-01,1.12E+00,1.09E+00,1.12E+00,1.07E+00,1.16E+00,1.01E+00,1.12E+00,1.01E+00,9.80E-01,1.10E+00,1.08E+00,1.10E+00,1.11E+00,1.15E+00,1.18E+00,1.16E+00,1.15E+00,1.19E+00,1.21E+00,1.19E+00,1.22E+00,1.11E+00,1.12E+00,9.88E-01,1.11E+00,1.07E+00,1.44E+00,1.32E+00,1.35E+00,1.39E+00,1.31E+00,1.31E+00,1.18E+00,1.09E+00,1.41E+00,1.26E+00,1.30E+00,1.19E+00,1.14E+00,1.18E+00,1.04E+00,1.07E+00,1.13E+00,1.14E+00,1.08E+00,1.12E+00,8.26E-01,9.31E-01,1.06E+00,1.32E+00,1.27E+00,1.01E+00,1.15E+00,1.24E+00,1.22E+00,1.33E+00,1.24E+00,1.23E+00,1.13E+00,1.13E+00,1.16E+00,1.15E+00,1.21E+00,1.07E+00,1.03E+00,1.09E+00,1.08E+00,1.22E+00,1.25E+00,1.25E+00,1.33E+00,1.27E+00,1.03E+00,1.08E+00,1.09E+00,9.93E-01,1.22E+00,1.29E+00,1.22E+00,1.24E+00,1.12E+00,1.03E+00,1.18E+00,1.25E+00,1.08E+00,1.20E+00,9.45E-01,1.10E+00,9.65E-01,1.15E+00,1.16E+00,1.16E+00,1.13E+00,1.24E+00,1.23E+00,1.03E+00,1.20E+00,1.25E+00,1.29E+00,1.29E+00,1.29E+00,1.27E+00,1.28E+00,1.25E+00,9.59E-01,1.15E+00,1.30E+00,1.16E+00,9.40E-01,1.25E+00,1.20E+00,1.15E+00,9.95E-01,9.78E-01,1.12E+00,1.33E+00,1.07E+00,1.20E+00,1.39E+00,1.24E+00,1.02E+00,1.02E+00,1.23E+00,1.13E+00,1.25E+00,1.24E+00
024_S_1171,9.69E-01,7.05E-01,9.69E-01,8.34E-01,8.62E-01,9.71E-01,1.06E+00,1.04E+00,9.38E-01,1.03E+00,9.62E-01,1.04E+00,9.36E-01,9.48E-01,1.03E+00,1.02E+00,1.04E+00,1.13E+00,1.08E+00,1.06E+00,8.98E-01,1.04E+00,9.92E-01,1.07E+00,1.03E+00,1.04E+00,1.07E+00,1.06E+00,1.06E+00,1.01E+00,9.98E-01,1.01E+00,1.03E+00,1.02E+00,1.05E+00,1.01E+00,1.07E+00,1.04E+00,1.12E+00,9.80E-01,1.17E+00,9.99E-01,1.10E+00,9.67E-01,1.02E+00,1.09E+00,1.04E+00,1.16E+00,1.07E+00,9.82E-01,1.07E+00,1.10E+00,9.93E-01,1.03E+00,9.21E-01,9.10E-01,1.05E+00,1.10E+00,1.08E+00,1.04E+00,1.17E+00,1.18E+00,1.19E+00,1.08E+00,1.20E+00,9.91E-01,1.06E+00,1.08E+00,1.14E+00,1.18E+00,1.22E+00,1.21E+00,1.15E+00,8.69E-01,1.07E+00,1.18E+00,1.12E+00,1.11E+00,1.14E+00,1.06E+00,1.17E+00,1.07E+00,1.02E+00,1.05E+00,1.04E+00,1.04E+00,1.06E+00,1.20E+00,1.21E+00,1.19E+00,1.25E+00,1.20E+00,1.18E+00,1.15E+00,1.18E+00,1.05E+00,1.05E+00,1.03E+00,1.03E+00,1.01E+00,1.31E+00,1.14E+00,1.18E+00,1.11E+00,1.12E+00,1.19E+00,1.09E+00,1.11E+00,1.40E+00,1.15E+00,1.31E+00,1.11E+00,1.23E+00,1.23E+00,1.35E+00,1.21E+00,1.18E+00,1.21E+00,1.25E+00,1.26E+00,1.25E+00,1.26E+00,1.26E+00,1.19E+00,1.18E+00,9.72E-01,1.10E+00,1.19E+00,1.21E+00,1.26E+00,1.14E+00,1.11E+00,1.06E+00,1.16E+00,1.10E+00,1.12E+00,1.17E+00,1.01E+00,1.20E+00,1.16E+00,1.12E+00,1.17E+00,1.28E+00,1.21E+00,1.28E+00,1.23E+00,1.20E+00,1.16E+00,1.22E+00,1.29E+00,1.17E+00,1.30E+00,1.26E+00,1.17E+00,1.09E+00,1.21E+00,1.17E+00,1.21E+00,1.17E+00,1.22E+00,9.90E-01,1.10E+00,1.01E+00,1.17E+00,1.17E+00,1.21E+00,1.24E+00,1.24E+00,1.27E+00,1.10E+00,1.15E+00,1.13E+00,1.15E+00,1.24E+00,1.29E+00,1.30E+00,1.27E+00,1.29E+00,1.26E+00,1.19E+00,1.33E+00,1.29E+00,1.08E+00,1.13E+00,1.24E+00,1.32E+00,1.12E+00,1.08E+00,1.18E+00,1.21E+00,1.06E+00,1.20E+00,1.35E+00,1.12E+00,1.05E+00,1.10E+00,1.09E+00,1.06E+00,1.07E+00,1.11E+00
024_S_4905,9.53E-01,6.68E-01,9.96E-01,8.11E-01,8.36E-01,9.44E-01,1.00E+00,1.04E+00,9.07E-01,1.10E+00,9.34E-01,1.02E+00,8.92E-01,8.99E-01,9.03E-01,9.09E-01,9.24E-01,9.85E-01,9.55E-01,8.96E-01,1.08E+00,1.12E+00,9.76E-01,1.12E+00,1.05E+00,1.01E+00,1.10E+00,1.02E+00,1.07E+00,9.95E-01,1.01E+00,9.58E-01,9.81E-01,9.53E-01,1.05E+00,9.46E-01,9.71E-01,9.26E-01,1.05E+00,1.08E+00,1.11E+00,1.00E+00,1.19E+00,9.46E-01,9.97E-01,1.05E+00,1.07E+00,1.16E+00,1.12E+00,9.47E-01,1.10E+00,1.04E+00,9.06E-01,9.06E-01,8.69E-01,9.47E-01,1.06E+00,1.01E+00,1.03E+00,9.94E-01,9.62E-01,1.32E+00,1.21E+00,1.11E+00,1.15E+00,9.78E-01,9.79E-01,1.08E+00,1.21E+00,1.29E+00,1.26E+00,1.07E+00,1.12E+00,8.52E-01,1.06E+00,1.16E+00,1.14E+00,1.06E+00,1.15E+00,1.03E+00,1.19E+00,1.05E+00,1.02E+00,1.03E+00,1.06E+00,1.06E+00,1.10E+00,1.18E+00,1.14E+00,1.19E+00,1.17E+00,1.28E+00,1.30E+00,1.28E+00,1.37E+00,1.04E+00,1.11E+00,9.81E-01,1.08E+00,1.05E+00,1.27E+00,1.15E+00,1.32E+00,1.22E+00,1.18E+00,1.26E+00,1.21E+00,1.09E+00,1.59E+00,1.24E+00,1.43E+00,1.13E+00,1.12E+00,1.08E+00,1.22E+00,1.04E+00,8.96E-01,1.02E+00,1.04E+00,1.06E+00,1.03E+00,1.05E+00,9.74E-01,1.18E+00,1.16E+00,9.46E-01,1.04E+00,1.15E+00,1.11E+00,1.20E+00,1.14E+00,1.17E+00,1.04E+00,1.22E+00,9.67E-01,1.08E+00,1.12E+00,9.49E-01,1.15E+00,1.01E+00,1.08E+00,1.20E+00,1.27E+00,1.11E+00,1.28E+00,1.25E+00,1.14E+00,1.16E+00,1.15E+00,1.15E+00,1.19E+00,1.42E+00,1.28E+00,1.13E+00,1.10E+00,1.19E+00,1.17E+00,1.24E+00,1.17E+00,1.27E+00,9.28E-01,1.02E+00,9.51E-01,1.11E+00,1.16E+00,1.07E+00,1.07E+00,1.31E+00,1.32E+00,1.11E+00,1.10E+00,1.17E+00,1.21E+00,1.18E+00,1.37E+00,1.32E+00,1.37E+00,1.30E+00,1.18E+00,1.12E+00,1.38E+00,1.44E+00,1.10E+00,1.22E+00,1.24E+00,1.35E+00,1.11E+00,1.09E+00,1.26E+00,1.21E+00,1.05E+00,1.21E+00,1.42E+00,1.17E+00,1.11E+00,1.04E+00,1.12E+00,1.04E+00,1.17E+00,1.16E+00
024_S_5054,9.49E-01,6.73E-01,9.90E-01,8.21E-01,8.74E-01,1.00E+00,1.01E+00,1.04E+00,9.34E-01,1.09E+00,9.80E-01,1.07E+00,9.07E-01,9.23E-01,1.01E+00,9.79E-01,9.93E-01,1.05E+00,1.01E+00,9.68E-01,1.04E+00,1.11E+00,9.99E-01,1.09E+00,1.04E+00,1.04E+00,1.13E+00,1.07E+00,1.06E+00,1.03E+00,1.03E+00,1.07E+00,1.09E+00,1.03E+00,1.05E+00,9.90E-01,1.02E+00,1.01E+00,1.08E+00,1.06E+00,1.07E+00,1.01E+00,1.07E+00,9.45E-01,9.66E-01,1.06E+00,1.08E+00,1.12E+00,1.08E+00,9.66E-01,1.04E+00,1.04E+00,9.44E-01,9.47E-01,9.06E-01,9.60E-01,1.11E+00,1.16E+00,1.08E+00,1.04E+00,1.16E+00,1.17E+00,1.18E+00,1.07E+00,1.17E+00,9.55E-01,1.06E+00,1.09E+00,1.13E+00,1.11E+00,1.17E+00,1.25E+00,1.15E+00,8.46E-01,1.09E+00,1.09E+00,1.09E+00,1.07E+00,1.11E+00,1.05E+00,1.12E+00,1.05E+00,9.90E-01,1.01E+00,1.06E+00,1.04E+00,1.06E+00,1.14E+00,1.12E+00,1.12E+00,1.18E+00,1.12E+00,1.18E+00,1.20E+00,1.22E+00,1.07E+00,1.13E+00,9.79E-01,1.14E+00,1.08E+00,1.21E+00,1.14E+00,1.25E+00,1.18E+00,1.22E+00,1.28E+00,1.20E+00,1.19E+00,1.45E+00,1.27E+00,1.46E+00,1.14E+00,1.19E+00,1.18E+00,1.22E+00,1.10E+00,1.11E+00,1.14E+00,1.10E+00,1.16E+00,1.15E+00,1.20E+00,1.15E+00,1.20E+00,1.22E+00,9.46E-01,1.09E+00,1.21E+00,1.18E+00,1.28E+00,1.15E+00,1.19E+00,1.18E+00,1.15E+00,1.11E+00,1.16E+00,1.22E+00,1.05E+00,1.20E+00,1.08E+00,1.09E+00,1.16E+00,1.19E+00,1.16E+00,1.22E+00,1.19E+00,1.12E+00,1.12E+00,1.16E+00,1.25E+00,1.18E+00,1.27E+00,1.20E+00,1.14E+00,1.06E+00,1.19E+00,1.10E+00,1.16E+00,1.13E+00,1.17E+00,9.02E-01,1.01E+00,9.08E-01,1.07E+00,1.26E+00,1.13E+00,1.18E+00,1.21E+00,1.23E+00,1.04E+00,1.09E+00,1.13E+00,1.19E+00,1.18E+00,1.16E+00,1.16E+00,1.20E+00,1.24E+00,1.23E+00,1.18E+00,1.38E+00,1.31E+00,9.85E-01,1.17E+00,1.18E+00,1.30E+00,1.09E+00,1.08E+00,1.21E+00,1.23E+00,1.04E+00,1.19E+00,1.33E+00,1.15E+00,1.21E+00,1.08E+00,1.14E+00,1.04E+00,1.16E+00,1.20E+00
027_S_0118,9.39E-01,7.24E-01,9.92E-01,8.76E-01,9.42E-01,1.03E+00,1.02E+00,1.03E+00,9.43E-01,1.12E+00,1.00E+00,1.11E+00,9.73E-01,9.59E-01,1.04E+00,1.01E+00,9.99E-01,1.11E+00,1.07E+00,1.00E+00,8.49E-01,1.03E+00,9.88E-01,1.09E+00,1.08E+00,1.05E+00,1.13E+00,1.07E+00,9.96E-01,1.04E+00,1.11E+00,1.10E+00,1.12E+00,1.05E+00,1.06E+00,1.04E+00,1.07E+00,1.11E+00,1.09E+00,1.12E+00,1.03E+00,1.01E+00,1.07E+00,9.56E-01,1.02E+00,1.09E+00,1.13E+00,1.13E+00,1.06E+00,9.29E-01,9.56E-01,1.04E+00,8.80E-01,1.01E+00,8.11E-01,8.11E-01,1.14E+00,1.21E+00,1.12E+00,1.07E+00,1.11E+00,1.15E+00,1.13E+00,1.09E+00,1.18E+00,9.89E-01,1.13E+00,1.15E+00,1.16E+00,1.14E+00,1.15E+00,1.23E+00,1.26E+00,9.00E-01,1.19E+00,1.13E+00,1.15E+00,1.14E+00,1.24E+00,1.00E+00,1.15E+00,9.68E-01,9.18E-01,1.10E+00,9.91E-01,1.12E+00,1.18E+00,1.13E+00,1.18E+00,1.18E+00,1.21E+00,9.76E-01,1.11E+00,1.08E+00,1.15E+00,1.20E+00,1.08E+00,9.74E-01,1.17E+00,1.13E+00,1.20E+00,1.25E+00,1.08E+00,1.21E+00,1.30E+00,1.30E+00,1.05E+00,9.87E-01,1.30E+00,1.17E+00,1.34E+00,1.20E+00,1.21E+00,1.15E+00,1.08E+00,1.16E+00,1.18E+00,1.16E+00,1.13E+00,1.17E+00,1.00E+00,1.03E+00,1.15E+00,1.01E+00,1.14E+00,9.80E-01,1.11E+00,1.17E+00,1.11E+00,1.22E+00,1.08E+00,1.23E+00,1.19E+00,1.24E+00,1.13E+00,1.22E+00,1.23E+00,1.07E+00,1.18E+00,1.19E+00,1.16E+00,1.18E+00,1.24E+00,1.10E+00,1.06E+00,1.08E+00,9.82E-01,1.15E+00,1.21E+00,1.02E+00,1.15E+00,1.22E+00,1.20E+00,1.13E+00,1.03E+00,8.59E-01,1.10E+00,1.08E+00,8.99E-01,1.15E+00,7.76E-01,1.01E+00,8.88E-01,1.06E+00,1.24E+00,1.09E+00,1.15E+00,1.20E+00,1.17E+00,1.02E+00,1.10E+00,1.23E+00,1.23E+00,1.20E+00,1.27E+00,1.32E+00,1.20E+00,1.18E+00,9.30E-01,1.18E+00,1.26E+00,1.30E+00,9.70E-01,1.24E+00,1.20E+00,1.17E+00,8.73E-01,8.80E-01,9.02E-01,1.17E+00,8.37E-01,1.13E+00,1.15E+00,1.28E+00,9.54E-01,9.54E-01,9.57E-01,1.09E+00,1.23E+00,1.24E+00
027_S_0120,9.74E-01,7.53E-01,1.04E+00,8.56E-01,8.86E-01,9.68E-01,1.08E+00,1.11E+00,9.47E-01,1.13E+00,9.69E-01,1.06E+00,9.50E-01,9.26E-01,9.88E-01,9.78E-01,9.73E-01,9.94E-01,1.01E+00,9.74E-01,1.06E+00,1.15E+00,1.02E+00,1.05E+00,1.07E+00,1.03E+00,1.04E+00,1.01E+00,1.10E+00,1.03E+00,1.02E+00,1.01E+00,1.01E+00,1.00E+00,1.03E+00,1.01E+00,1.02E+00,1.02E+00,1.07E+00,1.04E+00,1.08E+00,1.02E+00,1.14E+00,9.49E-01,9.98E-01,1.01E+00,1.10E+00,1.14E+00,1.14E+00,9.85E-01,1.10E+00,1.09E+00,9.46E-01,9.85E-01,9.34E-01,9.53E-01,1.11E+00,1.15E+00,1.11E+00,1.09E+00,1.15E+00,1.18E+00,1.19E+00,1.03E+00,1.16E+00,1.02E+00,1.13E+00,1.13E+00,1.16E+00,1.14E+00,1.24E+00,1.19E+00,1.19E+00,9.67E-01,1.14E+00,1.13E+00,1.15E+00,1.09E+00,1.21E+00,1.08E+00,1.19E+00,1.06E+00,9.37E-01,1.07E+00,1.07E+00,1.11E+00,1.18E+00,1.16E+00,1.17E+00,1.18E+00,1.14E+00,1.16E+00,1.19E+00,1.22E+00,1.21E+00,1.05E+00,1.12E+00,1.02E+00,1.12E+00,1.05E+00,1.22E+00,1.19E+00,1.17E+00,1.13E+00,1.15E+00,1.14E+00,1.02E+00,1.01E+00,1.41E+00,1.26E+00,1.38E+00,1.09E+00,1.09E+00,1.14E+00,1.29E+00,1.12E+00,1.05E+00,1.08E+00,1.05E+00,1.05E+00,1.13E+00,1.16E+00,1.10E+00,1.19E+00,1.22E+00,9.67E-01,1.06E+00,1.11E+00,1.15E+00,1.17E+00,1.14E+00,1.11E+00,1.09E+00,1.18E+00,1.03E+00,1.07E+00,1.12E+00,9.95E-01,1.21E+00,1.04E+00,1.11E+00,1.14E+00,1.15E+00,1.11E+00,1.24E+00,1.23E+00,1.18E+00,1.18E+00,1.31E+00,1.22E+00,1.14E+00,1.26E+00,1.23E+00,1.12E+00,1.12E+00,1.20E+00,1.15E+00,1.19E+00,1.22E+00,1.24E+00,9.53E-01,1.02E+00,9.80E-01,1.11E+00,1.17E+00,1.14E+00,1.18E+00,1.24E+00,1.22E+00,1.11E+00,1.13E+00,1.09E+00,1.17E+00,1.23E+00,1.25E+00,1.27E+00,1.21E+00,1.26E+00,1.23E+00,1.12E+00,1.41E+00,1.53E+00,1.20E+00,1.14E+00,1.26E+00,1.37E+00,1.10E+00,1.08E+00,1.20E+00,1.21E+00,9.68E-01,1.13E+00,1.32E+00,1.17E+00,1.08E+00,9.75E-01,1.13E+00,1.04E+00,1.13E+00,1.08E+00
027_S_0850,9.89E-01,7.41E-01,9.57E-01,8.44E-01,8.73E-01,9.48E-01,1.06E+00,1.05E+00,9.39E-01,9.95E-01,9.84E-01,1.00E+00,9.31E-01,9.44E-01,1.02E+00,1.02E+00,1.01E+00,1.04E+00,1.04E+00,9.89E-01,9.38E-01,1.05E+00,9.59E-01,1.07E+00,1.08E+00,1.02E+00,1.06E+00,1.02E+00,1.09E+00,9.87E-01,9.96E-01,1.02E+00,1.04E+00,1.06E+00,1.06E+00,1.03E+00,1.05E+00,9.90E-01,1.08E+00,1.00E+00,1.11E+00,9.97E-01,1.08E+00,9.45E-01,9.94E-01,1.11E+00,1.09E+00,1.16E+00,1.03E+00,9.32E-01,1.13E+00,1.06E+00,8.99E-01,9.78E-01,8.93E-01,9.12E-01,1.07E+00,1.17E+00,1.04E+00,1.01E+00,1.19E+00,1.25E+00,1.20E+00,1.13E+00,1.21E+00,1.03E+00,1.07E+00,1.12E+00,1.22E+00,1.24E+00,1.28E+00,1.15E+00,1.18E+00,9.43E-01,1.19E+00,1.18E+00,1.15E+00,1.11E+00,1.21E+00,1.04E+00,1.28E+00,1.01E+00,9.67E-01,1.04E+00,9.67E-01,1.12E+00,1.11E+00,1.20E+00,1.18E+00,1.16E+00,1.15E+00,1.11E+00,1.22E+00,1.21E+00,1.27E+00,1.06E+00,1.01E+00,1.02E+00,1.12E+00,1.02E+00,1.30E+00,9.95E-01,1.03E+00,1.02E+00,1.01E+00,1.09E+00,1.12E+00,1.04E+00,1.31E+00,1.11E+00,1.33E+00,1.10E+00,1.11E+00,1.15E+00,1.25E+00,1.10E+00,1.09E+00,1.12E+00,1.12E+00,1.13E+00,1.17E+00,1.25E+00,1.12E+00,1.14E+00,1.16E+00,9.55E-01,1.09E+00,1.08E+00,1.06E+00,1.13E+00,1.06E+00,1.06E+00,1.01E+00,1.16E+00,1.07E+00,1.08E+00,1.14E+00,9.93E-01,1.27E+00,1.06E+00,1.01E+00,1.14E+00,1.14E+00,1.13E+00,1.14E+00,1.11E+00,1.16E+00,1.16E+00,1.31E+00,1.22E+00,1.10E+00,1.26E+00,1.16E+00,1.12E+00,1.02E+00,1.05E+00,1.15E+00,1.14E+00,1.10E+00,1.29E+00,8.69E-01,8.64E-01,8.06E-01,1.04E+00,1.07E+00,1.08E+00,1.16E+00,1.18E+00,1.25E+00,1.06E+00,9.82E-01,9.68E-01,1.10E+00,1.18E+00,1.24E+00,1.22E+00,1.28E+00,1.29E+00,1.08E+00,1.12E+00,1.35E+00,1.52E+00,1.11E+00,1.10E+00,1.21E+00,1.34E+00,9.61E-01,9.69E-01,1.01E+00,1.13E+00,8.51E-01,1.13E+00,1.29E+00,1.07E+00,1.04E+00,9.23E-01,9.53E-01,1.04E+00,1.00E+00,1.16E+00
027_S_4962,9.82E-01,7.19E-01,1.05E+00,8.67E-01,9.11E-01,1.00E+00,1.03E+00,1.03E+00,9.40E-01,1.12E+00,9.59E-01,1.07E+00,9.66E-01,9.60E-01,9.98E-01,9.33E-01,9.44E-01,1.03E+00,1.03E+00,9.86E-01,9.60E-01,1.07E+00,1.00E+00,1.09E+00,1.05E+00,1.04E+00,1.09E+00,1.03E+00,1.03E+00,1.05E+00,1.07E+00,1.00E+00,9.84E-01,9.49E-01,9.72E-01,9.36E-01,9.03E-01,9.71E-01,1.12E+00,1.07E+00,1.09E+00,1.02E+00,1.08E+00,9.82E-01,1.03E+00,1.08E+00,1.08E+00,1.17E+00,1.06E+00,9.89E-01,1.07E+00,1.09E+00,9.18E-01,9.79E-01,9.09E-01,9.07E-01,1.11E+00,9.61E-01,1.02E+00,9.57E-01,1.03E+00,1.24E+00,1.20E+00,1.11E+00,1.22E+00,1.02E+00,1.09E+00,1.10E+00,1.25E+00,1.21E+00,1.21E+00,1.14E+00,1.17E+00,8.81E-01,1.11E+00,1.21E+00,1.13E+00,1.10E+00,1.17E+00,1.07E+00,1.20E+00,1.05E+00,1.02E+00,1.07E+00,1.04E+00,1.08E+00,1.15E+00,1.20E+00,1.21E+00,1.21E+00,1.21E+00,1.19E+00,1.20E+00,1.19E+00,1.26E+00,1.10E+00,1.11E+00,9.75E-01,1.12E+00,1.07E+00,1.17E+00,1.20E+00,1.26E+00,1.25E+00,1.23E+00,1.27E+00,9.92E-01,1.08E+00,1.42E+00,1.23E+00,1.31E+00,1.14E+00,1.04E+00,1.14E+00,1.28E+00,1.15E+00,9.63E-01,1.07E+00,9.66E-01,1.19E+00,1.05E+00,1.13E+00,1.14E+00,1.12E+00,1.16E+00,9.81E-01,1.07E+00,1.19E+00,1.10E+00,1.24E+00,1.14E+00,1.19E+00,1.10E+00,1.10E+00,9.78E-01,1.05E+00,1.13E+00,1.02E+00,1.18E+00,1.07E+00,1.12E+00,1.14E+00,1.28E+00,1.11E+00,1.19E+00,1.19E+00,1.14E+00,1.14E+00,1.14E+00,1.28E+00,1.12E+00,1.26E+00,1.25E+00,1.18E+00,1.08E+00,1.13E+00,1.17E+00,1.20E+00,1.16E+00,1.25E+00,9.81E-01,1.08E+00,9.62E-01,1.09E+00,9.51E-01,1.02E+00,1.17E+00,1.21E+00,1.18E+00,1.07E+00,1.16E+00,1.20E+00,1.12E+00,1.11E+00,1.33E+00,1.39E+00,1.29E+00,1.30E+00,1.20E+00,1.21E+00,1.21E+00,1.28E+00,1.01E+00,1.14E+00,1.23E+00,1.15E+00,1.08E+00,1.08E+00,1.19E+00,1.21E+00,1.11E+00,1.24E+00,1.34E+00,1.14E+00,1.10E+00,1.02E+00,1.12E+00,1.08E+00,1.20E+00,1.20E+00
027_S_4964,9.89E-01,7.72E-01,1.05E+00,9.19E-01,9.62E-01,1.07E+00,1.09E+00,1.10E+00,1.01E+00,1.07E+00,9.79E-01,1.13E+00,9.99E-01,9.86E-01,1.06E+00,9.90E-01,9.90E-01,1.04E+00,1.08E+00,1.01E+00,9.23E-01,1.01E+00,1.01E+00,1.14E+00,1.06E+00,1.05E+00,1.16E+00,1.09E+00,1.11E+00,1.14E+00,1.11E+00,1.06E+00,1.02E+00,9.65E-01,1.05E+00,1.00E+00,1.04E+00,9.98E-01,1.11E+00,1.12E+00,1.07E+00,1.01E+00,1.14E+00,9.84E-01,1.04E+00,1.11E+00,1.11E+00,1.24E+00,1.11E+00,9.94E-01,1.08E+00,1.08E+00,9.20E-01,1.02E+00,8.41E-01,8.25E-01,1.16E+00,1.10E+00,1.06E+00,9.65E-01,1.11E+00,1.27E+00,1.24E+00,1.09E+00,1.23E+00,9.91E-01,1.15E+00,1.17E+00,1.25E+00,1.21E+00,1.23E+00,1.20E+00,1.17E+00,9.36E-01,1.13E+00,1.23E+00,1.15E+00,1.12E+00,1.16E+00,1.07E+00,1.19E+00,1.08E+00,9.68E-01,1.10E+00,1.06E+00,1.11E+00,1.16E+00,1.20E+00,1.21E+00,1.24E+00,1.15E+00,1.14E+00,1.19E+00,1.19E+00,1.30E+00,1.11E+00,1.15E+00,1.07E+00,1.16E+00,1.09E+00,1.20E+00,1.24E+00,1.22E+00,1.29E+00,1.27E+00,1.27E+00,1.13E+00,1.11E+00,1.30E+00,1.16E+00,1.29E+00,1.18E+00,1.20E+00,1.11E+00,1.22E+00,1.16E+00,1.12E+00,1.03E+00,1.09E+00,1.16E+00,9.81E-01,1.08E+00,1.15E+00,1.11E+00,1.09E+00,9.83E-01,1.06E+00,1.18E+00,1.18E+00,1.25E+00,1.18E+00,1.19E+00,1.11E+00,1.16E+00,1.02E+00,1.08E+00,1.17E+00,1.02E+00,1.09E+00,1.05E+00,1.13E+00,1.18E+00,1.25E+00,1.18E+00,1.19E+00,1.18E+00,1.10E+00,1.14E+00,1.11E+00,1.18E+00,1.16E+00,1.32E+00,1.26E+00,1.20E+00,1.11E+00,1.09E+00,1.16E+00,1.18E+00,1.10E+00,1.23E+00,9.42E-01,1.09E+00,9.63E-01,1.13E+00,1.12E+00,1.08E+00,1.18E+00,1.28E+00,1.27E+00,1.06E+00,1.16E+00,1.23E+00,1.15E+00,1.20E+00,1.33E+00,1.35E+00,1.29E+00,1.30E+00,1.14E+00,1.23E+00,1.17E+00,1.11E+00,1.10E+00,1.16E+00,1.23E+00,1.17E+00,1.01E+00,1.04E+00,1.17E+00,1.23E+00,9.75E-01,1.24E+00,1.33E+00,1.18E+00,1.08E+00,1.03E+00,9.66E-01,1.10E+00,1.23E+00,1.21E+00
029_S_0836,9.29E-01,6.75E-01,9.63E-01,8.20E-01,8.70E-01,9.68E-01,1.00E+00,1.01E+00,9.08E-01,1.06E+00,1.01E+00,1.06E+00,9.44E-01,9.13E-01,9.86E-01,9.22E-01,9.99E-01,1.03E+00,1.00E+00,9.31E-01,1.02E+00,1.11E+00,9.82E-01,1.07E+00,1.03E+00,1.04E+00,1.12E+00,1.06E+00,1.06E+00,1.01E+00,1.02E+00,1.06E+00,1.04E+00,9.69E-01,1.02E+00,9.70E-01,9.92E-01,1.03E+00,1.15E+00,1.06E+00,1.15E+00,1.01E+00,1.13E+00,9.91E-01,1.03E+00,1.10E+00,1.07E+00,1.27E+00,1.11E+00,1.01E+00,1.10E+00,1.09E+00,9.09E-01,9.58E-01,8.70E-01,9.26E-01,1.05E+00,1.08E+00,1.06E+00,9.83E-01,1.18E+00,1.25E+00,1.22E+00,1.12E+00,1.14E+00,9.89E-01,1.05E+00,1.07E+00,1.26E+00,1.20E+00,1.25E+00,1.13E+00,1.18E+00,8.74E-01,1.10E+00,1.23E+00,1.11E+00,1.08E+00,1.17E+00,1.06E+00,1.20E+00,1.06E+00,9.24E-01,1.05E+00,9.99E-01,1.08E+00,1.07E+00,1.25E+00,1.24E+00,1.30E+00,1.24E+00,1.17E+00,1.23E+00,1.24E+00,1.26E+00,1.14E+00,1.02E+00,9.41E-01,1.10E+00,1.00E+00,1.21E+00,1.10E+00,1.10E+00,1.07E+00,1.11E+00,1.13E+00,1.02E+00,1.03E+00,1.41E+00,1.18E+00,1.42E+00,1.11E+00,1.18E+00,1.12E+00,1.22E+00,1.10E+00,1.08E+00,1.17E+00,1.13E+00,1.22E+00,1.08E+00,1.18E+00,1.08E+00,1.18E+00,1.19E+00,9.97E-01,1.14E+00,1.26E+00,1.15E+00,1.33E+00,1.12E+00,1.08E+00,1.14E+00,1.29E+00,1.11E+00,1.12E+00,1.27E+00,1.06E+00,1.24E+00,1.10E+00,1.10E+00,1.16E+00,1.28E+00,1.18E+00,1.28E+00,1.21E+00,1.19E+00,1.14E+00,1.18E+00,1.31E+00,1.15E+00,1.39E+00,1.36E+00,1.13E+00,1.09E+00,1.17E+00,1.23E+00,1.18E+00,1.20E+00,1.30E+00,8.88E-01,1.04E+00,9.52E-01,1.14E+00,1.18E+00,1.08E+00,1.23E+00,1.25E+00,1.28E+00,1.11E+00,1.14E+00,1.16E+00,1.21E+00,1.21E+00,1.39E+00,1.39E+00,1.33E+00,1.38E+00,1.26E+00,1.30E+00,1.48E+00,1.53E+00,1.11E+00,1.16E+00,1.35E+00,1.41E+00,1.04E+00,1.08E+00,1.26E+00,1.26E+00,9.48E-01,1.30E+00,1.37E+00,1.17E+00,1.13E+00,1.03E+00,1.00E+00,1.07E+00,1.16E+00,1.22E+00
029_S_0843,9.33E-01,6.56E-01,9.87E-01,8.10E-01,8.58E-01,9.85E-01,1.01E+00,1.01E+00,9.22E-01,1.06E+00,9.63E-01,1.07E+00,9.66E-01,8.88E-01,9.99E-01,1.03E+00,1.00E+00,1.10E+00,1.13E+00,1.02E+00,1.02E+00,1.10E+00,1.02E+00,1.08E+00,1.04E+00,1.04E+00,1.08E+00,1.04E+00,1.04E+00,1.01E+00,1.05E+00,1.10E+00,1.03E+00,9.92E-01,1.06E+00,1.01E+00,1.05E+00,1.02E+00,1.06E+00,1.08E+00,1.09E+00,1.04E+00,1.06E+00,9.89E-01,9.89E-01,1.16E+00,1.10E+00,1.34E+00,1.07E+00,9.86E-01,1.06E+00,1.07E+00,9.04E-01,9.90E-01,8.77E-01,9.14E-01,1.09E+00,1.15E+00,1.11E+00,1.07E+00,1.22E+00,1.36E+00,1.17E+00,1.09E+00,1.19E+00,1.00E+00,1.11E+00,1.12E+00,1.23E+00,1.27E+00,1.33E+00,1.22E+00,1.24E+00,8.91E-01,1.14E+00,1.34E+00,1.15E+00,1.12E+00,1.29E+00,1.07E+00,1.20E+00,1.02E+00,9.59E-01,1.08E+00,1.08E+00,1.08E+00,1.11E+00,1.23E+00,1.25E+00,1.20E+00,1.29E+00,1.12E+00,1.25E+00,1.24E+00,1.23E+00,1.15E+00,1.07E+00,9.80E-01,1.12E+00,1.07E+00,1.09E+00,1.13E+00,1.17E+00,1.18E+00,1.21E+00,1.30E+00,1.04E+00,1.03E+00,1.37E+00,1.18E+00,1.41E+00,1.25E+00,1.09E+00,1.15E+00,1.33E+00,1.09E+00,1.20E+00,1.20E+00,1.19E+00,1.22E+00,1.25E+00,1.25E+00,1.25E+00,1.12E+00,1.14E+00,9.72E-01,1.12E+00,1.17E+00,1.14E+00,1.20E+00,1.02E+00,1.15E+00,1.19E+00,1.35E+00,1.10E+00,1.18E+00,1.13E+00,1.08E+00,1.31E+00,1.18E+00,1.05E+00,1.16E+00,1.17E+00,1.13E+00,1.12E+00,1.14E+00,1.19E+00,1.16E+00,1.29E+00,1.26E+00,1.21E+00,1.35E+00,1.27E+00,1.15E+00,1.09E+00,1.14E+00,1.10E+00,1.11E+00,1.08E+00,1.18E+00,8.94E-01,9.88E-01,9.09E-01,1.00E+00,1.25E+00,1.14E+00,1.25E+00,1.15E+00,1.24E+00,1.08E+00,1.06E+00,1.15E+00,1.24E+00,1.25E+00,1.29E+00,1.30E+00,1.21E+00,1.31E+00,1.26E+00,1.25E+00,1.55E+00,1.50E+00,1.10E+00,1.21E+00,1.27E+00,1.33E+00,1.03E+00,1.05E+00,1.11E+00,1.15E+00,8.95E-01,1.17E+00,1.24E+00,1.20E+00,1.09E+00,9.63E-01,1.03E+00,1.08E+00,1.17E+00,1.19E+00
029_S_0866,9.48E-01,6.95E-01,9.46E-01,8.42E-01,8.74E-01,9.55E-01,1.01E+00,1.02E+00,9.17E-01,1.02E+00,9.25E-01,9.83E-01,9.30E-01,9.27E-01,1.00E+00,9.87E-01,1.00E+00,1.04E+00,1.04E+00,9.92E-01,9.41E-01,1.05E+00,9.61E-01,1.03E+00,1.00E+00,1.02E+00,1.07E+00,1.05E+00,1.07E+00,1.00E+00,1.01E+00,1.03E+00,1.07E+00,1.05E+00,1.05E+00,1.03E+00,1.04E+00,1.02E+00,1.11E+00,9.99E-01,1.11E+00,9.89E-01,1.04E+00,9.80E-01,1.00E+00,1.08E+00,1.05E+00,1.18E+00,1.09E+00,9.87E-01,1.10E+00,1.11E+00,9.55E-01,9.79E-01,9.11E-01,8.83E-01,1.07E+00,1.21E+00,1.06E+00,1.06E+00,1.20E+00,1.20E+00,1.19E+00,1.10E+00,1.14E+00,9.99E-01,1.10E+00,1.11E+00,1.23E+00,1.18E+00,1.25E+00,1.18E+00,1.16E+00,8.99E-01,1.13E+00,1.17E+00,1.15E+00,1.09E+00,1.15E+00,1.06E+00,1.17E+00,1.04E+00,9.39E-01,1.03E+00,9.95E-01,1.09E+00,1.11E+00,1.20E+00,1.22E+00,1.14E+00,1.22E+00,1.16E+00,1.20E+00,1.17E+00,1.23E+00,1.10E+00,1.03E+00,9.74E-01,1.09E+00,1.02E+00,1.26E+00,1.11E+00,1.12E+00,1.10E+00,1.07E+00,1.15E+00,1.06E+00,1.02E+00,1.28E+00,1.11E+00,1.21E+00,1.09E+00,1.13E+00,1.14E+00,1.34E+00,1.12E+00,1.16E+00,1.16E+00,1.19E+00,1.16E+00,1.19E+00,1.24E+00,1.16E+00,1.11E+00,1.21E+00,9.53E-01,1.05E+00,1.12E+00,1.11E+00,1.17E+00,1.12E+00,1.12E+00,1.01E+00,1.14E+00,1.13E+00,1.16E+00,1.13E+00,1.05E+00,1.26E+00,1.13E+00,1.04E+00,1.15E+00,1.15E+00,1.18E+00,1.17E+00,1.16E+00,1.24E+00,1.20E+00,1.32E+00,1.31E+00,1.16E+00,1.27E+00,1.26E+00,1.15E+00,1.07E+00,1.19E+00,1.21E+00,1.19E+00,1.15E+00,1.23E+00,9.27E-01,1.02E+00,9.63E-01,1.09E+00,1.24E+00,1.15E+00,1.22E+00,1.17E+00,1.27E+00,1.12E+00,1.10E+00,1.17E+00,1.20E+00,1.25E+00,1.27E+00,1.31E+00,1.27E+00,1.31E+00,1.32E+00,1.22E+00,1.34E+00,1.31E+00,1.13E+00,1.16E+00,1.29E+00,1.28E+00,1.05E+00,1.07E+00,1.16E+00,1.20E+00,9.25E-01,1.22E+00,1.28E+00,1.11E+00,1.05E+00,9.66E-01,9.86E-01,1.05E+00,1.12E+00,1.19E+00
029_S_4585,9.71E-01,7.39E-01,1.00E+00,8.80E-01,8.89E-01,1.00E+00,9.98E-01,1.05E+00,9.47E-01,1.05E+00,9.79E-01,1.02E+00,9.60E-01,9.17E-01,9.85E-01,9.57E-01,9.95E-01,1.01E+00,1.01E+00,9.94E-01,1.06E+00,1.12E+00,1.02E+00,1.06E+00,1.05E+00,1.02E+00,1.09E+00,1.02E+00,1.01E+00,1.02E+00,9.84E-01,1.11E+00,1.08E+00,1.01E+00,1.00E+00,9.84E-01,9.78E-01,9.98E-01,1.08E+00,1.03E+00,1.10E+00,1.03E+00,1.03E+00,9.92E-01,1.01E+00,1.08E+00,1.08E+00,1.15E+00,1.07E+00,1.02E+00,1.05E+00,1.09E+00,9.36E-01,9.76E-01,8.75E-01,8.88E-01,1.05E+00,1.07E+00,1.06E+00,1.07E+00,1.16E+00,1.18E+00,1.16E+00,1.08E+00,1.11E+00,9.91E-01,1.07E+00,1.13E+00,1.17E+00,1.11E+00,1.19E+00,1.24E+00,1.14E+00,9.57E-01,1.09E+00,1.17E+00,1.12E+00,1.09E+00,1.21E+00,1.08E+00,1.10E+00,1.04E+00,9.10E-01,1.04E+00,1.03E+00,1.09E+00,1.12E+00,1.16E+00,1.19E+00,1.16E+00,1.22E+00,1.17E+00,1.19E+00,1.18E+00,1.22E+00,1.08E+00,1.12E+00,9.69E-01,1.10E+00,1.08E+00,1.17E+00,1.11E+00,1.20E+00,1.14E+00,1.05E+00,1.09E+00,1.13E+00,1.03E+00,1.36E+00,1.27E+00,1.35E+00,1.15E+00,1.15E+00,1.10E+00,1.25E+00,1.18E+00,1.10E+00,1.12E+00,1.11E+00,1.09E+00,1.10E+00,1.15E+00,1.09E+00,1.16E+00,1.17E+00,9.67E-01,1.08E+00,1.14E+00,1.13E+00,1.25E+00,1.04E+00,1.07E+00,1.11E+00,1.18E+00,1.08E+00,1.15E+00,1.14E+00,1.06E+00,1.12E+00,1.07E+00,1.10E+00,1.15E+00,1.26E+00,1.16E+00,1.24E+00,1.17E+00,1.19E+00,1.17E+00,1.24E+00,1.21E+00,1.10E+00,1.25E+00,1.24E+00,1.18E+00,1.10E+00,1.16E+00,1.12E+00,1.17E+00,1.14E+00,1.12E+00,8.76E-01,9.60E-01,9.45E-01,1.02E+00,1.16E+00,1.09E+00,1.20E+00,1.18E+00,1.25E+00,1.09E+00,1.04E+00,1.07E+00,1.16E+00,1.14E+00,1.19E+00,1.25E+00,1.24E+00,1.25E+00,1.22E+00,1.22E+00,1.29E+00,1.38E+00,1.17E+00,1.15E+00,1.22E+00,1.39E+00,1.06E+00,1.07E+00,1.16E+00,1.18E+00,9.02E-01,1.19E+00,1.28E+00,1.06E+00,1.11E+00,9.60E-01,1.06E+00,1.03E+00,1.06E+00,1.06E+00
031_S_0321,1.09E+00,7.78E-01,1.10E+00,9.17E-01,9.61E-01,1.09E+00,1.10E+00,1.12E+00,9.93E-01,1.15E+00,1.01E+00,1.11E+00,9.56E-01,9.37E-01,1.01E+00,9.68E-01,1.01E+00,1.07E+00,1.04E+00,1.00E+00,8.16E-01,9.98E-01,9.82E-01,1.02E+00,1.03E+00,9.82E-01,1.04E+00,1.05E+00,1.11E+00,1.17E+00,1.10E+00,1.05E+00,1.06E+00,1.04E+00,1.01E+00,1.01E+00,1.06E+00,1.08E+00,1.10E+00,9.97E-01,1.05E+00,1.01E+00,1.03E+00,1.01E+00,1.00E+00,1.09E+00,1.06E+00,1.13E+00,1.08E+00,9.84E-01,1.11E+00,1.06E+00,9.66E-01,1.04E+00,9.03E-01,8.41E-01,1.15E+00,1.10E+00,1.10E+00,1.05E+00,1.14E+00,1.16E+00,1.15E+00,1.07E+00,1.12E+00,9.71E-01,1.06E+00,1.08E+00,1.15E+00,1.12E+00,1.14E+00,1.24E+00,1.21E+00,9.18E-01,1.12E+00,1.16E+00,1.15E+00,1.11E+00,1.19E+00,1.04E+00,1.13E+00,1.04E+00,1.02E+00,1.06E+00,9.84E-01,1.08E+00,1.13E+00,1.12E+00,1.14E+00,1.11E+00,1.22E+00,1.07E+00,1.17E+00,1.12E+00,1.10E+00,1.15E+00,1.14E+00,1.05E+00,1.11E+00,1.08E+00,1.34E+00,1.28E+00,1.25E+00,1.36E+00,1.34E+00,1.29E+00,1.12E+00,1.09E+00,1.30E+00,1.23E+00,1.28E+00,1.19E+00,1.24E+00,1.21E+00,9.96E-01,1.16E+00,1.13E+00,1.15E+00,1.12E+00,1.13E+00,1.02E+00,1.08E+00,1.14E+00,1.23E+00,1.23E+00,1.04E+00,1.14E+00,1.21E+00,1.18E+00,1.25E+00,1.24E+00,1.25E+00,1.16E+00,1.22E+00,1.19E+00,1.19E+00,1.24E+00,1.10E+00,1.16E+00,1.15E+00,1.15E+00,1.20E+00,1.25E+00,1.12E+00,1.22E+00,1.19E+00,9.47E-01,1.09E+00,1.15E+00,1.00E+00,1.18E+00,1.32E+00,1.25E+00,1.19E+00,1.13E+00,9.31E-01,1.12E+00,1.19E+00,1.07E+00,1.16E+00,9.24E-01,1.09E+00,9.97E-01,1.16E+00,1.26E+00,1.22E+00,1.18E+00,1.29E+00,1.29E+00,1.07E+00,1.20E+00,1.21E+00,1.28E+00,1.26E+00,1.36E+00,1.34E+00,1.28E+00,1.25E+00,9.00E-01,1.19E+00,1.32E+00,1.33E+00,1.07E+00,1.26E+00,1.24E+00,1.27E+00,1.00E+00,1.05E+00,1.03E+00,1.30E+00,1.11E+00,1.19E+00,1.40E+00,1.28E+00,1.08E+00,1.06E+00,1.11E+00,1.15E+00,1.25E+00,1.35E+00
031_S_0618,9.62E-01,7.51E-01,9.99E-01,9.13E-01,9.29E-01,1.04E+00,1.05E+00,1.06E+00,9.71E-01,1.08E+00,1.00E+00,1.07E+00,9.63E-01,9.47E-01,1.04E+00,1.01E+00,9.93E-01,1.01E+00,1.00E+00,9.98E-01,1.11E+00,1.18E+00,1.06E+00,1.11E+00,1.09E+00,1.09E+00,1.14E+00,1.11E+00,1.05E+00,9.92E-01,1.11E+00,9.86E-01,1.07E+00,1.05E+00,1.04E+00,1.06E+00,1.04E+00,1.02E+00,1.12E+00,1.09E+00,1.09E+00,1.05E+00,1.15E+00,9.72E-01,1.01E+00,1.01E+00,1.13E+00,1.24E+00,1.13E+00,1.04E+00,1.09E+00,1.10E+00,9.78E-01,1.04E+00,9.09E-01,9.72E-01,1.17E+00,1.24E+00,1.10E+00,1.10E+00,1.11E+00,1.25E+00,1.29E+00,1.17E+00,1.21E+00,1.04E+00,1.12E+00,1.16E+00,1.21E+00,1.20E+00,1.26E+00,1.19E+00,1.21E+00,9.69E-01,1.20E+00,1.16E+00,1.21E+00,1.14E+00,1.26E+00,1.08E+00,1.16E+00,1.09E+00,1.06E+00,1.11E+00,1.11E+00,1.17E+00,1.15E+00,1.22E+00,1.20E+00,1.16E+00,1.12E+00,1.17E+00,1.24E+00,1.26E+00,1.26E+00,1.14E+00,1.16E+00,1.00E+00,1.15E+00,1.13E+00,1.16E+00,1.20E+00,1.18E+00,1.16E+00,1.14E+00,1.21E+00,1.06E+00,9.47E-01,1.34E+00,1.17E+00,1.28E+00,1.13E+00,1.10E+00,1.17E+00,1.19E+00,1.11E+00,1.10E+00,1.05E+00,1.11E+00,1.11E+00,1.09E+00,1.08E+00,1.09E+00,1.17E+00,1.19E+00,1.00E+00,1.11E+00,1.15E+00,1.15E+00,1.21E+00,1.08E+00,1.15E+00,1.05E+00,1.22E+00,1.16E+00,1.15E+00,1.18E+00,1.07E+00,1.20E+00,1.12E+00,1.13E+00,1.16E+00,1.23E+00,1.18E+00,1.23E+00,1.23E+00,1.14E+00,1.17E+00,1.26E+00,1.11E+00,1.14E+00,1.29E+00,1.29E+00,1.18E+00,1.11E+00,1.18E+00,1.15E+00,1.18E+00,1.14E+00,1.17E+00,9.45E-01,1.05E+00,9.97E-01,1.09E+00,1.22E+00,1.15E+00,1.11E+00,1.26E+00,1.23E+00,1.08E+00,1.12E+00,1.19E+00,1.25E+00,1.23E+00,1.26E+00,1.26E+00,1.29E+00,1.31E+00,1.12E+00,1.17E+00,1.37E+00,1.42E+00,1.17E+00,1.23E+00,1.21E+00,1.42E+00,1.07E+00,1.10E+00,1.18E+00,1.20E+00,9.70E-01,1.19E+00,1.31E+00,1.19E+00,1.09E+00,9.48E-01,1.03E+00,1.11E+00,1.21E+00,1.18E+00
032_S_0095,9.28E-01,6.66E-01,1.01E+00,8.41E-01,8.82E-01,1.02E+00,9.91E-01,9.94E-01,9.07E-01,1.12E+00,9.20E-01,1.04E+00,9.11E-01,9.48E-01,1.03E+00,9.68E-01,1.05E+00,1.07E+00,1.06E+00,1.01E+00,1.07E+00,1.17E+00,9.97E-01,1.09E+00,1.10E+00,1.04E+00,1.14E+00,1.07E+00,9.94E-01,1.01E+00,1.04E+00,1.05E+00,1.12E+00,1.05E+00,1.09E+00,1.04E+00,1.09E+00,1.07E+00,1.12E+00,1.12E+00,1.05E+00,9.94E-01,1.12E+00,9.53E-01,9.43E-01,1.06E+00,1.18E+00,1.30E+00,1.09E+00,9.71E-01,9.72E-01,1.01E+00,8.68E-01,9.35E-01,8.19E-01,8.97E-01,1.13E+00,1.30E+00,1.11E+00,1.07E+00,1.21E+00,1.25E+00,1.18E+00,1.09E+00,1.25E+00,1.00E+00,1.05E+00,1.22E+00,1.26E+00,1.25E+00,1.29E+00,1.27E+00,1.20E+00,9.37E-01,1.29E+00,1.20E+00,1.17E+00,1.10E+00,1.23E+00,9.73E-01,1.15E+00,1.00E+00,9.27E-01,1.03E+00,1.04E+00,1.06E+00,1.19E+00,1.17E+00,1.23E+00,1.11E+00,1.25E+00,1.05E+00,1.15E+00,1.21E+00,1.29E+00,1.24E+00,1.11E+00,9.04E-01,1.09E+00,1.03E+00,1.16E+00,1.09E+00,1.31E+00,1.29E+00,1.21E+00,1.29E+00,1.15E+00,1.09E+00,1.55E+00,1.23E+00,1.47E+00,1.26E+00,1.26E+00,1.22E+00,1.20E+00,1.20E+00,1.20E+00,1.17E+00,1.23E+00,1.23E+00,1.18E+00,1.19E+00,1.18E+00,1.28E+00,1.32E+00,9.83E-01,1.09E+00,1.18E+00,1.19E+00,1.33E+00,1.03E+00,1.20E+00,1.13E+00,1.33E+00,1.17E+00,1.27E+00,1.30E+00,1.07E+00,1.22E+00,1.18E+00,1.23E+00,1.32E+00,1.28E+00,1.12E+00,1.14E+00,1.14E+00,1.12E+00,1.09E+00,1.19E+00,1.24E+00,1.28E+00,1.37E+00,1.36E+00,1.10E+00,1.05E+00,1.10E+00,1.04E+00,1.07E+00,1.05E+00,1.16E+00,8.06E-01,9.59E-01,8.56E-01,9.94E-01,1.35E+00,1.15E+00,1.24E+00,1.22E+00,1.27E+00,1.10E+00,1.03E+00,1.17E+00,1.41E+00,1.24E+00,1.46E+00,1.40E+00,1.20E+00,1.37E+00,1.27E+00,1.32E+00,1.53E+00,1.47E+00,1.12E+00,1.32E+00,1.36E+00,1.41E+00,1.01E+00,1.08E+00,1.11E+00,1.21E+00,8.59E-01,1.22E+00,1.31E+00,1.29E+00,1.24E+00,9.35E-01,1.10E+00,9.79E-01,1.22E+00,1.27E+00
032_S_0479,9.27E-01,7.05E-01,1.02E+00,8.66E-01,8.89E-01,1.05E+00,1.02E+00,1.05E+00,9.47E-01,1.04E+00,9.78E-01,1.10E+00,9.76E-01,9.21E-01,1.06E+00,1.05E+00,1.02E+00,1.09E+00,1.10E+00,1.03E+00,1.06E+00,1.19E+00,1.03E+00,1.17E+00,1.12E+00,1.10E+00,1.22E+00,1.11E+00,9.76E-01,1.02E+00,1.06E+00,1.15E+00,1.15E+00,1.08E+00,1.10E+00,1.07E+00,1.06E+00,1.10E+00,1.14E+00,1.21E+00,1.10E+00,1.03E+00,1.22E+00,9.59E-01,1.02E+00,1.10E+00,1.20E+00,1.23E+00,1.12E+00,9.63E-01,1.03E+00,1.09E+00,8.44E-01,9.60E-01,7.99E-01,9.25E-01,1.09E+00,1.27E+00,1.14E+00,1.15E+00,1.14E+00,1.32E+00,1.23E+00,1.17E+00,1.22E+00,1.02E+00,1.15E+00,1.19E+00,1.29E+00,1.29E+00,1.30E+00,1.27E+00,1.23E+00,8.90E-01,1.24E+00,1.17E+00,1.19E+00,1.15E+00,1.26E+00,1.03E+00,1.23E+00,1.05E+00,8.96E-01,1.10E+00,9.88E-01,1.12E+00,1.19E+00,1.23E+00,1.20E+00,1.17E+00,1.20E+00,1.19E+00,1.24E+00,1.25E+00,1.29E+00,1.25E+00,1.09E+00,9.50E-01,1.13E+00,1.07E+00,1.16E+00,1.11E+00,1.22E+00,1.27E+00,1.18E+00,1.23E+00,1.14E+00,1.00E+00,1.40E+00,1.20E+00,1.38E+00,1.20E+00,1.22E+00,1.24E+00,1.38E+00,1.20E+00,1.17E+00,1.20E+00,1.12E+00,1.20E+00,1.16E+00,1.30E+00,1.21E+00,1.19E+00,1.15E+00,9.28E-01,1.14E+00,1.30E+00,1.22E+00,1.35E+00,9.72E-01,1.13E+00,1.24E+00,1.28E+00,1.18E+00,1.20E+00,1.20E+00,1.12E+00,1.28E+00,1.19E+00,1.16E+00,1.24E+00,1.25E+00,1.23E+00,1.16E+00,1.17E+00,1.22E+00,1.21E+00,1.36E+00,1.24E+00,1.26E+00,1.35E+00,1.20E+00,1.19E+00,1.11E+00,1.20E+00,1.14E+00,1.15E+00,1.07E+00,1.26E+00,7.42E-01,8.15E-01,7.60E-01,8.92E-01,1.27E+00,1.14E+00,1.17E+00,1.25E+00,1.28E+00,1.11E+00,1.03E+00,1.10E+00,1.29E+00,1.28E+00,1.34E+00,1.33E+00,1.28E+00,1.35E+00,1.23E+00,1.21E+00,1.49E+00,1.51E+00,1.11E+00,1.25E+00,1.26E+00,1.45E+00,1.08E+00,1.08E+00,1.20E+00,1.13E+00,7.99E-01,1.16E+00,1.33E+00,1.20E+00,1.17E+00,8.78E-01,9.75E-01,1.08E+00,1.20E+00,1.24E+00
032_S_0677,1.04E+00,7.05E-01,1.07E+00,8.63E-01,9.05E-01,1.07E+00,1.07E+00,1.11E+00,9.64E-01,1.13E+00,9.95E-01,1.12E+00,9.35E-01,9.55E-01,1.02E+00,9.81E-01,1.03E+00,1.02E+00,9.91E-01,9.61E-01,1.14E+00,1.21E+00,1.08E+00,1.20E+00,1.13E+00,1.10E+00,1.22E+00,1.11E+00,1.09E+00,1.04E+00,1.07E+00,1.13E+00,1.11E+00,1.04E+00,1.08E+00,1.02E+00,1.09E+00,1.00E+00,1.13E+00,1.16E+00,1.09E+00,1.04E+00,1.19E+00,9.86E-01,1.01E+00,1.06E+00,1.26E+00,1.32E+00,1.15E+00,9.90E-01,9.88E-01,1.06E+00,9.14E-01,9.74E-01,8.46E-01,9.32E-01,1.16E+00,1.20E+00,1.07E+00,1.05E+00,1.19E+00,1.30E+00,1.24E+00,1.18E+00,1.22E+00,1.00E+00,1.14E+00,1.17E+00,1.31E+00,1.25E+00,1.33E+00,1.26E+00,1.21E+00,9.47E-01,1.21E+00,1.25E+00,1.15E+00,1.07E+00,1.22E+00,9.79E-01,1.19E+00,1.08E+00,9.37E-01,1.11E+00,1.14E+00,1.06E+00,1.17E+00,1.20E+00,1.20E+00,1.14E+00,1.17E+00,1.10E+00,1.22E+00,1.24E+00,1.39E+00,1.19E+00,1.18E+00,1.03E+00,1.15E+00,1.06E+00,1.30E+00,1.22E+00,1.26E+00,1.35E+00,1.30E+00,1.27E+00,1.23E+00,1.12E+00,1.43E+00,1.31E+00,1.39E+00,1.12E+00,1.31E+00,1.20E+00,1.22E+00,1.10E+00,1.07E+00,1.16E+00,1.13E+00,1.13E+00,1.09E+00,1.12E+00,1.12E+00,1.29E+00,1.26E+00,9.72E-01,1.10E+00,1.28E+00,1.15E+00,1.43E+00,1.14E+00,1.19E+00,1.17E+00,1.24E+00,1.08E+00,1.18E+00,1.32E+00,1.10E+00,1.13E+00,1.10E+00,1.19E+00,1.30E+00,1.28E+00,1.12E+00,1.20E+00,1.21E+00,1.14E+00,1.16E+00,1.21E+00,1.25E+00,1.31E+00,1.37E+00,1.30E+00,1.18E+00,1.16E+00,1.11E+00,1.09E+00,1.08E+00,1.11E+00,1.22E+00,8.31E-01,9.98E-01,8.78E-01,1.07E+00,1.22E+00,1.09E+00,1.17E+00,1.38E+00,1.34E+00,1.11E+00,1.12E+00,1.17E+00,1.41E+00,1.29E+00,1.40E+00,1.38E+00,1.27E+00,1.37E+00,1.11E+00,1.23E+00,1.41E+00,1.37E+00,1.19E+00,1.28E+00,1.30E+00,1.37E+00,1.07E+00,1.06E+00,1.14E+00,1.21E+00,9.40E-01,1.20E+00,1.39E+00,1.28E+00,1.19E+00,9.50E-01,1.28E+00,1.10E+00,1.15E+00,1.26E+00
032_S_1037,1.03E+00,7.15E-01,1.04E+00,8.77E-01,9.11E-01,1.04E+00,1.08E+00,1.10E+00,9.67E-01,1.08E+00,9.99E-01,1.11E+00,9.85E-01,1.00E+00,1.05E+00,1.04E+00,1.07E+00,1.12E+00,1.08E+00,1.04E+00,9.83E-01,1.18E+00,1.01E+00,1.18E+00,1.08E+00,1.11E+00,1.15E+00,1.11E+00,1.07E+00,1.08E+00,1.08E+00,9.83E-01,1.03E+00,9.30E-01,1.06E+00,1.02E+00,1.05E+00,9.99E-01,1.19E+00,1.08E+00,1.13E+00,1.03E+00,1.14E+00,9.74E-01,1.01E+00,1.13E+00,1.02E+00,1.14E+00,1.15E+00,9.81E-01,1.14E+00,1.12E+00,9.44E-01,1.04E+00,8.83E-01,9.02E-01,1.10E+00,9.49E-01,1.03E+00,1.02E+00,1.16E+00,1.27E+00,1.28E+00,1.16E+00,1.19E+00,1.01E+00,1.11E+00,1.06E+00,1.27E+00,1.31E+00,1.24E+00,1.13E+00,1.09E+00,9.02E-01,1.07E+00,1.15E+00,1.10E+00,1.08E+00,1.12E+00,1.09E+00,1.23E+00,1.07E+00,1.04E+00,1.09E+00,1.17E+00,1.16E+00,1.12E+00,1.20E+00,1.21E+00,1.26E+00,1.24E+00,1.30E+00,1.30E+00,1.31E+00,1.32E+00,1.09E+00,1.15E+00,1.05E+00,1.15E+00,1.06E+00,1.22E+00,1.14E+00,1.22E+00,1.22E+00,1.19E+00,1.33E+00,1.19E+00,1.13E+00,1.41E+00,1.26E+00,1.29E+00,1.08E+00,1.18E+00,1.20E+00,1.23E+00,1.20E+00,1.01E+00,1.18E+00,1.15E+00,1.24E+00,1.15E+00,1.15E+00,1.18E+00,1.05E+00,1.10E+00,9.63E-01,1.12E+00,1.20E+00,1.17E+00,1.30E+00,1.08E+00,1.09E+00,1.09E+00,9.79E-01,8.68E-01,9.08E-01,1.15E+00,9.60E-01,1.03E+00,1.07E+00,1.10E+00,1.05E+00,1.25E+00,1.17E+00,1.14E+00,1.19E+00,1.06E+00,1.08E+00,1.08E+00,1.21E+00,9.93E-01,1.30E+00,1.17E+00,1.16E+00,1.08E+00,1.06E+00,1.17E+00,1.29E+00,1.14E+00,1.21E+00,8.94E-01,1.05E+00,9.53E-01,1.10E+00,9.52E-01,9.70E-01,1.19E+00,1.18E+00,1.18E+00,1.04E+00,1.12E+00,1.07E+00,1.02E+00,9.58E-01,1.26E+00,1.26E+00,1.33E+00,1.27E+00,1.08E+00,1.20E+00,1.13E+00,1.18E+00,1.01E+00,1.05E+00,1.21E+00,1.23E+00,1.10E+00,1.04E+00,1.06E+00,1.17E+00,9.95E-01,1.19E+00,1.44E+00,1.05E+00,1.08E+00,1.08E+00,9.75E-01,1.03E+00,1.05E+00,1.09E+00
032_S_1169,8.73E-01,6.73E-01,9.48E-01,8.59E-01,9.02E-01,9.62E-01,9.77E-01,9.05E-01,8.96E-01,1.01E+00,9.43E-01,1.04E+00,9.71E-01,9.78E-01,1.02E+00,1.02E+00,1.04E+00,1.06E+00,1.02E+00,9.32E-01,1.07E+00,1.20E+00,1.07E+00,1.19E+00,1.16E+00,1.15E+00,1.24E+00,1.08E+00,9.67E-01,1.05E+00,1.11E+00,1.06E+00,9.95E-01,1.05E+00,1.12E+00,9.44E-01,8.98E-01,9.81E-01,1.16E+00,1.29E+00,9.95E-01,1.02E+00,1.16E+00,9.85E-01,9.71E-01,1.11E+00,1.33E+00,1.43E+00,1.12E+00,9.49E-01,9.07E-01,1.12E+00,7.24E-01,9.37E-01,6.93E-01,7.30E-01,1.12E+00,1.09E+00,1.10E+00,9.57E-01,9.85E-01,1.37E+00,1.30E+00,1.17E+00,1.30E+00,9.93E-01,1.19E+00,1.28E+00,1.17E+00,1.30E+00,1.43E+00,1.23E+00,1.22E+00,8.75E-01,1.27E+00,1.19E+00,1.20E+00,1.20E+00,1.29E+00,9.75E-01,1.25E+00,9.51E-01,9.29E-01,1.17E+00,1.22E+00,1.20E+00,1.21E+00,1.21E+00,1.30E+00,1.25E+00,1.24E+00,9.87E-01,1.20E+00,1.25E+00,1.32E+00,1.07E+00,9.96E-01,8.91E-01,1.25E+00,1.08E+00,9.04E-01,1.07E+00,8.00E-01,1.10E+00,1.20E+00,1.16E+00,6.14E-01,6.90E-01,1.08E+00,1.14E+00,1.19E+00,1.19E+00,1.24E+00,1.12E+00,1.01E+00,1.19E+00,1.17E+00,1.08E+00,1.17E+00,1.25E+00,8.79E-01,8.62E-01,1.12E+00,1.15E+00,1.23E+00,1.03E+00,1.14E+00,1.34E+00,1.25E+00,1.35E+00,1.06E+00,1.19E+00,1.22E+00,1.25E+00,1.24E+00,1.18E+00,1.35E+00,1.09E+00,1.06E+00,1.13E+00,1.20E+00,1.41E+00,1.34E+00,1.09E+00,1.13E+00,1.20E+00,9.40E-01,1.12E+00,1.28E+00,8.48E-01,1.37E+00,1.45E+00,1.45E+00,1.20E+00,1.07E+00,1.00E+00,1.17E+00,1.12E+00,9.71E-01,1.28E+00,6.40E-01,8.92E-01,7.05E-01,8.92E-01,1.21E+00,1.06E+00,1.22E+00,1.22E+00,1.32E+00,9.89E-01,1.12E+00,1.21E+00,1.37E+00,1.22E+00,1.44E+00,1.29E+00,1.35E+00,1.41E+00,8.97E-01,1.34E+00,1.31E+00,1.37E+00,1.01E+00,1.39E+00,1.35E+00,1.31E+00,8.87E-01,9.40E-01,1.07E+00,1.15E+00,6.39E-01,1.23E+00,1.24E+00,1.25E+00,9.29E-01,8.59E-01,1.02E+00,1.18E+00,1.22E+00,1.44E+00
033_S_0923,9.77E-01,7.39E-01,1.03E+00,8.74E-01,9.26E-01,1.00E+00,1.06E+00,1.09E+00,9.79E-01,1.11E+00,1.00E+00,1.07E+00,9.79E-01,9.55E-01,9.81E-01,9.70E-01,9.98E-01,1.06E+00,1.04E+00,1.01E+00,9.37E-01,1.12E+00,1.01E+00,1.09E+00,1.08E+00,1.09E+00,1.10E+00,1.04E+00,1.06E+00,1.02E+00,1.08E+00,1.04E+00,1.10E+00,9.62E-01,1.02E+00,9.47E-01,8.74E-01,1.04E+00,1.06E+00,1.06E+00,1.13E+00,1.01E+00,1.09E+00,9.53E-01,1.02E+00,1.10E+00,1.11E+00,1.21E+00,1.11E+00,1.00E+00,1.10E+00,1.12E+00,9.76E-01,1.01E+00,9.32E-01,8.79E-01,1.14E+00,1.11E+00,1.02E+00,9.89E-01,1.12E+00,1.25E+00,1.12E+00,1.06E+00,1.18E+00,1.00E+00,1.13E+00,1.11E+00,1.12E+00,1.21E+00,1.27E+00,1.16E+00,1.20E+00,8.89E-01,1.17E+00,1.18E+00,1.18E+00,1.16E+00,1.23E+00,1.08E+00,1.21E+00,1.06E+00,1.01E+00,1.09E+00,1.07E+00,1.14E+00,1.15E+00,1.18E+00,1.19E+00,1.17E+00,1.18E+00,1.12E+00,1.25E+00,1.21E+00,1.23E+00,1.16E+00,1.12E+00,1.01E+00,1.14E+00,1.11E+00,1.19E+00,1.19E+00,1.22E+00,1.23E+00,1.21E+00,1.22E+00,1.17E+00,1.11E+00,1.44E+00,1.24E+00,1.31E+00,1.15E+00,1.09E+00,1.12E+00,1.32E+00,1.10E+00,1.07E+00,1.04E+00,1.06E+00,1.07E+00,1.09E+00,1.10E+00,1.03E+00,1.09E+00,1.18E+00,9.76E-01,1.10E+00,1.14E+00,1.13E+00,1.16E+00,1.12E+00,1.18E+00,1.09E+00,1.14E+00,1.07E+00,1.08E+00,1.12E+00,9.11E-01,1.19E+00,1.09E+00,1.06E+00,1.06E+00,1.20E+00,1.16E+00,1.13E+00,1.20E+00,1.21E+00,1.18E+00,1.25E+00,1.21E+00,9.40E-01,1.31E+00,1.24E+00,1.16E+00,1.08E+00,1.20E+00,1.16E+00,1.18E+00,1.17E+00,1.22E+00,9.47E-01,1.06E+00,9.62E-01,1.11E+00,1.19E+00,9.64E-01,1.16E+00,1.14E+00,1.21E+00,1.09E+00,1.10E+00,1.16E+00,1.20E+00,9.55E-01,1.25E+00,1.22E+00,1.27E+00,1.27E+00,1.20E+00,1.14E+00,1.34E+00,1.43E+00,1.08E+00,1.17E+00,1.20E+00,1.40E+00,1.09E+00,1.10E+00,1.17E+00,1.20E+00,9.66E-01,1.18E+00,1.32E+00,1.23E+00,1.13E+00,1.03E+00,9.11E-01,1.04E+00,1.18E+00,1.18E+00
033_S_1016,9.67E-01,6.63E-01,9.64E-01,8.03E-01,8.43E-01,9.92E-01,1.04E+00,1.06E+00,9.22E-01,1.06E+00,9.08E-01,1.02E+00,8.95E-01,8.82E-01,9.83E-01,9.61E-01,9.47E-01,9.78E-01,9.81E-01,9.61E-01,1.00E+00,1.09E+00,9.75E-01,1.06E+00,1.04E+00,1.01E+00,1.03E+00,1.00E+00,1.12E+00,9.97E-01,1.01E+00,1.01E+00,1.03E+00,1.00E+00,1.02E+00,1.00E+00,1.01E+00,9.92E-01,1.05E+00,1.04E+00,1.03E+00,9.59E-01,1.08E+00,9.06E-01,9.42E-01,1.02E+00,1.06E+00,1.14E+00,1.03E+00,9.45E-01,1.01E+00,1.04E+00,9.27E-01,9.82E-01,9.23E-01,9.08E-01,1.09E+00,1.09E+00,1.05E+00,1.02E+00,1.07E+00,1.16E+00,1.14E+00,1.06E+00,1.12E+00,9.55E-01,1.09E+00,1.08E+00,1.12E+00,1.13E+00,1.16E+00,1.20E+00,1.17E+00,8.77E-01,1.10E+00,1.09E+00,1.11E+00,1.07E+00,1.18E+00,1.01E+00,1.13E+00,9.94E-01,9.69E-01,1.06E+00,1.08E+00,1.09E+00,1.06E+00,1.14E+00,1.15E+00,1.08E+00,1.11E+00,1.07E+00,1.16E+00,1.17E+00,1.21E+00,1.08E+00,1.10E+00,1.03E+00,1.11E+00,1.05E+00,1.36E+00,1.15E+00,1.19E+00,1.12E+00,1.12E+00,1.25E+00,1.17E+00,1.10E+00,1.44E+00,1.20E+00,1.33E+00,1.09E+00,1.14E+00,1.12E+00,1.27E+00,1.11E+00,1.10E+00,1.09E+00,1.13E+00,1.11E+00,1.14E+00,1.18E+00,1.11E+00,1.14E+00,1.17E+00,9.36E-01,1.04E+00,1.16E+00,1.09E+00,1.15E+00,1.14E+00,1.12E+00,1.03E+00,1.20E+00,1.01E+00,1.15E+00,1.14E+00,1.01E+00,1.19E+00,1.11E+00,1.07E+00,1.15E+00,1.20E+00,1.09E+00,1.19E+00,1.14E+00,1.14E+00,1.13E+00,1.24E+00,1.12E+00,1.12E+00,1.24E+00,1.20E+00,1.06E+00,1.04E+00,1.14E+00,1.10E+00,1.13E+00,1.10E+00,1.15E+00,9.03E-01,1.01E+00,9.48E-01,1.11E+00,1.12E+00,1.12E+00,1.09E+00,1.21E+00,1.16E+00,1.08E+00,1.08E+00,1.13E+00,1.21E+00,1.20E+00,1.25E+00,1.22E+00,1.17E+00,1.22E+00,1.13E+00,1.13E+00,1.41E+00,1.42E+00,1.09E+00,1.16E+00,1.16E+00,1.31E+00,1.02E+00,1.03E+00,1.09E+00,1.20E+00,9.38E-01,1.11E+00,1.25E+00,1.15E+00,1.11E+00,1.06E+00,1.03E+00,1.04E+00,1.12E+00,1.17E+00
033_S_1098,9.79E-01,7.26E-01,1.04E+00,8.56E-01,8.93E-01,9.99E-01,1.03E+00,1.04E+00,9.58E-01,1.09E+00,9.71E-01,1.07E+00,9.48E-01,9.14E-01,1.01E+00,9.93E-01,9.94E-01,1.02E+00,9.92E-01,9.68E-01,9.89E-01,1.06E+00,9.86E-01,1.06E+00,1.05E+00,9.98E-01,1.06E+00,1.04E+00,1.03E+00,1.02E+00,1.02E+00,1.05E+00,1.01E+00,1.01E+00,1.01E+00,9.78E-01,9.94E-01,9.96E-01,1.07E+00,1.02E+00,1.07E+00,9.89E-01,1.09E+00,9.53E-01,1.00E+00,1.02E+00,1.09E+00,1.21E+00,1.07E+00,9.90E-01,1.06E+00,1.06E+00,9.38E-01,9.70E-01,8.62E-01,8.95E-01,1.09E+00,1.14E+00,1.04E+00,1.00E+00,1.10E+00,1.24E+00,1.20E+00,1.04E+00,1.16E+00,1.01E+00,1.10E+00,1.11E+00,1.13E+00,1.16E+00,1.23E+00,1.16E+00,1.11E+00,9.34E-01,1.14E+00,1.15E+00,1.16E+00,1.11E+00,1.18E+00,1.05E+00,1.15E+00,1.02E+00,9.60E-01,1.07E+00,1.03E+00,1.11E+00,1.10E+00,1.20E+00,1.19E+00,1.15E+00,1.14E+00,1.10E+00,1.17E+00,1.17E+00,1.20E+00,1.11E+00,1.08E+00,9.95E-01,1.10E+00,1.07E+00,1.17E+00,1.04E+00,1.11E+00,1.19E+00,1.12E+00,1.22E+00,1.00E+00,1.04E+00,1.35E+00,1.18E+00,1.31E+00,1.10E+00,1.12E+00,1.14E+00,1.17E+00,1.11E+00,1.06E+00,1.09E+00,1.10E+00,1.10E+00,1.02E+00,1.08E+00,1.09E+00,1.11E+00,1.11E+00,9.54E-01,1.02E+00,1.14E+00,1.07E+00,1.18E+00,1.02E+00,1.11E+00,1.05E+00,1.19E+00,1.03E+00,1.11E+00,1.09E+00,1.03E+00,1.04E+00,1.04E+00,1.08E+00,1.10E+00,1.22E+00,1.14E+00,1.21E+00,1.17E+00,1.07E+00,1.12E+00,1.15E+00,1.12E+00,1.14E+00,1.28E+00,1.28E+00,1.12E+00,1.07E+00,1.07E+00,1.12E+00,1.14E+00,1.11E+00,1.15E+00,8.59E-01,9.73E-01,8.95E-01,1.05E+00,1.18E+00,1.06E+00,1.12E+00,1.18E+00,1.23E+00,1.06E+00,1.09E+00,1.12E+00,1.19E+00,1.19E+00,1.30E+00,1.21E+00,1.18E+00,1.30E+00,1.07E+00,1.10E+00,1.37E+00,1.26E+00,1.04E+00,1.15E+00,1.19E+00,1.25E+00,1.08E+00,1.05E+00,1.17E+00,1.16E+00,9.10E-01,1.18E+00,1.28E+00,1.13E+00,1.08E+00,9.73E-01,1.06E+00,1.04E+00,1.15E+00,1.17E+00
033_S_1281,1.03E+00,7.29E-01,1.09E+00,8.53E-01,9.00E-01,1.04E+00,1.07E+00,1.11E+00,9.59E-01,1.08E+00,9.86E-01,1.08E+00,9.28E-01,9.37E-01,9.79E-01,9.22E-01,9.94E-01,1.00E+00,9.92E-01,9.90E-01,1.03E+00,1.12E+00,1.01E+00,1.10E+00,1.08E+00,1.04E+00,1.07E+00,1.03E+00,1.13E+00,1.06E+00,1.06E+00,1.06E+00,1.07E+00,1.03E+00,1.04E+00,9.75E-01,1.03E+00,1.06E+00,1.08E+00,1.07E+00,1.12E+00,1.01E+00,1.13E+00,9.75E-01,1.00E+00,1.05E+00,1.11E+00,1.17E+00,1.09E+00,9.75E-01,1.06E+00,1.02E+00,8.54E-01,9.20E-01,8.49E-01,8.70E-01,1.07E+00,1.09E+00,1.08E+00,1.07E+00,1.11E+00,1.20E+00,1.21E+00,1.10E+00,1.21E+00,1.01E+00,1.05E+00,1.13E+00,1.18E+00,1.17E+00,1.19E+00,1.17E+00,1.18E+00,9.18E-01,1.13E+00,1.14E+00,1.11E+00,1.02E+00,1.09E+00,9.72E-01,1.13E+00,9.85E-01,9.24E-01,1.02E+00,9.98E-01,1.09E+00,1.11E+00,1.13E+00,1.15E+00,1.15E+00,1.16E+00,1.12E+00,1.17E+00,1.16E+00,1.26E+00,1.12E+00,1.08E+00,1.01E+00,1.11E+00,1.10E+00,1.35E+00,1.15E+00,1.34E+00,1.26E+00,1.21E+00,1.35E+00,1.17E+00,1.08E+00,1.50E+00,1.23E+00,1.39E+00,1.12E+00,1.13E+00,1.13E+00,1.15E+00,1.09E+00,1.08E+00,1.08E+00,1.12E+00,1.09E+00,1.03E+00,1.14E+00,1.15E+00,1.13E+00,1.09E+00,9.60E-01,1.05E+00,1.13E+00,1.12E+00,1.19E+00,1.13E+00,1.06E+00,1.09E+00,1.19E+00,1.11E+00,1.16E+00,1.13E+00,1.02E+00,1.22E+00,1.09E+00,1.08E+00,1.15E+00,1.19E+00,1.18E+00,1.25E+00,1.22E+00,1.04E+00,1.10E+00,1.14E+00,1.15E+00,1.14E+00,1.23E+00,1.19E+00,1.15E+00,1.05E+00,1.07E+00,1.07E+00,1.14E+00,9.89E-01,1.14E+00,8.35E-01,8.43E-01,8.35E-01,1.10E+00,1.17E+00,1.07E+00,1.11E+00,1.16E+00,1.15E+00,1.01E+00,9.54E-01,9.85E-01,1.14E+00,1.12E+00,1.19E+00,1.22E+00,1.19E+00,1.21E+00,1.12E+00,1.13E+00,1.23E+00,1.23E+00,1.00E+00,1.06E+00,1.10E+00,1.14E+00,1.01E+00,1.02E+00,1.07E+00,1.07E+00,7.81E-01,1.07E+00,1.25E+00,1.14E+00,1.08E+00,1.03E+00,9.69E-01,1.04E+00,1.06E+00,1.16E+00
035_S_0341,9.74E-01,7.04E-01,1.09E+00,8.53E-01,8.78E-01,1.04E+00,1.06E+00,1.12E+00,9.64E-01,1.12E+00,1.04E+00,1.18E+00,9.48E-01,9.63E-01,1.05E+00,1.01E+00,1.03E+00,1.07E+00,1.03E+00,1.02E+00,1.09E+00,1.26E+00,1.03E+00,1.21E+00,1.08E+00,1.09E+00,1.21E+00,1.10E+00,9.86E-01,1.04E+00,1.01E+00,1.06E+00,1.04E+00,1.01E+00,1.13E+00,1.05E+00,1.09E+00,1.05E+00,1.18E+00,1.12E+00,1.29E+00,1.05E+00,1.20E+00,9.98E-01,1.01E+00,1.07E+00,1.10E+00,1.26E+00,1.11E+00,9.97E-01,1.21E+00,1.14E+00,9.26E-01,9.65E-01,8.76E-01,9.87E-01,1.03E+00,1.07E+00,1.06E+00,1.02E+00,1.15E+00,1.28E+00,1.24E+00,1.15E+00,1.19E+00,1.01E+00,9.93E-01,1.09E+00,1.26E+00,1.28E+00,1.33E+00,1.19E+00,1.15E+00,8.93E-01,1.07E+00,1.19E+00,1.19E+00,1.08E+00,1.12E+00,1.12E+00,1.26E+00,1.09E+00,1.02E+00,1.03E+00,1.12E+00,1.16E+00,1.09E+00,1.24E+00,1.23E+00,1.19E+00,1.20E+00,1.34E+00,1.31E+00,1.37E+00,1.41E+00,1.11E+00,1.17E+00,9.49E-01,1.16E+00,1.10E+00,1.23E+00,1.11E+00,1.33E+00,1.24E+00,1.11E+00,1.37E+00,1.16E+00,1.03E+00,1.69E+00,1.39E+00,1.57E+00,1.11E+00,1.23E+00,1.19E+00,1.26E+00,1.12E+00,1.13E+00,1.12E+00,1.13E+00,1.17E+00,1.16E+00,1.12E+00,1.11E+00,1.35E+00,1.24E+00,9.85E-01,1.11E+00,1.27E+00,1.26E+00,1.30E+00,1.00E+00,1.08E+00,1.17E+00,1.17E+00,1.09E+00,1.14E+00,1.22E+00,1.05E+00,1.18E+00,1.13E+00,1.17E+00,1.18E+00,1.19E+00,1.32E+00,1.35E+00,1.28E+00,1.11E+00,1.14E+00,1.18E+00,1.13E+00,1.09E+00,1.35E+00,1.29E+00,1.20E+00,1.11E+00,1.12E+00,1.19E+00,1.28E+00,1.20E+00,1.25E+00,9.21E-01,9.22E-01,9.03E-01,1.02E+00,1.02E+00,1.04E+00,1.13E+00,1.21E+00,1.20E+00,1.02E+00,1.03E+00,9.85E-01,9.80E-01,1.05E+00,1.25E+00,1.24E+00,1.29E+00,1.36E+00,1.15E+00,1.14E+00,1.27E+00,1.30E+00,1.01E+00,1.02E+00,1.19E+00,1.27E+00,1.11E+00,1.09E+00,1.18E+00,1.17E+00,1.02E+00,1.16E+00,1.46E+00,1.04E+00,1.10E+00,9.42E-01,1.18E+00,1.10E+00,1.19E+00,1.18E+00
035_S_0555,1.01E+00,6.99E-01,1.02E+00,8.24E-01,8.61E-01,9.93E-01,1.03E+00,1.02E+00,9.33E-01,1.08E+00,9.29E-01,1.01E+00,8.86E-01,9.18E-01,1.00E+00,9.44E-01,9.87E-01,1.00E+00,9.58E-01,8.59E-01,1.07E+00,1.18E+00,1.04E+00,1.12E+00,1.05E+00,1.05E+00,1.09E+00,1.02E+00,1.10E+00,1.04E+00,1.06E+00,1.05E+00,1.04E+00,9.67E-01,1.02E+00,9.78E-01,1.03E+00,1.05E+00,1.14E+00,1.03E+00,1.10E+00,1.03E+00,1.14E+00,9.74E-01,1.00E+00,1.07E+00,1.08E+00,1.18E+00,1.10E+00,9.97E-01,1.10E+00,1.06E+00,9.63E-01,1.02E+00,9.39E-01,9.25E-01,1.14E+00,1.16E+00,1.06E+00,1.01E+00,1.11E+00,1.20E+00,1.22E+00,1.14E+00,1.19E+00,9.90E-01,1.14E+00,1.13E+00,1.20E+00,1.17E+00,1.18E+00,1.19E+00,1.20E+00,8.78E-01,1.17E+00,1.19E+00,1.19E+00,1.13E+00,1.15E+00,1.09E+00,1.17E+00,1.07E+00,1.02E+00,1.11E+00,1.13E+00,1.12E+00,1.16E+00,1.21E+00,1.21E+00,1.18E+00,1.19E+00,1.18E+00,1.25E+00,1.23E+00,1.25E+00,1.08E+00,1.14E+00,1.06E+00,1.15E+00,1.07E+00,1.22E+00,1.15E+00,1.23E+00,1.18E+00,1.13E+00,1.24E+00,1.12E+00,1.02E+00,1.38E+00,1.19E+00,1.33E+00,1.09E+00,1.10E+00,1.11E+00,1.31E+00,1.08E+00,1.04E+00,1.07E+00,1.07E+00,1.15E+00,1.18E+00,1.19E+00,1.12E+00,1.22E+00,1.17E+00,9.64E-01,1.11E+00,1.17E+00,1.17E+00,1.17E+00,1.11E+00,1.13E+00,1.06E+00,1.19E+00,1.10E+00,1.17E+00,1.14E+00,1.03E+00,1.20E+00,1.08E+00,1.10E+00,1.15E+00,1.16E+00,1.14E+00,1.21E+00,1.21E+00,1.17E+00,1.16E+00,1.33E+00,1.25E+00,1.18E+00,1.27E+00,1.22E+00,1.12E+00,1.06E+00,1.24E+00,1.16E+00,1.20E+00,1.22E+00,1.21E+00,9.38E-01,1.03E+00,9.47E-01,1.10E+00,1.25E+00,1.12E+00,1.13E+00,1.16E+00,1.21E+00,1.10E+00,1.14E+00,1.18E+00,1.23E+00,1.20E+00,1.29E+00,1.22E+00,1.27E+00,1.25E+00,1.29E+00,1.15E+00,1.30E+00,1.42E+00,1.14E+00,1.19E+00,1.24E+00,1.41E+00,1.14E+00,1.11E+00,1.22E+00,1.26E+00,1.04E+00,1.20E+00,1.30E+00,1.15E+00,1.14E+00,1.01E+00,1.17E+00,1.08E+00,1.17E+00,1.21E+00
036_S_0577,1.06E+00,7.23E-01,1.07E+00,8.56E-01,8.99E-01,1.03E+00,1.07E+00,1.12E+00,9.50E-01,1.06E+00,9.81E-01,1.10E+00,9.57E-01,9.50E-01,1.04E+00,1.01E+00,1.00E+00,1.05E+00,1.02E+00,1.02E+00,1.05E+00,1.15E+00,9.92E-01,1.13E+00,1.08E+00,1.07E+00,1.12E+00,1.09E+00,1.09E+00,1.10E+00,1.06E+00,9.81E-01,9.91E-01,9.94E-01,9.86E-01,9.78E-01,9.55E-01,9.09E-01,1.08E+00,1.03E+00,1.08E+00,9.98E-01,1.16E+00,9.28E-01,9.80E-01,1.06E+00,1.07E+00,1.26E+00,1.09E+00,9.86E-01,1.10E+00,1.10E+00,8.99E-01,9.61E-01,8.68E-01,9.39E-01,1.09E+00,1.17E+00,1.03E+00,1.02E+00,1.11E+00,1.31E+00,1.24E+00,1.08E+00,1.21E+00,1.02E+00,1.09E+00,1.15E+00,1.23E+00,1.24E+00,1.28E+00,1.21E+00,1.10E+00,9.26E-01,1.22E+00,1.19E+00,1.12E+00,1.06E+00,1.14E+00,1.08E+00,1.25E+00,1.06E+00,1.04E+00,1.10E+00,1.09E+00,1.12E+00,1.15E+00,1.27E+00,1.22E+00,1.15E+00,1.23E+00,1.25E+00,1.26E+00,1.29E+00,1.34E+00,1.17E+00,1.08E+00,9.67E-01,1.16E+00,1.08E+00,1.24E+00,1.08E+00,1.30E+00,1.19E+00,1.05E+00,1.24E+00,1.23E+00,1.06E+00,1.51E+00,1.17E+00,1.42E+00,1.14E+00,1.11E+00,1.05E+00,1.12E+00,1.10E+00,8.98E-01,1.06E+00,1.07E+00,1.05E+00,1.13E+00,1.22E+00,1.04E+00,1.08E+00,1.14E+00,9.18E-01,1.04E+00,1.12E+00,1.08E+00,1.22E+00,1.05E+00,1.04E+00,1.01E+00,1.01E+00,8.52E-01,8.24E-01,9.59E-01,8.47E-01,1.06E+00,9.02E-01,9.64E-01,9.45E-01,1.12E+00,1.06E+00,1.12E+00,1.05E+00,1.04E+00,1.06E+00,1.06E+00,1.17E+00,9.79E-01,1.22E+00,1.21E+00,1.05E+00,1.03E+00,1.12E+00,1.11E+00,1.14E+00,1.14E+00,1.18E+00,8.03E-01,8.41E-01,7.54E-01,9.71E-01,9.54E-01,8.35E-01,1.02E+00,1.13E+00,1.17E+00,1.02E+00,1.01E+00,9.34E-01,1.13E+00,1.01E+00,1.22E+00,1.20E+00,1.24E+00,1.26E+00,1.23E+00,1.13E+00,1.25E+00,1.25E+00,9.76E-01,1.12E+00,1.16E+00,1.24E+00,1.08E+00,1.06E+00,1.24E+00,1.14E+00,9.10E-01,1.21E+00,1.29E+00,1.02E+00,1.10E+00,9.24E-01,1.03E+00,1.06E+00,1.08E+00,1.06E+00
037_S_0467,1.02E+00,7.03E-01,9.74E-01,8.37E-01,8.98E-01,1.06E+00,1.02E+00,1.02E+00,9.25E-01,9.96E-01,9.40E-01,1.04E+00,9.30E-01,9.34E-01,8.97E-01,9.10E-01,9.95E-01,9.31E-01,1.06E+00,9.93E-01,9.88E-01,1.14E+00,9.94E-01,1.08E+00,1.04E+00,1.02E+00,1.09E+00,1.02E+00,1.13E+00,1.09E+00,1.07E+00,1.12E+00,1.17E+00,1.07E+00,1.01E+00,9.86E-01,1.10E+00,1.14E+00,1.11E+00,1.01E+00,1.07E+00,9.93E-01,1.08E+00,9.45E-01,9.96E-01,1.09E+00,1.05E+00,1.21E+00,1.06E+00,9.76E-01,1.08E+00,1.08E+00,9.73E-01,1.02E+00,9.10E-01,8.51E-01,1.13E+00,1.16E+00,1.10E+00,1.05E+00,1.06E+00,1.23E+00,1.22E+00,1.06E+00,1.18E+00,9.77E-01,1.12E+00,1.11E+00,1.19E+00,1.18E+00,1.22E+00,1.23E+00,1.28E+00,8.73E-01,1.18E+00,1.16E+00,1.11E+00,1.09E+00,1.17E+00,1.03E+00,1.18E+00,1.01E+00,1.05E+00,1.08E+00,1.03E+00,1.13E+00,1.10E+00,1.15E+00,1.19E+00,1.16E+00,1.15E+00,1.07E+00,1.22E+00,1.15E+00,1.20E+00,1.20E+00,1.06E+00,1.01E+00,1.12E+00,1.04E+00,1.23E+00,1.22E+00,1.17E+00,1.26E+00,1.25E+00,1.27E+00,9.94E-01,1.05E+00,1.24E+00,1.17E+00,1.25E+00,1.13E+00,1.20E+00,1.17E+00,1.34E+00,1.21E+00,1.16E+00,1.18E+00,1.20E+00,1.19E+00,1.21E+00,1.25E+00,1.20E+00,1.12E+00,1.12E+00,9.58E-01,1.10E+00,1.15E+00,1.12E+00,1.16E+00,1.11E+00,1.21E+00,1.22E+00,1.29E+00,1.08E+00,1.23E+00,1.13E+00,9.85E-01,1.32E+00,1.19E+00,1.08E+00,1.14E+00,1.21E+00,1.09E+00,1.18E+00,1.19E+00,1.17E+00,1.15E+00,1.26E+00,1.22E+00,1.16E+00,1.28E+00,1.27E+00,1.09E+00,1.05E+00,1.16E+00,1.17E+00,1.15E+00,1.13E+00,1.19E+00,9.18E-01,1.07E+00,9.65E-01,1.09E+00,1.23E+00,1.17E+00,1.15E+00,1.13E+00,1.21E+00,1.07E+00,1.12E+00,1.19E+00,1.25E+00,1.25E+00,1.37E+00,1.31E+00,1.23E+00,1.31E+00,1.22E+00,1.23E+00,1.37E+00,1.46E+00,1.02E+00,1.19E+00,1.23E+00,1.39E+00,1.02E+00,1.08E+00,1.17E+00,1.23E+00,9.51E-01,1.25E+00,1.26E+00,1.31E+00,1.16E+00,1.01E+00,9.42E-01,1.06E+00,1.20E+00,1.17E+00
041_S_1002,9.75E-01,7.23E-01,1.03E+00,8.53E-01,8.90E-01,1.03E+00,1.06E+00,1.07E+00,9.52E-01,1.12E+00,9.68E-01,1.06E+00,9.26E-01,9.48E-01,1.01E+00,9.64E-01,9.70E-01,1.01E+00,1.03E+00,9.81E-01,9.66E-01,1.05E+00,9.82E-01,1.06E+00,1.05E+00,1.03E+00,1.06E+00,1.04E+00,1.07E+00,1.03E+00,1.06E+00,1.11E+00,1.12E+00,1.14E+00,1.04E+00,9.75E-01,9.23E-01,9.71E-01,1.02E+00,1.06E+00,1.08E+00,1.00E+00,1.09E+00,9.49E-01,9.85E-01,9.99E-01,1.10E+00,1.21E+00,1.06E+00,9.96E-01,1.12E+00,1.07E+00,9.86E-01,1.04E+00,9.12E-01,9.68E-01,1.16E+00,1.20E+00,1.09E+00,1.07E+00,1.09E+00,1.34E+00,1.26E+00,1.05E+00,1.17E+00,1.01E+00,1.19E+00,1.13E+00,1.23E+00,1.23E+00,1.29E+00,1.16E+00,1.18E+00,8.89E-01,1.20E+00,1.19E+00,1.22E+00,1.19E+00,1.29E+00,1.10E+00,1.24E+00,1.10E+00,9.99E-01,1.13E+00,1.00E+00,1.09E+00,1.11E+00,1.22E+00,1.21E+00,1.20E+00,1.16E+00,1.19E+00,1.26E+00,1.23E+00,1.27E+00,1.15E+00,1.11E+00,1.06E+00,1.13E+00,1.04E+00,1.24E+00,1.16E+00,1.27E+00,1.21E+00,1.14E+00,1.24E+00,1.12E+00,1.10E+00,1.46E+00,1.25E+00,1.36E+00,1.13E+00,1.14E+00,1.05E+00,1.20E+00,1.02E+00,1.02E+00,9.99E-01,1.11E+00,1.08E+00,1.10E+00,1.19E+00,1.09E+00,1.12E+00,1.15E+00,9.61E-01,1.10E+00,1.09E+00,1.14E+00,1.18E+00,1.16E+00,1.18E+00,1.12E+00,1.32E+00,1.15E+00,1.23E+00,1.16E+00,1.08E+00,1.32E+00,1.06E+00,1.09E+00,1.17E+00,1.20E+00,1.10E+00,1.14E+00,1.12E+00,1.15E+00,1.16E+00,1.35E+00,1.26E+00,1.12E+00,1.35E+00,1.27E+00,1.07E+00,1.07E+00,1.21E+00,1.15E+00,1.15E+00,1.18E+00,1.25E+00,9.19E-01,1.10E+00,9.95E-01,1.12E+00,1.37E+00,1.09E+00,1.13E+00,1.17E+00,1.24E+00,1.14E+00,1.16E+00,1.21E+00,1.38E+00,1.26E+00,1.37E+00,1.26E+00,1.30E+00,1.31E+00,1.29E+00,1.13E+00,1.48E+00,1.64E+00,1.17E+00,1.28E+00,1.25E+00,1.50E+00,1.14E+00,1.12E+00,1.23E+00,1.16E+00,9.23E-01,1.21E+00,1.33E+00,1.20E+00,1.13E+00,1.06E+00,9.87E-01,1.09E+00,1.12E+00,1.21E+00
053_S_1044,9.17E-01,6.90E-01,1.01E+00,8.33E-01,8.39E-01,9.43E-01,1.04E+00,1.02E+00,9.17E-01,1.12E+00,9.04E-01,1.02E+00,9.53E-01,9.62E-01,1.04E+00,9.65E-01,9.92E-01,1.04E+00,1.05E+00,1.02E+00,1.08E+00,1.18E+00,9.85E-01,1.15E+00,1.00E+00,1.09E+00,1.21E+00,1.10E+00,9.96E-01,8.97E-01,9.33E-01,8.88E-01,9.34E-01,8.88E-01,1.05E+00,9.91E-01,9.45E-01,9.66E-01,1.04E+00,1.14E+00,1.16E+00,1.02E+00,1.20E+00,8.99E-01,9.92E-01,1.08E+00,1.04E+00,1.16E+00,1.11E+00,9.94E-01,1.08E+00,1.11E+00,9.36E-01,1.00E+00,8.66E-01,8.80E-01,9.72E-01,8.63E-01,9.46E-01,8.73E-01,1.09E+00,1.24E+00,1.16E+00,1.11E+00,1.18E+00,9.68E-01,9.79E-01,1.01E+00,1.21E+00,1.21E+00,1.23E+00,1.10E+00,9.60E-01,8.37E-01,8.88E-01,1.11E+00,1.02E+00,1.03E+00,9.95E-01,1.09E+00,1.22E+00,1.08E+00,1.00E+00,1.05E+00,1.08E+00,9.81E-01,9.62E-01,1.25E+00,1.18E+00,1.17E+00,1.16E+00,1.18E+00,1.23E+00,1.21E+00,1.29E+00,9.40E-01,1.09E+00,1.04E+00,9.59E-01,8.45E-01,1.21E+00,1.04E+00,1.28E+00,1.18E+00,1.13E+00,1.13E+00,1.14E+00,1.08E+00,1.47E+00,1.25E+00,1.26E+00,1.14E+00,1.25E+00,1.19E+00,1.31E+00,1.13E+00,1.05E+00,1.16E+00,1.16E+00,1.24E+00,1.08E+00,1.15E+00,1.17E+00,1.29E+00,1.29E+00,9.62E-01,1.11E+00,1.22E+00,1.26E+00,1.41E+00,1.05E+00,1.00E+00,9.79E-01,1.05E+00,1.00E+00,1.01E+00,1.27E+00,1.06E+00,8.96E-01,1.05E+00,1.07E+00,1.29E+00,1.26E+00,1.21E+00,1.29E+00,1.25E+00,1.22E+00,1.12E+00,1.16E+00,1.21E+00,1.23E+00,1.37E+00,1.24E+00,1.20E+00,1.10E+00,1.22E+00,1.15E+00,1.25E+00,1.19E+00,1.29E+00,9.51E-01,1.04E+00,9.40E-01,1.12E+00,9.81E-01,1.07E+00,1.16E+00,1.25E+00,1.31E+00,1.05E+00,1.12E+00,1.03E+00,1.04E+00,1.06E+00,1.28E+00,1.27E+00,1.31E+00,1.33E+00,1.13E+00,1.24E+00,1.22E+00,9.73E-01,9.54E-01,1.03E+00,1.23E+00,1.11E+00,1.07E+00,1.09E+00,1.20E+00,1.22E+00,1.03E+00,1.25E+00,1.41E+00,1.00E+00,1.04E+00,1.09E+00,1.17E+00,1.08E+00,1.04E+00,1.15E+00
053_S_5070,9.52E-01,7.16E-01,9.71E-01,8.26E-01,8.26E-01,9.10E-01,1.03E+00,1.02E+00,9.25E-01,1.09E+00,9.86E-01,1.03E+00,9.69E-01,9.55E-01,1.02E+00,1.00E+00,1.02E+00,1.08E+00,1.05E+00,1.02E+00,1.02E+00,1.05E+00,9.92E-01,1.12E+00,1.05E+00,1.09E+00,1.09E+00,1.01E+00,1.04E+00,9.59E-01,9.34E-01,9.52E-01,1.01E+00,9.95E-01,1.12E+00,1.03E+00,1.07E+00,1.04E+00,1.09E+00,1.14E+00,1.23E+00,1.05E+00,1.06E+00,9.90E-01,1.04E+00,1.09E+00,1.07E+00,1.17E+00,1.09E+00,9.90E-01,1.14E+00,1.10E+00,1.00E+00,1.03E+00,9.51E-01,9.71E-01,9.99E-01,1.02E+00,1.06E+00,9.65E-01,1.02E+00,1.23E+00,1.13E+00,9.59E-01,1.10E+00,9.88E-01,1.04E+00,1.11E+00,1.15E+00,1.20E+00,1.22E+00,1.17E+00,1.19E+00,8.82E-01,1.11E+00,1.15E+00,1.11E+00,1.11E+00,1.19E+00,1.09E+00,1.17E+00,1.08E+00,9.84E-01,1.06E+00,9.57E-01,1.14E+00,1.11E+00,1.20E+00,1.18E+00,1.21E+00,1.18E+00,1.18E+00,1.25E+00,1.16E+00,1.24E+00,1.01E+00,1.05E+00,1.03E+00,1.18E+00,9.80E-01,1.27E+00,1.13E+00,1.28E+00,1.22E+00,1.19E+00,1.28E+00,1.19E+00,1.09E+00,1.41E+00,1.23E+00,1.41E+00,1.21E+00,1.24E+00,1.21E+00,1.38E+00,1.18E+00,1.10E+00,1.22E+00,1.20E+00,1.24E+00,1.28E+00,1.34E+00,1.20E+00,1.17E+00,1.20E+00,9.78E-01,1.12E+00,1.25E+00,1.22E+00,1.31E+00,1.10E+00,1.16E+00,1.10E+00,1.28E+00,1.10E+00,1.11E+00,1.21E+00,1.05E+00,1.19E+00,1.13E+00,1.16E+00,1.19E+00,1.23E+00,1.28E+00,1.34E+00,1.30E+00,1.25E+00,1.20E+00,1.28E+00,1.31E+00,1.20E+00,1.36E+00,1.31E+00,1.19E+00,1.09E+00,1.22E+00,1.24E+00,1.25E+00,1.18E+00,1.25E+00,9.80E-01,1.08E+00,1.02E+00,1.13E+00,1.21E+00,1.09E+00,1.17E+00,1.24E+00,1.27E+00,1.12E+00,1.10E+00,1.12E+00,1.27E+00,1.23E+00,1.27E+00,1.33E+00,1.30E+00,1.30E+00,1.26E+00,1.22E+00,1.44E+00,1.38E+00,1.13E+00,1.22E+00,1.25E+00,1.32E+00,1.13E+00,1.12E+00,1.18E+00,1.25E+00,1.02E+00,1.30E+00,1.29E+00,1.18E+00,1.18E+00,1.04E+00,1.04E+00,1.12E+00,1.17E+00,1.18E+00
053_S_5208,1.04E+00,7.64E-01,1.09E+00,9.03E-01,9.61E-01,1.08E+00,1.07E+00,1.12E+00,1.01E+00,1.11E+00,1.05E+00,1.10E+00,9.81E-01,1.01E+00,1.08E+00,1.03E+00,1.02E+00,1.07E+00,1.04E+00,1.04E+00,1.07E+00,1.18E+00,1.06E+00,1.18E+00,1.16E+00,1.11E+00,1.15E+00,1.13E+00,1.14E+00,1.10E+00,1.12E+00,1.03E+00,1.08E+00,1.03E+00,1.10E+00,1.04E+00,1.06E+00,1.06E+00,1.17E+00,1.18E+00,1.13E+00,1.08E+00,1.19E+00,1.02E+00,1.08E+00,1.10E+00,1.19E+00,1.22E+00,1.15E+00,1.02E+00,1.11E+00,1.10E+00,9.49E-01,1.06E+00,9.34E-01,9.76E-01,1.18E+00,1.14E+00,1.12E+00,1.06E+00,1.17E+00,1.27E+00,1.30E+00,1.20E+00,1.27E+00,1.05E+00,1.13E+00,1.22E+00,1.29E+00,1.22E+00,1.27E+00,1.18E+00,1.18E+00,9.51E-01,1.24E+00,1.23E+00,1.09E+00,1.11E+00,1.17E+00,1.08E+00,1.20E+00,1.08E+00,9.85E-01,1.12E+00,1.11E+00,1.19E+00,1.21E+00,1.19E+00,1.17E+00,1.15E+00,1.17E+00,1.19E+00,1.30E+00,1.24E+00,1.31E+00,1.20E+00,1.14E+00,1.04E+00,1.18E+00,1.17E+00,1.32E+00,1.18E+00,1.31E+00,1.24E+00,1.22E+00,1.20E+00,1.17E+00,1.10E+00,1.48E+00,1.31E+00,1.32E+00,1.10E+00,1.16E+00,1.21E+00,1.13E+00,1.10E+00,1.10E+00,1.15E+00,1.07E+00,1.18E+00,1.12E+00,1.05E+00,1.14E+00,1.08E+00,1.14E+00,9.96E-01,1.11E+00,1.20E+00,1.17E+00,1.27E+00,1.13E+00,1.21E+00,1.13E+00,1.17E+00,1.16E+00,1.17E+00,1.19E+00,1.06E+00,1.13E+00,1.15E+00,1.16E+00,1.14E+00,1.17E+00,1.19E+00,1.13E+00,1.16E+00,1.06E+00,1.08E+00,1.06E+00,1.09E+00,1.16E+00,1.16E+00,1.20E+00,1.16E+00,1.07E+00,9.87E-01,1.05E+00,1.12E+00,1.05E+00,1.10E+00,8.41E-01,8.40E-01,8.26E-01,1.09E+00,1.20E+00,1.08E+00,1.18E+00,1.11E+00,1.18E+00,1.02E+00,9.61E-01,1.10E+00,1.24E+00,1.15E+00,1.20E+00,1.21E+00,1.12E+00,1.15E+00,9.17E-01,1.15E+00,1.15E+00,1.25E+00,1.04E+00,1.15E+00,1.18E+00,1.20E+00,1.08E+00,1.01E+00,9.60E-01,1.14E+00,8.09E-01,1.11E+00,1.21E+00,1.31E+00,1.05E+00,1.00E+00,1.01E+00,1.04E+00,1.11E+00,1.14E+00
057_S_0474,1.09E+00,7.85E-01,1.13E+00,9.25E-01,9.83E-01,1.11E+00,1.16E+00,1.16E+00,1.03E+00,1.16E+00,1.05E+00,1.12E+00,1.01E+00,1.00E+00,1.07E+00,1.05E+00,1.05E+00,1.03E+00,1.09E+00,1.05E+00,9.60E-01,1.09E+00,1.05E+00,1.09E+00,1.07E+00,1.05E+00,1.16E+00,1.08E+00,1.13E+00,1.12E+00,1.15E+00,1.08E+00,1.05E+00,1.03E+00,1.07E+00,1.05E+00,1.09E+00,1.06E+00,1.12E+00,1.07E+00,1.10E+00,1.05E+00,1.10E+00,1.02E+00,1.04E+00,1.12E+00,1.08E+00,1.19E+00,1.11E+00,1.04E+00,1.13E+00,1.10E+00,9.13E-01,9.81E-01,8.93E-01,8.56E-01,1.14E+00,1.07E+00,1.06E+00,1.04E+00,1.06E+00,1.24E+00,1.17E+00,1.10E+00,1.16E+00,9.82E-01,1.13E+00,1.11E+00,1.16E+00,1.22E+00,1.23E+00,1.19E+00,1.19E+00,9.19E-01,1.15E+00,1.17E+00,1.17E+00,1.14E+00,1.22E+00,1.11E+00,1.24E+00,1.09E+00,1.00E+00,1.12E+00,1.02E+00,1.16E+00,1.17E+00,1.27E+00,1.22E+00,1.27E+00,1.23E+00,1.19E+00,1.19E+00,1.20E+00,1.18E+00,1.20E+00,1.13E+00,1.06E+00,1.19E+00,1.15E+00,1.39E+00,1.24E+00,1.21E+00,1.34E+00,1.28E+00,1.33E+00,1.19E+00,1.16E+00,1.40E+00,1.27E+00,1.36E+00,1.18E+00,1.22E+00,1.20E+00,1.30E+00,1.20E+00,1.14E+00,1.19E+00,1.20E+00,1.17E+00,1.21E+00,1.27E+00,1.20E+00,1.22E+00,1.19E+00,1.02E+00,1.16E+00,1.25E+00,1.17E+00,1.33E+00,1.16E+00,1.21E+00,1.19E+00,1.16E+00,1.09E+00,1.10E+00,1.17E+00,1.09E+00,1.16E+00,1.14E+00,1.14E+00,1.15E+00,1.25E+00,1.17E+00,1.22E+00,1.22E+00,1.12E+00,1.18E+00,1.26E+00,1.14E+00,1.12E+00,1.30E+00,1.27E+00,1.20E+00,1.11E+00,1.18E+00,1.17E+00,1.22E+00,1.21E+00,1.30E+00,9.21E-01,1.03E+00,9.32E-01,1.15E+00,1.06E+00,1.04E+00,1.15E+00,1.21E+00,1.28E+00,1.02E+00,1.16E+00,1.13E+00,1.12E+00,1.10E+00,1.26E+00,1.24E+00,1.31E+00,1.29E+00,1.16E+00,1.19E+00,1.30E+00,1.28E+00,1.03E+00,1.18E+00,1.26E+00,1.29E+00,1.15E+00,1.11E+00,1.20E+00,1.22E+00,9.98E-01,1.21E+00,1.35E+00,1.21E+00,1.14E+00,1.12E+00,1.07E+00,1.14E+00,1.17E+00,1.15E+00
057_S_0779,1.02E+00,7.43E-01,1.04E+00,8.76E-01,9.32E-01,1.07E+00,1.07E+00,1.06E+00,9.81E-01,1.11E+00,1.01E+00,1.12E+00,9.90E-01,9.44E-01,9.58E-01,9.07E-01,1.01E+00,1.03E+00,1.04E+00,9.88E-01,8.85E-01,1.03E+00,9.97E-01,1.08E+00,1.07E+00,1.03E+00,1.09E+00,1.01E+00,1.12E+00,1.10E+00,1.10E+00,1.11E+00,1.12E+00,1.07E+00,1.01E+00,1.00E+00,1.06E+00,1.05E+00,1.10E+00,1.03E+00,1.02E+00,1.03E+00,1.15E+00,1.00E+00,1.05E+00,1.07E+00,1.17E+00,1.22E+00,1.12E+00,1.04E+00,1.10E+00,1.08E+00,9.71E-01,1.03E+00,9.23E-01,8.38E-01,1.18E+00,1.04E+00,1.07E+00,9.68E-01,1.13E+00,1.24E+00,1.20E+00,1.08E+00,1.14E+00,1.04E+00,1.18E+00,1.18E+00,1.18E+00,1.22E+00,1.26E+00,1.17E+00,1.20E+00,9.56E-01,1.26E+00,1.17E+00,1.19E+00,1.16E+00,1.19E+00,1.09E+00,1.19E+00,1.08E+00,1.02E+00,1.11E+00,1.12E+00,1.17E+00,1.17E+00,1.19E+00,1.13E+00,1.22E+00,1.23E+00,1.15E+00,1.22E+00,1.20E+00,1.22E+00,1.21E+00,1.13E+00,1.05E+00,1.17E+00,1.13E+00,1.35E+00,1.25E+00,1.13E+00,1.22E+00,1.25E+00,1.26E+00,1.06E+00,1.04E+00,1.39E+00,1.18E+00,1.34E+00,1.20E+00,1.01E+00,9.82E-01,1.25E+00,1.06E+00,1.10E+00,1.08E+00,1.12E+00,1.16E+00,1.17E+00,1.27E+00,1.13E+00,1.13E+00,1.20E+00,1.00E+00,1.13E+00,1.23E+00,1.18E+00,1.18E+00,1.22E+00,1.25E+00,1.15E+00,1.09E+00,1.16E+00,1.12E+00,1.20E+00,1.06E+00,1.26E+00,1.13E+00,1.09E+00,1.17E+00,1.28E+00,1.11E+00,1.15E+00,1.25E+00,1.12E+00,1.18E+00,1.21E+00,1.23E+00,1.24E+00,1.32E+00,1.27E+00,1.19E+00,1.14E+00,1.08E+00,1.14E+00,1.17E+00,1.06E+00,1.21E+00,9.44E-01,1.10E+00,1.02E+00,1.16E+00,1.27E+00,1.19E+00,1.19E+00,1.26E+00,1.25E+00,1.13E+00,1.24E+00,1.30E+00,1.35E+00,1.26E+00,1.32E+00,1.29E+00,1.30E+00,1.34E+00,1.15E+00,1.21E+00,1.29E+00,1.30E+00,1.12E+00,1.31E+00,1.25E+00,1.28E+00,9.77E-01,1.05E+00,1.04E+00,1.28E+00,1.02E+00,1.16E+00,1.35E+00,1.27E+00,1.09E+00,1.06E+00,1.20E+00,1.12E+00,1.25E+00,1.26E+00
057_S_0818,9.52E-01,7.04E-01,9.45E-01,8.38E-01,8.79E-01,1.05E+00,1.05E+00,1.03E+00,9.24E-01,1.07E+00,9.82E-01,1.07E+00,9.36E-01,9.28E-01,9.74E-01,9.63E-01,9.62E-01,9.97E-01,1.01E+00,9.85E-01,9.99E-01,1.18E+00,1.02E+00,1.09E+00,1.08E+00,1.05E+00,1.06E+00,1.03E+00,1.06E+00,1.06E+00,1.05E+00,1.05E+00,1.07E+00,1.02E+00,1.03E+00,1.00E+00,1.01E+00,9.91E-01,1.08E+00,1.05E+00,1.02E+00,9.79E-01,1.10E+00,9.42E-01,9.80E-01,1.01E+00,1.11E+00,1.15E+00,1.05E+00,9.65E-01,1.04E+00,1.05E+00,9.29E-01,9.67E-01,8.70E-01,8.59E-01,1.13E+00,1.20E+00,1.07E+00,1.04E+00,1.07E+00,1.24E+00,1.18E+00,1.05E+00,1.20E+00,9.95E-01,1.14E+00,1.11E+00,1.15E+00,1.20E+00,1.25E+00,1.19E+00,1.21E+00,9.37E-01,1.21E+00,1.13E+00,1.22E+00,1.10E+00,1.23E+00,1.01E+00,1.20E+00,1.01E+00,1.00E+00,1.08E+00,1.10E+00,1.12E+00,1.12E+00,1.19E+00,1.15E+00,1.19E+00,1.11E+00,1.11E+00,1.15E+00,1.21E+00,1.23E+00,1.15E+00,1.09E+00,9.83E-01,1.17E+00,1.09E+00,1.15E+00,1.15E+00,1.06E+00,1.11E+00,1.14E+00,1.18E+00,1.00E+00,9.58E-01,1.26E+00,1.17E+00,1.35E+00,1.08E+00,1.17E+00,1.11E+00,1.22E+00,1.12E+00,1.08E+00,1.08E+00,1.12E+00,1.08E+00,1.13E+00,1.14E+00,1.14E+00,1.26E+00,1.21E+00,9.49E-01,1.09E+00,1.19E+00,1.16E+00,1.20E+00,1.11E+00,1.18E+00,1.16E+00,1.27E+00,1.17E+00,1.18E+00,1.17E+00,1.08E+00,1.21E+00,1.12E+00,1.09E+00,1.16E+00,1.21E+00,1.08E+00,1.15E+00,1.15E+00,1.10E+00,1.20E+00,1.27E+00,1.10E+00,1.17E+00,1.31E+00,1.27E+00,1.09E+00,1.07E+00,1.04E+00,1.10E+00,1.14E+00,1.14E+00,1.22E+00,8.78E-01,9.78E-01,9.03E-01,1.05E+00,1.22E+00,1.13E+00,1.09E+00,1.24E+00,1.27E+00,1.09E+00,1.13E+00,1.17E+00,1.27E+00,1.23E+00,1.25E+00,1.24E+00,1.23E+00,1.30E+00,1.01E+00,1.14E+00,1.47E+00,1.49E+00,1.18E+00,1.22E+00,1.22E+00,1.39E+00,1.06E+00,1.08E+00,1.17E+00,1.23E+00,9.90E-01,1.19E+00,1.33E+00,1.21E+00,1.07E+00,9.43E-01,1.08E+00,1.07E+00,1.21E+00,1.15E+00
057_S_1371,9.80E-01,7.36E-01,1.06E+00,8.84E-01,9.18E-01,1.05E+00,1.05E+00,1.09E+00,9.81E-01,1.13E+00,1.01E+00,1.10E+00,9.47E-01,9.53E-01,9.80E-01,9.55E-01,9.83E-01,1.01E+00,9.99E-01,9.77E-01,1.01E+00,1.11E+00,1.01E+00,1.11E+00,1.06E+00,1.06E+00,1.07E+00,1.02E+00,1.05E+00,1.05E+00,1.08E+00,1.00E+00,9.48E-01,9.98E-01,1.05E+00,1.01E+00,1.01E+00,9.99E-01,1.06E+00,1.09E+00,1.12E+00,1.01E+00,1.11E+00,9.81E-01,1.02E+00,1.06E+00,1.11E+00,1.12E+00,1.06E+00,9.79E-01,1.09E+00,1.07E+00,9.03E-01,9.53E-01,8.88E-01,8.80E-01,1.14E+00,1.11E+00,1.08E+00,1.02E+00,1.02E+00,1.21E+00,1.13E+00,1.07E+00,1.11E+00,9.90E-01,1.14E+00,1.13E+00,1.16E+00,1.20E+00,1.22E+00,1.19E+00,1.17E+00,9.05E-01,1.18E+00,1.09E+00,1.18E+00,1.14E+00,1.21E+00,1.07E+00,1.17E+00,1.04E+00,9.79E-01,1.09E+00,1.05E+00,1.11E+00,1.13E+00,1.15E+00,1.11E+00,1.17E+00,1.15E+00,1.13E+00,1.17E+00,1.16E+00,1.19E+00,1.13E+00,1.15E+00,1.03E+00,1.13E+00,1.05E+00,1.26E+00,1.25E+00,1.19E+00,1.27E+00,1.28E+00,1.27E+00,1.10E+00,1.11E+00,1.39E+00,1.27E+00,1.35E+00,1.15E+00,1.10E+00,1.10E+00,1.16E+00,1.10E+00,1.05E+00,1.05E+00,1.07E+00,1.07E+00,1.04E+00,1.12E+00,1.05E+00,1.21E+00,1.20E+00,9.85E-01,1.10E+00,1.18E+00,1.14E+00,1.19E+00,1.16E+00,1.21E+00,1.12E+00,1.24E+00,1.12E+00,1.17E+00,1.16E+00,1.04E+00,1.11E+00,1.09E+00,1.06E+00,1.18E+00,1.16E+00,1.15E+00,1.20E+00,1.18E+00,1.06E+00,1.15E+00,1.20E+00,1.03E+00,1.13E+00,1.30E+00,1.20E+00,1.14E+00,1.08E+00,1.04E+00,1.13E+00,1.17E+00,1.12E+00,1.23E+00,9.72E-01,1.04E+00,9.21E-01,1.11E+00,1.22E+00,1.09E+00,1.03E+00,1.16E+00,1.21E+00,1.08E+00,1.17E+00,1.23E+00,1.27E+00,1.18E+00,1.23E+00,1.16E+00,1.29E+00,1.26E+00,9.72E-01,1.11E+00,1.39E+00,1.35E+00,1.10E+00,1.23E+00,1.16E+00,1.26E+00,1.05E+00,1.07E+00,1.06E+00,1.26E+00,9.95E-01,1.12E+00,1.31E+00,1.27E+00,1.09E+00,1.07E+00,1.11E+00,1.13E+00,1.20E+00,1.26E+00
057_S_1373,1.09E+00,7.59E-01,1.13E+00,9.07E-01,9.69E-01,1.15E+00,1.17E+00,1.20E+00,1.02E+00,1.21E+00,1.05E+00,1.21E+00,9.97E-01,9.87E-01,1.10E+00,1.08E+00,1.07E+00,1.12E+00,1.14E+00,1.12E+00,1.06E+00,1.15E+00,1.05E+00,1.18E+00,1.05E+00,1.10E+00,1.23E+00,1.13E+00,1.18E+00,1.11E+00,1.16E+00,1.11E+00,1.15E+00,1.13E+00,1.13E+00,1.09E+00,1.10E+00,1.11E+00,1.15E+00,1.14E+00,1.17E+00,1.03E+00,1.16E+00,1.01E+00,1.01E+00,1.12E+00,1.09E+00,1.17E+00,1.05E+00,9.48E-01,1.05E+00,9.94E-01,8.18E-01,8.97E-01,7.93E-01,8.59E-01,1.10E+00,1.16E+00,1.08E+00,1.09E+00,1.17E+00,1.23E+00,1.20E+00,1.15E+00,1.22E+00,1.01E+00,9.98E-01,1.08E+00,1.16E+00,1.20E+00,1.27E+00,1.28E+00,1.26E+00,9.27E-01,1.02E+00,1.07E+00,1.07E+00,1.05E+00,1.12E+00,9.47E-01,1.17E+00,9.62E-01,8.85E-01,9.49E-01,1.14E+00,1.14E+00,1.05E+00,1.11E+00,1.09E+00,1.14E+00,1.24E+00,1.11E+00,1.18E+00,1.18E+00,1.24E+00,1.18E+00,1.18E+00,1.03E+00,1.18E+00,1.14E+00,1.39E+00,1.20E+00,1.14E+00,1.30E+00,1.31E+00,1.37E+00,1.32E+00,1.24E+00,1.49E+00,1.34E+00,1.41E+00,1.23E+00,1.28E+00,1.27E+00,1.25E+00,1.25E+00,1.17E+00,1.24E+00,1.26E+00,1.22E+00,1.32E+00,1.27E+00,1.28E+00,1.20E+00,1.27E+00,9.96E-01,1.12E+00,1.28E+00,1.22E+00,1.36E+00,1.13E+00,1.18E+00,1.20E+00,1.17E+00,1.09E+00,1.21E+00,1.23E+00,1.02E+00,1.28E+00,1.23E+00,1.14E+00,1.16E+00,1.24E+00,1.24E+00,1.20E+00,1.16E+00,1.14E+00,1.12E+00,1.26E+00,1.17E+00,1.08E+00,1.19E+00,1.14E+00,1.17E+00,1.01E+00,9.13E-01,9.60E-01,1.10E+00,8.50E-01,1.08E+00,6.88E-01,6.96E-01,7.37E-01,1.08E+00,1.07E+00,1.11E+00,1.17E+00,1.18E+00,1.16E+00,1.01E+00,1.01E+00,9.67E-01,9.96E-01,1.09E+00,1.16E+00,1.17E+00,1.14E+00,1.20E+00,1.00E+00,1.04E+00,1.32E+00,1.15E+00,1.04E+00,9.65E-01,1.04E+00,1.06E+00,8.62E-01,8.98E-01,8.91E-01,1.19E+00,7.78E-01,1.01E+00,1.24E+00,1.12E+00,1.10E+00,1.06E+00,1.17E+00,1.15E+00,1.18E+00,1.18E+00
057_S_1379,1.12E+00,7.65E-01,1.14E+00,9.04E-01,9.87E-01,1.13E+00,1.17E+00,1.16E+00,1.01E+00,1.13E+00,1.07E+00,1.21E+00,1.02E+00,9.56E-01,1.12E+00,1.13E+00,1.10E+00,1.15E+00,1.17E+00,1.14E+00,8.05E-01,1.06E+00,1.02E+00,1.09E+00,1.12E+00,1.05E+00,1.23E+00,1.15E+00,1.17E+00,1.16E+00,1.13E+00,1.09E+00,1.16E+00,1.10E+00,1.10E+00,1.04E+00,1.08E+00,1.11E+00,1.15E+00,1.04E+00,1.26E+00,1.03E+00,1.15E+00,1.03E+00,1.02E+00,1.16E+00,1.09E+00,1.26E+00,1.11E+00,9.63E-01,1.08E+00,1.04E+00,8.10E-01,9.91E-01,8.06E-01,8.45E-01,1.17E+00,1.23E+00,1.08E+00,1.10E+00,1.29E+00,1.25E+00,1.23E+00,1.16E+00,1.30E+00,9.79E-01,1.19E+00,1.19E+00,1.24E+00,1.22E+00,1.24E+00,1.34E+00,1.35E+00,9.23E-01,1.19E+00,1.20E+00,1.14E+00,1.14E+00,1.28E+00,1.08E+00,1.25E+00,1.01E+00,9.25E-01,1.11E+00,1.03E+00,1.19E+00,1.21E+00,1.18E+00,1.22E+00,1.22E+00,1.32E+00,1.20E+00,1.20E+00,1.08E+00,1.23E+00,1.21E+00,1.12E+00,1.01E+00,1.24E+00,1.20E+00,1.50E+00,1.33E+00,1.25E+00,1.46E+00,1.37E+00,1.44E+00,1.35E+00,1.30E+00,1.55E+00,1.22E+00,1.39E+00,1.26E+00,1.25E+00,1.34E+00,1.42E+00,1.33E+00,1.34E+00,1.38E+00,1.35E+00,1.30E+00,1.33E+00,1.32E+00,1.33E+00,9.80E-01,1.20E+00,1.06E+00,1.21E+00,1.31E+00,1.16E+00,1.36E+00,1.27E+00,1.26E+00,1.26E+00,1.37E+00,1.25E+00,1.28E+00,1.20E+00,1.18E+00,1.34E+00,1.27E+00,1.16E+00,1.20E+00,1.30E+00,1.39E+00,1.21E+00,1.18E+00,1.25E+00,1.21E+00,1.35E+00,1.40E+00,1.23E+00,1.26E+00,1.26E+00,1.26E+00,1.07E+00,1.09E+00,1.08E+00,1.10E+00,9.76E-01,1.19E+00,6.42E-01,7.25E-01,7.47E-01,1.13E+00,1.28E+00,1.19E+00,1.29E+00,1.28E+00,1.24E+00,1.01E+00,1.10E+00,1.17E+00,1.25E+00,1.23E+00,1.31E+00,1.33E+00,1.28E+00,1.33E+00,1.19E+00,1.25E+00,1.47E+00,1.45E+00,1.09E+00,1.21E+00,1.29E+00,1.29E+00,9.87E-01,9.20E-01,1.05E+00,1.26E+00,6.79E-01,1.15E+00,1.24E+00,1.28E+00,1.15E+00,1.13E+00,8.88E-01,1.16E+00,1.24E+00,1.20E+00
062_S_0535,9.99E-01,7.37E-01,1.04E+00,8.81E-01,9.17E-01,1.09E+00,1.03E+00,1.12E+00,9.76E-01,1.14E+00,1.01E+00,1.11E+00,9.74E-01,8.94E-01,9.64E-01,9.90E-01,1.03E+00,1.03E+00,1.08E+00,1.02E+00,8.91E-01,1.03E+00,1.00E+00,1.07E+00,1.07E+00,1.03E+00,1.04E+00,1.07E+00,1.05E+00,1.09E+00,1.10E+00,1.10E+00,1.11E+00,1.04E+00,1.02E+00,9.84E-01,1.06E+00,1.10E+00,1.12E+00,1.09E+00,1.09E+00,9.89E-01,1.05E+00,9.94E-01,1.06E+00,1.04E+00,1.04E+00,1.16E+00,1.08E+00,9.83E-01,1.13E+00,1.11E+00,9.29E-01,9.88E-01,7.93E-01,8.19E-01,1.14E+00,1.09E+00,9.98E-01,9.82E-01,1.12E+00,1.14E+00,1.03E+00,1.09E+00,1.07E+00,9.47E-01,1.08E+00,1.07E+00,1.11E+00,1.18E+00,1.17E+00,1.05E+00,1.26E+00,9.21E-01,1.10E+00,1.16E+00,1.10E+00,1.05E+00,1.10E+00,1.05E+00,1.17E+00,1.03E+00,9.86E-01,1.03E+00,1.08E+00,1.13E+00,1.10E+00,1.15E+00,1.20E+00,1.25E+00,1.24E+00,1.10E+00,1.22E+00,1.11E+00,1.15E+00,1.16E+00,1.10E+00,1.01E+00,1.16E+00,1.10E+00,1.24E+00,1.33E+00,1.16E+00,1.33E+00,1.31E+00,1.35E+00,1.13E+00,1.05E+00,1.22E+00,1.16E+00,1.17E+00,1.22E+00,1.20E+00,1.21E+00,1.00E+00,1.14E+00,1.16E+00,1.25E+00,1.23E+00,1.26E+00,1.17E+00,1.05E+00,1.20E+00,1.15E+00,1.24E+00,1.01E+00,1.14E+00,1.24E+00,1.19E+00,1.25E+00,1.24E+00,1.27E+00,1.36E+00,1.19E+00,1.17E+00,1.34E+00,1.25E+00,1.07E+00,1.33E+00,1.31E+00,1.24E+00,1.22E+00,1.27E+00,1.17E+00,1.21E+00,1.22E+00,1.10E+00,1.06E+00,1.06E+00,1.17E+00,1.21E+00,1.28E+00,1.29E+00,1.20E+00,1.12E+00,1.02E+00,1.20E+00,1.24E+00,1.08E+00,1.24E+00,9.34E-01,1.14E+00,9.02E-01,1.16E+00,1.32E+00,1.16E+00,1.27E+00,1.19E+00,1.19E+00,1.03E+00,1.14E+00,1.19E+00,1.25E+00,1.16E+00,1.25E+00,1.29E+00,1.37E+00,1.26E+00,1.01E+00,1.13E+00,1.03E+00,1.33E+00,9.45E-01,1.18E+00,1.25E+00,1.15E+00,1.03E+00,1.03E+00,1.05E+00,1.28E+00,9.39E-01,1.28E+00,1.33E+00,1.27E+00,1.00E+00,1.05E+00,9.99E-01,1.17E+00,1.32E+00,1.30E+00
062_S_0690,9.97E-01,6.81E-01,1.07E+00,8.31E-01,9.01E-01,1.03E+00,1.07E+00,1.11E+00,9.75E-01,1.14E+00,9.96E-01,1.13E+00,9.42E-01,9.06E-01,1.01E+00,9.84E-01,9.41E-01,1.02E+00,1.03E+00,9.55E-01,1.07E+00,1.15E+00,1.05E+00,1.08E+00,1.04E+00,1.04E+00,1.13E+00,1.04E+00,1.02E+00,1.06E+00,1.06E+00,9.98E-01,1.01E+00,9.46E-01,1.02E+00,9.81E-01,9.71E-01,1.02E+00,1.11E+00,1.01E+00,1.03E+00,9.93E-01,1.05E+00,9.12E-01,9.98E-01,1.02E+00,1.07E+00,1.12E+00,1.09E+00,9.19E-01,1.05E+00,1.01E+00,8.49E-01,9.49E-01,7.92E-01,8.46E-01,1.11E+00,1.08E+00,1.02E+00,9.55E-01,1.11E+00,1.15E+00,1.09E+00,1.07E+00,1.11E+00,9.80E-01,1.07E+00,1.10E+00,1.14E+00,1.14E+00,1.17E+00,1.19E+00,1.21E+00,8.73E-01,1.15E+00,1.12E+00,1.17E+00,1.13E+00,1.22E+00,1.03E+00,1.11E+00,1.01E+00,9.15E-01,1.06E+00,1.07E+00,1.11E+00,1.15E+00,1.10E+00,1.07E+00,1.13E+00,1.17E+00,1.15E+00,1.18E+00,1.21E+00,1.18E+00,1.18E+00,1.21E+00,1.03E+00,1.17E+00,1.09E+00,1.38E+00,1.32E+00,1.36E+00,1.34E+00,1.32E+00,1.39E+00,1.20E+00,1.17E+00,1.51E+00,1.40E+00,1.40E+00,1.22E+00,1.15E+00,1.17E+00,1.24E+00,1.16E+00,1.14E+00,1.14E+00,1.12E+00,1.11E+00,1.21E+00,1.23E+00,1.08E+00,1.16E+00,1.14E+00,9.77E-01,1.12E+00,1.20E+00,1.15E+00,1.26E+00,1.18E+00,1.23E+00,1.16E+00,1.20E+00,9.48E-01,1.14E+00,1.12E+00,9.78E-01,1.21E+00,1.10E+00,1.15E+00,1.15E+00,1.25E+00,1.12E+00,1.20E+00,1.17E+00,1.17E+00,1.17E+00,1.22E+00,1.20E+00,1.19E+00,1.24E+00,1.17E+00,1.13E+00,1.09E+00,9.81E-01,1.06E+00,1.14E+00,1.04E+00,1.09E+00,8.63E-01,9.53E-01,8.42E-01,1.12E+00,1.20E+00,9.74E-01,1.15E+00,1.16E+00,1.14E+00,1.05E+00,1.10E+00,1.12E+00,1.22E+00,1.16E+00,1.25E+00,1.23E+00,1.21E+00,1.18E+00,1.13E+00,1.15E+00,1.30E+00,1.36E+00,1.10E+00,1.21E+00,1.13E+00,1.28E+00,9.97E-01,9.97E-01,9.62E-01,1.23E+00,9.51E-01,1.08E+00,1.30E+00,1.31E+00,1.12E+00,1.07E+00,1.08E+00,1.08E+00,1.17E+00,1.21E+00
062_S_0768,9.71E-01,6.45E-01,1.01E+00,7.98E-01,8.61E-01,9.68E-01,9.89E-01,1.03E+00,9.21E-01,1.08E+00,9.58E-01,1.05E+00,8.99E-01,8.91E-01,9.76E-01,9.84E-01,9.81E-01,1.04E+00,9.91E-01,9.82E-01,9.15E-01,9.77E-01,9.02E-01,9.92E-01,9.62E-01,9.53E-01,1.06E+00,9.85E-01,9.98E-01,9.49E-01,9.72E-01,9.97E-01,1.03E+00,9.77E-01,9.99E-01,9.47E-01,9.72E-01,1.01E+00,1.06E+00,9.57E-01,1.11E+00,9.68E-01,1.04E+00,9.19E-01,9.74E-01,1.05E+00,9.84E-01,1.14E+00,1.02E+00,9.66E-01,1.10E+00,1.06E+00,9.10E-01,9.37E-01,8.69E-01,8.98E-01,1.02E+00,1.10E+00,9.99E-01,1.00E+00,1.07E+00,1.19E+00,1.16E+00,1.00E+00,1.16E+00,9.36E-01,1.01E+00,1.04E+00,1.18E+00,1.11E+00,1.20E+00,1.17E+00,1.21E+00,8.23E-01,1.02E+00,1.13E+00,1.17E+00,1.15E+00,1.22E+00,1.04E+00,1.17E+00,1.05E+00,9.15E-01,1.01E+00,9.39E-01,1.02E+00,9.76E-01,1.15E+00,1.17E+00,1.19E+00,1.18E+00,1.11E+00,1.17E+00,1.16E+00,1.16E+00,9.92E-01,1.11E+00,1.01E+00,1.03E+00,9.30E-01,1.27E+00,1.16E+00,1.29E+00,1.28E+00,1.21E+00,1.27E+00,1.12E+00,1.09E+00,1.49E+00,1.18E+00,1.34E+00,1.16E+00,1.15E+00,1.16E+00,1.25E+00,1.12E+00,1.11E+00,1.14E+00,1.15E+00,1.17E+00,1.08E+00,1.10E+00,1.11E+00,1.18E+00,1.26E+00,9.47E-01,1.10E+00,1.26E+00,1.19E+00,1.30E+00,1.18E+00,1.17E+00,1.11E+00,1.33E+00,1.13E+00,1.22E+00,1.19E+00,1.09E+00,1.24E+00,1.13E+00,1.16E+00,1.24E+00,1.28E+00,1.24E+00,1.34E+00,1.26E+00,1.18E+00,1.17E+00,1.27E+00,1.34E+00,1.18E+00,1.34E+00,1.23E+00,1.15E+00,1.07E+00,1.16E+00,1.15E+00,1.25E+00,1.18E+00,1.27E+00,9.45E-01,1.10E+00,1.00E+00,1.16E+00,1.31E+00,1.10E+00,1.16E+00,1.23E+00,1.28E+00,1.11E+00,1.20E+00,1.22E+00,1.33E+00,1.25E+00,1.28E+00,1.30E+00,1.24E+00,1.27E+00,1.18E+00,1.22E+00,1.44E+00,1.45E+00,1.11E+00,1.24E+00,1.25E+00,1.38E+00,1.08E+00,1.12E+00,1.14E+00,1.27E+00,9.73E-01,1.24E+00,1.38E+00,1.24E+00,1.14E+00,1.05E+00,1.02E+00,1.09E+00,1.23E+00,1.25E+00
067_S_0056,9.61E-01,6.89E-01,1.00E+00,8.44E-01,8.83E-01,1.03E+00,1.09E+00,1.10E+00,9.39E-01,1.08E+00,1.00E+00,1.08E+00,9.26E-01,8.86E-01,9.70E-01,9.53E-01,9.84E-01,1.01E+00,9.99E-01,9.80E-01,9.89E-01,1.13E+00,1.01E+00,1.07E+00,1.02E+00,1.04E+00,1.06E+00,9.95E-01,1.05E+00,1.01E+00,1.07E+00,1.00E+00,1.09E+00,1.03E+00,1.02E+00,9.92E-01,1.00E+00,1.03E+00,1.08E+00,1.06E+00,1.04E+00,9.87E-01,1.11E+00,1.00E+00,1.00E+00,1.04E+00,1.10E+00,1.19E+00,1.10E+00,9.54E-01,1.00E+00,1.07E+00,9.62E-01,9.98E-01,9.30E-01,8.65E-01,1.13E+00,1.24E+00,1.09E+00,1.08E+00,1.11E+00,1.21E+00,1.15E+00,1.09E+00,1.17E+00,9.89E-01,1.13E+00,1.16E+00,1.21E+00,1.14E+00,1.21E+00,1.30E+00,1.24E+00,9.25E-01,1.19E+00,1.20E+00,1.16E+00,1.07E+00,1.18E+00,1.05E+00,1.14E+00,1.04E+00,1.01E+00,1.09E+00,1.04E+00,1.10E+00,1.18E+00,1.13E+00,1.15E+00,1.16E+00,1.20E+00,1.07E+00,1.15E+00,1.12E+00,1.19E+00,1.19E+00,1.14E+00,1.06E+00,1.10E+00,1.11E+00,1.21E+00,1.11E+00,1.22E+00,1.20E+00,1.15E+00,1.27E+00,1.10E+00,1.06E+00,1.45E+00,1.27E+00,1.43E+00,1.16E+00,1.14E+00,1.14E+00,1.26E+00,1.12E+00,1.07E+00,1.10E+00,1.07E+00,1.13E+00,1.16E+00,1.19E+00,1.16E+00,1.21E+00,1.20E+00,9.67E-01,1.11E+00,1.16E+00,1.12E+00,1.20E+00,1.08E+00,1.15E+00,1.07E+00,1.24E+00,1.14E+00,1.18E+00,1.15E+00,1.07E+00,1.22E+00,1.14E+00,1.08E+00,1.16E+00,1.21E+00,1.10E+00,1.19E+00,1.17E+00,1.12E+00,1.17E+00,1.28E+00,1.11E+00,1.19E+00,1.22E+00,1.21E+00,1.09E+00,1.09E+00,1.20E+00,1.15E+00,1.11E+00,1.15E+00,1.20E+00,9.23E-01,1.03E+00,9.53E-01,1.09E+00,1.30E+00,1.12E+00,1.16E+00,1.28E+00,1.24E+00,1.12E+00,1.13E+00,1.20E+00,1.29E+00,1.24E+00,1.33E+00,1.29E+00,1.22E+00,1.26E+00,1.18E+00,1.19E+00,1.44E+00,1.43E+00,1.14E+00,1.24E+00,1.25E+00,1.38E+00,1.10E+00,1.08E+00,1.17E+00,1.19E+00,9.98E-01,1.16E+00,1.23E+00,1.24E+00,1.13E+00,9.96E-01,1.03E+00,9.89E-01,1.23E+00,1.12E+00
067_S_0059,9.92E-01,7.38E-01,1.03E+00,8.93E-01,9.25E-01,1.06E+00,1.09E+00,1.10E+00,9.83E-01,1.14E+00,1.02E+00,1.11E+00,9.58E-01,9.56E-01,1.03E+00,9.94E-01,9.94E-01,1.08E+00,1.10E+00,1.01E+00,1.07E+00,1.16E+00,1.07E+00,1.14E+00,1.12E+00,1.10E+00,1.12E+00,1.01E+00,1.08E+00,1.09E+00,1.10E+00,1.09E+00,1.08E+00,9.21E-01,1.12E+00,1.08E+00,1.10E+00,1.09E+00,1.09E+00,1.12E+00,1.08E+00,1.04E+00,1.11E+00,1.04E+00,1.03E+00,1.05E+00,1.15E+00,1.18E+00,1.12E+00,9.95E-01,1.04E+00,1.15E+00,9.53E-01,1.04E+00,9.27E-01,8.94E-01,1.16E+00,1.16E+00,1.14E+00,1.09E+00,1.17E+00,1.21E+00,1.18E+00,1.08E+00,1.15E+00,1.01E+00,1.14E+00,1.17E+00,1.12E+00,1.17E+00,1.21E+00,1.26E+00,1.29E+00,9.32E-01,1.22E+00,1.18E+00,1.21E+00,1.13E+00,1.19E+00,1.05E+00,1.20E+00,1.03E+00,1.02E+00,1.14E+00,1.13E+00,1.16E+00,1.15E+00,1.13E+00,1.16E+00,1.14E+00,1.23E+00,1.04E+00,1.20E+00,1.17E+00,1.22E+00,1.21E+00,1.18E+00,1.02E+00,1.18E+00,1.12E+00,1.19E+00,1.20E+00,1.17E+00,1.26E+00,1.25E+00,1.29E+00,1.03E+00,1.02E+00,1.45E+00,1.31E+00,1.40E+00,1.19E+00,1.17E+00,1.01E+00,1.28E+00,1.14E+00,1.14E+00,1.15E+00,1.09E+00,1.15E+00,1.06E+00,1.15E+00,1.18E+00,1.19E+00,1.23E+00,1.00E+00,1.16E+00,1.15E+00,1.16E+00,1.19E+00,1.12E+00,1.19E+00,1.14E+00,1.27E+00,1.23E+00,1.14E+00,1.23E+00,1.13E+00,1.22E+00,1.20E+00,1.10E+00,1.21E+00,1.15E+00,1.11E+00,1.19E+00,1.19E+00,1.16E+00,1.21E+00,1.31E+00,1.15E+00,1.26E+00,1.26E+00,1.19E+00,1.14E+00,1.09E+00,1.07E+00,1.15E+00,1.13E+00,1.13E+00,1.21E+00,9.21E-01,1.10E+00,9.31E-01,1.08E+00,1.27E+00,1.17E+00,1.20E+00,1.20E+00,1.20E+00,1.14E+00,1.15E+00,1.22E+00,1.34E+00,1.28E+00,1.23E+00,1.21E+00,1.27E+00,1.26E+00,1.07E+00,1.19E+00,1.36E+00,1.39E+00,1.15E+00,1.25E+00,1.20E+00,1.31E+00,1.02E+00,1.03E+00,1.08E+00,1.18E+00,9.16E-01,1.16E+00,1.24E+00,1.25E+00,1.12E+00,1.01E+00,9.88E-01,1.06E+00,1.20E+00,1.23E+00
067_S_0257,9.96E-01,7.34E-01,1.09E+00,8.96E-01,9.57E-01,1.12E+00,1.10E+00,1.13E+00,9.91E-01,1.12E+00,1.00E+00,1.11E+00,9.57E-01,9.48E-01,1.01E+00,1.00E+00,9.64E-01,9.89E-01,9.96E-01,9.74E-01,9.65E-01,1.17E+00,1.02E+00,1.08E+00,1.11E+00,1.06E+00,1.08E+00,1.03E+00,1.05E+00,1.07E+00,1.12E+00,1.07E+00,1.11E+00,1.07E+00,1.08E+00,1.01E+00,1.06E+00,1.07E+00,1.12E+00,1.04E+00,1.10E+00,9.90E-01,1.05E+00,9.71E-01,9.67E-01,1.05E+00,1.07E+00,1.18E+00,1.06E+00,9.50E-01,1.03E+00,1.09E+00,9.61E-01,1.04E+00,9.17E-01,8.57E-01,1.13E+00,1.15E+00,1.07E+00,1.05E+00,1.09E+00,1.22E+00,1.15E+00,1.07E+00,1.15E+00,9.52E-01,1.17E+00,1.12E+00,1.18E+00,1.20E+00,1.20E+00,1.19E+00,1.17E+00,8.85E-01,1.19E+00,1.19E+00,1.21E+00,1.12E+00,1.21E+00,1.04E+00,1.17E+00,1.01E+00,1.02E+00,1.11E+00,1.06E+00,1.13E+00,1.17E+00,1.15E+00,1.14E+00,1.18E+00,1.22E+00,1.09E+00,1.19E+00,1.19E+00,1.22E+00,1.19E+00,1.11E+00,1.03E+00,1.15E+00,1.09E+00,1.25E+00,1.17E+00,1.35E+00,1.30E+00,1.24E+00,1.32E+00,1.13E+00,1.07E+00,1.56E+00,1.28E+00,1.39E+00,1.20E+00,1.14E+00,1.15E+00,1.23E+00,1.11E+00,1.03E+00,1.11E+00,1.09E+00,1.12E+00,1.07E+00,1.15E+00,1.09E+00,1.12E+00,1.16E+00,9.54E-01,1.09E+00,1.13E+00,1.11E+00,1.22E+00,1.10E+00,1.20E+00,1.16E+00,1.21E+00,1.10E+00,1.17E+00,1.14E+00,1.03E+00,1.19E+00,1.11E+00,1.10E+00,1.11E+00,1.11E+00,1.12E+00,1.12E+00,1.12E+00,1.03E+00,1.15E+00,1.22E+00,1.06E+00,1.13E+00,1.23E+00,1.22E+00,1.13E+00,1.06E+00,9.78E-01,1.14E+00,1.13E+00,1.06E+00,1.17E+00,8.56E-01,1.05E+00,9.40E-01,1.07E+00,1.17E+00,1.03E+00,1.10E+00,1.09E+00,1.14E+00,9.50E-01,1.08E+00,1.18E+00,1.23E+00,1.17E+00,1.24E+00,1.18E+00,1.22E+00,1.21E+00,9.75E-01,1.17E+00,1.40E+00,1.40E+00,9.50E-01,1.18E+00,1.16E+00,1.41E+00,9.48E-01,9.53E-01,9.45E-01,1.18E+00,8.26E-01,1.16E+00,1.27E+00,1.22E+00,1.13E+00,1.04E+00,9.22E-01,1.05E+00,1.17E+00,1.20E+00
067_S_4728,1.05E+00,6.97E-01,1.15E+00,8.95E-01,9.29E-01,1.05E+00,1.10E+00,1.18E+00,9.80E-01,1.18E+00,1.06E+00,1.10E+00,9.75E-01,9.71E-01,1.09E+00,1.02E+00,1.08E+00,1.16E+00,1.13E+00,1.09E+00,9.80E-01,1.00E+00,9.78E-01,1.13E+00,1.05E+00,1.06E+00,1.14E+00,1.10E+00,1.12E+00,1.13E+00,1.09E+00,1.02E+00,1.02E+00,9.30E-01,1.07E+00,1.00E+00,1.09E+00,1.01E+00,1.16E+00,1.06E+00,1.25E+00,1.03E+00,1.13E+00,9.39E-01,1.02E+00,1.09E+00,1.03E+00,1.18E+00,1.08E+00,9.88E-01,1.13E+00,1.09E+00,1.00E+00,1.02E+00,9.38E-01,9.45E-01,1.12E+00,1.10E+00,1.05E+00,1.04E+00,1.16E+00,1.28E+00,1.23E+00,1.12E+00,1.19E+00,9.71E-01,1.09E+00,1.12E+00,1.24E+00,1.20E+00,1.20E+00,1.21E+00,1.14E+00,8.55E-01,1.19E+00,1.20E+00,1.18E+00,1.17E+00,1.24E+00,1.10E+00,1.22E+00,1.05E+00,1.01E+00,1.08E+00,9.70E-01,1.07E+00,1.13E+00,1.21E+00,1.17E+00,1.26E+00,1.21E+00,1.23E+00,1.22E+00,1.20E+00,1.29E+00,1.16E+00,1.14E+00,1.08E+00,1.09E+00,1.10E+00,1.32E+00,1.13E+00,1.25E+00,1.25E+00,1.15E+00,1.31E+00,1.17E+00,1.18E+00,1.74E+00,1.43E+00,1.52E+00,1.24E+00,1.26E+00,1.23E+00,1.45E+00,1.28E+00,1.19E+00,1.17E+00,1.18E+00,1.27E+00,1.26E+00,1.32E+00,1.26E+00,1.03E+00,9.08E-01,9.44E-01,1.09E+00,1.20E+00,1.18E+00,1.31E+00,1.13E+00,1.05E+00,1.10E+00,1.15E+00,1.09E+00,1.08E+00,1.16E+00,1.01E+00,1.18E+00,1.18E+00,1.10E+00,1.03E+00,1.18E+00,1.35E+00,1.22E+00,1.21E+00,1.19E+00,1.20E+00,1.31E+00,1.30E+00,1.05E+00,1.22E+00,1.21E+00,1.24E+00,1.09E+00,1.18E+00,1.16E+00,1.20E+00,1.12E+00,1.21E+00,7.84E-01,8.66E-01,8.18E-01,1.09E+00,1.03E+00,1.11E+00,1.18E+00,1.14E+00,1.15E+00,1.03E+00,8.69E-01,9.47E-01,1.08E+00,1.10E+00,1.25E+00,1.13E+00,1.20E+00,1.19E+00,1.26E+00,1.19E+00,1.36E+00,1.37E+00,1.06E+00,1.07E+00,1.17E+00,1.36E+00,1.01E+00,1.02E+00,1.09E+00,1.03E+00,7.81E-01,1.23E+00,1.29E+00,1.13E+00,1.09E+00,1.00E+00,9.21E-01,1.03E+00,1.05E+00,1.10E+00
067_S_5205,1.05E+00,6.87E-01,1.12E+00,8.58E-01,9.26E-01,1.07E+00,1.14E+00,1.18E+00,9.80E-01,1.15E+00,1.03E+00,1.16E+00,9.49E-01,9.70E-01,1.04E+00,1.03E+00,9.96E-01,1.07E+00,1.08E+00,1.02E+00,1.09E+00,1.19E+00,1.02E+00,1.15E+00,1.04E+00,1.08E+00,1.16E+00,1.05E+00,1.08E+00,1.04E+00,1.12E+00,9.47E-01,9.91E-01,9.62E-01,1.01E+00,9.74E-01,9.42E-01,8.74E-01,1.05E+00,1.04E+00,1.12E+00,1.00E+00,1.11E+00,9.04E-01,9.69E-01,1.01E+00,9.95E-01,9.36E-01,1.05E+00,9.64E-01,1.07E+00,1.08E+00,9.68E-01,1.01E+00,9.07E-01,8.74E-01,1.05E+00,9.25E-01,9.29E-01,9.24E-01,9.16E-01,1.12E+00,1.08E+00,1.01E+00,1.13E+00,9.43E-01,9.59E-01,9.64E-01,1.06E+00,1.15E+00,1.05E+00,1.24E+00,1.03E+00,8.55E-01,1.02E+00,9.87E-01,1.15E+00,1.06E+00,1.14E+00,1.04E+00,1.18E+00,1.05E+00,1.02E+00,1.05E+00,1.11E+00,1.07E+00,1.01E+00,1.15E+00,1.01E+00,1.08E+00,1.06E+00,1.13E+00,1.20E+00,1.21E+00,1.19E+00,1.14E+00,1.19E+00,1.07E+00,1.08E+00,1.11E+00,1.32E+00,1.16E+00,1.40E+00,1.30E+00,1.23E+00,1.48E+00,1.20E+00,1.18E+00,1.76E+00,1.41E+00,1.53E+00,1.18E+00,1.29E+00,1.16E+00,1.31E+00,1.23E+00,1.01E+00,1.16E+00,1.11E+00,1.17E+00,1.11E+00,1.28E+00,1.26E+00,1.22E+00,1.10E+00,9.08E-01,1.08E+00,1.15E+00,1.14E+00,1.28E+00,1.01E+00,1.01E+00,1.11E+00,1.11E+00,8.58E-01,8.88E-01,1.09E+00,9.81E-01,9.20E-01,8.85E-01,9.85E-01,1.01E+00,1.16E+00,1.23E+00,1.23E+00,1.16E+00,1.09E+00,1.07E+00,1.06E+00,1.17E+00,9.27E-01,9.59E-01,8.50E-01,1.09E+00,9.56E-01,1.13E+00,1.14E+00,1.20E+00,1.15E+00,1.15E+00,8.24E-01,9.96E-01,8.91E-01,1.05E+00,8.47E-01,9.34E-01,8.56E-01,9.86E-01,9.43E-01,9.23E-01,9.05E-01,8.31E-01,7.94E-01,9.00E-01,9.02E-01,9.49E-01,1.12E+00,9.91E-01,1.06E+00,9.27E-01,1.32E+00,1.22E+00,8.77E-01,8.33E-01,9.02E-01,1.23E+00,1.12E+00,1.06E+00,1.20E+00,1.02E+00,8.38E-01,1.09E+00,1.22E+00,9.06E-01,1.07E+00,1.01E+00,1.01E+00,1.10E+00,9.60E-01,1.06E+00
068_S_0127,1.04E+00,7.41E-01,1.09E+00,9.01E-01,9.58E-01,1.06E+00,1.10E+00,1.12E+00,1.02E+00,1.12E+00,1.03E+00,1.11E+00,1.02E+00,9.64E-01,1.03E+00,1.02E+00,1.03E+00,1.08E+00,1.06E+00,1.03E+00,1.10E+00,1.19E+00,1.05E+00,1.15E+00,1.14E+00,1.11E+00,1.13E+00,1.08E+00,1.15E+00,1.15E+00,1.14E+00,1.10E+00,1.07E+00,9.56E-01,1.08E+00,1.07E+00,1.09E+00,1.09E+00,1.15E+00,1.15E+00,1.16E+00,1.07E+00,1.17E+00,1.02E+00,1.04E+00,1.12E+00,1.16E+00,1.18E+00,1.12E+00,1.01E+00,1.09E+00,1.08E+00,1.01E+00,1.09E+00,9.72E-01,9.00E-01,1.24E+00,1.17E+00,1.14E+00,1.06E+00,1.14E+00,1.23E+00,1.17E+00,1.11E+00,1.19E+00,1.03E+00,1.23E+00,1.15E+00,1.23E+00,1.20E+00,1.21E+00,1.25E+00,1.23E+00,9.28E-01,1.21E+00,1.20E+00,1.20E+00,1.18E+00,1.26E+00,1.09E+00,1.16E+00,1.08E+00,1.08E+00,1.16E+00,1.13E+00,1.21E+00,1.18E+00,1.17E+00,1.19E+00,1.17E+00,1.20E+00,1.12E+00,1.20E+00,1.23E+00,1.26E+00,1.24E+00,1.18E+00,1.10E+00,1.25E+00,1.13E+00,1.28E+00,1.28E+00,1.19E+00,1.31E+00,1.29E+00,1.23E+00,1.11E+00,1.09E+00,1.36E+00,1.26E+00,1.34E+00,1.16E+00,1.15E+00,1.13E+00,1.09E+00,1.12E+00,1.06E+00,1.15E+00,1.08E+00,1.18E+00,9.10E-01,1.02E+00,1.16E+00,1.21E+00,1.30E+00,1.01E+00,1.14E+00,1.23E+00,1.23E+00,1.24E+00,1.21E+00,1.23E+00,1.14E+00,1.22E+00,1.15E+00,1.14E+00,1.16E+00,1.04E+00,1.05E+00,1.15E+00,1.14E+00,1.28E+00,1.25E+00,1.19E+00,1.23E+00,1.25E+00,9.91E-01,1.15E+00,1.18E+00,9.58E-01,1.25E+00,1.28E+00,1.27E+00,1.22E+00,1.09E+00,9.90E-01,1.12E+00,1.14E+00,1.04E+00,1.15E+00,9.53E-01,1.12E+00,9.95E-01,1.15E+00,1.29E+00,1.10E+00,1.25E+00,1.23E+00,1.20E+00,1.11E+00,1.20E+00,1.26E+00,1.30E+00,1.26E+00,1.31E+00,1.31E+00,1.24E+00,1.26E+00,9.28E-01,1.25E+00,1.34E+00,1.21E+00,1.10E+00,1.22E+00,1.24E+00,1.26E+00,1.04E+00,1.06E+00,1.01E+00,1.29E+00,1.03E+00,1.17E+00,1.32E+00,1.30E+00,1.13E+00,1.09E+00,1.16E+00,1.18E+00,1.28E+00,1.30E+00
068_S_0210,9.12E-01,6.65E-01,9.94E-01,8.28E-01,8.88E-01,9.76E-01,9.81E-01,9.83E-01,8.95E-01,1.05E+00,9.63E-01,1.06E+00,9.13E-01,9.20E-01,9.75E-01,9.28E-01,9.56E-01,9.73E-01,9.94E-01,9.13E-01,9.25E-01,1.12E+00,9.63E-01,1.06E+00,1.04E+00,1.03E+00,1.08E+00,1.01E+00,9.74E-01,9.78E-01,1.06E+00,1.01E+00,1.02E+00,9.96E-01,1.02E+00,9.86E-01,9.67E-01,1.00E+00,1.07E+00,1.04E+00,9.80E-01,9.66E-01,1.05E+00,9.59E-01,9.32E-01,1.02E+00,1.10E+00,1.10E+00,9.66E-01,8.86E-01,9.35E-01,1.02E+00,9.46E-01,9.85E-01,8.54E-01,7.94E-01,1.10E+00,1.14E+00,1.05E+00,1.01E+00,1.06E+00,1.17E+00,1.14E+00,1.04E+00,1.13E+00,9.54E-01,1.12E+00,1.10E+00,1.11E+00,1.15E+00,1.20E+00,1.18E+00,1.22E+00,8.90E-01,1.18E+00,1.10E+00,1.18E+00,1.12E+00,1.24E+00,9.81E-01,1.15E+00,8.84E-01,9.36E-01,1.06E+00,1.04E+00,1.11E+00,1.08E+00,1.07E+00,1.11E+00,1.07E+00,1.12E+00,9.47E-01,1.18E+00,1.07E+00,1.11E+00,1.15E+00,1.06E+00,9.62E-01,1.16E+00,1.10E+00,1.17E+00,1.13E+00,1.12E+00,1.23E+00,1.26E+00,1.29E+00,1.01E+00,1.02E+00,1.41E+00,1.30E+00,1.35E+00,1.16E+00,1.16E+00,1.20E+00,1.23E+00,1.14E+00,1.07E+00,1.12E+00,1.15E+00,1.14E+00,1.12E+00,1.12E+00,1.10E+00,1.22E+00,1.23E+00,9.70E-01,1.09E+00,1.18E+00,1.15E+00,1.27E+00,1.10E+00,1.21E+00,1.17E+00,1.24E+00,1.09E+00,1.16E+00,1.21E+00,1.03E+00,1.15E+00,1.12E+00,1.07E+00,1.21E+00,1.23E+00,1.01E+00,1.05E+00,1.11E+00,1.06E+00,1.15E+00,1.22E+00,1.05E+00,1.19E+00,1.26E+00,1.20E+00,1.06E+00,1.02E+00,1.06E+00,1.13E+00,1.00E+00,1.03E+00,1.18E+00,8.42E-01,1.02E+00,9.05E-01,1.07E+00,1.19E+00,1.08E+00,1.11E+00,1.15E+00,1.23E+00,1.08E+00,1.15E+00,1.17E+00,1.32E+00,1.24E+00,1.30E+00,1.27E+00,1.24E+00,1.24E+00,1.04E+00,1.16E+00,1.40E+00,1.42E+00,1.18E+00,1.23E+00,1.21E+00,1.39E+00,8.74E-01,9.55E-01,1.02E+00,1.25E+00,8.93E-01,1.09E+00,1.26E+00,1.23E+00,1.10E+00,9.87E-01,1.08E+00,1.08E+00,1.23E+00,1.19E+00
068_S_4859,9.97E-01,6.88E-01,1.04E+00,8.44E-01,8.89E-01,1.05E+00,1.08E+00,1.09E+00,9.69E-01,1.12E+00,9.85E-01,1.11E+00,9.63E-01,9.44E-01,1.08E+00,1.07E+00,1.03E+00,1.11E+00,1.10E+00,1.06E+00,9.64E-01,1.08E+00,9.76E-01,1.08E+00,1.10E+00,1.05E+00,1.08E+00,1.08E+00,1.12E+00,1.06E+00,1.08E+00,1.07E+00,1.12E+00,1.05E+00,1.04E+00,1.02E+00,1.07E+00,1.10E+00,1.16E+00,1.07E+00,1.09E+00,9.87E-01,1.07E+00,9.41E-01,1.03E+00,1.08E+00,1.09E+00,1.20E+00,1.02E+00,1.02E+00,1.09E+00,1.06E+00,9.52E-01,1.03E+00,9.03E-01,9.10E-01,1.14E+00,1.09E+00,1.10E+00,1.08E+00,1.23E+00,1.19E+00,1.14E+00,1.14E+00,1.27E+00,1.01E+00,1.10E+00,1.14E+00,1.23E+00,1.19E+00,1.19E+00,1.24E+00,1.20E+00,8.96E-01,1.13E+00,1.23E+00,1.14E+00,1.12E+00,1.18E+00,1.12E+00,1.21E+00,1.08E+00,1.06E+00,1.11E+00,1.06E+00,1.12E+00,1.10E+00,1.25E+00,1.28E+00,1.23E+00,1.29E+00,1.16E+00,1.17E+00,1.19E+00,1.23E+00,1.15E+00,1.15E+00,1.05E+00,1.13E+00,1.07E+00,1.33E+00,1.18E+00,1.24E+00,1.26E+00,1.20E+00,1.26E+00,1.15E+00,1.09E+00,1.58E+00,1.23E+00,1.46E+00,1.19E+00,1.20E+00,1.25E+00,1.43E+00,1.22E+00,1.18E+00,1.27E+00,1.18E+00,1.20E+00,1.26E+00,1.32E+00,1.26E+00,1.17E+00,1.26E+00,9.71E-01,1.13E+00,1.15E+00,1.19E+00,1.29E+00,1.15E+00,1.17E+00,1.19E+00,1.22E+00,1.16E+00,1.24E+00,1.23E+00,1.09E+00,1.31E+00,1.23E+00,1.16E+00,1.16E+00,1.27E+00,1.17E+00,1.16E+00,1.15E+00,1.30E+00,1.20E+00,1.31E+00,1.39E+00,1.16E+00,1.26E+00,1.29E+00,1.15E+00,1.09E+00,1.30E+00,1.16E+00,1.23E+00,1.23E+00,1.29E+00,9.96E-01,1.05E+00,9.81E-01,1.13E+00,1.13E+00,1.17E+00,1.25E+00,1.23E+00,1.25E+00,1.11E+00,1.14E+00,1.18E+00,1.20E+00,1.19E+00,1.29E+00,1.36E+00,1.26E+00,1.26E+00,1.43E+00,1.27E+00,1.34E+00,1.38E+00,1.11E+00,1.16E+00,1.27E+00,1.30E+00,1.16E+00,1.13E+00,1.31E+00,1.23E+00,9.79E-01,1.31E+00,1.30E+00,1.17E+00,1.12E+00,1.06E+00,9.79E-01,1.12E+00,1.20E+00,1.22E+00
070_S_4719,9.88E-01,7.71E-01,1.03E+00,9.32E-01,9.62E-01,1.06E+00,1.08E+00,1.07E+00,9.61E-01,1.09E+00,1.01E+00,1.14E+00,9.57E-01,9.92E-01,1.01E+00,9.85E-01,1.02E+00,1.07E+00,1.06E+00,9.85E-01,1.05E+00,1.10E+00,1.02E+00,1.14E+00,1.04E+00,1.07E+00,1.15E+00,1.07E+00,1.09E+00,1.04E+00,1.10E+00,1.04E+00,1.07E+00,1.03E+00,1.08E+00,1.03E+00,1.00E+00,1.02E+00,1.11E+00,1.08E+00,1.09E+00,1.02E+00,1.12E+00,9.72E-01,1.00E+00,1.12E+00,1.08E+00,1.22E+00,1.03E+00,9.64E-01,1.10E+00,1.07E+00,8.90E-01,9.17E-01,8.07E-01,8.95E-01,1.03E+00,9.90E-01,1.03E+00,1.02E+00,1.13E+00,1.18E+00,1.08E+00,1.09E+00,1.15E+00,9.73E-01,9.76E-01,1.04E+00,1.09E+00,1.13E+00,1.21E+00,1.19E+00,1.10E+00,9.04E-01,1.00E+00,1.11E+00,1.13E+00,1.04E+00,1.11E+00,1.03E+00,1.18E+00,9.55E-01,9.19E-01,1.01E+00,1.03E+00,1.08E+00,1.05E+00,1.17E+00,1.18E+00,1.15E+00,1.22E+00,1.14E+00,1.18E+00,1.22E+00,1.21E+00,1.10E+00,1.07E+00,9.72E-01,1.07E+00,1.06E+00,1.26E+00,1.13E+00,1.21E+00,1.27E+00,1.25E+00,1.39E+00,1.19E+00,1.14E+00,1.46E+00,1.26E+00,1.40E+00,1.25E+00,1.14E+00,1.12E+00,1.25E+00,1.11E+00,1.09E+00,9.91E-01,1.05E+00,1.07E+00,1.15E+00,1.16E+00,1.06E+00,1.15E+00,1.22E+00,9.75E-01,1.07E+00,1.15E+00,1.13E+00,1.23E+00,1.09E+00,1.11E+00,1.15E+00,1.18E+00,1.06E+00,1.15E+00,1.11E+00,1.05E+00,1.12E+00,1.11E+00,1.10E+00,1.12E+00,1.19E+00,1.20E+00,1.21E+00,1.15E+00,1.15E+00,1.13E+00,1.15E+00,1.23E+00,1.11E+00,1.20E+00,1.25E+00,1.10E+00,1.06E+00,1.10E+00,1.11E+00,1.11E+00,1.11E+00,1.15E+00,8.26E-01,8.88E-01,8.92E-01,1.04E+00,1.07E+00,1.06E+00,1.14E+00,1.14E+00,1.09E+00,1.02E+00,9.44E-01,9.64E-01,1.08E+00,1.10E+00,1.19E+00,1.18E+00,1.12E+00,1.24E+00,1.22E+00,1.17E+00,1.32E+00,1.27E+00,9.66E-01,1.09E+00,1.14E+00,1.14E+00,9.38E-01,9.95E-01,1.11E+00,1.08E+00,8.51E-01,1.18E+00,1.23E+00,1.16E+00,1.03E+00,1.00E+00,9.96E-01,1.10E+00,1.04E+00,1.17E+00
070_S_4856,1.02E+00,7.29E-01,1.06E+00,8.81E-01,9.12E-01,1.04E+00,1.07E+00,1.10E+00,9.59E-01,1.13E+00,9.86E-01,1.06E+00,9.51E-01,9.38E-01,9.95E-01,9.51E-01,9.98E-01,1.04E+00,1.03E+00,1.03E+00,9.35E-01,1.03E+00,9.51E-01,1.05E+00,1.02E+00,9.89E-01,1.03E+00,9.92E-01,1.16E+00,1.04E+00,1.06E+00,1.07E+00,1.12E+00,1.02E+00,1.01E+00,9.87E-01,1.03E+00,1.04E+00,1.10E+00,1.00E+00,1.11E+00,9.83E-01,1.09E+00,9.76E-01,9.95E-01,1.06E+00,1.02E+00,1.19E+00,1.03E+00,9.91E-01,1.07E+00,1.06E+00,9.14E-01,9.65E-01,9.13E-01,9.54E-01,1.13E+00,1.20E+00,1.11E+00,1.07E+00,1.14E+00,1.17E+00,1.18E+00,1.11E+00,1.17E+00,9.69E-01,1.12E+00,1.13E+00,1.17E+00,1.14E+00,1.21E+00,1.21E+00,1.21E+00,8.75E-01,1.20E+00,1.19E+00,1.18E+00,1.10E+00,1.21E+00,1.06E+00,1.13E+00,1.03E+00,9.39E-01,1.05E+00,9.77E-01,1.11E+00,1.14E+00,1.14E+00,1.17E+00,1.19E+00,1.18E+00,1.19E+00,1.13E+00,1.13E+00,1.18E+00,1.20E+00,1.04E+00,1.02E+00,1.16E+00,1.09E+00,1.28E+00,1.14E+00,1.21E+00,1.25E+00,1.23E+00,1.28E+00,1.07E+00,1.08E+00,1.50E+00,1.26E+00,1.39E+00,1.17E+00,1.18E+00,1.12E+00,1.31E+00,1.15E+00,1.09E+00,1.13E+00,1.12E+00,1.12E+00,1.19E+00,1.22E+00,1.19E+00,1.10E+00,1.19E+00,9.63E-01,1.11E+00,1.16E+00,1.15E+00,1.17E+00,1.16E+00,1.15E+00,1.21E+00,1.31E+00,1.18E+00,1.30E+00,1.15E+00,1.07E+00,1.30E+00,1.13E+00,1.17E+00,1.09E+00,1.16E+00,1.17E+00,1.18E+00,1.16E+00,1.23E+00,1.17E+00,1.33E+00,1.31E+00,1.12E+00,1.29E+00,1.21E+00,1.11E+00,1.06E+00,1.16E+00,1.12E+00,1.17E+00,1.13E+00,1.17E+00,9.14E-01,1.01E+00,9.66E-01,1.12E+00,1.26E+00,1.14E+00,1.18E+00,1.24E+00,1.22E+00,1.05E+00,1.12E+00,1.16E+00,1.22E+00,1.22E+00,1.24E+00,1.28E+00,1.17E+00,1.29E+00,1.33E+00,1.23E+00,1.43E+00,1.57E+00,1.04E+00,1.19E+00,1.29E+00,1.42E+00,1.10E+00,1.08E+00,1.14E+00,1.20E+00,9.34E-01,1.18E+00,1.23E+00,1.22E+00,1.10E+00,9.99E-01,9.96E-01,1.04E+00,1.19E+00,1.15E+00
070_S_5040,9.76E-01,7.51E-01,9.68E-01,8.88E-01,9.10E-01,1.00E+00,1.01E+00,1.05E+00,9.37E-01,1.05E+00,9.64E-01,1.01E+00,9.46E-01,9.37E-01,1.00E+00,9.69E-01,9.69E-01,1.00E+00,9.96E-01,9.73E-01,9.96E-01,1.14E+00,1.03E+00,1.08E+00,1.10E+00,1.07E+00,1.01E+00,1.04E+00,1.07E+00,1.04E+00,1.04E+00,1.03E+00,1.02E+00,9.71E-01,9.97E-01,9.53E-01,9.55E-01,9.86E-01,1.00E+00,1.03E+00,1.18E+00,1.02E+00,1.03E+00,9.76E-01,9.86E-01,9.99E-01,1.05E+00,1.17E+00,1.06E+00,9.88E-01,1.09E+00,1.10E+00,9.71E-01,9.44E-01,8.77E-01,9.42E-01,1.06E+00,1.11E+00,1.02E+00,9.81E-01,1.08E+00,1.14E+00,1.14E+00,1.06E+00,1.15E+00,9.98E-01,1.03E+00,1.10E+00,1.12E+00,1.13E+00,1.22E+00,1.23E+00,1.17E+00,9.82E-01,1.16E+00,1.13E+00,1.17E+00,1.12E+00,1.20E+00,1.08E+00,1.13E+00,1.03E+00,8.80E-01,9.96E-01,9.65E-01,1.08E+00,1.06E+00,1.10E+00,1.14E+00,1.14E+00,1.15E+00,1.13E+00,1.14E+00,1.15E+00,1.15E+00,1.11E+00,1.02E+00,9.92E-01,1.11E+00,1.03E+00,1.15E+00,1.11E+00,1.07E+00,1.13E+00,1.16E+00,1.13E+00,1.06E+00,1.06E+00,1.25E+00,1.16E+00,1.28E+00,1.11E+00,1.12E+00,1.15E+00,1.20E+00,1.10E+00,1.08E+00,1.06E+00,1.08E+00,1.06E+00,1.06E+00,1.08E+00,1.11E+00,1.27E+00,1.26E+00,1.01E+00,1.09E+00,1.13E+00,1.14E+00,1.21E+00,1.13E+00,1.14E+00,1.10E+00,1.25E+00,1.10E+00,1.16E+00,1.13E+00,1.03E+00,1.20E+00,1.05E+00,1.03E+00,1.18E+00,1.21E+00,1.20E+00,1.21E+00,1.18E+00,1.11E+00,1.19E+00,1.30E+00,1.13E+00,1.18E+00,1.28E+00,1.28E+00,1.19E+00,1.06E+00,1.18E+00,1.17E+00,1.18E+00,1.19E+00,1.20E+00,8.75E-01,9.87E-01,9.83E-01,1.08E+00,1.16E+00,1.13E+00,1.10E+00,1.14E+00,1.21E+00,1.09E+00,1.07E+00,1.14E+00,1.21E+00,1.23E+00,1.29E+00,1.22E+00,1.20E+00,1.31E+00,1.18E+00,1.12E+00,1.45E+00,1.48E+00,1.16E+00,1.24E+00,1.23E+00,1.35E+00,1.10E+00,1.09E+00,1.17E+00,1.18E+00,8.79E-01,1.12E+00,1.28E+00,1.20E+00,1.09E+00,1.05E+00,1.09E+00,1.07E+00,1.22E+00,1.29E+00
073_S_0089,9.48E-01,6.74E-01,1.06E+00,8.32E-01,9.05E-01,1.07E+00,1.06E+00,1.09E+00,9.45E-01,1.13E+00,9.97E-01,1.13E+00,9.23E-01,9.10E-01,1.02E+00,9.61E-01,9.61E-01,1.01E+00,9.92E-01,9.61E-01,1.01E+00,1.15E+00,1.00E+00,1.06E+00,1.08E+00,1.05E+00,1.08E+00,1.00E+00,1.01E+00,1.02E+00,1.08E+00,1.05E+00,1.05E+00,1.01E+00,9.96E-01,9.57E-01,9.98E-01,1.01E+00,1.04E+00,1.04E+00,1.05E+00,9.88E-01,1.06E+00,9.27E-01,9.59E-01,1.02E+00,1.12E+00,1.20E+00,1.10E+00,9.79E-01,1.06E+00,1.05E+00,9.46E-01,9.96E-01,8.67E-01,8.63E-01,1.14E+00,1.17E+00,1.12E+00,1.07E+00,1.09E+00,1.22E+00,1.19E+00,1.05E+00,1.09E+00,9.85E-01,1.10E+00,1.16E+00,1.20E+00,1.19E+00,1.24E+00,1.20E+00,1.21E+00,9.08E-01,1.23E+00,1.11E+00,1.15E+00,1.07E+00,1.25E+00,1.04E+00,1.19E+00,1.03E+00,1.00E+00,1.07E+00,1.02E+00,1.08E+00,1.13E+00,1.20E+00,1.20E+00,1.16E+00,1.15E+00,1.14E+00,1.20E+00,1.21E+00,1.17E+00,1.19E+00,1.09E+00,9.79E-01,1.14E+00,1.08E+00,1.19E+00,1.10E+00,1.34E+00,1.23E+00,1.20E+00,1.35E+00,1.18E+00,1.05E+00,1.63E+00,1.26E+00,1.49E+00,1.20E+00,1.11E+00,1.10E+00,1.23E+00,1.11E+00,1.03E+00,1.08E+00,1.10E+00,1.08E+00,1.08E+00,1.15E+00,1.11E+00,1.14E+00,1.11E+00,9.55E-01,1.10E+00,1.08E+00,1.08E+00,1.15E+00,1.01E+00,1.07E+00,1.14E+00,1.30E+00,1.05E+00,1.18E+00,1.15E+00,1.03E+00,1.20E+00,1.10E+00,1.06E+00,1.11E+00,1.12E+00,1.08E+00,1.17E+00,1.16E+00,1.07E+00,1.16E+00,1.26E+00,1.07E+00,1.14E+00,1.29E+00,1.24E+00,1.08E+00,1.07E+00,1.07E+00,1.12E+00,1.14E+00,1.12E+00,1.23E+00,9.14E-01,1.03E+00,9.35E-01,1.03E+00,1.23E+00,1.09E+00,1.11E+00,1.16E+00,1.22E+00,1.07E+00,1.06E+00,1.13E+00,1.25E+00,1.18E+00,1.26E+00,1.18E+00,1.28E+00,1.32E+00,1.09E+00,1.22E+00,1.38E+00,1.51E+00,1.09E+00,1.17E+00,1.24E+00,1.42E+00,1.09E+00,1.08E+00,1.16E+00,1.14E+00,9.59E-01,1.17E+00,1.21E+00,1.18E+00,1.12E+00,9.61E-01,9.23E-01,9.85E-01,1.06E+00,1.07E+00
073_S_0311,1.02E+00,7.29E-01,1.13E+00,9.13E-01,9.91E-01,1.11E+00,1.11E+00,1.11E+00,1.00E+00,1.16E+00,9.93E-01,1.20E+00,9.61E-01,8.78E-01,1.03E+00,1.02E+00,9.19E-01,1.06E+00,1.02E+00,9.91E-01,9.97E-01,1.12E+00,1.01E+00,1.12E+00,1.07E+00,1.04E+00,1.15E+00,1.07E+00,1.12E+00,1.07E+00,1.13E+00,1.05E+00,1.01E+00,1.05E+00,1.04E+00,1.02E+00,1.02E+00,1.04E+00,1.06E+00,1.05E+00,1.05E+00,1.03E+00,1.10E+00,9.30E-01,9.99E-01,1.04E+00,1.10E+00,1.15E+00,1.06E+00,9.83E-01,1.07E+00,1.06E+00,9.63E-01,1.04E+00,9.00E-01,8.76E-01,1.19E+00,1.11E+00,1.03E+00,1.01E+00,1.12E+00,1.18E+00,1.14E+00,1.09E+00,1.17E+00,9.88E-01,1.12E+00,1.13E+00,1.19E+00,1.16E+00,1.20E+00,1.07E+00,1.14E+00,8.80E-01,1.13E+00,1.16E+00,1.13E+00,1.11E+00,1.13E+00,1.04E+00,1.18E+00,1.05E+00,1.01E+00,1.09E+00,1.05E+00,1.10E+00,1.11E+00,1.12E+00,1.11E+00,1.11E+00,1.16E+00,1.07E+00,1.15E+00,1.14E+00,1.19E+00,1.20E+00,1.15E+00,1.03E+00,1.12E+00,1.08E+00,1.30E+00,1.26E+00,1.34E+00,1.43E+00,1.33E+00,1.41E+00,1.10E+00,1.10E+00,1.51E+00,1.30E+00,1.26E+00,1.17E+00,1.05E+00,1.12E+00,1.27E+00,1.15E+00,1.04E+00,1.15E+00,1.07E+00,1.20E+00,1.09E+00,1.23E+00,1.16E+00,1.12E+00,1.18E+00,9.72E-01,1.08E+00,1.16E+00,1.08E+00,1.22E+00,1.15E+00,1.18E+00,1.21E+00,1.08E+00,1.04E+00,1.11E+00,1.12E+00,1.01E+00,1.10E+00,1.09E+00,1.09E+00,1.11E+00,1.24E+00,1.13E+00,1.13E+00,1.17E+00,1.13E+00,1.12E+00,1.11E+00,1.15E+00,1.12E+00,1.20E+00,1.19E+00,1.13E+00,1.07E+00,1.04E+00,1.10E+00,1.12E+00,1.11E+00,1.16E+00,9.08E-01,1.03E+00,9.52E-01,1.11E+00,1.18E+00,1.09E+00,1.15E+00,1.13E+00,1.17E+00,1.06E+00,1.09E+00,1.16E+00,1.14E+00,1.12E+00,1.22E+00,1.28E+00,1.17E+00,1.24E+00,1.12E+00,1.19E+00,1.25E+00,1.20E+00,1.05E+00,1.12E+00,1.22E+00,1.20E+00,1.05E+00,1.04E+00,1.12E+00,1.12E+00,9.20E-01,1.15E+00,1.21E+00,1.14E+00,1.06E+00,1.02E+00,9.61E-01,1.04E+00,1.11E+00,1.13E+00
073_S_0312,9.84E-01,7.35E-01,1.00E+00,8.52E-01,8.89E-01,9.91E-01,1.05E+00,1.06E+00,9.59E-01,1.07E+00,9.75E-01,1.09E+00,9.43E-01,9.28E-01,1.01E+00,9.97E-01,9.82E-01,1.04E+00,1.04E+00,9.91E-01,9.85E-01,1.08E+00,1.02E+00,1.10E+00,1.04E+00,1.04E+00,1.09E+00,1.02E+00,1.10E+00,1.05E+00,1.05E+00,1.08E+00,1.02E+00,1.04E+00,1.06E+00,1.02E+00,1.03E+00,1.01E+00,1.08E+00,1.05E+00,1.11E+00,1.03E+00,1.09E+00,9.54E-01,1.02E+00,1.08E+00,1.10E+00,1.21E+00,1.10E+00,1.01E+00,1.09E+00,1.06E+00,9.87E-01,1.00E+00,9.08E-01,9.36E-01,1.12E+00,1.14E+00,1.07E+00,1.05E+00,1.10E+00,1.17E+00,1.21E+00,1.04E+00,1.19E+00,1.00E+00,1.15E+00,1.12E+00,1.20E+00,1.14E+00,1.20E+00,1.20E+00,1.19E+00,8.81E-01,1.12E+00,1.14E+00,1.15E+00,1.12E+00,1.22E+00,1.07E+00,1.15E+00,1.06E+00,1.02E+00,1.06E+00,1.08E+00,1.11E+00,1.13E+00,1.21E+00,1.21E+00,1.20E+00,1.23E+00,1.20E+00,1.20E+00,1.21E+00,1.22E+00,1.11E+00,1.09E+00,1.02E+00,1.09E+00,1.02E+00,1.25E+00,1.14E+00,1.15E+00,1.15E+00,1.15E+00,1.22E+00,1.05E+00,1.00E+00,1.32E+00,1.19E+00,1.28E+00,1.12E+00,1.08E+00,1.09E+00,1.30E+00,1.06E+00,1.10E+00,1.11E+00,1.07E+00,1.13E+00,1.11E+00,1.19E+00,1.15E+00,1.17E+00,1.17E+00,1.00E+00,1.08E+00,1.19E+00,1.13E+00,1.20E+00,1.08E+00,1.12E+00,1.09E+00,1.21E+00,1.09E+00,1.12E+00,1.14E+00,1.09E+00,1.24E+00,1.10E+00,1.04E+00,1.15E+00,1.20E+00,1.17E+00,1.15E+00,1.19E+00,1.15E+00,1.16E+00,1.23E+00,1.22E+00,1.16E+00,1.25E+00,1.27E+00,1.15E+00,1.07E+00,1.17E+00,1.09E+00,1.18E+00,1.08E+00,1.14E+00,9.10E-01,9.89E-01,9.33E-01,1.07E+00,1.15E+00,1.13E+00,1.17E+00,1.17E+00,1.24E+00,1.10E+00,1.10E+00,1.14E+00,1.25E+00,1.24E+00,1.32E+00,1.33E+00,1.22E+00,1.27E+00,1.25E+00,1.25E+00,1.36E+00,1.40E+00,1.12E+00,1.21E+00,1.28E+00,1.36E+00,1.08E+00,1.09E+00,1.15E+00,1.25E+00,9.94E-01,1.23E+00,1.26E+00,1.13E+00,1.04E+00,9.93E-01,1.06E+00,1.08E+00,1.15E+00,1.21E+00
073_S_0386,9.87E-01,7.19E-01,1.06E+00,8.65E-01,9.02E-01,1.00E+00,1.03E+00,1.05E+00,9.30E-01,1.12E+00,9.83E-01,1.05E+00,9.34E-01,9.37E-01,1.03E+00,1.00E+00,9.97E-01,1.03E+00,1.02E+00,9.98E-01,9.80E-01,1.08E+00,9.66E-01,1.03E+00,1.03E+00,9.81E-01,1.04E+00,1.05E+00,1.04E+00,1.04E+00,1.02E+00,1.07E+00,1.08E+00,1.04E+00,1.02E+00,1.00E+00,1.03E+00,1.02E+00,1.12E+00,1.01E+00,1.07E+00,9.96E-01,1.07E+00,9.70E-01,9.75E-01,1.04E+00,1.04E+00,1.14E+00,1.06E+00,9.43E-01,1.10E+00,1.04E+00,9.62E-01,9.56E-01,9.20E-01,9.29E-01,1.10E+00,1.18E+00,1.07E+00,1.03E+00,1.15E+00,1.15E+00,1.15E+00,1.09E+00,1.18E+00,1.00E+00,1.08E+00,1.09E+00,1.16E+00,1.15E+00,1.19E+00,1.22E+00,1.13E+00,9.24E-01,1.17E+00,1.16E+00,1.13E+00,1.07E+00,1.15E+00,1.03E+00,1.12E+00,1.01E+00,9.62E-01,9.89E-01,9.59E-01,1.07E+00,1.09E+00,1.15E+00,1.14E+00,1.14E+00,1.20E+00,1.16E+00,1.18E+00,1.21E+00,1.19E+00,1.11E+00,1.09E+00,9.75E-01,1.06E+00,1.04E+00,1.21E+00,1.16E+00,1.26E+00,1.24E+00,1.22E+00,1.30E+00,1.22E+00,1.07E+00,1.52E+00,1.26E+00,1.27E+00,1.13E+00,1.12E+00,1.19E+00,1.29E+00,1.16E+00,1.08E+00,1.17E+00,1.13E+00,1.15E+00,1.16E+00,1.19E+00,1.15E+00,1.10E+00,1.15E+00,9.44E-01,1.06E+00,1.12E+00,1.07E+00,1.20E+00,1.08E+00,1.15E+00,1.16E+00,1.23E+00,1.11E+00,1.22E+00,1.12E+00,1.06E+00,1.21E+00,1.11E+00,1.12E+00,1.10E+00,1.18E+00,1.15E+00,1.17E+00,1.15E+00,1.12E+00,1.13E+00,1.25E+00,1.22E+00,1.11E+00,1.25E+00,1.23E+00,1.12E+00,1.03E+00,1.10E+00,1.10E+00,1.14E+00,1.10E+00,1.18E+00,9.37E-01,1.02E+00,9.23E-01,1.04E+00,1.24E+00,1.20E+00,1.19E+00,1.21E+00,1.24E+00,1.08E+00,1.09E+00,1.15E+00,1.24E+00,1.22E+00,1.25E+00,1.30E+00,1.21E+00,1.30E+00,1.23E+00,1.18E+00,1.42E+00,1.35E+00,1.07E+00,1.17E+00,1.27E+00,1.25E+00,1.06E+00,1.07E+00,1.16E+00,1.20E+00,9.60E-01,1.20E+00,1.29E+00,1.17E+00,1.09E+00,9.37E-01,9.58E-01,1.05E+00,1.11E+00,1.08E+00
073_S_0565,1.02E+00,6.97E-01,1.08E+00,8.43E-01,8.93E-01,1.05E+00,1.09E+00,1.12E+00,9.50E-01,1.11E+00,1.01E+00,1.13E+00,9.41E-01,9.60E-01,1.08E+00,1.05E+00,1.05E+00,1.09E+00,1.08E+00,1.07E+00,1.14E+00,1.24E+00,1.06E+00,1.17E+00,1.11E+00,1.10E+00,1.15E+00,1.06E+00,1.04E+00,1.05E+00,1.09E+00,1.09E+00,1.14E+00,1.07E+00,1.14E+00,1.08E+00,1.14E+00,1.11E+00,1.17E+00,1.13E+00,1.18E+00,1.04E+00,1.11E+00,1.02E+00,1.01E+00,1.07E+00,1.09E+00,1.17E+00,1.08E+00,9.68E-01,1.03E+00,1.03E+00,8.04E-01,8.91E-01,7.80E-01,9.42E-01,1.12E+00,1.11E+00,1.14E+00,1.08E+00,1.15E+00,1.17E+00,1.19E+00,1.12E+00,1.21E+00,9.99E-01,9.98E-01,1.05E+00,1.12E+00,1.16E+00,1.19E+00,1.27E+00,1.32E+00,8.99E-01,1.06E+00,1.10E+00,1.16E+00,1.09E+00,1.15E+00,1.04E+00,1.13E+00,1.04E+00,9.28E-01,9.58E-01,1.12E+00,1.11E+00,1.07E+00,1.16E+00,1.17E+00,1.15E+00,1.17E+00,1.17E+00,1.15E+00,1.20E+00,1.19E+00,1.09E+00,1.18E+00,9.61E-01,1.18E+00,1.12E+00,1.35E+00,1.25E+00,1.38E+00,1.27E+00,1.26E+00,1.38E+00,1.37E+00,1.25E+00,1.66E+00,1.36E+00,1.53E+00,1.21E+00,1.27E+00,1.28E+00,1.39E+00,1.22E+00,1.26E+00,1.29E+00,1.29E+00,1.22E+00,1.32E+00,1.32E+00,1.29E+00,1.39E+00,1.29E+00,1.01E+00,1.13E+00,1.23E+00,1.22E+00,1.30E+00,1.14E+00,1.18E+00,1.21E+00,1.29E+00,1.15E+00,1.27E+00,1.30E+00,1.09E+00,1.37E+00,1.30E+00,1.19E+00,1.23E+00,1.23E+00,1.19E+00,1.33E+00,1.23E+00,1.22E+00,1.18E+00,1.33E+00,1.35E+00,1.12E+00,1.18E+00,1.22E+00,1.17E+00,1.06E+00,1.15E+00,1.09E+00,1.18E+00,1.12E+00,1.12E+00,8.00E-01,9.25E-01,8.07E-01,1.05E+00,1.15E+00,1.22E+00,1.25E+00,1.23E+00,1.21E+00,1.08E+00,1.06E+00,1.05E+00,1.06E+00,1.19E+00,1.20E+00,1.26E+00,1.19E+00,1.23E+00,1.27E+00,1.18E+00,1.39E+00,1.46E+00,1.11E+00,1.09E+00,1.22E+00,1.29E+00,1.07E+00,1.08E+00,1.19E+00,1.26E+00,1.04E+00,1.16E+00,1.26E+00,1.19E+00,1.22E+00,9.98E-01,1.23E+00,1.11E+00,1.17E+00,1.16E+00
073_S_4739,9.91E-01,6.83E-01,1.05E+00,8.46E-01,9.10E-01,1.08E+00,1.06E+00,1.10E+00,9.30E-01,1.12E+00,9.70E-01,1.12E+00,9.43E-01,9.02E-01,9.87E-01,9.67E-01,9.98E-01,9.62E-01,9.83E-01,9.36E-01,9.78E-01,1.22E+00,1.05E+00,1.09E+00,1.08E+00,1.09E+00,1.07E+00,1.02E+00,1.05E+00,1.07E+00,1.12E+00,1.07E+00,1.06E+00,1.00E+00,1.03E+00,9.75E-01,1.00E+00,9.88E-01,1.07E+00,1.05E+00,1.06E+00,1.01E+00,1.11E+00,1.01E+00,1.02E+00,1.08E+00,1.07E+00,1.24E+00,1.15E+00,9.64E-01,1.05E+00,1.10E+00,9.76E-01,1.05E+00,8.75E-01,8.44E-01,1.21E+00,1.16E+00,1.03E+00,1.04E+00,1.06E+00,1.23E+00,1.19E+00,1.06E+00,1.13E+00,9.54E-01,1.16E+00,1.16E+00,1.18E+00,1.24E+00,1.27E+00,1.27E+00,1.22E+00,8.73E-01,1.15E+00,1.10E+00,1.19E+00,1.07E+00,1.31E+00,1.07E+00,1.28E+00,1.08E+00,9.88E-01,1.11E+00,1.06E+00,1.14E+00,1.16E+00,1.22E+00,1.15E+00,1.21E+00,1.19E+00,1.15E+00,1.33E+00,1.28E+00,1.27E+00,1.15E+00,1.17E+00,9.99E-01,1.15E+00,1.10E+00,1.24E+00,1.18E+00,1.27E+00,1.30E+00,1.30E+00,1.36E+00,1.01E+00,1.01E+00,1.50E+00,1.34E+00,1.38E+00,1.22E+00,1.10E+00,1.12E+00,1.18E+00,1.06E+00,9.87E-01,1.04E+00,1.03E+00,1.14E+00,1.02E+00,1.11E+00,1.00E+00,1.27E+00,1.21E+00,9.59E-01,1.15E+00,1.16E+00,1.16E+00,1.12E+00,1.11E+00,1.23E+00,1.22E+00,1.24E+00,1.06E+00,1.10E+00,1.13E+00,9.62E-01,1.14E+00,1.09E+00,1.02E+00,1.15E+00,1.06E+00,1.10E+00,1.18E+00,1.25E+00,1.06E+00,1.10E+00,1.22E+00,1.05E+00,1.14E+00,1.30E+00,1.21E+00,1.17E+00,1.13E+00,1.14E+00,1.14E+00,1.13E+00,1.20E+00,1.33E+00,8.88E-01,1.08E+00,9.40E-01,1.05E+00,1.12E+00,1.07E+00,1.07E+00,1.17E+00,1.24E+00,9.90E-01,1.12E+00,1.19E+00,1.19E+00,1.07E+00,1.26E+00,1.15E+00,1.38E+00,1.33E+00,9.74E-01,1.09E+00,1.39E+00,1.40E+00,9.99E-01,1.17E+00,1.17E+00,1.37E+00,1.10E+00,1.04E+00,1.12E+00,1.23E+00,9.61E-01,1.13E+00,1.39E+00,1.22E+00,1.06E+00,9.85E-01,1.14E+00,1.04E+00,1.29E+00,1.13E+00
073_S_4762,9.85E-01,6.32E-01,1.08E+00,8.06E-01,8.58E-01,1.01E+00,1.07E+00,1.12E+00,9.24E-01,1.15E+00,9.78E-01,1.10E+00,9.03E-01,8.69E-01,9.70E-01,9.62E-01,9.66E-01,1.00E+00,9.63E-01,9.45E-01,1.04E+00,1.13E+00,9.72E-01,1.04E+00,1.06E+00,1.02E+00,1.03E+00,9.97E-01,1.06E+00,1.03E+00,1.04E+00,1.12E+00,1.08E+00,1.05E+00,9.58E-01,9.98E-01,1.03E+00,1.01E+00,1.08E+00,1.00E+00,1.01E+00,9.67E-01,1.09E+00,9.44E-01,9.15E-01,1.00E+00,1.07E+00,1.16E+00,1.08E+00,9.29E-01,1.06E+00,1.07E+00,8.93E-01,9.46E-01,8.14E-01,8.43E-01,1.11E+00,1.22E+00,1.08E+00,1.04E+00,1.11E+00,1.17E+00,1.14E+00,1.08E+00,1.15E+00,9.70E-01,1.08E+00,1.14E+00,1.14E+00,1.19E+00,1.22E+00,1.30E+00,1.15E+00,8.72E-01,1.20E+00,1.12E+00,1.18E+00,1.09E+00,1.24E+00,1.04E+00,1.21E+00,9.98E-01,9.33E-01,1.03E+00,1.02E+00,1.08E+00,1.11E+00,1.14E+00,1.15E+00,1.16E+00,1.15E+00,1.15E+00,1.19E+00,1.21E+00,1.26E+00,1.11E+00,1.11E+00,9.39E-01,1.08E+00,1.07E+00,1.32E+00,1.13E+00,1.40E+00,1.29E+00,1.23E+00,1.30E+00,1.26E+00,1.14E+00,1.76E+00,1.37E+00,1.46E+00,1.16E+00,1.13E+00,1.16E+00,1.16E+00,1.12E+00,1.10E+00,1.11E+00,1.13E+00,1.11E+00,1.06E+00,1.06E+00,1.11E+00,1.19E+00,1.14E+00,9.28E-01,1.09E+00,1.10E+00,1.09E+00,1.15E+00,1.11E+00,1.11E+00,1.17E+00,1.26E+00,1.17E+00,1.17E+00,1.09E+00,1.03E+00,1.12E+00,1.06E+00,1.15E+00,1.10E+00,1.14E+00,1.10E+00,1.22E+00,1.15E+00,1.07E+00,1.15E+00,1.24E+00,1.12E+00,1.10E+00,1.24E+00,1.28E+00,1.10E+00,1.06E+00,1.10E+00,1.18E+00,1.22E+00,1.16E+00,1.28E+00,8.58E-01,9.78E-01,8.98E-01,1.06E+00,1.21E+00,1.17E+00,1.15E+00,1.24E+00,1.22E+00,1.09E+00,1.07E+00,1.13E+00,1.23E+00,1.24E+00,1.27E+00,1.29E+00,1.36E+00,1.38E+00,1.08E+00,1.14E+00,1.50E+00,1.46E+00,1.08E+00,1.15E+00,1.25E+00,1.42E+00,1.04E+00,1.01E+00,1.11E+00,1.24E+00,9.35E-01,1.21E+00,1.35E+00,1.16E+00,1.13E+00,9.80E-01,1.11E+00,1.02E+00,1.09E+00,1.06E+00
073_S_4795,1.01E+00,6.83E-01,1.06E+00,8.36E-01,9.03E-01,1.02E+00,1.04E+00,1.07E+00,9.20E-01,1.16E+00,9.03E-01,1.05E+00,8.99E-01,9.33E-01,1.00E+00,9.71E-01,9.76E-01,1.01E+00,9.44E-01,9.76E-01,1.01E+00,1.16E+00,9.92E-01,1.06E+00,1.06E+00,1.07E+00,1.07E+00,1.01E+00,1.06E+00,1.07E+00,1.11E+00,1.09E+00,1.12E+00,1.06E+00,1.05E+00,1.02E+00,1.06E+00,1.02E+00,1.12E+00,1.08E+00,1.05E+00,9.97E-01,1.12E+00,9.73E-01,9.72E-01,1.02E+00,1.11E+00,1.20E+00,1.10E+00,9.69E-01,1.04E+00,1.04E+00,9.43E-01,9.84E-01,9.05E-01,8.80E-01,1.15E+00,1.26E+00,1.08E+00,1.06E+00,1.14E+00,1.22E+00,1.13E+00,1.14E+00,1.22E+00,9.86E-01,1.11E+00,1.16E+00,1.23E+00,1.16E+00,1.19E+00,1.37E+00,1.17E+00,9.40E-01,1.20E+00,1.16E+00,1.13E+00,1.05E+00,1.10E+00,9.98E-01,1.17E+00,1.02E+00,9.89E-01,1.08E+00,1.05E+00,1.11E+00,1.16E+00,1.15E+00,1.16E+00,1.09E+00,1.16E+00,1.10E+00,1.21E+00,1.21E+00,1.28E+00,1.24E+00,1.14E+00,1.01E+00,1.15E+00,1.09E+00,1.27E+00,1.20E+00,1.32E+00,1.34E+00,1.25E+00,1.23E+00,1.20E+00,1.08E+00,1.53E+00,1.36E+00,1.30E+00,1.18E+00,1.14E+00,1.16E+00,1.16E+00,1.16E+00,1.13E+00,1.10E+00,1.16E+00,1.14E+00,1.05E+00,1.07E+00,1.05E+00,1.18E+00,1.18E+00,9.38E-01,1.13E+00,1.13E+00,1.10E+00,1.13E+00,1.09E+00,1.14E+00,1.15E+00,1.22E+00,1.13E+00,1.18E+00,1.20E+00,9.13E-01,1.17E+00,1.11E+00,1.12E+00,1.15E+00,1.25E+00,1.08E+00,1.16E+00,1.21E+00,1.14E+00,1.10E+00,1.24E+00,1.12E+00,1.17E+00,1.26E+00,1.27E+00,1.08E+00,1.07E+00,1.10E+00,1.07E+00,1.09E+00,1.09E+00,1.16E+00,8.89E-01,1.01E+00,9.27E-01,1.08E+00,1.28E+00,1.14E+00,1.18E+00,1.18E+00,1.23E+00,1.07E+00,1.07E+00,1.15E+00,1.26E+00,1.22E+00,1.25E+00,1.26E+00,1.18E+00,1.26E+00,1.12E+00,1.18E+00,1.44E+00,1.36E+00,1.14E+00,1.21E+00,1.20E+00,1.30E+00,1.05E+00,1.04E+00,1.15E+00,1.23E+00,9.49E-01,1.17E+00,1.18E+00,1.22E+00,1.03E+00,9.64E-01,9.78E-01,9.64E-01,1.18E+00,1.14E+00
073_S_4853,1.08E+00,7.06E-01,1.12E+00,8.59E-01,9.41E-01,1.05E+00,1.06E+00,1.10E+00,9.88E-01,1.21E+00,9.99E-01,1.11E+00,9.57E-01,9.84E-01,1.03E+00,9.82E-01,1.00E+00,1.00E+00,1.00E+00,1.03E+00,1.02E+00,1.20E+00,1.05E+00,1.09E+00,1.11E+00,1.10E+00,1.12E+00,1.05E+00,1.14E+00,1.16E+00,1.18E+00,1.08E+00,1.03E+00,9.86E-01,1.07E+00,9.84E-01,1.07E+00,1.06E+00,1.11E+00,1.07E+00,9.64E-01,9.96E-01,1.08E+00,9.60E-01,9.90E-01,1.06E+00,1.04E+00,1.15E+00,1.07E+00,9.74E-01,1.01E+00,1.05E+00,9.71E-01,1.07E+00,9.09E-01,8.63E-01,1.20E+00,1.05E+00,1.02E+00,9.88E-01,1.07E+00,1.18E+00,1.09E+00,1.04E+00,1.22E+00,9.29E-01,1.12E+00,1.08E+00,1.16E+00,1.18E+00,1.15E+00,1.21E+00,1.19E+00,8.54E-01,1.12E+00,1.12E+00,1.20E+00,1.09E+00,1.23E+00,1.09E+00,1.21E+00,1.07E+00,1.08E+00,1.07E+00,1.11E+00,1.15E+00,1.20E+00,1.20E+00,1.14E+00,1.17E+00,1.21E+00,1.10E+00,1.22E+00,1.18E+00,1.27E+00,1.24E+00,1.19E+00,1.08E+00,1.18E+00,1.10E+00,1.37E+00,1.29E+00,1.42E+00,1.43E+00,1.39E+00,1.36E+00,1.43E+00,1.28E+00,1.64E+00,1.46E+00,1.41E+00,1.22E+00,1.18E+00,1.14E+00,1.03E+00,1.14E+00,1.08E+00,1.14E+00,1.15E+00,1.14E+00,8.65E-01,1.02E+00,1.15E+00,1.15E+00,1.16E+00,9.81E-01,1.18E+00,1.14E+00,1.12E+00,1.18E+00,1.14E+00,1.22E+00,1.17E+00,1.21E+00,1.07E+00,1.07E+00,1.23E+00,1.01E+00,1.05E+00,1.07E+00,1.07E+00,1.08E+00,1.23E+00,9.62E-01,1.04E+00,1.10E+00,9.41E-01,1.10E+00,1.15E+00,7.59E-01,1.08E+00,1.26E+00,1.26E+00,1.09E+00,1.10E+00,1.07E+00,1.12E+00,1.13E+00,1.15E+00,1.24E+00,8.67E-01,1.03E+00,8.73E-01,1.14E+00,1.20E+00,1.11E+00,1.13E+00,1.11E+00,1.18E+00,9.96E-01,1.03E+00,1.07E+00,1.13E+00,1.02E+00,1.16E+00,1.16E+00,1.28E+00,1.31E+00,7.27E-01,1.14E+00,1.36E+00,1.28E+00,9.99E-01,1.11E+00,1.19E+00,1.37E+00,1.14E+00,1.05E+00,1.14E+00,1.20E+00,9.83E-01,1.18E+00,1.34E+00,1.20E+00,1.16E+00,1.10E+00,1.07E+00,1.14E+00,1.24E+00,1.16E+00
073_S_5016,9.63E-01,6.64E-01,1.04E+00,8.26E-01,8.86E-01,1.05E+00,1.06E+00,1.05E+00,9.31E-01,1.12E+00,9.45E-01,1.12E+00,8.98E-01,9.10E-01,9.97E-01,9.72E-01,9.72E-01,9.68E-01,9.89E-01,9.90E-01,9.89E-01,1.17E+00,9.82E-01,1.07E+00,1.08E+00,1.03E+00,1.09E+00,1.03E+00,1.08E+00,1.07E+00,1.04E+00,1.09E+00,1.04E+00,1.01E+00,1.03E+00,9.56E-01,1.00E+00,9.90E-01,1.04E+00,1.03E+00,1.04E+00,9.75E-01,1.11E+00,9.19E-01,9.69E-01,9.91E-01,1.08E+00,1.18E+00,1.05E+00,9.39E-01,1.06E+00,1.04E+00,9.21E-01,9.60E-01,8.79E-01,8.60E-01,1.13E+00,1.14E+00,1.08E+00,1.05E+00,1.14E+00,1.22E+00,1.25E+00,1.05E+00,1.21E+00,9.77E-01,1.11E+00,1.15E+00,1.23E+00,1.17E+00,1.17E+00,1.20E+00,1.21E+00,8.97E-01,1.19E+00,1.15E+00,1.10E+00,1.03E+00,1.15E+00,1.02E+00,1.16E+00,1.02E+00,1.01E+00,1.08E+00,1.07E+00,1.12E+00,1.16E+00,1.15E+00,1.22E+00,1.18E+00,1.20E+00,1.16E+00,1.19E+00,1.23E+00,1.23E+00,1.18E+00,1.13E+00,1.01E+00,1.16E+00,1.11E+00,1.23E+00,1.15E+00,1.25E+00,1.27E+00,1.28E+00,1.38E+00,1.05E+00,1.09E+00,1.51E+00,1.32E+00,1.43E+00,1.18E+00,1.09E+00,1.14E+00,1.17E+00,1.09E+00,1.07E+00,1.12E+00,1.08E+00,1.09E+00,1.04E+00,1.06E+00,1.13E+00,1.17E+00,1.19E+00,9.14E-01,1.08E+00,1.12E+00,1.12E+00,1.22E+00,1.07E+00,1.12E+00,1.15E+00,1.14E+00,1.03E+00,1.16E+00,1.08E+00,1.00E+00,1.18E+00,1.08E+00,1.06E+00,1.11E+00,1.19E+00,1.12E+00,1.18E+00,1.16E+00,1.13E+00,1.10E+00,1.13E+00,1.12E+00,1.10E+00,1.20E+00,1.17E+00,1.08E+00,1.04E+00,1.12E+00,1.02E+00,1.13E+00,1.14E+00,1.14E+00,9.14E-01,9.83E-01,9.09E-01,1.05E+00,1.14E+00,1.09E+00,1.15E+00,1.20E+00,1.22E+00,1.05E+00,1.02E+00,1.06E+00,1.18E+00,1.15E+00,1.29E+00,1.29E+00,1.15E+00,1.23E+00,1.09E+00,1.15E+00,1.32E+00,1.38E+00,1.04E+00,1.17E+00,1.19E+00,1.30E+00,1.02E+00,1.05E+00,1.13E+00,1.19E+00,9.52E-01,1.17E+00,1.29E+00,1.15E+00,1.08E+00,1.01E+00,1.04E+00,1.03E+00,1.14E+00,1.10E+00
073_S_5023,1.02E+00,7.05E-01,1.06E+00,8.54E-01,9.14E-01,1.05E+00,1.06E+00,1.06E+00,9.40E-01,1.10E+00,9.62E-01,1.09E+00,9.40E-01,9.38E-01,9.91E-01,9.86E-01,9.94E-01,1.01E+00,1.01E+00,9.94E-01,1.04E+00,1.13E+00,9.98E-01,1.07E+00,1.09E+00,1.03E+00,1.07E+00,1.02E+00,1.08E+00,1.15E+00,1.09E+00,1.10E+00,1.10E+00,1.05E+00,1.03E+00,1.00E+00,1.01E+00,9.93E-01,1.06E+00,1.07E+00,1.04E+00,1.00E+00,1.13E+00,9.51E-01,9.93E-01,1.04E+00,1.09E+00,1.18E+00,1.09E+00,9.81E-01,1.04E+00,1.07E+00,9.62E-01,1.03E+00,8.91E-01,8.72E-01,1.16E+00,1.16E+00,1.09E+00,1.05E+00,1.07E+00,1.19E+00,1.20E+00,1.06E+00,1.17E+00,9.89E-01,1.16E+00,1.15E+00,1.16E+00,1.18E+00,1.21E+00,1.21E+00,1.17E+00,9.19E-01,1.23E+00,1.13E+00,1.15E+00,1.07E+00,1.21E+00,1.02E+00,1.19E+00,1.05E+00,1.03E+00,1.13E+00,1.10E+00,1.13E+00,1.15E+00,1.17E+00,1.16E+00,1.15E+00,1.13E+00,1.14E+00,1.24E+00,1.17E+00,1.24E+00,1.22E+00,1.09E+00,9.93E-01,1.17E+00,1.10E+00,1.28E+00,1.22E+00,1.23E+00,1.30E+00,1.28E+00,1.27E+00,1.22E+00,1.02E+00,1.47E+00,1.29E+00,1.36E+00,1.17E+00,1.13E+00,1.12E+00,1.09E+00,1.10E+00,1.03E+00,1.11E+00,1.09E+00,1.10E+00,9.80E-01,9.92E-01,1.08E+00,1.22E+00,1.19E+00,9.76E-01,1.09E+00,1.08E+00,1.11E+00,1.14E+00,1.12E+00,1.16E+00,1.17E+00,1.20E+00,1.20E+00,1.14E+00,1.15E+00,1.01E+00,1.12E+00,1.08E+00,1.13E+00,1.14E+00,1.21E+00,1.09E+00,1.18E+00,1.18E+00,1.10E+00,1.08E+00,1.17E+00,9.90E-01,1.14E+00,1.23E+00,1.24E+00,1.09E+00,1.08E+00,1.18E+00,1.13E+00,1.15E+00,1.13E+00,1.19E+00,8.83E-01,9.96E-01,9.48E-01,1.10E+00,1.19E+00,1.12E+00,1.04E+00,1.19E+00,1.25E+00,1.06E+00,1.10E+00,1.13E+00,1.24E+00,1.17E+00,1.25E+00,1.20E+00,1.22E+00,1.25E+00,1.05E+00,1.14E+00,1.38E+00,1.38E+00,1.02E+00,1.25E+00,1.22E+00,1.32E+00,1.09E+00,1.06E+00,1.15E+00,1.23E+00,9.62E-01,1.16E+00,1.27E+00,1.20E+00,1.09E+00,9.33E-01,1.04E+00,1.01E+00,1.15E+00,1.11E+00
073_S_5090,1.06E+00,7.23E-01,1.19E+00,8.86E-01,9.35E-01,1.04E+00,1.09E+00,1.15E+00,9.57E-01,1.16E+00,1.02E+00,1.10E+00,9.59E-01,9.54E-01,9.60E-01,1.04E+00,9.50E-01,1.04E+00,9.81E-01,9.61E-01,1.03E+00,1.12E+00,1.02E+00,1.13E+00,9.52E-01,1.08E+00,1.17E+00,1.10E+00,1.09E+00,1.01E+00,1.02E+00,9.55E-01,9.40E-01,9.13E-01,9.35E-01,9.18E-01,8.58E-01,8.78E-01,1.04E+00,1.01E+00,1.11E+00,1.02E+00,1.10E+00,9.03E-01,1.04E+00,1.11E+00,9.73E-01,1.21E+00,1.14E+00,1.01E+00,1.18E+00,1.15E+00,9.76E-01,1.01E+00,9.00E-01,8.56E-01,1.05E+00,8.89E-01,8.60E-01,8.35E-01,1.04E+00,1.30E+00,1.26E+00,1.08E+00,1.17E+00,1.01E+00,1.04E+00,1.02E+00,1.23E+00,1.27E+00,1.26E+00,1.14E+00,9.38E-01,8.95E-01,1.01E+00,1.10E+00,1.13E+00,1.04E+00,1.04E+00,1.11E+00,1.29E+00,1.13E+00,1.08E+00,1.09E+00,1.05E+00,1.04E+00,1.05E+00,1.25E+00,1.24E+00,1.22E+00,1.26E+00,1.22E+00,1.33E+00,1.26E+00,1.27E+00,1.09E+00,1.14E+00,1.03E+00,1.00E+00,9.62E-01,1.31E+00,1.06E+00,1.42E+00,1.34E+00,1.16E+00,1.34E+00,1.21E+00,1.13E+00,1.70E+00,1.31E+00,1.55E+00,1.14E+00,9.55E-01,1.12E+00,1.16E+00,1.06E+00,8.61E-01,1.15E+00,9.61E-01,1.03E+00,8.55E-01,1.23E+00,1.06E+00,1.15E+00,1.05E+00,9.37E-01,1.05E+00,1.16E+00,1.10E+00,1.16E+00,1.07E+00,1.00E+00,9.72E-01,1.01E+00,8.80E-01,8.33E-01,1.06E+00,8.33E-01,8.52E-01,7.76E-01,9.99E-01,9.44E-01,1.03E+00,1.16E+00,1.27E+00,1.23E+00,1.13E+00,1.09E+00,1.00E+00,1.13E+00,9.54E-01,1.23E+00,1.21E+00,1.14E+00,1.05E+00,1.26E+00,1.19E+00,1.25E+00,1.27E+00,1.30E+00,8.89E-01,1.04E+00,9.46E-01,1.12E+00,9.25E-01,8.18E-01,1.08E+00,1.12E+00,1.19E+00,1.04E+00,1.06E+00,1.04E+00,9.60E-01,9.35E-01,1.16E+00,1.10E+00,1.34E+00,1.24E+00,1.07E+00,1.15E+00,1.29E+00,1.03E+00,9.93E-01,9.82E-01,1.15E+00,1.17E+00,1.18E+00,1.10E+00,1.31E+00,1.06E+00,1.01E+00,1.23E+00,1.31E+00,1.01E+00,1.06E+00,1.01E+00,8.81E-01,9.86E-01,9.56E-01,9.23E-01
082_S_5029,9.60E-01,7.24E-01,9.85E-01,8.89E-01,9.33E-01,1.09E+00,1.10E+00,1.17E+00,1.01E+00,1.13E+00,1.04E+00,1.19E+00,9.88E-01,9.53E-01,1.07E+00,1.03E+00,1.03E+00,1.11E+00,1.09E+00,1.02E+00,9.26E-01,1.04E+00,1.00E+00,1.10E+00,1.01E+00,1.07E+00,1.16E+00,1.07E+00,1.04E+00,1.07E+00,1.08E+00,1.08E+00,1.04E+00,9.74E-01,1.01E+00,9.48E-01,1.02E+00,9.88E-01,1.11E+00,1.06E+00,1.12E+00,1.01E+00,1.06E+00,9.87E-01,1.00E+00,1.09E+00,9.15E-01,1.18E+00,1.08E+00,1.03E+00,1.16E+00,1.18E+00,9.85E-01,1.04E+00,8.72E-01,8.70E-01,1.03E+00,9.84E-01,9.38E-01,9.40E-01,1.17E+00,1.25E+00,1.19E+00,1.08E+00,1.19E+00,9.99E-01,1.02E+00,9.64E-01,1.16E+00,1.25E+00,1.27E+00,1.15E+00,1.08E+00,8.78E-01,9.39E-01,1.13E+00,1.13E+00,1.08E+00,1.08E+00,1.11E+00,1.23E+00,1.10E+00,1.02E+00,1.01E+00,1.09E+00,1.09E+00,9.87E-01,1.23E+00,1.23E+00,1.24E+00,1.21E+00,1.22E+00,1.27E+00,1.22E+00,1.18E+00,1.08E+00,1.18E+00,1.02E+00,1.08E+00,1.03E+00,1.35E+00,1.14E+00,1.37E+00,1.27E+00,1.06E+00,1.19E+00,1.14E+00,1.06E+00,1.46E+00,1.23E+00,1.30E+00,9.24E-01,1.16E+00,1.22E+00,1.26E+00,1.24E+00,1.06E+00,1.18E+00,1.21E+00,1.15E+00,1.10E+00,1.19E+00,1.15E+00,1.16E+00,1.08E+00,9.70E-01,1.10E+00,1.18E+00,1.13E+00,1.37E+00,1.02E+00,9.52E-01,1.07E+00,8.82E-01,9.21E-01,9.62E-01,1.15E+00,9.20E-01,9.06E-01,1.02E+00,1.07E+00,1.03E+00,1.19E+00,1.22E+00,1.25E+00,1.18E+00,1.17E+00,1.14E+00,1.10E+00,1.20E+00,9.39E-01,1.20E+00,1.09E+00,1.13E+00,1.03E+00,1.06E+00,1.16E+00,1.24E+00,1.15E+00,1.17E+00,8.88E-01,9.56E-01,8.97E-01,1.11E+00,9.87E-01,9.56E-01,1.04E+00,1.15E+00,1.11E+00,9.76E-01,9.57E-01,8.95E-01,8.58E-01,8.82E-01,1.02E+00,1.04E+00,1.26E+00,1.15E+00,9.78E-01,1.05E+00,1.02E+00,1.04E+00,1.03E+00,8.85E-01,1.02E+00,1.16E+00,1.04E+00,9.85E-01,1.01E+00,1.03E+00,8.85E-01,1.10E+00,1.25E+00,8.64E-01,9.21E-01,1.03E+00,9.10E-01,1.07E+00,9.41E-01,1.03E+00
094_S_4089,1.08E+00,7.22E-01,1.15E+00,8.82E-01,9.45E-01,1.10E+00,1.15E+00,1.25E+00,1.03E+00,1.22E+00,9.59E-01,1.14E+00,9.42E-01,9.55E-01,1.03E+00,9.93E-01,1.02E+00,1.06E+00,1.11E+00,1.01E+00,1.07E+00,1.05E+00,1.03E+00,1.11E+00,9.95E-01,1.04E+00,1.11E+00,1.01E+00,1.15E+00,1.12E+00,1.13E+00,1.08E+00,1.06E+00,1.05E+00,1.02E+00,1.02E+00,1.05E+00,1.03E+00,1.05E+00,1.07E+00,1.04E+00,1.02E+00,1.09E+00,9.55E-01,9.95E-01,1.11E+00,1.02E+00,1.12E+00,1.09E+00,9.86E-01,1.02E+00,1.04E+00,8.93E-01,9.46E-01,8.52E-01,8.83E-01,1.15E+00,1.08E+00,1.04E+00,1.05E+00,1.05E+00,1.16E+00,1.19E+00,1.07E+00,1.15E+00,9.84E-01,1.06E+00,1.02E+00,1.13E+00,1.11E+00,1.15E+00,1.22E+00,1.18E+00,8.52E-01,1.02E+00,1.08E+00,1.15E+00,1.12E+00,1.18E+00,9.94E-01,1.12E+00,1.05E+00,8.45E-01,9.78E-01,1.05E+00,1.05E+00,1.01E+00,1.16E+00,1.07E+00,1.14E+00,1.13E+00,1.07E+00,1.13E+00,1.16E+00,1.20E+00,1.11E+00,1.17E+00,1.02E+00,1.07E+00,1.04E+00,1.34E+00,1.31E+00,1.38E+00,1.36E+00,1.31E+00,1.28E+00,1.20E+00,1.12E+00,1.65E+00,1.34E+00,1.40E+00,1.17E+00,1.21E+00,1.15E+00,1.16E+00,1.15E+00,1.11E+00,1.11E+00,1.10E+00,1.13E+00,1.05E+00,9.69E-01,1.17E+00,1.22E+00,1.15E+00,9.80E-01,1.11E+00,1.18E+00,1.19E+00,1.27E+00,1.17E+00,1.18E+00,1.14E+00,1.25E+00,1.16E+00,1.14E+00,1.20E+00,1.01E+00,1.18E+00,1.08E+00,1.14E+00,1.21E+00,1.26E+00,1.14E+00,1.20E+00,1.19E+00,1.08E+00,1.13E+00,1.23E+00,1.01E+00,1.21E+00,1.30E+00,1.25E+00,1.15E+00,1.08E+00,1.07E+00,1.10E+00,1.15E+00,1.05E+00,1.19E+00,8.82E-01,1.05E+00,9.08E-01,1.07E+00,1.12E+00,1.17E+00,1.10E+00,1.25E+00,1.27E+00,1.04E+00,1.12E+00,1.18E+00,1.19E+00,1.18E+00,1.28E+00,1.27E+00,1.23E+00,1.28E+00,9.46E-01,1.07E+00,1.40E+00,1.28E+00,1.06E+00,1.17E+00,1.15E+00,1.22E+00,1.03E+00,1.02E+00,1.12E+00,1.14E+00,9.52E-01,1.10E+00,1.30E+00,1.18E+00,1.09E+00,1.02E+00,1.09E+00,1.05E+00,1.21E+00,1.16E+00
094_S_4282,1.04E+00,7.07E-01,1.07E+00,8.46E-01,8.69E-01,1.01E+00,1.09E+00,1.11E+00,9.66E-01,1.04E+00,1.06E+00,1.15E+00,9.60E-01,9.71E-01,1.07E+00,1.04E+00,1.04E+00,1.11E+00,1.09E+00,1.06E+00,9.80E-01,1.04E+00,9.92E-01,1.09E+00,1.03E+00,1.04E+00,1.10E+00,1.07E+00,1.14E+00,1.02E+00,1.03E+00,1.07E+00,1.16E+00,1.12E+00,1.15E+00,1.05E+00,1.12E+00,1.12E+00,1.13E+00,1.05E+00,1.16E+00,1.03E+00,1.11E+00,9.98E-01,1.01E+00,1.14E+00,1.08E+00,1.23E+00,1.04E+00,1.01E+00,1.07E+00,1.09E+00,9.46E-01,9.80E-01,9.01E-01,8.91E-01,1.12E+00,1.21E+00,1.16E+00,1.10E+00,1.20E+00,1.20E+00,1.22E+00,1.12E+00,1.27E+00,1.02E+00,1.13E+00,1.13E+00,1.25E+00,1.18E+00,1.25E+00,1.30E+00,1.33E+00,9.26E-01,1.23E+00,1.20E+00,1.18E+00,1.14E+00,1.24E+00,1.10E+00,1.23E+00,1.10E+00,1.04E+00,1.07E+00,1.05E+00,1.17E+00,1.11E+00,1.25E+00,1.21E+00,1.24E+00,1.22E+00,1.13E+00,1.25E+00,1.16E+00,1.24E+00,1.17E+00,1.13E+00,1.08E+00,1.19E+00,1.11E+00,1.36E+00,9.96E-01,1.21E+00,1.12E+00,9.90E-01,1.22E+00,1.22E+00,1.19E+00,1.48E+00,1.23E+00,1.52E+00,1.21E+00,1.26E+00,1.22E+00,1.28E+00,1.22E+00,1.21E+00,1.24E+00,1.24E+00,1.19E+00,1.24E+00,1.29E+00,1.26E+00,1.14E+00,1.11E+00,9.58E-01,1.10E+00,1.20E+00,1.18E+00,1.26E+00,1.14E+00,1.06E+00,1.03E+00,1.22E+00,1.12E+00,1.15E+00,1.23E+00,1.10E+00,1.28E+00,1.19E+00,1.15E+00,1.19E+00,1.24E+00,1.18E+00,1.24E+00,1.21E+00,1.25E+00,1.17E+00,1.28E+00,1.27E+00,1.18E+00,1.31E+00,1.26E+00,1.20E+00,1.09E+00,1.16E+00,1.15E+00,1.21E+00,1.14E+00,1.23E+00,9.44E-01,1.00E+00,9.51E-01,1.14E+00,1.20E+00,1.11E+00,1.22E+00,1.25E+00,1.26E+00,1.12E+00,1.11E+00,1.10E+00,1.20E+00,1.20E+00,1.34E+00,1.33E+00,1.33E+00,1.32E+00,1.22E+00,1.19E+00,1.51E+00,1.51E+00,1.11E+00,1.19E+00,1.23E+00,1.37E+00,1.12E+00,1.09E+00,1.14E+00,1.22E+00,1.02E+00,1.19E+00,1.38E+00,1.15E+00,1.19E+00,9.87E-01,9.71E-01,1.06E+00,1.22E+00,1.18E+00
094_S_4737,1.06E+00,6.86E-01,1.15E+00,8.43E-01,9.29E-01,1.07E+00,1.06E+00,1.15E+00,9.46E-01,1.15E+00,1.05E+00,1.17E+00,9.08E-01,9.54E-01,9.92E-01,9.67E-01,1.02E+00,1.08E+00,1.04E+00,1.01E+00,9.06E-01,1.05E+00,9.33E-01,1.05E+00,1.05E+00,1.03E+00,1.05E+00,1.01E+00,9.97E-01,1.04E+00,1.08E+00,1.03E+00,1.09E+00,1.08E+00,1.08E+00,1.04E+00,1.06E+00,1.03E+00,1.13E+00,1.07E+00,1.12E+00,9.39E-01,1.07E+00,9.59E-01,9.71E-01,1.09E+00,1.07E+00,1.07E+00,1.00E+00,9.23E-01,9.67E-01,9.78E-01,8.52E-01,9.07E-01,8.18E-01,8.70E-01,1.05E+00,1.15E+00,1.08E+00,1.03E+00,1.16E+00,1.09E+00,1.17E+00,1.07E+00,1.18E+00,9.48E-01,8.97E-01,1.02E+00,1.09E+00,1.09E+00,1.08E+00,1.22E+00,1.23E+00,8.49E-01,9.61E-01,1.12E+00,1.07E+00,1.01E+00,1.16E+00,9.96E-01,1.07E+00,9.50E-01,8.91E-01,9.11E-01,1.01E+00,1.09E+00,1.08E+00,1.06E+00,1.08E+00,1.08E+00,1.18E+00,1.10E+00,1.09E+00,1.15E+00,1.18E+00,1.16E+00,1.14E+00,9.27E-01,1.15E+00,1.10E+00,1.26E+00,1.22E+00,1.35E+00,1.40E+00,1.39E+00,1.48E+00,1.20E+00,1.23E+00,1.64E+00,1.30E+00,1.49E+00,1.24E+00,1.28E+00,1.22E+00,1.27E+00,1.20E+00,1.21E+00,1.16E+00,1.26E+00,1.23E+00,1.28E+00,1.29E+00,1.26E+00,1.05E+00,1.13E+00,9.06E-01,1.01E+00,1.14E+00,1.09E+00,1.25E+00,1.02E+00,1.09E+00,1.17E+00,1.28E+00,1.16E+00,1.19E+00,1.14E+00,1.04E+00,1.24E+00,1.17E+00,1.13E+00,1.07E+00,1.26E+00,1.21E+00,1.13E+00,1.10E+00,1.11E+00,1.09E+00,1.20E+00,1.23E+00,1.02E+00,1.16E+00,1.11E+00,1.11E+00,9.98E-01,1.08E+00,1.05E+00,1.16E+00,1.02E+00,1.08E+00,8.21E-01,8.38E-01,8.64E-01,9.62E-01,1.14E+00,1.11E+00,1.11E+00,1.16E+00,1.15E+00,1.00E+00,9.88E-01,9.41E-01,1.10E+00,1.14E+00,1.18E+00,1.19E+00,1.21E+00,1.18E+00,1.04E+00,1.05E+00,1.39E+00,1.30E+00,9.74E-01,1.02E+00,1.12E+00,1.12E+00,9.72E-01,9.96E-01,1.00E+00,1.18E+00,8.81E-01,1.07E+00,1.26E+00,1.20E+00,1.14E+00,9.91E-01,9.69E-01,1.04E+00,1.15E+00,1.18E+00
098_S_0172,9.73E-01,6.70E-01,9.96E-01,8.22E-01,8.81E-01,1.03E+00,1.05E+00,1.11E+00,9.23E-01,1.06E+00,9.41E-01,1.06E+00,9.14E-01,8.92E-01,9.57E-01,9.02E-01,9.47E-01,1.01E+00,9.40E-01,9.32E-01,9.35E-01,1.12E+00,9.55E-01,1.01E+00,1.05E+00,1.01E+00,1.01E+00,9.83E-01,1.04E+00,1.01E+00,1.08E+00,1.07E+00,1.10E+00,9.67E-01,9.96E-01,9.52E-01,1.04E+00,9.90E-01,1.05E+00,1.04E+00,1.01E+00,9.82E-01,1.04E+00,9.46E-01,9.62E-01,1.01E+00,1.09E+00,1.17E+00,1.06E+00,9.48E-01,1.08E+00,1.05E+00,9.14E-01,9.70E-01,8.84E-01,8.02E-01,1.15E+00,1.20E+00,1.01E+00,1.00E+00,1.11E+00,1.16E+00,1.07E+00,9.97E-01,1.15E+00,9.65E-01,1.15E+00,1.14E+00,1.16E+00,1.14E+00,1.19E+00,1.32E+00,1.18E+00,9.17E-01,1.25E+00,1.15E+00,1.18E+00,1.08E+00,1.20E+00,1.03E+00,1.17E+00,1.02E+00,9.78E-01,1.12E+00,1.07E+00,1.16E+00,1.17E+00,1.14E+00,1.16E+00,1.08E+00,1.16E+00,1.05E+00,1.14E+00,1.14E+00,1.13E+00,1.23E+00,1.10E+00,1.01E+00,1.10E+00,1.06E+00,1.30E+00,1.16E+00,1.24E+00,1.21E+00,1.22E+00,1.28E+00,1.23E+00,1.05E+00,1.42E+00,1.21E+00,1.41E+00,1.16E+00,1.14E+00,1.14E+00,1.10E+00,1.10E+00,1.09E+00,1.08E+00,1.08E+00,1.03E+00,1.05E+00,1.08E+00,1.05E+00,1.18E+00,1.17E+00,9.18E-01,1.08E+00,1.16E+00,1.08E+00,1.18E+00,1.07E+00,1.17E+00,1.09E+00,1.23E+00,1.08E+00,1.20E+00,1.09E+00,1.03E+00,1.00E+00,1.08E+00,1.09E+00,1.16E+00,1.14E+00,1.02E+00,1.09E+00,1.14E+00,1.03E+00,1.09E+00,1.25E+00,9.96E-01,1.20E+00,1.22E+00,1.26E+00,1.08E+00,1.06E+00,1.08E+00,1.12E+00,1.14E+00,1.12E+00,1.23E+00,9.21E-01,1.02E+00,9.13E-01,1.06E+00,1.31E+00,1.07E+00,1.14E+00,1.17E+00,1.13E+00,1.06E+00,1.15E+00,1.20E+00,1.33E+00,1.24E+00,1.28E+00,1.21E+00,1.22E+00,1.29E+00,9.13E-01,1.13E+00,1.51E+00,1.38E+00,1.14E+00,1.22E+00,1.19E+00,1.37E+00,1.06E+00,1.05E+00,1.06E+00,1.29E+00,9.86E-01,1.11E+00,1.24E+00,1.29E+00,1.15E+00,1.02E+00,1.03E+00,9.59E-01,1.22E+00,1.05E+00
098_S_0896,1.02E+00,7.05E-01,1.06E+00,8.67E-01,9.48E-01,1.14E+00,1.09E+00,1.16E+00,9.75E-01,1.09E+00,9.85E-01,1.15E+00,9.56E-01,9.15E-01,9.99E-01,9.72E-01,9.81E-01,1.04E+00,1.03E+00,1.00E+00,8.21E-01,1.07E+00,9.91E-01,1.08E+00,1.08E+00,1.07E+00,1.08E+00,1.07E+00,1.08E+00,1.11E+00,1.17E+00,1.08E+00,1.07E+00,1.05E+00,9.37E-01,9.75E-01,1.05E+00,1.04E+00,1.07E+00,1.11E+00,1.06E+00,1.00E+00,1.07E+00,9.43E-01,9.67E-01,1.08E+00,1.13E+00,1.20E+00,1.07E+00,9.14E-01,1.08E+00,1.05E+00,8.67E-01,9.99E-01,7.64E-01,7.94E-01,1.19E+00,1.09E+00,1.01E+00,1.01E+00,1.00E+00,1.21E+00,1.21E+00,1.08E+00,1.15E+00,9.75E-01,1.16E+00,1.12E+00,1.09E+00,1.20E+00,1.23E+00,1.21E+00,1.17E+00,8.66E-01,1.21E+00,1.10E+00,1.19E+00,1.11E+00,1.19E+00,1.03E+00,1.11E+00,9.75E-01,9.21E-01,1.13E+00,1.07E+00,1.16E+00,1.16E+00,1.13E+00,1.11E+00,1.11E+00,1.10E+00,1.05E+00,1.15E+00,1.12E+00,1.19E+00,1.26E+00,1.15E+00,1.03E+00,1.20E+00,1.13E+00,1.36E+00,1.32E+00,1.38E+00,1.38E+00,1.34E+00,1.38E+00,1.32E+00,1.06E+00,1.58E+00,1.24E+00,1.45E+00,1.14E+00,1.15E+00,1.16E+00,1.15E+00,1.11E+00,1.09E+00,1.13E+00,1.13E+00,1.11E+00,1.13E+00,1.04E+00,1.13E+00,1.13E+00,1.24E+00,9.41E-01,1.15E+00,1.18E+00,1.16E+00,1.22E+00,1.14E+00,1.21E+00,1.18E+00,1.16E+00,1.12E+00,1.16E+00,1.14E+00,1.04E+00,1.17E+00,1.15E+00,1.11E+00,1.15E+00,1.25E+00,1.10E+00,1.12E+00,1.20E+00,1.05E+00,1.09E+00,1.13E+00,1.12E+00,1.13E+00,1.29E+00,1.24E+00,1.15E+00,1.07E+00,9.34E-01,1.15E+00,1.15E+00,1.07E+00,1.14E+00,8.84E-01,1.07E+00,9.56E-01,1.09E+00,1.18E+00,1.16E+00,1.13E+00,1.22E+00,1.23E+00,1.04E+00,1.14E+00,1.20E+00,1.20E+00,1.13E+00,1.25E+00,1.17E+00,1.25E+00,1.25E+00,9.57E-01,1.14E+00,1.34E+00,1.31E+00,1.06E+00,1.20E+00,1.14E+00,1.29E+00,9.96E-01,9.85E-01,1.01E+00,1.24E+00,9.43E-01,1.13E+00,1.23E+00,1.27E+00,1.11E+00,1.02E+00,9.74E-01,1.16E+00,1.34E+00,1.20E+00
098_S_4003,9.52E-01,6.91E-01,9.96E-01,8.61E-01,9.05E-01,1.03E+00,1.03E+00,1.04E+00,9.37E-01,1.06E+00,9.79E-01,1.07E+00,9.38E-01,9.33E-01,1.01E+00,9.77E-01,9.75E-01,1.01E+00,9.93E-01,9.65E-01,1.02E+00,1.14E+00,1.02E+00,1.08E+00,1.05E+00,1.03E+00,1.08E+00,1.06E+00,1.04E+00,1.06E+00,1.09E+00,1.09E+00,1.04E+00,9.97E-01,1.03E+00,9.81E-01,1.03E+00,9.96E-01,1.06E+00,1.06E+00,1.04E+00,1.02E+00,1.10E+00,9.76E-01,9.98E-01,1.03E+00,1.11E+00,1.17E+00,1.09E+00,9.74E-01,1.11E+00,1.06E+00,9.96E-01,1.02E+00,9.06E-01,8.87E-01,1.13E+00,1.11E+00,1.09E+00,1.07E+00,1.13E+00,1.19E+00,1.20E+00,1.09E+00,1.18E+00,9.92E-01,1.14E+00,1.13E+00,1.15E+00,1.19E+00,1.19E+00,1.20E+00,1.15E+00,8.72E-01,1.16E+00,1.16E+00,1.12E+00,1.11E+00,1.21E+00,1.06E+00,1.16E+00,1.02E+00,1.01E+00,1.13E+00,1.08E+00,1.14E+00,1.17E+00,1.17E+00,1.17E+00,1.19E+00,1.21E+00,1.14E+00,1.20E+00,1.20E+00,1.22E+00,1.18E+00,1.10E+00,1.02E+00,1.18E+00,1.08E+00,1.20E+00,1.15E+00,1.16E+00,1.19E+00,1.24E+00,1.26E+00,1.04E+00,1.01E+00,1.38E+00,1.18E+00,1.34E+00,1.16E+00,1.18E+00,1.16E+00,1.22E+00,1.12E+00,1.11E+00,1.13E+00,1.13E+00,1.10E+00,1.11E+00,1.14E+00,1.13E+00,1.25E+00,1.20E+00,9.82E-01,1.09E+00,1.17E+00,1.11E+00,1.21E+00,1.06E+00,1.17E+00,1.12E+00,1.24E+00,1.07E+00,1.13E+00,1.14E+00,1.04E+00,1.19E+00,1.10E+00,1.11E+00,1.17E+00,1.18E+00,1.08E+00,1.17E+00,1.16E+00,1.14E+00,1.15E+00,1.23E+00,1.14E+00,1.21E+00,1.27E+00,1.28E+00,1.11E+00,1.07E+00,1.13E+00,1.15E+00,1.18E+00,1.10E+00,1.21E+00,9.49E-01,1.10E+00,1.01E+00,1.09E+00,1.18E+00,1.14E+00,1.19E+00,1.19E+00,1.26E+00,1.10E+00,1.16E+00,1.19E+00,1.30E+00,1.24E+00,1.31E+00,1.30E+00,1.27E+00,1.30E+00,1.20E+00,1.27E+00,1.41E+00,1.42E+00,1.04E+00,1.26E+00,1.26E+00,1.36E+00,1.07E+00,1.10E+00,1.13E+00,1.28E+00,9.81E-01,1.23E+00,1.32E+00,1.23E+00,1.10E+00,1.01E+00,1.13E+00,1.04E+00,1.18E+00,1.29E+00
098_S_4018,1.01E+00,6.94E-01,1.04E+00,8.34E-01,8.99E-01,1.02E+00,1.04E+00,1.02E+00,9.31E-01,1.14E+00,9.09E-01,1.06E+00,9.17E-01,8.93E-01,9.08E-01,7.68E-01,9.05E-01,9.68E-01,9.13E-01,9.21E-01,1.07E+00,1.10E+00,1.01E+00,1.08E+00,1.10E+00,1.05E+00,1.08E+00,9.98E-01,1.02E+00,1.05E+00,1.11E+00,1.07E+00,1.05E+00,1.01E+00,1.03E+00,9.31E-01,9.78E-01,1.01E+00,1.04E+00,1.13E+00,1.07E+00,9.97E-01,1.16E+00,9.36E-01,9.78E-01,1.04E+00,1.15E+00,1.23E+00,1.15E+00,9.89E-01,1.09E+00,1.08E+00,9.71E-01,1.00E+00,8.75E-01,9.09E-01,1.19E+00,1.13E+00,1.04E+00,1.01E+00,1.06E+00,1.25E+00,1.17E+00,1.09E+00,1.22E+00,1.00E+00,1.20E+00,1.19E+00,1.21E+00,1.23E+00,1.25E+00,1.22E+00,1.22E+00,9.05E-01,1.26E+00,1.17E+00,1.19E+00,1.11E+00,1.27E+00,1.08E+00,1.21E+00,1.06E+00,1.01E+00,1.13E+00,1.09E+00,1.13E+00,1.18E+00,1.21E+00,1.14E+00,1.16E+00,1.14E+00,1.16E+00,1.28E+00,1.23E+00,1.22E+00,1.18E+00,1.17E+00,1.04E+00,1.12E+00,1.06E+00,1.27E+00,1.19E+00,1.24E+00,1.32E+00,1.27E+00,1.28E+00,1.23E+00,1.07E+00,1.34E+00,1.36E+00,1.34E+00,1.10E+00,1.03E+00,1.02E+00,9.89E-01,1.06E+00,9.94E-01,9.39E-01,1.01E+00,1.01E+00,8.15E-01,9.18E-01,9.72E-01,1.27E+00,1.15E+00,9.48E-01,1.11E+00,1.10E+00,1.11E+00,1.15E+00,1.12E+00,1.17E+00,1.14E+00,1.21E+00,1.07E+00,1.19E+00,1.14E+00,1.03E+00,1.04E+00,1.06E+00,1.05E+00,1.22E+00,1.22E+00,1.09E+00,1.20E+00,1.22E+00,1.06E+00,1.13E+00,1.20E+00,8.15E-01,1.27E+00,1.35E+00,1.31E+00,1.15E+00,1.14E+00,1.20E+00,1.15E+00,1.16E+00,1.15E+00,1.26E+00,9.14E-01,1.06E+00,9.10E-01,1.08E+00,1.29E+00,1.02E+00,1.17E+00,1.24E+00,1.29E+00,1.08E+00,1.17E+00,1.26E+00,1.32E+00,1.14E+00,1.32E+00,1.31E+00,1.31E+00,1.33E+00,1.01E+00,1.12E+00,1.40E+00,1.33E+00,1.10E+00,1.27E+00,1.29E+00,1.44E+00,1.13E+00,1.08E+00,1.17E+00,1.21E+00,9.79E-01,1.20E+00,1.32E+00,1.27E+00,1.21E+00,1.01E+00,1.13E+00,1.04E+00,1.27E+00,1.21E+00
098_S_4050,9.52E-01,6.70E-01,1.10E+00,8.47E-01,9.13E-01,1.11E+00,1.04E+00,1.10E+00,9.62E-01,1.15E+00,1.07E+00,1.19E+00,9.43E-01,9.71E-01,1.04E+00,1.03E+00,1.01E+00,1.02E+00,1.02E+00,9.64E-01,9.75E-01,1.16E+00,1.02E+00,1.13E+00,1.10E+00,1.08E+00,1.08E+00,1.04E+00,1.05E+00,1.09E+00,1.11E+00,1.06E+00,1.12E+00,1.09E+00,1.11E+00,1.04E+00,1.05E+00,1.06E+00,1.16E+00,1.10E+00,1.04E+00,9.85E-01,1.15E+00,9.75E-01,9.68E-01,1.07E+00,1.13E+00,1.18E+00,1.05E+00,9.64E-01,1.06E+00,1.06E+00,9.20E-01,1.02E+00,8.48E-01,8.45E-01,1.17E+00,1.25E+00,1.09E+00,1.05E+00,1.14E+00,1.24E+00,1.20E+00,1.08E+00,1.24E+00,9.63E-01,1.18E+00,1.16E+00,1.22E+00,1.22E+00,1.22E+00,1.31E+00,1.29E+00,8.77E-01,1.29E+00,1.19E+00,1.22E+00,1.12E+00,1.27E+00,1.03E+00,1.17E+00,9.95E-01,9.54E-01,1.09E+00,1.04E+00,1.16E+00,1.20E+00,1.16E+00,1.15E+00,1.14E+00,1.18E+00,1.01E+00,1.20E+00,1.09E+00,1.15E+00,1.31E+00,1.17E+00,9.73E-01,1.17E+00,1.16E+00,1.13E+00,1.20E+00,1.32E+00,1.35E+00,1.32E+00,1.43E+00,1.01E+00,1.04E+00,1.67E+00,1.29E+00,1.58E+00,1.28E+00,1.19E+00,1.12E+00,1.18E+00,1.17E+00,1.08E+00,1.10E+00,1.14E+00,1.09E+00,1.08E+00,1.01E+00,1.12E+00,1.22E+00,1.19E+00,9.45E-01,1.10E+00,1.16E+00,1.16E+00,1.25E+00,1.05E+00,1.23E+00,1.21E+00,1.20E+00,1.07E+00,1.20E+00,1.17E+00,1.03E+00,1.24E+00,1.16E+00,1.15E+00,1.18E+00,1.20E+00,1.13E+00,1.23E+00,1.16E+00,9.52E-01,1.16E+00,1.29E+00,9.56E-01,1.18E+00,1.31E+00,1.25E+00,1.09E+00,1.07E+00,9.94E-01,1.12E+00,1.02E+00,1.07E+00,1.21E+00,7.56E-01,9.57E-01,8.50E-01,1.04E+00,1.30E+00,1.20E+00,1.16E+00,1.17E+00,1.21E+00,1.00E+00,1.12E+00,1.21E+00,1.38E+00,1.21E+00,1.30E+00,1.27E+00,1.25E+00,1.30E+00,8.92E-01,1.12E+00,1.47E+00,1.53E+00,1.08E+00,1.27E+00,1.24E+00,1.39E+00,1.02E+00,1.01E+00,9.49E-01,1.17E+00,7.41E-01,1.13E+00,1.24E+00,1.40E+00,1.11E+00,9.90E-01,1.09E+00,1.08E+00,1.28E+00,1.28E+00
098_S_4201,1.03E+00,6.99E-01,1.11E+00,8.60E-01,9.34E-01,1.11E+00,1.11E+00,1.19E+00,9.72E-01,1.17E+00,9.93E-01,1.20E+00,9.48E-01,9.56E-01,9.84E-01,1.02E+00,1.01E+00,1.06E+00,1.03E+00,9.84E-01,1.04E+00,1.15E+00,1.01E+00,1.15E+00,1.03E+00,1.06E+00,1.16E+00,1.08E+00,1.08E+00,1.09E+00,1.09E+00,1.11E+00,1.07E+00,1.07E+00,1.01E+00,1.00E+00,9.84E-01,1.05E+00,1.07E+00,1.09E+00,1.15E+00,1.02E+00,1.13E+00,9.61E-01,9.76E-01,1.04E+00,1.04E+00,1.10E+00,1.06E+00,9.73E-01,1.09E+00,1.02E+00,9.46E-01,9.58E-01,8.50E-01,8.98E-01,1.09E+00,1.10E+00,1.04E+00,1.01E+00,1.08E+00,1.21E+00,1.09E+00,1.05E+00,1.21E+00,9.61E-01,9.89E-01,1.01E+00,1.12E+00,1.19E+00,1.17E+00,1.22E+00,1.07E+00,8.79E-01,9.35E-01,1.08E+00,1.06E+00,1.02E+00,1.03E+00,9.97E-01,1.12E+00,9.70E-01,9.15E-01,9.46E-01,9.72E-01,9.75E-01,1.00E+00,1.06E+00,1.07E+00,1.09E+00,1.16E+00,1.15E+00,1.13E+00,1.14E+00,1.17E+00,1.09E+00,1.10E+00,9.98E-01,1.04E+00,9.52E-01,1.36E+00,1.13E+00,1.44E+00,1.28E+00,1.23E+00,1.39E+00,1.36E+00,1.17E+00,1.80E+00,1.33E+00,1.59E+00,1.21E+00,1.21E+00,1.11E+00,1.22E+00,1.06E+00,1.10E+00,1.10E+00,1.15E+00,1.12E+00,1.10E+00,1.15E+00,1.16E+00,1.22E+00,1.11E+00,9.18E-01,1.06E+00,1.16E+00,1.14E+00,1.26E+00,1.06E+00,9.59E-01,1.11E+00,9.26E-01,9.38E-01,9.86E-01,1.23E+00,9.87E-01,1.02E+00,1.01E+00,1.11E+00,1.08E+00,1.13E+00,1.21E+00,1.26E+00,1.20E+00,1.15E+00,1.04E+00,1.04E+00,1.22E+00,9.97E-01,1.14E+00,1.10E+00,1.09E+00,1.01E+00,1.01E+00,1.05E+00,1.12E+00,9.76E-01,1.04E+00,7.92E-01,8.54E-01,8.73E-01,1.08E+00,1.10E+00,1.07E+00,1.09E+00,1.13E+00,1.09E+00,9.59E-01,9.18E-01,9.14E-01,9.73E-01,1.07E+00,1.05E+00,1.09E+00,1.11E+00,1.13E+00,1.02E+00,9.86E-01,1.18E+00,1.03E+00,9.71E-01,8.55E-01,9.84E-01,1.09E+00,9.27E-01,9.71E-01,9.10E-01,1.07E+00,8.03E-01,1.00E+00,1.20E+00,9.69E-01,1.10E+00,1.00E+00,1.12E+00,1.08E+00,9.58E-01,9.29E-01
098_S_4215,9.83E-01,6.71E-01,1.05E+00,8.33E-01,8.80E-01,1.05E+00,1.01E+00,1.05E+00,9.39E-01,1.09E+00,9.41E-01,1.09E+00,9.10E-01,9.24E-01,9.52E-01,9.79E-01,9.77E-01,1.04E+00,1.04E+00,1.00E+00,9.26E-01,1.12E+00,1.01E+00,1.13E+00,1.06E+00,1.09E+00,1.09E+00,1.04E+00,1.10E+00,1.06E+00,1.06E+00,1.01E+00,1.12E+00,9.95E-01,1.05E+00,1.01E+00,9.92E-01,1.02E+00,1.17E+00,1.11E+00,1.16E+00,1.00E+00,1.12E+00,9.36E-01,1.01E+00,1.05E+00,1.04E+00,1.21E+00,1.03E+00,9.54E-01,1.11E+00,1.05E+00,9.01E-01,9.24E-01,8.12E-01,8.66E-01,1.15E+00,1.14E+00,1.04E+00,9.92E-01,1.14E+00,1.25E+00,1.21E+00,1.15E+00,1.21E+00,1.00E+00,1.10E+00,1.13E+00,1.25E+00,1.21E+00,1.22E+00,1.23E+00,1.18E+00,8.84E-01,1.19E+00,1.21E+00,1.11E+00,1.08E+00,1.14E+00,1.05E+00,1.20E+00,9.85E-01,9.30E-01,1.02E+00,9.65E-01,1.12E+00,1.13E+00,1.18E+00,1.21E+00,1.18E+00,1.23E+00,1.14E+00,1.21E+00,1.20E+00,1.25E+00,1.18E+00,1.07E+00,9.56E-01,1.16E+00,1.07E+00,1.25E+00,1.14E+00,1.30E+00,1.25E+00,1.22E+00,1.33E+00,1.14E+00,1.06E+00,1.55E+00,1.26E+00,1.35E+00,1.17E+00,1.09E+00,1.22E+00,1.29E+00,1.11E+00,1.05E+00,1.17E+00,1.18E+00,1.18E+00,1.23E+00,1.18E+00,1.15E+00,1.16E+00,1.24E+00,9.49E-01,1.11E+00,1.24E+00,1.17E+00,1.21E+00,1.08E+00,1.17E+00,1.21E+00,1.30E+00,1.12E+00,1.15E+00,1.23E+00,1.02E+00,1.30E+00,1.19E+00,1.14E+00,1.15E+00,1.31E+00,1.16E+00,1.24E+00,1.18E+00,1.14E+00,1.12E+00,1.26E+00,1.31E+00,1.13E+00,1.32E+00,1.26E+00,1.05E+00,9.72E-01,1.02E+00,1.14E+00,1.22E+00,1.07E+00,1.24E+00,8.64E-01,9.87E-01,8.99E-01,1.08E+00,1.17E+00,1.10E+00,1.18E+00,1.18E+00,1.24E+00,1.04E+00,1.06E+00,1.11E+00,1.21E+00,1.16E+00,1.36E+00,1.37E+00,1.29E+00,1.27E+00,1.22E+00,1.23E+00,1.36E+00,1.48E+00,1.07E+00,1.19E+00,1.31E+00,1.26E+00,9.42E-01,9.59E-01,9.89E-01,1.19E+00,8.61E-01,1.21E+00,1.32E+00,1.21E+00,1.04E+00,9.52E-01,9.59E-01,1.06E+00,1.18E+00,1.16E+00
098_S_4275,9.88E-01,6.97E-01,1.02E+00,8.86E-01,9.41E-01,1.09E+00,1.06E+00,1.09E+00,9.77E-01,1.07E+00,9.90E-01,1.09E+00,9.43E-01,9.38E-01,9.86E-01,9.54E-01,9.78E-01,1.02E+00,1.02E+00,9.94E-01,9.85E-01,1.11E+00,9.81E-01,1.07E+00,1.08E+00,1.02E+00,1.04E+00,1.05E+00,1.09E+00,1.11E+00,1.10E+00,1.03E+00,1.14E+00,1.10E+00,1.05E+00,9.83E-01,1.04E+00,1.08E+00,1.10E+00,1.07E+00,1.09E+00,9.96E-01,1.07E+00,9.66E-01,1.00E+00,1.04E+00,1.11E+00,1.16E+00,1.07E+00,9.77E-01,1.04E+00,1.06E+00,9.74E-01,1.02E+00,9.04E-01,8.76E-01,1.19E+00,1.19E+00,1.09E+00,1.08E+00,1.15E+00,1.20E+00,1.20E+00,1.11E+00,1.21E+00,9.87E-01,1.17E+00,1.15E+00,1.20E+00,1.16E+00,1.18E+00,1.26E+00,1.25E+00,8.83E-01,1.24E+00,1.12E+00,1.13E+00,1.09E+00,1.18E+00,1.04E+00,1.16E+00,1.02E+00,9.77E-01,1.13E+00,1.04E+00,1.13E+00,1.15E+00,1.12E+00,1.14E+00,1.12E+00,1.15E+00,1.06E+00,1.17E+00,1.17E+00,1.25E+00,1.23E+00,1.15E+00,1.06E+00,1.13E+00,1.12E+00,1.27E+00,1.22E+00,1.26E+00,1.29E+00,1.25E+00,1.33E+00,1.14E+00,1.14E+00,1.49E+00,1.15E+00,1.36E+00,1.21E+00,1.12E+00,1.12E+00,1.19E+00,1.14E+00,1.07E+00,1.10E+00,1.05E+00,1.13E+00,1.17E+00,1.15E+00,1.17E+00,1.11E+00,1.15E+00,9.34E-01,1.05E+00,1.12E+00,1.11E+00,1.13E+00,1.13E+00,1.18E+00,1.16E+00,1.28E+00,1.16E+00,1.20E+00,1.15E+00,1.04E+00,1.29E+00,1.20E+00,1.16E+00,1.16E+00,1.20E+00,1.16E+00,1.23E+00,1.15E+00,1.11E+00,1.14E+00,1.33E+00,1.13E+00,1.16E+00,1.30E+00,1.18E+00,1.08E+00,1.07E+00,1.08E+00,1.13E+00,1.14E+00,1.12E+00,1.26E+00,8.65E-01,1.05E+00,9.51E-01,1.12E+00,1.23E+00,1.13E+00,1.15E+00,1.23E+00,1.20E+00,1.09E+00,1.15E+00,1.23E+00,1.30E+00,1.20E+00,1.30E+00,1.26E+00,1.18E+00,1.21E+00,1.12E+00,1.13E+00,1.39E+00,1.51E+00,1.09E+00,1.22E+00,1.17E+00,1.39E+00,1.04E+00,1.04E+00,1.09E+00,1.26E+00,9.10E-01,1.12E+00,1.29E+00,1.27E+00,1.15E+00,1.03E+00,9.95E-01,1.01E+00,1.17E+00,1.26E+00
099_S_0352,1.02E+00,7.39E-01,1.02E+00,8.72E-01,9.04E-01,1.05E+00,1.05E+00,1.09E+00,9.52E-01,1.11E+00,9.79E-01,1.08E+00,9.37E-01,9.55E-01,9.93E-01,9.71E-01,9.96E-01,1.03E+00,1.02E+00,9.68E-01,8.81E-01,1.03E+00,9.81E-01,1.02E+00,1.04E+00,1.00E+00,1.02E+00,1.01E+00,1.11E+00,1.07E+00,1.07E+00,1.10E+00,1.10E+00,1.07E+00,1.05E+00,1.03E+00,1.05E+00,1.04E+00,1.09E+00,1.03E+00,1.10E+00,9.96E-01,1.05E+00,9.56E-01,9.61E-01,1.06E+00,1.08E+00,1.10E+00,1.06E+00,8.37E-01,9.84E-01,1.01E+00,9.56E-01,9.98E-01,8.70E-01,8.19E-01,1.13E+00,1.22E+00,1.11E+00,1.07E+00,1.15E+00,1.15E+00,1.12E+00,1.06E+00,1.17E+00,9.41E-01,1.13E+00,1.12E+00,1.17E+00,1.12E+00,1.09E+00,1.21E+00,1.23E+00,8.83E-01,1.15E+00,1.15E+00,1.18E+00,1.11E+00,1.20E+00,9.59E-01,1.06E+00,8.63E-01,8.93E-01,1.06E+00,9.76E-01,1.10E+00,1.11E+00,1.01E+00,1.08E+00,1.16E+00,1.21E+00,1.03E+00,1.14E+00,1.12E+00,1.16E+00,1.15E+00,1.10E+00,1.01E+00,1.12E+00,1.08E+00,1.28E+00,1.18E+00,1.19E+00,1.21E+00,1.17E+00,1.29E+00,1.09E+00,1.06E+00,1.37E+00,1.20E+00,1.34E+00,1.18E+00,1.13E+00,1.14E+00,1.25E+00,1.09E+00,1.14E+00,1.10E+00,1.14E+00,1.11E+00,1.15E+00,1.18E+00,1.09E+00,1.15E+00,1.17E+00,9.78E-01,1.07E+00,1.12E+00,1.13E+00,1.16E+00,1.17E+00,1.15E+00,1.14E+00,1.28E+00,1.13E+00,1.24E+00,1.16E+00,1.05E+00,1.30E+00,1.14E+00,1.14E+00,1.13E+00,1.21E+00,1.17E+00,1.19E+00,1.19E+00,1.02E+00,1.15E+00,1.25E+00,1.18E+00,1.12E+00,1.24E+00,1.16E+00,1.17E+00,1.06E+00,8.66E-01,1.07E+00,1.12E+00,8.84E-01,1.12E+00,8.72E-01,1.07E+00,9.30E-01,1.11E+00,1.27E+00,1.14E+00,1.17E+00,1.21E+00,1.23E+00,9.87E-01,1.12E+00,1.20E+00,1.27E+00,1.18E+00,1.24E+00,1.33E+00,1.25E+00,1.18E+00,1.03E+00,1.17E+00,1.39E+00,1.46E+00,1.05E+00,1.20E+00,1.18E+00,1.36E+00,8.32E-01,8.67E-01,9.12E-01,1.18E+00,8.81E-01,1.10E+00,1.29E+00,1.23E+00,1.12E+00,1.03E+00,9.39E-01,1.07E+00,1.15E+00,1.19E+00
099_S_0470,9.63E-01,7.12E-01,9.64E-01,8.31E-01,8.79E-01,1.00E+00,1.05E+00,1.07E+00,9.36E-01,9.99E-01,9.85E-01,1.05E+00,9.20E-01,9.33E-01,9.80E-01,9.54E-01,9.66E-01,1.01E+00,1.00E+00,9.16E-01,1.00E+00,1.13E+00,9.81E-01,1.06E+00,1.09E+00,1.07E+00,1.05E+00,9.99E-01,1.03E+00,1.05E+00,1.03E+00,1.01E+00,1.06E+00,1.04E+00,1.05E+00,9.99E-01,1.05E+00,1.02E+00,1.09E+00,1.10E+00,1.15E+00,1.01E+00,1.07E+00,9.60E-01,9.84E-01,1.04E+00,1.08E+00,1.14E+00,1.08E+00,9.42E-01,1.03E+00,1.04E+00,8.31E-01,9.31E-01,7.71E-01,8.51E-01,1.12E+00,1.14E+00,1.06E+00,1.02E+00,1.08E+00,1.16E+00,1.12E+00,1.07E+00,1.17E+00,9.68E-01,1.13E+00,1.10E+00,1.11E+00,1.10E+00,1.15E+00,1.23E+00,1.21E+00,8.80E-01,1.13E+00,1.11E+00,1.11E+00,1.05E+00,1.15E+00,1.02E+00,1.09E+00,9.80E-01,8.89E-01,1.03E+00,1.03E+00,1.10E+00,1.13E+00,1.09E+00,1.10E+00,1.13E+00,1.11E+00,1.11E+00,1.10E+00,1.08E+00,1.16E+00,1.15E+00,1.07E+00,9.90E-01,1.16E+00,1.09E+00,1.19E+00,1.18E+00,1.10E+00,1.13E+00,1.19E+00,1.19E+00,1.07E+00,1.04E+00,1.31E+00,1.19E+00,1.36E+00,1.10E+00,1.16E+00,1.09E+00,1.20E+00,1.12E+00,1.07E+00,1.04E+00,1.09E+00,1.02E+00,1.14E+00,1.12E+00,1.06E+00,1.20E+00,1.21E+00,9.41E-01,1.07E+00,1.14E+00,1.13E+00,1.20E+00,1.10E+00,1.14E+00,1.13E+00,1.21E+00,1.13E+00,1.15E+00,1.18E+00,9.56E-01,1.19E+00,1.13E+00,1.09E+00,1.21E+00,1.18E+00,1.23E+00,1.23E+00,1.21E+00,1.01E+00,1.10E+00,1.19E+00,1.04E+00,1.18E+00,1.25E+00,1.23E+00,1.21E+00,1.06E+00,9.31E-01,1.09E+00,1.18E+00,1.05E+00,1.14E+00,7.11E-01,9.36E-01,8.34E-01,1.07E+00,1.20E+00,1.15E+00,1.07E+00,1.17E+00,1.19E+00,1.03E+00,1.08E+00,1.15E+00,1.23E+00,1.21E+00,1.21E+00,1.23E+00,1.17E+00,1.21E+00,8.78E-01,1.09E+00,1.32E+00,1.39E+00,1.06E+00,1.21E+00,1.17E+00,1.30E+00,9.52E-01,9.69E-01,9.70E-01,1.23E+00,8.09E-01,1.11E+00,1.25E+00,1.21E+00,1.10E+00,1.02E+00,1.04E+00,1.09E+00,1.25E+00,1.32E+00
099_S_0492,9.36E-01,7.33E-01,9.78E-01,8.48E-01,8.71E-01,9.72E-01,1.01E+00,1.04E+00,9.30E-01,1.04E+00,9.55E-01,1.05E+00,9.49E-01,9.09E-01,9.91E-01,9.86E-01,1.01E+00,1.05E+00,1.08E+00,1.01E+00,9.58E-01,1.08E+00,9.71E-01,1.07E+00,1.06E+00,1.04E+00,1.04E+00,9.90E-01,9.87E-01,9.73E-01,9.88E-01,1.01E+00,1.01E+00,9.86E-01,9.79E-01,9.85E-01,1.05E+00,1.04E+00,1.08E+00,1.02E+00,1.16E+00,1.00E+00,1.08E+00,9.30E-01,9.88E-01,1.09E+00,1.04E+00,1.15E+00,1.06E+00,9.49E-01,1.02E+00,1.05E+00,8.26E-01,8.87E-01,7.92E-01,9.10E-01,1.04E+00,1.07E+00,1.00E+00,9.97E-01,1.16E+00,1.14E+00,1.14E+00,1.07E+00,1.16E+00,9.56E-01,1.02E+00,1.05E+00,1.16E+00,1.11E+00,1.14E+00,1.10E+00,1.19E+00,8.88E-01,1.06E+00,1.13E+00,1.04E+00,1.04E+00,1.09E+00,1.03E+00,1.15E+00,9.90E-01,8.85E-01,9.85E-01,1.02E+00,1.06E+00,1.06E+00,1.17E+00,1.18E+00,1.17E+00,1.25E+00,1.18E+00,1.13E+00,1.17E+00,1.19E+00,1.07E+00,1.04E+00,9.25E-01,1.10E+00,1.06E+00,1.17E+00,1.16E+00,1.08E+00,1.16E+00,1.16E+00,1.18E+00,1.10E+00,1.02E+00,1.28E+00,1.13E+00,1.28E+00,1.18E+00,1.10E+00,1.08E+00,1.34E+00,1.12E+00,1.13E+00,1.13E+00,1.16E+00,1.19E+00,1.22E+00,1.29E+00,1.22E+00,1.14E+00,1.15E+00,9.54E-01,1.08E+00,1.16E+00,1.13E+00,1.17E+00,1.13E+00,1.14E+00,1.11E+00,1.09E+00,1.09E+00,1.15E+00,1.15E+00,1.03E+00,1.31E+00,1.18E+00,1.10E+00,1.12E+00,1.23E+00,1.26E+00,1.19E+00,1.20E+00,1.21E+00,1.16E+00,1.20E+00,1.38E+00,1.16E+00,1.23E+00,1.24E+00,1.21E+00,1.07E+00,1.17E+00,1.12E+00,1.20E+00,1.11E+00,1.19E+00,8.93E-01,9.78E-01,9.07E-01,1.08E+00,1.17E+00,1.11E+00,1.23E+00,1.17E+00,1.21E+00,1.05E+00,1.08E+00,1.13E+00,1.15E+00,1.17E+00,1.27E+00,1.29E+00,1.22E+00,1.26E+00,1.34E+00,1.23E+00,1.15E+00,1.29E+00,1.00E+00,1.12E+00,1.24E+00,1.21E+00,9.82E-01,1.03E+00,1.17E+00,1.17E+00,9.28E-01,1.23E+00,1.27E+00,1.15E+00,1.04E+00,9.76E-01,9.94E-01,1.09E+00,1.18E+00,1.19E+00
099_S_0533,9.63E-01,6.94E-01,1.01E+00,8.13E-01,8.68E-01,1.02E+00,1.08E+00,1.07E+00,9.44E-01,1.06E+00,9.65E-01,1.07E+00,9.19E-01,9.40E-01,1.03E+00,1.01E+00,1.01E+00,1.08E+00,1.08E+00,1.01E+00,9.56E-01,1.08E+00,9.64E-01,1.06E+00,1.07E+00,1.05E+00,1.05E+00,1.03E+00,1.02E+00,1.03E+00,1.05E+00,1.10E+00,1.12E+00,1.09E+00,1.06E+00,1.04E+00,1.08E+00,1.10E+00,1.12E+00,1.06E+00,1.12E+00,1.00E+00,1.07E+00,9.93E-01,1.01E+00,1.07E+00,1.10E+00,1.20E+00,1.10E+00,9.71E-01,1.08E+00,1.07E+00,9.31E-01,1.02E+00,9.26E-01,9.10E-01,1.17E+00,1.29E+00,1.07E+00,1.06E+00,1.22E+00,1.20E+00,1.15E+00,1.12E+00,1.23E+00,1.00E+00,1.16E+00,1.15E+00,1.22E+00,1.19E+00,1.22E+00,1.29E+00,1.29E+00,8.97E-01,1.25E+00,1.24E+00,1.21E+00,1.16E+00,1.24E+00,1.06E+00,1.16E+00,1.03E+00,9.89E-01,1.09E+00,1.04E+00,1.14E+00,1.16E+00,1.19E+00,1.22E+00,1.25E+00,1.26E+00,1.18E+00,1.26E+00,1.24E+00,1.21E+00,1.15E+00,1.10E+00,1.08E+00,1.19E+00,1.11E+00,1.25E+00,1.21E+00,1.15E+00,1.19E+00,1.19E+00,1.21E+00,1.06E+00,1.04E+00,1.39E+00,1.20E+00,1.41E+00,1.18E+00,1.17E+00,1.22E+00,1.38E+00,1.18E+00,1.19E+00,1.21E+00,1.22E+00,1.21E+00,1.22E+00,1.26E+00,1.20E+00,1.15E+00,1.18E+00,9.68E-01,1.11E+00,1.16E+00,1.16E+00,1.19E+00,1.11E+00,1.15E+00,1.18E+00,1.32E+00,1.22E+00,1.25E+00,1.21E+00,1.06E+00,1.39E+00,1.20E+00,1.14E+00,1.20E+00,1.24E+00,1.14E+00,1.15E+00,1.19E+00,1.29E+00,1.26E+00,1.41E+00,1.33E+00,1.21E+00,1.29E+00,1.25E+00,1.21E+00,1.11E+00,1.21E+00,1.16E+00,1.21E+00,1.17E+00,1.19E+00,9.00E-01,1.06E+00,9.60E-01,1.13E+00,1.31E+00,1.23E+00,1.23E+00,1.23E+00,1.24E+00,1.14E+00,1.17E+00,1.23E+00,1.38E+00,1.35E+00,1.37E+00,1.39E+00,1.31E+00,1.28E+00,1.34E+00,1.27E+00,1.59E+00,1.72E+00,1.18E+00,1.29E+00,1.34E+00,1.55E+00,1.05E+00,1.09E+00,1.15E+00,1.31E+00,9.39E-01,1.27E+00,1.33E+00,1.21E+00,1.18E+00,1.09E+00,1.03E+00,1.10E+00,1.21E+00,1.27E+00
099_S_0534,1.01E+00,6.88E-01,1.05E+00,8.23E-01,8.71E-01,1.03E+00,1.08E+00,1.09E+00,9.26E-01,1.08E+00,9.36E-01,1.03E+00,9.21E-01,8.64E-01,9.47E-01,9.32E-01,9.35E-01,9.46E-01,9.76E-01,9.38E-01,9.46E-01,1.15E+00,1.00E+00,1.07E+00,1.07E+00,1.04E+00,1.04E+00,1.01E+00,1.02E+00,1.03E+00,1.07E+00,1.06E+00,1.07E+00,1.04E+00,9.70E-01,9.77E-01,9.84E-01,9.76E-01,1.02E+00,1.06E+00,1.00E+00,9.78E-01,1.05E+00,9.09E-01,9.33E-01,1.03E+00,1.09E+00,1.21E+00,1.05E+00,9.13E-01,1.09E+00,1.06E+00,8.76E-01,9.69E-01,8.39E-01,8.46E-01,1.15E+00,1.24E+00,1.10E+00,1.07E+00,1.07E+00,1.23E+00,1.18E+00,1.04E+00,1.18E+00,9.08E-01,1.17E+00,1.14E+00,1.15E+00,1.15E+00,1.22E+00,1.22E+00,1.19E+00,8.82E-01,1.21E+00,1.16E+00,1.23E+00,1.15E+00,1.27E+00,1.07E+00,1.19E+00,1.00E+00,9.25E-01,1.05E+00,1.04E+00,1.12E+00,1.12E+00,1.15E+00,1.19E+00,1.16E+00,1.17E+00,1.09E+00,1.20E+00,1.19E+00,1.22E+00,1.16E+00,1.12E+00,1.01E+00,1.11E+00,1.07E+00,1.21E+00,1.22E+00,1.22E+00,1.22E+00,1.18E+00,1.23E+00,1.01E+00,1.00E+00,1.49E+00,1.24E+00,1.34E+00,1.13E+00,1.13E+00,1.13E+00,1.21E+00,1.11E+00,1.09E+00,1.09E+00,1.07E+00,1.10E+00,1.08E+00,1.09E+00,1.08E+00,1.27E+00,1.23E+00,9.84E-01,1.10E+00,1.19E+00,1.17E+00,1.20E+00,1.11E+00,1.18E+00,1.10E+00,1.24E+00,1.17E+00,1.18E+00,1.18E+00,1.03E+00,1.17E+00,1.07E+00,1.09E+00,1.18E+00,1.18E+00,1.09E+00,1.16E+00,1.21E+00,1.08E+00,1.15E+00,1.27E+00,1.16E+00,1.17E+00,1.33E+00,1.28E+00,1.19E+00,1.10E+00,1.14E+00,1.13E+00,1.17E+00,1.14E+00,1.21E+00,8.52E-01,1.02E+00,9.23E-01,1.07E+00,1.27E+00,1.16E+00,1.17E+00,1.24E+00,1.28E+00,9.90E-01,1.13E+00,1.22E+00,1.30E+00,1.31E+00,1.33E+00,1.31E+00,1.30E+00,1.32E+00,1.23E+00,1.20E+00,1.47E+00,1.48E+00,1.08E+00,1.24E+00,1.23E+00,1.44E+00,1.04E+00,1.00E+00,1.19E+00,1.28E+00,9.10E-01,1.14E+00,1.33E+00,1.22E+00,1.10E+00,1.02E+00,1.10E+00,1.05E+00,1.14E+00,1.21E+00
099_S_1144,9.38E-01,7.19E-01,1.02E+00,8.34E-01,8.49E-01,9.26E-01,9.92E-01,9.96E-01,9.25E-01,1.06E+00,9.43E-01,1.04E+00,9.40E-01,9.30E-01,9.95E-01,9.63E-01,9.73E-01,1.02E+00,1.02E+00,9.75E-01,1.01E+00,1.11E+00,9.80E-01,1.04E+00,1.01E+00,9.99E-01,1.04E+00,1.00E+00,1.03E+00,9.40E-01,9.46E-01,1.01E+00,1.04E+00,1.00E+00,1.03E+00,9.68E-01,9.97E-01,9.86E-01,1.09E+00,1.02E+00,1.14E+00,9.88E-01,1.06E+00,9.44E-01,1.01E+00,1.04E+00,1.02E+00,1.15E+00,1.04E+00,9.59E-01,1.04E+00,1.05E+00,8.55E-01,9.19E-01,8.16E-01,8.99E-01,1.02E+00,1.09E+00,1.03E+00,1.02E+00,1.09E+00,1.17E+00,1.19E+00,1.06E+00,1.16E+00,9.82E-01,1.05E+00,1.08E+00,1.16E+00,1.13E+00,1.18E+00,1.16E+00,1.16E+00,8.90E-01,1.09E+00,1.14E+00,1.11E+00,1.10E+00,1.17E+00,1.03E+00,1.13E+00,1.01E+00,8.86E-01,1.02E+00,9.76E-01,1.04E+00,1.06E+00,1.14E+00,1.13E+00,1.16E+00,1.19E+00,1.09E+00,1.15E+00,1.11E+00,1.17E+00,1.06E+00,1.06E+00,9.91E-01,1.05E+00,9.70E-01,1.20E+00,1.12E+00,1.24E+00,1.20E+00,1.11E+00,1.24E+00,1.12E+00,1.08E+00,1.42E+00,1.20E+00,1.33E+00,1.12E+00,1.12E+00,1.15E+00,1.24E+00,1.15E+00,1.10E+00,1.15E+00,1.12E+00,1.14E+00,1.15E+00,1.19E+00,1.17E+00,1.16E+00,1.16E+00,9.67E-01,1.07E+00,1.14E+00,1.13E+00,1.19E+00,1.09E+00,1.11E+00,1.10E+00,1.26E+00,1.14E+00,1.18E+00,1.18E+00,1.03E+00,1.25E+00,1.13E+00,1.07E+00,1.13E+00,1.23E+00,1.18E+00,1.19E+00,1.19E+00,1.12E+00,1.15E+00,1.23E+00,1.17E+00,1.11E+00,1.26E+00,1.25E+00,1.15E+00,1.07E+00,1.13E+00,1.14E+00,1.15E+00,1.11E+00,1.19E+00,8.67E-01,1.00E+00,9.12E-01,1.08E+00,1.22E+00,1.12E+00,1.20E+00,1.17E+00,1.27E+00,1.10E+00,1.09E+00,1.17E+00,1.20E+00,1.21E+00,1.30E+00,1.29E+00,1.24E+00,1.25E+00,1.11E+00,1.18E+00,1.33E+00,1.35E+00,1.10E+00,1.12E+00,1.21E+00,1.29E+00,1.03E+00,1.04E+00,1.13E+00,1.16E+00,9.16E-01,1.19E+00,1.29E+00,1.16E+00,1.10E+00,1.01E+00,1.05E+00,1.07E+00,1.09E+00,1.14E+00
099_S_4076,8.50E-01,6.52E-01,9.24E-01,8.10E-01,8.68E-01,9.85E-01,9.72E-01,9.35E-01,9.09E-01,1.00E+00,9.54E-01,1.08E+00,9.10E-01,8.59E-01,9.90E-01,9.09E-01,9.44E-01,9.81E-01,9.70E-01,9.47E-01,1.08E+00,1.23E+00,1.04E+00,1.10E+00,1.09E+00,1.05E+00,1.10E+00,1.05E+00,1.05E+00,1.04E+00,1.11E+00,1.13E+00,1.10E+00,1.05E+00,1.06E+00,1.00E+00,1.06E+00,1.02E+00,1.08E+00,1.13E+00,1.04E+00,1.02E+00,1.10E+00,9.33E-01,9.81E-01,1.04E+00,1.15E+00,1.20E+00,1.12E+00,9.66E-01,1.11E+00,1.11E+00,9.69E-01,1.01E+00,9.15E-01,8.89E-01,1.16E+00,1.13E+00,1.06E+00,1.03E+00,1.10E+00,1.28E+00,1.24E+00,1.11E+00,1.19E+00,9.94E-01,1.14E+00,1.16E+00,1.21E+00,1.23E+00,1.26E+00,1.25E+00,1.22E+00,8.80E-01,1.21E+00,1.15E+00,1.17E+00,1.11E+00,1.22E+00,1.10E+00,1.15E+00,1.04E+00,9.98E-01,1.11E+00,1.13E+00,1.18E+00,1.17E+00,1.12E+00,1.20E+00,1.16E+00,1.18E+00,1.14E+00,1.27E+00,1.21E+00,1.28E+00,1.21E+00,1.13E+00,1.01E+00,1.15E+00,1.09E+00,9.53E-01,1.23E+00,9.53E-01,1.15E+00,1.19E+00,1.20E+00,7.42E-01,9.05E-01,1.23E+00,1.15E+00,1.31E+00,1.17E+00,1.08E+00,1.08E+00,1.08E+00,1.14E+00,1.12E+00,1.05E+00,1.04E+00,1.08E+00,9.73E-01,1.02E+00,1.10E+00,1.27E+00,1.19E+00,9.62E-01,1.10E+00,1.20E+00,1.16E+00,1.24E+00,1.13E+00,1.20E+00,1.17E+00,1.29E+00,1.12E+00,1.23E+00,1.15E+00,1.04E+00,1.20E+00,1.15E+00,1.06E+00,1.17E+00,1.19E+00,1.08E+00,1.18E+00,1.20E+00,1.03E+00,1.13E+00,1.22E+00,1.07E+00,1.15E+00,1.30E+00,1.22E+00,1.16E+00,1.10E+00,1.06E+00,1.19E+00,1.18E+00,1.14E+00,1.21E+00,8.93E-01,1.05E+00,9.40E-01,1.01E+00,1.23E+00,1.06E+00,1.13E+00,1.19E+00,1.29E+00,1.04E+00,1.14E+00,1.17E+00,1.28E+00,1.23E+00,1.28E+00,1.24E+00,1.28E+00,1.27E+00,9.71E-01,1.16E+00,1.50E+00,1.50E+00,1.10E+00,1.25E+00,1.25E+00,1.41E+00,1.08E+00,1.06E+00,9.76E-01,1.27E+00,9.67E-01,1.12E+00,1.31E+00,1.21E+00,1.07E+00,9.73E-01,1.16E+00,1.06E+00,1.23E+00,1.23E+00
099_S_4086,9.22E-01,6.86E-01,1.04E+00,8.59E-01,9.21E-01,1.06E+00,1.01E+00,1.06E+00,9.54E-01,1.15E+00,1.01E+00,1.13E+00,9.41E-01,9.66E-01,1.07E+00,1.03E+00,1.09E+00,1.12E+00,1.13E+00,1.06E+00,9.93E-01,1.15E+00,9.86E-01,1.12E+00,1.12E+00,1.05E+00,1.12E+00,1.07E+00,1.05E+00,1.11E+00,1.18E+00,1.17E+00,1.14E+00,1.12E+00,1.11E+00,1.05E+00,1.13E+00,1.12E+00,1.15E+00,1.14E+00,1.13E+00,1.01E+00,1.10E+00,9.71E-01,9.50E-01,1.11E+00,1.10E+00,1.15E+00,1.03E+00,9.02E-01,1.07E+00,1.10E+00,9.15E-01,1.01E+00,8.50E-01,9.20E-01,1.18E+00,1.24E+00,1.17E+00,1.15E+00,1.21E+00,1.23E+00,1.18E+00,1.08E+00,1.23E+00,9.26E-01,1.19E+00,1.17E+00,1.11E+00,1.22E+00,1.21E+00,1.23E+00,1.35E+00,8.65E-01,1.25E+00,1.19E+00,1.22E+00,1.18E+00,1.34E+00,9.77E-01,1.15E+00,9.81E-01,9.26E-01,1.09E+00,1.09E+00,1.15E+00,1.14E+00,1.10E+00,1.10E+00,1.18E+00,1.21E+00,1.12E+00,1.22E+00,1.17E+00,1.23E+00,1.17E+00,1.11E+00,9.09E-01,1.23E+00,1.12E+00,1.20E+00,1.29E+00,1.26E+00,1.33E+00,1.28E+00,1.32E+00,1.19E+00,1.02E+00,1.47E+00,1.23E+00,1.37E+00,1.21E+00,1.32E+00,1.21E+00,1.31E+00,1.13E+00,1.19E+00,1.22E+00,1.25E+00,1.22E+00,1.27E+00,1.24E+00,1.30E+00,9.93E-01,9.93E-01,9.49E-01,1.08E+00,1.19E+00,1.11E+00,1.26E+00,1.12E+00,1.19E+00,1.19E+00,1.37E+00,1.24E+00,1.34E+00,1.21E+00,1.11E+00,1.39E+00,1.26E+00,1.18E+00,1.18E+00,1.23E+00,1.18E+00,1.11E+00,1.13E+00,1.07E+00,1.21E+00,1.41E+00,1.28E+00,1.15E+00,1.27E+00,1.18E+00,1.18E+00,1.02E+00,9.93E-01,1.19E+00,1.12E+00,9.62E-01,1.20E+00,8.60E-01,1.03E+00,9.28E-01,9.80E-01,1.32E+00,1.14E+00,1.23E+00,1.20E+00,1.22E+00,9.50E-01,1.09E+00,1.23E+00,1.37E+00,1.31E+00,1.21E+00,1.31E+00,1.30E+00,1.22E+00,1.16E+00,1.23E+00,1.48E+00,1.67E+00,1.07E+00,1.29E+00,1.25E+00,1.48E+00,9.05E-01,9.12E-01,9.36E-01,1.19E+00,8.51E-01,1.19E+00,1.17E+00,1.27E+00,1.09E+00,8.79E-01,8.54E-01,1.07E+00,1.27E+00,1.24E+00
099_S_4104,9.71E-01,7.01E-01,1.02E+00,8.29E-01,8.66E-01,9.91E-01,1.07E+00,1.08E+00,9.41E-01,1.11E+00,9.50E-01,1.08E+00,9.31E-01,9.10E-01,9.45E-01,9.26E-01,9.73E-01,9.91E-01,9.84E-01,9.09E-01,1.05E+00,1.14E+00,9.67E-01,1.05E+00,1.07E+00,1.03E+00,1.08E+00,1.02E+00,1.10E+00,1.06E+00,1.08E+00,1.05E+00,1.08E+00,1.06E+00,1.03E+00,9.77E-01,1.02E+00,1.03E+00,1.08E+00,1.04E+00,1.04E+00,9.64E-01,1.03E+00,9.49E-01,9.92E-01,1.08E+00,1.11E+00,1.15E+00,1.01E+00,9.74E-01,1.04E+00,9.63E-01,9.12E-01,1.04E+00,8.60E-01,8.85E-01,1.18E+00,1.20E+00,1.09E+00,1.06E+00,1.12E+00,1.19E+00,1.19E+00,1.08E+00,1.19E+00,1.00E+00,1.14E+00,1.12E+00,1.18E+00,1.16E+00,1.14E+00,1.19E+00,1.21E+00,9.09E-01,1.18E+00,1.16E+00,1.20E+00,1.13E+00,1.26E+00,9.92E-01,1.12E+00,1.00E+00,9.51E-01,1.07E+00,1.10E+00,1.12E+00,1.13E+00,1.09E+00,1.08E+00,1.18E+00,1.21E+00,1.10E+00,1.22E+00,1.18E+00,1.17E+00,1.15E+00,1.10E+00,1.06E+00,1.15E+00,1.11E+00,1.28E+00,1.27E+00,1.31E+00,1.27E+00,1.23E+00,1.27E+00,1.23E+00,1.10E+00,1.53E+00,1.26E+00,1.37E+00,1.18E+00,1.11E+00,1.10E+00,1.24E+00,1.10E+00,1.11E+00,1.11E+00,1.12E+00,1.12E+00,1.09E+00,1.14E+00,1.06E+00,1.23E+00,1.18E+00,9.64E-01,1.08E+00,1.14E+00,1.12E+00,1.16E+00,1.15E+00,1.18E+00,1.17E+00,1.30E+00,1.14E+00,1.25E+00,1.20E+00,1.04E+00,1.19E+00,1.12E+00,1.12E+00,1.15E+00,1.23E+00,1.08E+00,1.11E+00,1.13E+00,1.17E+00,1.15E+00,1.23E+00,1.26E+00,1.16E+00,1.22E+00,1.21E+00,1.13E+00,1.04E+00,1.17E+00,9.70E-01,1.11E+00,1.05E+00,1.13E+00,8.47E-01,1.06E+00,9.03E-01,1.12E+00,1.27E+00,1.17E+00,1.16E+00,1.20E+00,1.24E+00,1.10E+00,1.11E+00,1.20E+00,1.26E+00,1.24E+00,1.31E+00,1.29E+00,1.23E+00,1.21E+00,1.19E+00,1.16E+00,1.48E+00,1.46E+00,1.15E+00,1.24E+00,1.21E+00,1.38E+00,1.05E+00,1.07E+00,1.13E+00,1.23E+00,9.36E-01,1.15E+00,1.27E+00,1.22E+00,1.11E+00,1.07E+00,1.13E+00,1.09E+00,1.22E+00,1.19E+00
099_S_4994,1.04E+00,7.34E-01,1.09E+00,8.59E-01,8.95E-01,1.03E+00,1.10E+00,1.15E+00,9.78E-01,1.20E+00,1.01E+00,1.10E+00,9.55E-01,9.75E-01,1.02E+00,1.01E+00,1.03E+00,1.09E+00,1.09E+00,1.01E+00,8.78E-01,1.13E+00,9.70E-01,1.03E+00,1.01E+00,1.07E+00,1.10E+00,1.05E+00,1.02E+00,1.02E+00,1.03E+00,1.05E+00,1.06E+00,1.05E+00,1.03E+00,1.02E+00,1.04E+00,1.03E+00,1.09E+00,1.05E+00,1.18E+00,9.89E-01,1.01E+00,9.66E-01,1.01E+00,1.06E+00,1.02E+00,1.06E+00,9.76E-01,9.09E-01,1.01E+00,9.54E-01,7.84E-01,8.47E-01,7.83E-01,9.26E-01,1.04E+00,1.08E+00,1.03E+00,9.81E-01,1.12E+00,1.10E+00,1.08E+00,1.09E+00,1.13E+00,9.58E-01,9.40E-01,1.03E+00,1.06E+00,1.04E+00,1.03E+00,1.13E+00,1.23E+00,8.77E-01,1.04E+00,1.13E+00,1.12E+00,1.08E+00,1.19E+00,9.03E-01,1.02E+00,9.25E-01,7.08E-01,8.24E-01,8.94E-01,1.00E+00,1.01E+00,9.90E-01,1.06E+00,1.12E+00,1.16E+00,1.02E+00,1.06E+00,9.95E-01,9.85E-01,1.07E+00,1.10E+00,1.03E+00,1.10E+00,9.98E-01,1.41E+00,1.27E+00,1.31E+00,1.30E+00,1.29E+00,1.40E+00,1.32E+00,1.26E+00,1.67E+00,1.42E+00,1.42E+00,1.26E+00,1.24E+00,1.21E+00,1.08E+00,1.21E+00,1.11E+00,1.21E+00,1.25E+00,1.21E+00,1.12E+00,1.25E+00,1.22E+00,1.22E+00,1.22E+00,9.76E-01,1.08E+00,1.17E+00,1.18E+00,1.25E+00,1.18E+00,1.17E+00,1.19E+00,1.28E+00,1.22E+00,1.20E+00,1.22E+00,1.04E+00,1.34E+00,1.20E+00,1.13E+00,1.16E+00,1.18E+00,1.18E+00,1.17E+00,1.18E+00,1.03E+00,1.14E+00,1.23E+00,1.17E+00,1.16E+00,1.23E+00,1.15E+00,1.12E+00,1.04E+00,9.88E-01,1.06E+00,1.11E+00,9.90E-01,1.11E+00,8.88E-01,1.02E+00,9.83E-01,1.17E+00,1.29E+00,1.15E+00,1.18E+00,1.19E+00,1.19E+00,1.08E+00,1.08E+00,1.16E+00,1.24E+00,1.25E+00,1.25E+00,1.23E+00,1.20E+00,1.12E+00,1.03E+00,1.19E+00,1.44E+00,1.52E+00,1.12E+00,1.17E+00,1.22E+00,1.35E+00,9.48E-01,9.81E-01,9.41E-01,1.21E+00,8.37E-01,1.15E+00,1.20E+00,1.26E+00,1.15E+00,1.11E+00,1.01E+00,1.10E+00,1.20E+00,1.23E+00
100_S_0035,1.03E+00,6.80E-01,1.08E+00,8.52E-01,9.31E-01,1.11E+00,1.12E+00,1.11E+00,9.54E-01,1.14E+00,9.65E-01,1.13E+00,9.54E-01,9.12E-01,1.03E+00,1.02E+00,9.83E-01,1.05E+00,1.06E+00,1.01E+00,9.75E-01,1.05E+00,9.37E-01,9.72E-01,1.03E+00,9.74E-01,1.11E+00,1.04E+00,1.11E+00,1.12E+00,1.16E+00,1.09E+00,1.08E+00,9.74E-01,1.02E+00,9.85E-01,1.00E+00,1.05E+00,1.10E+00,1.05E+00,9.48E-01,9.16E-01,1.00E+00,9.17E-01,9.55E-01,1.08E+00,1.12E+00,1.09E+00,9.87E-01,9.20E-01,1.03E+00,1.01E+00,9.87E-01,1.03E+00,9.24E-01,8.15E-01,1.20E+00,1.17E+00,1.05E+00,1.08E+00,1.15E+00,1.12E+00,1.10E+00,1.04E+00,1.13E+00,9.75E-01,1.18E+00,1.18E+00,1.19E+00,1.11E+00,1.15E+00,1.34E+00,1.21E+00,8.94E-01,1.26E+00,1.11E+00,1.14E+00,1.15E+00,1.26E+00,1.00E+00,1.15E+00,9.69E-01,1.02E+00,1.12E+00,1.09E+00,1.12E+00,1.15E+00,1.04E+00,1.07E+00,1.08E+00,1.15E+00,1.02E+00,1.12E+00,1.10E+00,1.06E+00,1.23E+00,1.10E+00,1.05E+00,1.18E+00,1.11E+00,1.34E+00,1.28E+00,1.31E+00,1.33E+00,1.40E+00,1.35E+00,1.19E+00,1.08E+00,1.44E+00,1.29E+00,1.35E+00,1.26E+00,1.18E+00,1.20E+00,1.26E+00,1.14E+00,1.13E+00,1.21E+00,1.14E+00,1.15E+00,1.21E+00,1.25E+00,1.20E+00,1.21E+00,1.25E+00,9.63E-01,1.09E+00,1.16E+00,1.13E+00,1.28E+00,1.19E+00,1.23E+00,1.19E+00,1.26E+00,1.22E+00,1.22E+00,1.17E+00,1.09E+00,1.28E+00,1.16E+00,1.17E+00,1.21E+00,1.25E+00,1.05E+00,1.12E+00,1.13E+00,1.10E+00,1.16E+00,1.26E+00,1.16E+00,1.26E+00,1.24E+00,1.20E+00,1.10E+00,1.09E+00,1.12E+00,1.13E+00,1.15E+00,1.08E+00,1.21E+00,9.41E-01,1.07E+00,9.35E-01,1.10E+00,1.30E+00,1.18E+00,1.17E+00,1.15E+00,1.24E+00,1.11E+00,1.21E+00,1.23E+00,1.38E+00,1.33E+00,1.27E+00,1.31E+00,1.22E+00,1.27E+00,1.13E+00,1.18E+00,1.51E+00,1.46E+00,1.08E+00,1.28E+00,1.27E+00,1.41E+00,1.02E+00,1.04E+00,1.07E+00,1.31E+00,1.01E+00,1.17E+00,1.29E+00,1.37E+00,1.13E+00,1.02E+00,1.09E+00,1.02E+00,1.20E+00,1.36E+00
100_S_0047,1.02E+00,7.33E-01,1.06E+00,8.66E-01,9.30E-01,1.09E+00,1.11E+00,1.11E+00,9.74E-01,1.13E+00,9.90E-01,1.10E+00,9.52E-01,9.47E-01,1.03E+00,9.99E-01,1.02E+00,1.05E+00,1.05E+00,9.85E-01,8.87E-01,1.09E+00,9.73E-01,1.02E+00,1.08E+00,1.04E+00,1.08E+00,1.05E+00,1.09E+00,1.14E+00,1.10E+00,1.14E+00,1.12E+00,1.05E+00,1.05E+00,1.04E+00,1.03E+00,1.04E+00,1.09E+00,1.07E+00,1.12E+00,1.00E+00,1.07E+00,9.58E-01,9.99E-01,1.06E+00,1.12E+00,1.22E+00,1.05E+00,9.89E-01,1.10E+00,1.10E+00,9.74E-01,1.00E+00,9.04E-01,8.48E-01,1.17E+00,1.24E+00,1.12E+00,1.07E+00,1.16E+00,1.25E+00,1.24E+00,1.10E+00,1.17E+00,1.01E+00,1.18E+00,1.20E+00,1.23E+00,1.21E+00,1.31E+00,1.30E+00,1.25E+00,9.02E-01,1.28E+00,1.19E+00,1.23E+00,1.20E+00,1.34E+00,1.12E+00,1.25E+00,1.08E+00,1.03E+00,1.15E+00,1.08E+00,1.16E+00,1.21E+00,1.19E+00,1.18E+00,1.16E+00,1.20E+00,1.08E+00,1.24E+00,1.14E+00,1.19E+00,1.22E+00,1.15E+00,1.03E+00,1.21E+00,1.15E+00,1.20E+00,1.25E+00,1.20E+00,1.27E+00,1.31E+00,1.32E+00,1.16E+00,1.08E+00,1.46E+00,1.22E+00,1.40E+00,1.23E+00,1.11E+00,1.16E+00,1.19E+00,1.12E+00,1.13E+00,1.14E+00,1.15E+00,1.16E+00,1.09E+00,1.14E+00,1.13E+00,9.79E-01,1.21E+00,9.61E-01,1.09E+00,1.17E+00,1.09E+00,1.21E+00,1.11E+00,1.21E+00,1.21E+00,1.38E+00,1.17E+00,1.24E+00,1.18E+00,1.06E+00,1.28E+00,1.16E+00,1.12E+00,1.14E+00,1.23E+00,1.10E+00,1.11E+00,1.12E+00,1.03E+00,1.21E+00,1.32E+00,1.08E+00,1.20E+00,1.32E+00,1.32E+00,1.14E+00,1.07E+00,1.01E+00,1.15E+00,1.21E+00,1.12E+00,1.27E+00,9.25E-01,1.04E+00,9.44E-01,1.12E+00,1.32E+00,1.16E+00,1.20E+00,1.23E+00,1.28E+00,1.10E+00,1.21E+00,1.27E+00,1.36E+00,1.30E+00,1.39E+00,1.34E+00,1.30E+00,1.38E+00,1.05E+00,1.24E+00,1.54E+00,1.58E+00,1.12E+00,1.31E+00,1.28E+00,1.55E+00,1.05E+00,1.04E+00,1.02E+00,1.27E+00,9.39E-01,1.18E+00,1.33E+00,1.33E+00,1.18E+00,1.01E+00,1.08E+00,1.12E+00,1.23E+00,1.20E+00
100_S_1062,9.25E-01,7.10E-01,9.36E-01,8.13E-01,8.40E-01,9.23E-01,1.03E+00,1.01E+00,9.35E-01,1.00E+00,9.34E-01,9.84E-01,9.34E-01,9.14E-01,1.02E+00,1.02E+00,1.01E+00,1.04E+00,1.06E+00,1.01E+00,1.06E+00,1.11E+00,1.00E+00,1.10E+00,1.02E+00,1.01E+00,1.09E+00,1.03E+00,1.03E+00,9.72E-01,9.93E-01,9.50E-01,9.96E-01,9.58E-01,1.00E+00,9.87E-01,9.83E-01,9.80E-01,1.11E+00,1.04E+00,1.19E+00,1.02E+00,1.11E+00,9.15E-01,9.96E-01,1.09E+00,1.04E+00,1.12E+00,1.07E+00,9.57E-01,1.09E+00,1.03E+00,9.49E-01,9.84E-01,8.80E-01,9.13E-01,1.05E+00,1.05E+00,1.01E+00,9.96E-01,1.16E+00,1.14E+00,1.15E+00,1.06E+00,1.21E+00,9.63E-01,1.03E+00,1.05E+00,1.13E+00,1.10E+00,1.13E+00,1.17E+00,1.08E+00,8.45E-01,1.04E+00,1.12E+00,1.11E+00,1.11E+00,1.16E+00,1.03E+00,1.13E+00,1.01E+00,9.68E-01,1.02E+00,1.04E+00,1.06E+00,1.04E+00,1.08E+00,1.12E+00,1.16E+00,1.21E+00,1.17E+00,1.14E+00,1.16E+00,1.20E+00,1.02E+00,1.00E+00,1.04E+00,1.06E+00,9.80E-01,1.15E+00,1.04E+00,1.06E+00,1.06E+00,1.03E+00,1.06E+00,1.04E+00,1.04E+00,1.16E+00,1.09E+00,1.21E+00,1.08E+00,1.15E+00,1.19E+00,1.28E+00,1.14E+00,1.12E+00,1.20E+00,1.15E+00,1.19E+00,1.12E+00,1.21E+00,1.21E+00,1.20E+00,1.16E+00,9.68E-01,1.06E+00,1.21E+00,1.15E+00,1.24E+00,1.04E+00,1.03E+00,1.02E+00,1.11E+00,1.05E+00,1.06E+00,1.13E+00,1.02E+00,1.14E+00,1.09E+00,1.15E+00,1.15E+00,1.26E+00,1.28E+00,1.30E+00,1.24E+00,1.20E+00,1.21E+00,1.23E+00,1.25E+00,1.13E+00,1.23E+00,1.24E+00,1.19E+00,1.09E+00,1.14E+00,1.10E+00,1.22E+00,1.11E+00,1.23E+00,8.99E-01,1.02E+00,9.76E-01,1.12E+00,1.11E+00,1.08E+00,1.24E+00,1.22E+00,1.20E+00,1.05E+00,1.08E+00,1.06E+00,1.12E+00,1.17E+00,1.32E+00,1.38E+00,1.22E+00,1.22E+00,1.30E+00,1.21E+00,1.26E+00,1.28E+00,1.01E+00,1.10E+00,1.19E+00,1.34E+00,1.08E+00,1.06E+00,1.14E+00,1.13E+00,9.27E-01,1.17E+00,1.29E+00,1.07E+00,1.07E+00,1.04E+00,1.04E+00,1.03E+00,1.10E+00,1.14E+00
109_S_1013,1.07E+00,7.69E-01,1.07E+00,9.13E-01,9.37E-01,1.06E+00,1.09E+00,1.16E+00,9.85E-01,1.15E+00,1.03E+00,1.15E+00,9.97E-01,9.96E-01,1.08E+00,1.08E+00,1.03E+00,1.14E+00,1.10E+00,1.06E+00,9.97E-01,1.16E+00,1.04E+00,1.13E+00,1.11E+00,1.11E+00,1.12E+00,1.09E+00,1.10E+00,1.08E+00,1.06E+00,1.03E+00,1.01E+00,1.03E+00,1.06E+00,1.03E+00,1.03E+00,9.63E-01,1.14E+00,1.06E+00,1.31E+00,1.06E+00,1.11E+00,9.70E-01,1.03E+00,1.08E+00,1.07E+00,1.22E+00,1.09E+00,9.61E-01,1.09E+00,1.12E+00,9.71E-01,9.91E-01,8.69E-01,8.93E-01,1.06E+00,1.09E+00,1.05E+00,1.02E+00,1.13E+00,1.24E+00,1.18E+00,1.10E+00,1.23E+00,1.02E+00,1.09E+00,1.11E+00,1.20E+00,1.18E+00,1.23E+00,1.26E+00,1.11E+00,9.36E-01,1.14E+00,1.18E+00,1.17E+00,1.13E+00,1.23E+00,1.04E+00,1.17E+00,1.00E+00,9.63E-01,1.06E+00,9.54E-01,1.16E+00,1.11E+00,1.17E+00,1.21E+00,1.19E+00,1.20E+00,1.17E+00,1.20E+00,1.20E+00,1.25E+00,1.10E+00,1.10E+00,9.86E-01,1.18E+00,1.08E+00,1.29E+00,1.14E+00,1.27E+00,1.26E+00,1.17E+00,1.33E+00,1.13E+00,1.02E+00,1.39E+00,1.24E+00,1.40E+00,1.20E+00,1.22E+00,1.24E+00,1.15E+00,1.20E+00,1.12E+00,1.20E+00,1.16E+00,1.19E+00,1.10E+00,1.14E+00,1.17E+00,1.18E+00,1.22E+00,1.00E+00,1.11E+00,1.24E+00,1.18E+00,1.29E+00,1.09E+00,1.11E+00,1.13E+00,1.21E+00,1.10E+00,1.13E+00,1.21E+00,1.08E+00,1.14E+00,1.15E+00,1.21E+00,1.17E+00,1.28E+00,1.32E+00,1.28E+00,1.27E+00,9.83E-01,1.18E+00,1.24E+00,1.05E+00,1.08E+00,1.25E+00,1.22E+00,1.24E+00,1.07E+00,9.65E-01,1.14E+00,1.26E+00,1.07E+00,1.17E+00,8.88E-01,1.01E+00,9.84E-01,1.11E+00,1.18E+00,1.08E+00,1.19E+00,1.21E+00,1.20E+00,1.08E+00,1.11E+00,1.11E+00,1.20E+00,1.19E+00,1.30E+00,1.36E+00,1.23E+00,1.27E+00,9.99E-01,1.21E+00,1.35E+00,1.34E+00,1.07E+00,1.15E+00,1.22E+00,1.33E+00,9.42E-01,9.94E-01,1.01E+00,1.26E+00,9.35E-01,1.16E+00,1.29E+00,1.15E+00,1.08E+00,9.43E-01,9.82E-01,1.18E+00,1.20E+00,1.23E+00
114_S_0166,1.01E+00,6.65E-01,1.06E+00,8.01E-01,8.85E-01,1.05E+00,1.08E+00,1.14E+00,9.36E-01,1.08E+00,9.72E-01,1.11E+00,8.89E-01,9.03E-01,1.02E+00,9.84E-01,1.00E+00,1.02E+00,1.01E+00,9.85E-01,1.01E+00,1.13E+00,9.75E-01,1.07E+00,1.05E+00,1.03E+00,1.08E+00,1.03E+00,1.03E+00,1.07E+00,1.09E+00,1.07E+00,1.04E+00,1.06E+00,1.01E+00,9.97E-01,1.06E+00,1.02E+00,1.11E+00,1.02E+00,1.11E+00,9.87E-01,1.13E+00,9.64E-01,9.66E-01,1.07E+00,1.08E+00,1.15E+00,1.06E+00,9.43E-01,9.77E-01,9.98E-01,8.42E-01,9.08E-01,8.41E-01,8.38E-01,1.10E+00,1.15E+00,1.04E+00,9.93E-01,1.12E+00,1.13E+00,1.09E+00,1.06E+00,1.23E+00,9.68E-01,1.10E+00,1.10E+00,1.18E+00,1.18E+00,1.19E+00,1.18E+00,1.19E+00,8.68E-01,1.15E+00,1.18E+00,1.16E+00,1.07E+00,1.21E+00,1.01E+00,1.13E+00,1.02E+00,9.18E-01,1.02E+00,9.98E-01,1.05E+00,1.15E+00,1.17E+00,1.15E+00,1.19E+00,1.19E+00,1.13E+00,1.09E+00,1.21E+00,1.20E+00,1.16E+00,1.10E+00,9.69E-01,1.15E+00,1.09E+00,1.30E+00,1.21E+00,1.27E+00,1.32E+00,1.30E+00,1.36E+00,1.24E+00,1.13E+00,1.61E+00,1.27E+00,1.44E+00,1.15E+00,1.19E+00,1.24E+00,1.34E+00,1.20E+00,1.15E+00,1.20E+00,1.18E+00,1.16E+00,1.21E+00,1.26E+00,1.21E+00,1.26E+00,1.16E+00,9.57E-01,1.09E+00,1.19E+00,1.17E+00,1.26E+00,1.08E+00,1.19E+00,1.16E+00,1.23E+00,1.13E+00,1.19E+00,1.18E+00,1.05E+00,1.28E+00,1.09E+00,1.10E+00,1.15E+00,1.29E+00,1.20E+00,1.25E+00,1.16E+00,1.23E+00,1.13E+00,1.27E+00,1.28E+00,1.18E+00,1.23E+00,1.24E+00,1.18E+00,1.09E+00,1.21E+00,1.07E+00,1.13E+00,1.06E+00,1.14E+00,9.00E-01,1.01E+00,9.02E-01,1.11E+00,1.21E+00,1.13E+00,1.22E+00,1.25E+00,1.24E+00,1.10E+00,1.07E+00,1.19E+00,1.20E+00,1.18E+00,1.33E+00,1.35E+00,1.24E+00,1.25E+00,1.27E+00,1.18E+00,1.41E+00,1.47E+00,1.12E+00,1.20E+00,1.24E+00,1.31E+00,1.07E+00,1.09E+00,1.22E+00,1.21E+00,9.92E-01,1.15E+00,1.38E+00,1.24E+00,1.14E+00,1.04E+00,1.14E+00,1.02E+00,1.26E+00,1.22E+00
114_S_0173,9.87E-01,6.99E-01,1.03E+00,8.46E-01,8.88E-01,9.83E-01,1.07E+00,1.11E+00,9.67E-01,1.13E+00,9.77E-01,1.07E+00,9.83E-01,9.70E-01,1.02E+00,1.03E+00,1.03E+00,1.06E+00,1.09E+00,1.03E+00,9.17E-01,1.07E+00,1.02E+00,1.12E+00,1.06E+00,1.07E+00,1.15E+00,1.10E+00,1.09E+00,1.07E+00,1.03E+00,1.02E+00,1.06E+00,1.01E+00,1.07E+00,1.02E+00,9.70E-01,1.01E+00,1.12E+00,1.10E+00,1.17E+00,1.01E+00,1.11E+00,9.48E-01,1.03E+00,1.13E+00,1.12E+00,1.24E+00,1.06E+00,1.00E+00,1.01E+00,1.03E+00,8.61E-01,9.17E-01,7.91E-01,8.92E-01,1.11E+00,1.13E+00,1.11E+00,1.03E+00,1.13E+00,1.21E+00,1.23E+00,1.13E+00,1.24E+00,9.89E-01,1.10E+00,1.14E+00,1.23E+00,1.12E+00,1.20E+00,1.23E+00,1.22E+00,8.57E-01,1.12E+00,1.25E+00,1.16E+00,1.10E+00,1.21E+00,1.06E+00,1.14E+00,1.08E+00,8.57E-01,1.00E+00,9.57E-01,1.09E+00,1.09E+00,1.20E+00,1.20E+00,1.25E+00,1.23E+00,1.11E+00,1.13E+00,1.09E+00,1.16E+00,1.12E+00,1.10E+00,1.03E+00,1.11E+00,1.08E+00,1.29E+00,1.20E+00,1.23E+00,1.26E+00,1.21E+00,1.28E+00,1.16E+00,1.15E+00,1.48E+00,1.30E+00,1.39E+00,1.17E+00,1.19E+00,1.22E+00,1.35E+00,1.17E+00,1.10E+00,1.17E+00,1.14E+00,1.16E+00,1.12E+00,1.23E+00,1.21E+00,1.08E+00,1.14E+00,9.81E-01,1.20E+00,1.24E+00,1.20E+00,1.34E+00,1.12E+00,1.18E+00,1.14E+00,1.20E+00,1.05E+00,1.09E+00,1.17E+00,1.04E+00,1.18E+00,1.12E+00,1.11E+00,1.15E+00,1.34E+00,1.22E+00,1.19E+00,1.20E+00,1.25E+00,1.18E+00,1.24E+00,1.28E+00,1.16E+00,1.29E+00,1.31E+00,1.21E+00,1.06E+00,1.18E+00,1.14E+00,1.13E+00,1.10E+00,1.18E+00,8.98E-01,1.06E+00,9.48E-01,1.17E+00,1.14E+00,1.11E+00,1.23E+00,1.27E+00,1.31E+00,1.08E+00,1.11E+00,1.19E+00,1.22E+00,1.18E+00,1.40E+00,1.41E+00,1.22E+00,1.29E+00,1.25E+00,1.26E+00,1.38E+00,1.42E+00,1.09E+00,1.17E+00,1.34E+00,1.38E+00,1.08E+00,1.06E+00,1.14E+00,1.12E+00,9.69E-01,1.30E+00,1.25E+00,1.21E+00,1.13E+00,1.09E+00,1.02E+00,1.07E+00,1.12E+00,1.16E+00
114_S_0374,9.45E-01,6.70E-01,1.05E+00,8.21E-01,8.24E-01,9.57E-01,9.83E-01,1.08E+00,9.43E-01,1.13E+00,9.81E-01,1.12E+00,9.43E-01,9.37E-01,1.04E+00,1.00E+00,1.02E+00,1.03E+00,1.03E+00,1.00E+00,1.01E+00,1.11E+00,9.82E-01,1.10E+00,1.09E+00,1.08E+00,1.12E+00,1.05E+00,1.03E+00,9.55E-01,9.40E-01,1.00E+00,1.02E+00,9.80E-01,1.05E+00,9.99E-01,9.69E-01,1.00E+00,1.08E+00,1.09E+00,1.14E+00,1.00E+00,1.16E+00,9.72E-01,9.96E-01,1.10E+00,1.14E+00,1.17E+00,1.04E+00,9.83E-01,1.08E+00,1.08E+00,9.35E-01,9.23E-01,8.79E-01,8.84E-01,9.61E-01,1.05E+00,1.04E+00,9.88E-01,1.10E+00,1.19E+00,1.17E+00,1.08E+00,1.14E+00,9.70E-01,9.75E-01,1.15E+00,1.19E+00,1.22E+00,1.21E+00,1.24E+00,1.20E+00,8.81E-01,1.16E+00,1.15E+00,1.12E+00,1.06E+00,1.18E+00,1.07E+00,1.23E+00,1.04E+00,1.00E+00,1.03E+00,1.07E+00,1.13E+00,1.15E+00,1.25E+00,1.24E+00,1.21E+00,1.22E+00,1.18E+00,1.21E+00,1.24E+00,1.29E+00,1.14E+00,1.10E+00,9.66E-01,1.12E+00,1.01E+00,1.21E+00,1.12E+00,1.22E+00,1.19E+00,1.17E+00,1.30E+00,1.14E+00,1.16E+00,1.56E+00,1.33E+00,1.38E+00,1.17E+00,1.23E+00,1.23E+00,1.19E+00,1.19E+00,1.14E+00,1.19E+00,1.18E+00,1.16E+00,1.17E+00,1.18E+00,1.12E+00,1.14E+00,1.23E+00,9.33E-01,1.10E+00,1.18E+00,1.24E+00,1.25E+00,1.05E+00,1.13E+00,1.16E+00,1.26E+00,1.07E+00,1.13E+00,1.22E+00,1.03E+00,1.21E+00,1.14E+00,1.13E+00,1.21E+00,1.22E+00,1.18E+00,1.22E+00,1.16E+00,1.18E+00,1.13E+00,1.15E+00,1.23E+00,1.18E+00,1.23E+00,1.26E+00,1.13E+00,1.05E+00,1.19E+00,1.14E+00,1.23E+00,1.18E+00,1.22E+00,9.14E-01,9.52E-01,9.24E-01,1.06E+00,1.18E+00,1.11E+00,1.19E+00,1.18E+00,1.22E+00,1.04E+00,9.96E-01,1.01E+00,1.22E+00,1.18E+00,1.31E+00,1.33E+00,1.27E+00,1.27E+00,1.20E+00,1.20E+00,1.34E+00,1.32E+00,9.85E-01,1.20E+00,1.24E+00,1.23E+00,1.06E+00,1.09E+00,1.21E+00,1.17E+00,9.20E-01,1.24E+00,1.36E+00,1.22E+00,1.11E+00,1.06E+00,1.03E+00,1.13E+00,1.14E+00,1.25E+00
114_S_0416,9.79E-01,6.67E-01,1.04E+00,8.09E-01,8.68E-01,1.00E+00,1.05E+00,1.07E+00,9.24E-01,1.06E+00,9.53E-01,1.08E+00,9.07E-01,8.72E-01,9.84E-01,9.66E-01,9.72E-01,9.90E-01,1.01E+00,9.41E-01,9.99E-01,1.11E+00,9.73E-01,1.06E+00,1.03E+00,1.05E+00,1.11E+00,9.98E-01,1.00E+00,1.02E+00,1.08E+00,1.07E+00,1.03E+00,1.02E+00,1.02E+00,9.53E-01,1.01E+00,9.96E-01,1.01E+00,1.04E+00,1.04E+00,9.78E-01,1.09E+00,9.38E-01,9.75E-01,1.00E+00,1.09E+00,1.11E+00,1.07E+00,9.54E-01,1.02E+00,1.04E+00,9.32E-01,9.74E-01,8.63E-01,8.25E-01,1.11E+00,1.13E+00,1.08E+00,1.04E+00,1.02E+00,1.21E+00,1.17E+00,1.08E+00,1.13E+00,9.57E-01,1.06E+00,1.15E+00,1.15E+00,1.14E+00,1.14E+00,1.21E+00,1.21E+00,8.50E-01,1.18E+00,1.17E+00,1.20E+00,1.12E+00,1.26E+00,1.06E+00,1.13E+00,1.02E+00,9.48E-01,1.06E+00,1.03E+00,1.08E+00,1.17E+00,1.17E+00,1.16E+00,1.22E+00,1.17E+00,1.09E+00,1.17E+00,1.21E+00,1.21E+00,1.14E+00,1.09E+00,9.92E-01,1.12E+00,1.04E+00,1.16E+00,1.18E+00,1.20E+00,1.26E+00,1.21E+00,1.26E+00,9.49E-01,9.41E-01,1.38E+00,1.20E+00,1.33E+00,1.12E+00,1.14E+00,1.08E+00,1.16E+00,1.10E+00,1.10E+00,1.12E+00,1.11E+00,1.09E+00,1.01E+00,1.09E+00,1.07E+00,1.08E+00,1.15E+00,9.41E-01,1.09E+00,1.19E+00,1.14E+00,1.25E+00,1.08E+00,1.19E+00,1.13E+00,1.22E+00,1.06E+00,1.08E+00,1.12E+00,9.95E-01,1.14E+00,1.09E+00,1.07E+00,1.17E+00,1.21E+00,1.09E+00,1.16E+00,1.17E+00,1.14E+00,1.14E+00,1.19E+00,1.11E+00,1.14E+00,1.27E+00,1.22E+00,1.13E+00,1.04E+00,1.08E+00,1.14E+00,1.14E+00,1.15E+00,1.22E+00,9.03E-01,1.03E+00,9.21E-01,1.03E+00,1.08E+00,1.06E+00,1.19E+00,1.19E+00,1.26E+00,1.06E+00,1.08E+00,1.16E+00,1.25E+00,1.16E+00,1.28E+00,1.30E+00,1.26E+00,1.27E+00,1.09E+00,1.23E+00,1.44E+00,1.37E+00,1.08E+00,1.22E+00,1.28E+00,1.39E+00,1.07E+00,1.06E+00,1.12E+00,1.12E+00,9.16E-01,1.17E+00,1.28E+00,1.15E+00,1.08E+00,9.38E-01,1.00E+00,1.05E+00,1.14E+00,1.23E+00
116_S_0657,1.02E+00,7.64E-01,1.03E+00,8.78E-01,9.05E-01,9.94E-01,1.02E+00,1.08E+00,9.33E-01,1.06E+00,1.02E+00,1.07E+00,9.66E-01,9.59E-01,1.03E+00,9.91E-01,9.71E-01,9.99E-01,1.01E+00,9.78E-01,1.04E+00,1.10E+00,9.93E-01,1.08E+00,1.10E+00,1.07E+00,1.08E+00,1.05E+00,1.06E+00,1.04E+00,1.06E+00,1.02E+00,1.07E+00,1.06E+00,1.07E+00,1.01E+00,1.03E+00,1.04E+00,1.08E+00,1.06E+00,1.18E+00,1.03E+00,1.12E+00,9.53E-01,1.01E+00,1.07E+00,1.09E+00,1.13E+00,1.08E+00,9.92E-01,1.03E+00,1.04E+00,9.81E-01,1.00E+00,8.99E-01,9.24E-01,1.10E+00,1.17E+00,1.09E+00,1.05E+00,1.09E+00,1.15E+00,1.20E+00,1.13E+00,1.17E+00,1.02E+00,1.06E+00,1.13E+00,1.16E+00,1.11E+00,1.18E+00,1.20E+00,1.24E+00,9.26E-01,1.14E+00,1.13E+00,1.15E+00,1.14E+00,1.20E+00,1.03E+00,1.12E+00,1.05E+00,9.33E-01,1.02E+00,1.04E+00,1.09E+00,1.11E+00,1.19E+00,1.12E+00,1.20E+00,1.19E+00,1.16E+00,1.13E+00,1.15E+00,1.19E+00,1.09E+00,1.04E+00,9.73E-01,1.10E+00,1.10E+00,1.21E+00,1.18E+00,1.17E+00,1.20E+00,1.13E+00,1.18E+00,1.10E+00,1.00E+00,1.35E+00,1.18E+00,1.39E+00,1.13E+00,1.12E+00,1.14E+00,1.20E+00,1.07E+00,1.09E+00,1.11E+00,1.10E+00,1.11E+00,1.07E+00,1.08E+00,1.14E+00,1.14E+00,1.15E+00,9.72E-01,1.08E+00,1.16E+00,1.11E+00,1.17E+00,1.12E+00,1.12E+00,1.12E+00,1.30E+00,1.14E+00,1.21E+00,1.17E+00,1.06E+00,1.28E+00,1.12E+00,1.07E+00,1.14E+00,1.19E+00,1.22E+00,1.24E+00,1.20E+00,1.20E+00,1.19E+00,1.26E+00,1.17E+00,1.10E+00,1.19E+00,1.18E+00,1.16E+00,1.07E+00,1.19E+00,1.12E+00,1.17E+00,1.10E+00,1.18E+00,9.33E-01,1.03E+00,1.00E+00,1.09E+00,1.20E+00,1.10E+00,1.18E+00,1.17E+00,1.18E+00,1.12E+00,1.07E+00,1.12E+00,1.22E+00,1.20E+00,1.22E+00,1.21E+00,1.19E+00,1.23E+00,1.22E+00,1.19E+00,1.42E+00,1.49E+00,1.15E+00,1.16E+00,1.19E+00,1.37E+00,1.08E+00,1.08E+00,1.21E+00,1.16E+00,9.17E-01,1.18E+00,1.17E+00,1.13E+00,1.12E+00,9.76E-01,1.01E+00,1.08E+00,1.16E+00,1.17E+00
116_S_4010,9.61E-01,6.63E-01,1.03E+00,8.09E-01,8.55E-01,1.02E+00,1.03E+00,1.05E+00,9.05E-01,1.06E+00,9.27E-01,1.07E+00,8.87E-01,9.05E-01,9.82E-01,9.67E-01,9.43E-01,9.93E-01,9.81E-01,9.60E-01,1.02E+00,1.14E+00,9.79E-01,1.07E+00,1.04E+00,9.95E-01,1.09E+00,1.01E+00,1.06E+00,1.02E+00,1.05E+00,1.06E+00,1.08E+00,1.01E+00,1.05E+00,9.47E-01,1.00E+00,1.01E+00,1.09E+00,1.02E+00,1.03E+00,9.83E-01,1.09E+00,9.36E-01,9.43E-01,1.02E+00,1.10E+00,1.17E+00,1.04E+00,9.52E-01,1.05E+00,1.04E+00,9.13E-01,9.51E-01,8.64E-01,8.94E-01,1.14E+00,1.18E+00,1.11E+00,1.06E+00,1.09E+00,1.20E+00,1.13E+00,1.08E+00,1.13E+00,9.84E-01,1.15E+00,1.15E+00,1.15E+00,1.15E+00,1.25E+00,1.21E+00,1.21E+00,9.00E-01,1.19E+00,1.12E+00,1.18E+00,1.09E+00,1.20E+00,1.01E+00,1.17E+00,1.02E+00,9.88E-01,1.07E+00,1.11E+00,1.14E+00,1.13E+00,1.16E+00,1.18E+00,1.10E+00,1.15E+00,1.14E+00,1.21E+00,1.16E+00,1.20E+00,1.18E+00,1.08E+00,1.01E+00,1.14E+00,1.05E+00,1.24E+00,1.17E+00,1.15E+00,1.26E+00,1.31E+00,1.26E+00,1.15E+00,1.08E+00,1.50E+00,1.26E+00,1.35E+00,1.11E+00,1.11E+00,1.13E+00,1.16E+00,1.08E+00,1.06E+00,1.10E+00,1.07E+00,1.07E+00,1.03E+00,1.02E+00,1.08E+00,1.20E+00,1.21E+00,9.35E-01,1.04E+00,1.11E+00,1.10E+00,1.19E+00,1.08E+00,1.13E+00,1.14E+00,1.26E+00,1.12E+00,1.20E+00,1.13E+00,1.04E+00,1.22E+00,1.10E+00,1.10E+00,1.10E+00,1.16E+00,1.08E+00,1.16E+00,1.14E+00,1.10E+00,1.10E+00,1.20E+00,1.12E+00,1.16E+00,1.29E+00,1.23E+00,1.07E+00,1.05E+00,1.13E+00,1.14E+00,1.14E+00,1.15E+00,1.23E+00,8.79E-01,1.01E+00,9.40E-01,1.08E+00,1.28E+00,1.11E+00,1.11E+00,1.22E+00,1.17E+00,1.06E+00,1.13E+00,1.18E+00,1.31E+00,1.21E+00,1.31E+00,1.31E+00,1.27E+00,1.34E+00,1.08E+00,1.14E+00,1.43E+00,1.43E+00,1.13E+00,1.22E+00,1.19E+00,1.34E+00,1.05E+00,1.05E+00,1.18E+00,1.28E+00,9.67E-01,1.16E+00,1.27E+00,1.27E+00,1.09E+00,1.03E+00,1.06E+00,1.06E+00,1.16E+00,1.23E+00
116_S_4043,1.01E+00,6.88E-01,1.11E+00,8.43E-01,9.10E-01,1.07E+00,1.08E+00,1.12E+00,9.38E-01,1.14E+00,9.92E-01,1.13E+00,9.06E-01,9.14E-01,9.78E-01,9.57E-01,9.67E-01,9.68E-01,9.96E-01,8.92E-01,9.70E-01,1.17E+00,9.84E-01,1.07E+00,1.11E+00,1.06E+00,1.11E+00,1.07E+00,1.03E+00,1.04E+00,1.11E+00,1.08E+00,1.07E+00,1.04E+00,9.95E-01,9.85E-01,9.21E-01,9.50E-01,1.10E+00,1.06E+00,1.02E+00,9.99E-01,1.12E+00,9.37E-01,9.60E-01,1.00E+00,1.11E+00,1.15E+00,1.08E+00,9.42E-01,1.06E+00,1.08E+00,9.51E-01,1.02E+00,8.71E-01,8.45E-01,1.20E+00,1.25E+00,1.09E+00,1.00E+00,1.01E+00,1.23E+00,1.19E+00,1.07E+00,1.18E+00,9.86E-01,1.15E+00,1.16E+00,1.20E+00,1.23E+00,1.25E+00,1.29E+00,1.23E+00,8.80E-01,1.30E+00,1.16E+00,1.20E+00,1.15E+00,1.26E+00,1.04E+00,1.19E+00,1.03E+00,1.01E+00,1.15E+00,1.14E+00,1.16E+00,1.16E+00,1.19E+00,1.13E+00,1.06E+00,1.17E+00,1.12E+00,1.25E+00,1.17E+00,1.21E+00,1.21E+00,1.11E+00,9.86E-01,1.20E+00,1.14E+00,1.33E+00,1.26E+00,1.41E+00,1.35E+00,1.33E+00,1.37E+00,1.11E+00,1.05E+00,1.65E+00,1.32E+00,1.47E+00,1.19E+00,1.16E+00,1.11E+00,1.02E+00,1.07E+00,1.09E+00,1.08E+00,1.03E+00,9.97E-01,1.09E+00,1.06E+00,1.10E+00,1.20E+00,1.25E+00,9.59E-01,1.12E+00,1.18E+00,1.13E+00,1.22E+00,1.15E+00,1.27E+00,1.23E+00,1.24E+00,1.10E+00,1.19E+00,1.13E+00,9.93E-01,1.12E+00,1.06E+00,1.06E+00,1.14E+00,1.16E+00,1.07E+00,1.19E+00,1.18E+00,9.01E-01,1.10E+00,1.16E+00,1.10E+00,1.13E+00,1.27E+00,1.16E+00,1.11E+00,1.09E+00,9.31E-01,1.11E+00,1.10E+00,1.05E+00,1.21E+00,8.70E-01,1.05E+00,9.24E-01,1.11E+00,1.29E+00,1.11E+00,1.09E+00,1.18E+00,1.21E+00,1.02E+00,1.16E+00,1.20E+00,1.31E+00,1.20E+00,1.26E+00,1.22E+00,1.25E+00,1.29E+00,9.88E-01,1.17E+00,1.50E+00,1.46E+00,1.01E+00,1.27E+00,1.20E+00,1.35E+00,9.97E-01,1.02E+00,1.09E+00,1.29E+00,9.84E-01,1.16E+00,1.33E+00,1.30E+00,1.08E+00,9.78E-01,1.06E+00,1.13E+00,1.31E+00,1.29E+00
116_S_4092,9.56E-01,6.90E-01,1.01E+00,8.22E-01,8.70E-01,1.02E+00,1.06E+00,1.09E+00,9.51E-01,1.07E+00,9.77E-01,1.11E+00,9.18E-01,8.98E-01,9.89E-01,9.45E-01,9.56E-01,9.80E-01,9.58E-01,9.66E-01,9.91E-01,1.11E+00,9.64E-01,1.03E+00,1.04E+00,9.84E-01,1.08E+00,1.04E+00,1.09E+00,1.06E+00,1.07E+00,1.02E+00,1.06E+00,1.02E+00,1.01E+00,9.73E-01,9.99E-01,9.66E-01,1.02E+00,1.04E+00,1.06E+00,9.62E-01,1.09E+00,9.18E-01,9.69E-01,1.01E+00,1.09E+00,1.19E+00,1.06E+00,9.63E-01,1.11E+00,1.07E+00,9.47E-01,9.90E-01,9.04E-01,9.05E-01,1.15E+00,1.11E+00,1.07E+00,1.05E+00,1.10E+00,1.25E+00,1.21E+00,1.07E+00,1.17E+00,9.98E-01,1.16E+00,1.17E+00,1.19E+00,1.20E+00,1.22E+00,1.15E+00,1.16E+00,8.83E-01,1.18E+00,1.15E+00,1.17E+00,1.10E+00,1.20E+00,1.05E+00,1.16E+00,1.04E+00,1.01E+00,1.12E+00,1.07E+00,1.18E+00,1.15E+00,1.15E+00,1.14E+00,1.08E+00,1.13E+00,1.12E+00,1.22E+00,1.18E+00,1.24E+00,1.19E+00,1.13E+00,1.03E+00,1.14E+00,1.06E+00,1.29E+00,1.19E+00,1.28E+00,1.26E+00,1.21E+00,1.30E+00,1.14E+00,1.11E+00,1.52E+00,1.28E+00,1.42E+00,1.14E+00,1.06E+00,1.12E+00,1.17E+00,1.09E+00,1.08E+00,1.08E+00,1.06E+00,1.05E+00,1.08E+00,1.09E+00,1.10E+00,9.91E-01,1.17E+00,9.27E-01,1.03E+00,1.08E+00,1.06E+00,1.17E+00,1.13E+00,1.14E+00,1.12E+00,1.20E+00,1.07E+00,1.13E+00,1.08E+00,1.03E+00,1.10E+00,1.06E+00,1.02E+00,1.11E+00,1.16E+00,1.13E+00,1.18E+00,1.13E+00,1.07E+00,1.15E+00,1.23E+00,1.10E+00,1.14E+00,1.27E+00,1.18E+00,1.12E+00,1.05E+00,1.14E+00,1.14E+00,1.16E+00,1.15E+00,1.20E+00,9.11E-01,1.01E+00,9.78E-01,1.09E+00,1.15E+00,1.07E+00,1.11E+00,1.17E+00,1.21E+00,1.08E+00,1.14E+00,1.20E+00,1.22E+00,1.14E+00,1.24E+00,1.20E+00,1.24E+00,1.27E+00,1.17E+00,1.14E+00,1.38E+00,1.39E+00,1.11E+00,1.18E+00,1.20E+00,1.35E+00,1.03E+00,1.04E+00,1.12E+00,1.24E+00,9.08E-01,1.10E+00,1.26E+00,1.20E+00,1.10E+00,1.04E+00,9.79E-01,1.06E+00,1.17E+00,1.16E+00
116_S_4195,1.02E+00,7.18E-01,1.14E+00,8.83E-01,9.06E-01,1.03E+00,1.06E+00,1.08E+00,9.41E-01,1.15E+00,1.04E+00,1.17E+00,9.12E-01,9.35E-01,1.03E+00,9.59E-01,9.68E-01,1.00E+00,1.02E+00,1.00E+00,1.05E+00,1.16E+00,1.02E+00,1.07E+00,1.02E+00,1.04E+00,1.12E+00,1.06E+00,1.04E+00,9.88E-01,1.00E+00,9.04E-01,9.87E-01,8.96E-01,1.01E+00,9.72E-01,1.02E+00,9.96E-01,1.08E+00,1.06E+00,1.18E+00,9.99E-01,1.11E+00,9.60E-01,1.01E+00,1.07E+00,9.83E-01,1.21E+00,1.12E+00,9.82E-01,1.12E+00,1.07E+00,9.65E-01,9.51E-01,9.08E-01,9.60E-01,9.73E-01,8.77E-01,9.64E-01,9.52E-01,1.06E+00,1.23E+00,1.17E+00,1.07E+00,1.17E+00,9.81E-01,9.16E-01,9.80E-01,1.15E+00,1.22E+00,1.22E+00,1.17E+00,1.12E+00,9.15E-01,9.52E-01,1.11E+00,1.14E+00,1.07E+00,1.14E+00,1.08E+00,1.19E+00,1.05E+00,9.62E-01,9.77E-01,1.01E+00,9.81E-01,9.94E-01,1.20E+00,1.19E+00,1.15E+00,1.14E+00,1.22E+00,1.24E+00,1.25E+00,1.30E+00,1.09E+00,1.09E+00,9.26E-01,1.02E+00,9.85E-01,1.36E+00,1.02E+00,1.39E+00,1.21E+00,1.10E+00,1.32E+00,1.25E+00,1.09E+00,1.64E+00,1.30E+00,1.47E+00,1.20E+00,1.19E+00,1.16E+00,1.26E+00,1.17E+00,1.12E+00,1.15E+00,1.14E+00,1.06E+00,1.06E+00,1.17E+00,1.16E+00,1.18E+00,1.15E+00,9.65E-01,1.06E+00,1.16E+00,1.12E+00,1.25E+00,1.04E+00,9.85E-01,1.01E+00,1.07E+00,9.60E-01,9.94E-01,1.13E+00,9.76E-01,1.07E+00,1.04E+00,1.08E+00,1.07E+00,1.21E+00,1.23E+00,1.28E+00,1.17E+00,1.17E+00,1.17E+00,1.12E+00,1.16E+00,1.01E+00,1.25E+00,1.22E+00,1.14E+00,1.08E+00,1.12E+00,1.15E+00,1.27E+00,1.13E+00,1.18E+00,8.88E-01,9.20E-01,8.85E-01,1.07E+00,9.06E-01,1.07E+00,1.08E+00,1.19E+00,1.15E+00,1.02E+00,9.47E-01,8.77E-01,8.83E-01,1.02E+00,1.21E+00,1.19E+00,1.26E+00,1.25E+00,1.10E+00,1.11E+00,1.27E+00,1.17E+00,1.06E+00,9.29E-01,1.18E+00,1.13E+00,1.08E+00,1.04E+00,1.16E+00,9.80E-01,8.81E-01,1.17E+00,1.33E+00,9.73E-01,1.09E+00,9.45E-01,1.05E+00,1.00E+00,9.80E-01,1.02E+00
116_S_4209,1.05E+00,7.03E-01,1.09E+00,8.58E-01,9.11E-01,1.06E+00,1.11E+00,1.10E+00,9.55E-01,1.13E+00,9.90E-01,1.11E+00,9.33E-01,9.60E-01,1.04E+00,1.02E+00,1.03E+00,1.07E+00,1.02E+00,9.94E-01,1.03E+00,1.07E+00,1.00E+00,1.12E+00,1.05E+00,1.07E+00,1.12E+00,1.07E+00,1.04E+00,1.05E+00,1.05E+00,9.69E-01,1.04E+00,1.06E+00,1.08E+00,1.01E+00,1.06E+00,1.05E+00,1.16E+00,1.06E+00,1.09E+00,9.92E-01,1.10E+00,9.62E-01,1.00E+00,1.04E+00,1.10E+00,1.22E+00,1.05E+00,9.77E-01,1.04E+00,9.92E-01,9.14E-01,9.02E-01,8.84E-01,9.11E-01,1.01E+00,1.04E+00,1.08E+00,1.05E+00,1.14E+00,1.22E+00,1.17E+00,1.12E+00,1.15E+00,9.63E-01,8.69E-01,1.02E+00,1.14E+00,1.12E+00,1.17E+00,1.19E+00,1.20E+00,8.57E-01,1.00E+00,1.15E+00,1.15E+00,1.09E+00,1.20E+00,1.04E+00,1.15E+00,1.02E+00,8.44E-01,8.36E-01,9.93E-01,1.02E+00,1.08E+00,1.16E+00,1.18E+00,1.15E+00,1.14E+00,1.11E+00,1.17E+00,1.16E+00,1.18E+00,1.12E+00,1.14E+00,1.00E+00,1.08E+00,1.01E+00,1.30E+00,1.19E+00,1.30E+00,1.36E+00,1.25E+00,1.30E+00,1.32E+00,1.19E+00,1.58E+00,1.30E+00,1.41E+00,1.19E+00,1.23E+00,1.22E+00,1.29E+00,1.20E+00,1.14E+00,1.16E+00,1.16E+00,1.18E+00,1.11E+00,1.17E+00,1.10E+00,1.17E+00,1.21E+00,9.79E-01,1.13E+00,1.21E+00,1.23E+00,1.29E+00,1.07E+00,1.11E+00,1.07E+00,1.22E+00,1.11E+00,1.12E+00,1.22E+00,1.01E+00,1.18E+00,1.14E+00,1.13E+00,1.20E+00,1.25E+00,1.17E+00,1.27E+00,1.20E+00,1.17E+00,1.14E+00,1.22E+00,1.15E+00,1.19E+00,1.32E+00,1.30E+00,1.13E+00,1.05E+00,1.22E+00,1.10E+00,1.15E+00,1.16E+00,1.25E+00,9.03E-01,9.65E-01,9.25E-01,1.07E+00,1.10E+00,1.13E+00,1.17E+00,1.24E+00,1.24E+00,1.05E+00,1.00E+00,1.02E+00,1.20E+00,1.19E+00,1.27E+00,1.26E+00,1.24E+00,1.30E+00,1.17E+00,1.19E+00,1.38E+00,1.36E+00,1.02E+00,1.17E+00,1.23E+00,1.29E+00,1.10E+00,1.10E+00,1.23E+00,1.14E+00,9.97E-01,1.22E+00,1.31E+00,1.18E+00,1.16E+00,1.07E+00,1.04E+00,1.07E+00,1.12E+00,1.26E+00
116_S_4338,9.66E-01,6.74E-01,1.01E+00,8.49E-01,8.92E-01,1.03E+00,1.09E+00,1.08E+00,9.65E-01,1.12E+00,9.76E-01,1.09E+00,9.07E-01,9.32E-01,1.01E+00,1.00E+00,9.99E-01,1.01E+00,9.91E-01,9.32E-01,1.05E+00,1.10E+00,1.04E+00,1.10E+00,1.06E+00,1.05E+00,1.14E+00,1.03E+00,1.09E+00,1.02E+00,1.09E+00,1.10E+00,1.04E+00,1.03E+00,1.01E+00,9.62E-01,9.98E-01,9.99E-01,1.07E+00,1.10E+00,9.45E-01,9.77E-01,1.08E+00,9.39E-01,9.71E-01,1.02E+00,1.12E+00,1.19E+00,1.04E+00,9.32E-01,9.91E-01,1.01E+00,7.92E-01,9.63E-01,7.24E-01,7.79E-01,1.14E+00,1.11E+00,1.03E+00,1.03E+00,1.12E+00,1.21E+00,1.11E+00,1.07E+00,1.18E+00,9.41E-01,1.11E+00,1.12E+00,1.15E+00,1.17E+00,1.20E+00,1.34E+00,1.19E+00,8.54E-01,1.15E+00,1.15E+00,1.20E+00,1.13E+00,1.18E+00,9.37E-01,1.10E+00,9.79E-01,8.63E-01,1.05E+00,1.14E+00,1.11E+00,1.14E+00,1.08E+00,1.12E+00,1.12E+00,1.16E+00,9.38E-01,1.17E+00,1.13E+00,1.17E+00,1.19E+00,1.15E+00,1.02E+00,1.17E+00,1.11E+00,1.37E+00,1.11E+00,1.18E+00,1.16E+00,1.26E+00,1.24E+00,1.23E+00,1.16E+00,1.45E+00,1.30E+00,1.34E+00,1.15E+00,1.13E+00,1.11E+00,1.08E+00,1.10E+00,1.10E+00,1.11E+00,1.09E+00,1.13E+00,1.07E+00,1.09E+00,1.14E+00,1.15E+00,1.22E+00,9.98E-01,1.12E+00,1.18E+00,1.15E+00,1.22E+00,1.11E+00,1.21E+00,1.16E+00,1.31E+00,1.09E+00,1.19E+00,1.14E+00,1.06E+00,1.19E+00,1.09E+00,1.11E+00,1.17E+00,1.24E+00,1.06E+00,1.10E+00,1.08E+00,1.00E+00,1.07E+00,1.18E+00,1.08E+00,1.21E+00,1.27E+00,1.27E+00,1.16E+00,1.08E+00,1.05E+00,1.02E+00,1.09E+00,8.87E-01,1.16E+00,6.29E-01,8.11E-01,7.61E-01,1.10E+00,1.14E+00,1.05E+00,1.13E+00,1.15E+00,1.20E+00,9.85E-01,1.06E+00,1.14E+00,1.23E+00,1.14E+00,1.28E+00,1.33E+00,1.24E+00,1.23E+00,1.13E+00,1.17E+00,1.43E+00,1.37E+00,1.03E+00,1.17E+00,1.20E+00,1.34E+00,8.71E-01,9.13E-01,1.01E+00,1.12E+00,7.09E-01,1.15E+00,1.27E+00,1.23E+00,1.15E+00,1.09E+00,1.09E+00,1.06E+00,1.15E+00,1.23E+00
116_S_4453,9.85E-01,6.88E-01,1.04E+00,8.40E-01,8.85E-01,1.04E+00,1.04E+00,1.03E+00,9.30E-01,1.09E+00,9.56E-01,1.07E+00,9.09E-01,9.20E-01,9.16E-01,9.23E-01,9.49E-01,9.64E-01,9.55E-01,9.19E-01,1.01E+00,1.14E+00,9.94E-01,1.09E+00,1.06E+00,1.03E+00,1.07E+00,1.03E+00,1.11E+00,1.08E+00,1.07E+00,1.06E+00,1.04E+00,9.83E-01,9.96E-01,9.57E-01,9.91E-01,1.02E+00,1.07E+00,1.04E+00,1.04E+00,9.70E-01,1.08E+00,9.31E-01,9.34E-01,9.66E-01,1.07E+00,1.17E+00,1.08E+00,9.46E-01,1.10E+00,1.05E+00,9.73E-01,1.00E+00,9.02E-01,8.61E-01,1.12E+00,1.11E+00,1.01E+00,9.56E-01,1.06E+00,1.21E+00,1.15E+00,1.08E+00,1.15E+00,9.54E-01,1.14E+00,1.12E+00,1.16E+00,1.18E+00,1.24E+00,1.17E+00,1.12E+00,8.63E-01,1.17E+00,1.11E+00,1.14E+00,1.11E+00,1.20E+00,1.04E+00,1.16E+00,1.01E+00,9.98E-01,1.12E+00,1.11E+00,1.14E+00,1.13E+00,1.14E+00,1.16E+00,1.09E+00,1.15E+00,1.10E+00,1.17E+00,1.19E+00,1.22E+00,1.17E+00,1.09E+00,1.01E+00,1.15E+00,1.10E+00,1.19E+00,1.20E+00,1.27E+00,1.26E+00,1.25E+00,1.27E+00,1.08E+00,9.93E-01,1.46E+00,1.27E+00,1.32E+00,1.12E+00,1.09E+00,1.05E+00,1.19E+00,1.05E+00,1.04E+00,1.02E+00,1.05E+00,1.05E+00,1.01E+00,1.08E+00,1.04E+00,1.19E+00,1.23E+00,9.57E-01,1.09E+00,1.14E+00,1.14E+00,1.19E+00,1.13E+00,1.19E+00,1.12E+00,1.20E+00,1.11E+00,1.10E+00,1.10E+00,1.04E+00,1.20E+00,1.02E+00,1.08E+00,1.14E+00,1.16E+00,1.10E+00,1.14E+00,1.16E+00,1.05E+00,1.14E+00,1.26E+00,1.09E+00,1.13E+00,1.24E+00,1.19E+00,1.11E+00,1.07E+00,1.02E+00,1.14E+00,1.16E+00,1.13E+00,1.18E+00,8.96E-01,1.04E+00,9.31E-01,1.08E+00,1.17E+00,1.09E+00,1.08E+00,1.15E+00,1.22E+00,1.05E+00,1.16E+00,1.21E+00,1.22E+00,1.17E+00,1.25E+00,1.23E+00,1.23E+00,1.28E+00,1.09E+00,1.16E+00,1.36E+00,1.38E+00,1.07E+00,1.22E+00,1.20E+00,1.32E+00,1.03E+00,1.05E+00,1.10E+00,1.29E+00,9.58E-01,1.16E+00,1.28E+00,1.25E+00,1.07E+00,9.89E-01,1.05E+00,1.06E+00,1.21E+00,1.17E+00
116_S_4483,9.71E-01,6.49E-01,9.83E-01,7.97E-01,8.65E-01,1.02E+00,1.05E+00,1.11E+00,9.25E-01,1.05E+00,9.46E-01,1.09E+00,8.82E-01,8.82E-01,9.60E-01,9.11E-01,9.61E-01,9.60E-01,9.37E-01,9.46E-01,1.02E+00,1.15E+00,9.86E-01,1.06E+00,1.04E+00,1.00E+00,1.03E+00,1.01E+00,1.11E+00,1.06E+00,1.07E+00,1.16E+00,1.09E+00,1.04E+00,1.04E+00,1.02E+00,9.94E-01,1.04E+00,1.07E+00,1.05E+00,1.04E+00,9.69E-01,1.13E+00,9.35E-01,9.37E-01,9.77E-01,1.14E+00,1.15E+00,1.07E+00,9.47E-01,9.97E-01,1.06E+00,9.26E-01,9.87E-01,8.85E-01,9.08E-01,1.15E+00,1.25E+00,1.06E+00,1.09E+00,1.09E+00,1.25E+00,1.17E+00,1.04E+00,1.22E+00,9.81E-01,1.15E+00,1.22E+00,1.19E+00,1.23E+00,1.22E+00,1.26E+00,1.20E+00,8.71E-01,1.23E+00,1.14E+00,1.15E+00,1.06E+00,1.24E+00,1.05E+00,1.21E+00,1.02E+00,1.04E+00,1.12E+00,1.09E+00,1.21E+00,1.23E+00,1.14E+00,1.16E+00,1.14E+00,1.17E+00,1.18E+00,1.22E+00,1.27E+00,1.28E+00,1.18E+00,1.13E+00,1.04E+00,1.19E+00,1.07E+00,1.32E+00,1.20E+00,1.28E+00,1.25E+00,1.27E+00,1.34E+00,1.18E+00,1.07E+00,1.49E+00,1.23E+00,1.43E+00,1.19E+00,1.11E+00,1.05E+00,1.26E+00,1.06E+00,1.08E+00,1.06E+00,1.08E+00,1.06E+00,1.09E+00,1.14E+00,1.01E+00,1.22E+00,1.17E+00,9.26E-01,1.08E+00,1.07E+00,1.06E+00,1.13E+00,1.13E+00,1.17E+00,1.14E+00,1.26E+00,1.12E+00,1.17E+00,1.18E+00,1.08E+00,1.25E+00,1.11E+00,1.11E+00,1.11E+00,1.18E+00,1.07E+00,1.15E+00,1.15E+00,1.14E+00,1.13E+00,1.27E+00,1.15E+00,1.14E+00,1.28E+00,1.15E+00,1.05E+00,1.05E+00,1.16E+00,1.12E+00,1.12E+00,1.18E+00,1.21E+00,9.04E-01,1.05E+00,9.36E-01,1.11E+00,1.33E+00,1.09E+00,1.09E+00,1.16E+00,1.20E+00,1.07E+00,1.16E+00,1.20E+00,1.35E+00,1.27E+00,1.19E+00,1.25E+00,1.22E+00,1.25E+00,1.24E+00,1.13E+00,1.47E+00,1.54E+00,1.11E+00,1.27E+00,1.24E+00,1.41E+00,1.07E+00,1.04E+00,1.12E+00,1.27E+00,1.00E+00,1.20E+00,1.32E+00,1.27E+00,1.09E+00,1.07E+00,1.08E+00,1.01E+00,1.20E+00,1.14E+00
116_S_4732,1.02E+00,6.96E-01,1.05E+00,8.73E-01,9.26E-01,1.07E+00,1.08E+00,1.12E+00,9.61E-01,1.11E+00,9.44E-01,1.11E+00,9.40E-01,9.44E-01,1.01E+00,9.64E-01,9.85E-01,9.99E-01,1.05E+00,9.59E-01,8.87E-01,1.10E+00,1.02E+00,1.12E+00,1.09E+00,1.08E+00,1.07E+00,1.04E+00,1.01E+00,1.09E+00,1.13E+00,1.03E+00,9.69E-01,9.82E-01,1.08E+00,1.02E+00,1.03E+00,9.91E-01,1.15E+00,1.12E+00,1.03E+00,9.99E-01,1.08E+00,9.14E-01,9.99E-01,1.04E+00,1.07E+00,1.22E+00,1.04E+00,9.40E-01,1.01E+00,1.08E+00,9.92E-01,9.94E-01,8.86E-01,7.98E-01,1.16E+00,1.00E+00,1.05E+00,9.98E-01,1.06E+00,1.26E+00,1.20E+00,1.11E+00,1.17E+00,9.65E-01,1.11E+00,1.10E+00,1.17E+00,1.17E+00,1.25E+00,1.19E+00,1.11E+00,8.35E-01,1.19E+00,1.16E+00,1.13E+00,1.08E+00,1.15E+00,1.07E+00,1.16E+00,1.02E+00,9.44E-01,1.11E+00,1.03E+00,1.12E+00,1.16E+00,1.12E+00,1.08E+00,1.13E+00,1.10E+00,1.03E+00,1.14E+00,1.14E+00,1.20E+00,1.18E+00,1.14E+00,9.74E-01,1.20E+00,1.14E+00,1.34E+00,1.32E+00,1.30E+00,1.42E+00,1.38E+00,1.36E+00,1.20E+00,1.14E+00,1.50E+00,1.32E+00,1.38E+00,1.23E+00,1.23E+00,1.19E+00,1.11E+00,1.12E+00,1.08E+00,1.05E+00,1.08E+00,1.11E+00,1.01E+00,9.23E-01,1.09E+00,1.19E+00,1.21E+00,9.63E-01,1.20E+00,1.21E+00,1.16E+00,1.22E+00,1.21E+00,1.28E+00,1.29E+00,1.20E+00,1.10E+00,1.18E+00,1.32E+00,1.01E+00,1.13E+00,1.11E+00,1.17E+00,1.19E+00,1.26E+00,1.13E+00,1.18E+00,1.18E+00,1.00E+00,1.07E+00,1.16E+00,9.00E-01,1.25E+00,1.31E+00,1.23E+00,1.11E+00,1.09E+00,9.91E-01,1.15E+00,1.15E+00,1.12E+00,1.22E+00,8.45E-01,1.06E+00,9.43E-01,1.09E+00,1.21E+00,1.21E+00,1.10E+00,1.19E+00,1.28E+00,1.05E+00,1.17E+00,1.20E+00,1.28E+00,1.25E+00,1.28E+00,1.26E+00,1.26E+00,1.33E+00,8.86E-01,1.08E+00,1.37E+00,1.30E+00,1.04E+00,1.19E+00,1.17E+00,1.30E+00,1.05E+00,1.02E+00,9.81E-01,1.27E+00,9.03E-01,1.10E+00,1.28E+00,1.31E+00,1.09E+00,1.08E+00,1.04E+00,1.15E+00,1.39E+00,1.27E+00
116_S_4855,9.65E-01,6.79E-01,9.73E-01,8.40E-01,9.11E-01,1.02E+00,1.08E+00,1.11E+00,9.57E-01,1.10E+00,9.74E-01,1.04E+00,9.31E-01,8.83E-01,9.90E-01,9.72E-01,9.26E-01,1.02E+00,1.01E+00,9.56E-01,9.29E-01,1.09E+00,1.02E+00,1.13E+00,1.08E+00,1.03E+00,1.10E+00,1.02E+00,1.11E+00,1.08E+00,1.10E+00,1.04E+00,1.03E+00,1.02E+00,1.05E+00,1.02E+00,1.03E+00,1.02E+00,1.09E+00,1.09E+00,1.03E+00,1.00E+00,1.08E+00,9.60E-01,9.87E-01,1.03E+00,1.14E+00,1.20E+00,1.07E+00,9.74E-01,1.09E+00,1.10E+00,9.69E-01,1.02E+00,8.64E-01,8.43E-01,1.21E+00,1.19E+00,1.09E+00,1.01E+00,1.12E+00,1.28E+00,1.19E+00,1.09E+00,1.23E+00,1.00E+00,1.19E+00,1.20E+00,1.22E+00,1.20E+00,1.22E+00,1.15E+00,1.19E+00,9.19E-01,1.21E+00,1.23E+00,1.21E+00,1.14E+00,1.25E+00,1.06E+00,1.15E+00,1.04E+00,1.00E+00,1.15E+00,1.06E+00,1.14E+00,1.19E+00,1.17E+00,1.19E+00,1.17E+00,1.20E+00,1.14E+00,1.20E+00,1.15E+00,1.28E+00,1.22E+00,1.14E+00,1.03E+00,1.15E+00,1.09E+00,1.28E+00,1.25E+00,1.13E+00,1.26E+00,1.31E+00,1.25E+00,9.95E-01,1.05E+00,1.23E+00,1.27E+00,1.31E+00,1.17E+00,1.12E+00,1.11E+00,1.03E+00,1.11E+00,1.06E+00,1.06E+00,1.08E+00,1.08E+00,9.94E-01,1.08E+00,1.04E+00,1.05E+00,1.18E+00,9.71E-01,1.13E+00,1.21E+00,1.16E+00,1.25E+00,1.17E+00,1.20E+00,1.15E+00,1.26E+00,1.10E+00,1.13E+00,1.14E+00,1.03E+00,1.07E+00,1.09E+00,1.07E+00,1.20E+00,1.21E+00,1.07E+00,1.13E+00,1.15E+00,1.02E+00,1.11E+00,1.19E+00,9.98E-01,1.22E+00,1.31E+00,1.23E+00,1.11E+00,1.05E+00,1.06E+00,1.18E+00,1.16E+00,1.13E+00,1.15E+00,8.64E-01,1.07E+00,9.44E-01,1.11E+00,1.20E+00,1.11E+00,1.13E+00,1.20E+00,1.26E+00,1.07E+00,1.18E+00,1.25E+00,1.28E+00,1.22E+00,1.34E+00,1.33E+00,1.25E+00,1.27E+00,1.07E+00,1.18E+00,1.42E+00,1.38E+00,1.14E+00,1.25E+00,1.24E+00,1.42E+00,1.01E+00,1.04E+00,1.12E+00,1.20E+00,9.51E-01,1.20E+00,1.26E+00,1.27E+00,1.17E+00,1.04E+00,1.01E+00,1.03E+00,1.21E+00,1.14E+00
123_S_0106,1.06E+00,7.42E-01,1.02E+00,9.24E-01,9.84E-01,1.11E+00,1.15E+00,1.09E+00,9.97E-01,1.10E+00,9.74E-01,1.12E+00,9.68E-01,1.00E+00,1.04E+00,1.05E+00,1.05E+00,1.10E+00,1.08E+00,1.03E+00,1.06E+00,1.11E+00,1.07E+00,1.07E+00,1.05E+00,1.05E+00,1.12E+00,1.07E+00,1.06E+00,1.04E+00,1.14E+00,1.12E+00,1.12E+00,1.06E+00,1.10E+00,1.03E+00,1.06E+00,1.11E+00,1.10E+00,1.13E+00,1.03E+00,1.02E+00,1.09E+00,9.77E-01,1.01E+00,1.08E+00,1.20E+00,1.13E+00,1.08E+00,9.76E-01,1.04E+00,1.08E+00,9.23E-01,1.02E+00,8.39E-01,8.79E-01,1.12E+00,1.11E+00,1.11E+00,1.06E+00,1.15E+00,1.18E+00,1.18E+00,1.10E+00,1.16E+00,1.01E+00,1.17E+00,1.17E+00,1.16E+00,1.20E+00,1.17E+00,1.21E+00,1.21E+00,9.06E-01,1.17E+00,1.17E+00,1.15E+00,1.17E+00,1.17E+00,1.04E+00,1.19E+00,1.06E+00,9.41E-01,1.09E+00,1.07E+00,1.09E+00,1.15E+00,1.14E+00,1.14E+00,1.20E+00,1.23E+00,1.05E+00,1.19E+00,1.16E+00,1.19E+00,1.22E+00,1.09E+00,1.08E+00,1.14E+00,1.10E+00,1.43E+00,1.25E+00,1.18E+00,1.42E+00,1.38E+00,1.32E+00,1.11E+00,1.14E+00,1.27E+00,1.23E+00,1.29E+00,1.19E+00,1.22E+00,1.16E+00,1.19E+00,1.20E+00,1.18E+00,1.22E+00,1.17E+00,1.18E+00,1.15E+00,1.18E+00,1.13E+00,1.21E+00,1.21E+00,1.01E+00,1.18E+00,1.24E+00,1.18E+00,1.23E+00,1.06E+00,1.23E+00,1.23E+00,1.30E+00,1.19E+00,1.19E+00,1.23E+00,1.10E+00,1.24E+00,1.18E+00,1.14E+00,1.22E+00,1.23E+00,1.17E+00,1.22E+00,1.20E+00,1.05E+00,1.15E+00,1.26E+00,1.18E+00,1.27E+00,1.30E+00,1.23E+00,1.14E+00,1.11E+00,1.08E+00,1.15E+00,1.14E+00,1.11E+00,1.19E+00,8.84E-01,1.09E+00,9.31E-01,1.12E+00,1.25E+00,1.10E+00,1.20E+00,1.26E+00,1.22E+00,1.10E+00,1.15E+00,1.26E+00,1.28E+00,1.26E+00,1.28E+00,1.28E+00,1.23E+00,1.20E+00,1.03E+00,1.19E+00,1.36E+00,1.37E+00,1.12E+00,1.21E+00,1.23E+00,1.34E+00,1.07E+00,1.06E+00,1.07E+00,1.21E+00,9.37E-01,1.19E+00,1.27E+00,1.30E+00,1.07E+00,1.19E+00,1.09E+00,1.12E+00,1.14E+00,1.21E+00
123_S_4526,9.92E-01,6.83E-01,1.09E+00,8.59E-01,9.27E-01,1.09E+00,1.04E+00,1.02E+00,9.30E-01,1.07E+00,9.92E-01,1.12E+00,9.54E-01,9.93E-01,9.69E-01,1.03E+00,1.01E+00,1.02E+00,1.03E+00,9.65E-01,1.06E+00,1.16E+00,1.03E+00,1.12E+00,1.06E+00,1.04E+00,1.15E+00,1.07E+00,1.04E+00,1.04E+00,1.15E+00,1.06E+00,1.08E+00,1.04E+00,1.05E+00,1.01E+00,9.77E-01,9.92E-01,1.10E+00,1.06E+00,1.02E+00,1.00E+00,1.13E+00,9.83E-01,1.00E+00,1.09E+00,1.06E+00,1.21E+00,1.10E+00,9.48E-01,1.05E+00,1.05E+00,8.43E-01,9.38E-01,7.83E-01,8.09E-01,1.10E+00,1.07E+00,1.03E+00,1.00E+00,1.05E+00,1.22E+00,1.14E+00,1.09E+00,1.18E+00,9.56E-01,1.01E+00,1.09E+00,1.19E+00,1.24E+00,1.27E+00,1.15E+00,1.16E+00,8.23E-01,1.11E+00,1.18E+00,9.90E-01,1.04E+00,1.19E+00,1.02E+00,1.22E+00,1.02E+00,9.37E-01,1.04E+00,1.12E+00,1.13E+00,1.16E+00,1.20E+00,1.19E+00,1.19E+00,1.17E+00,1.14E+00,1.23E+00,1.27E+00,1.26E+00,1.16E+00,9.59E-01,9.87E-01,1.16E+00,1.11E+00,1.32E+00,1.19E+00,1.11E+00,1.30E+00,1.30E+00,1.30E+00,1.07E+00,1.01E+00,1.47E+00,1.15E+00,1.37E+00,1.14E+00,1.16E+00,1.16E+00,1.16E+00,1.13E+00,1.14E+00,1.12E+00,1.12E+00,1.14E+00,1.00E+00,1.07E+00,1.20E+00,1.22E+00,1.22E+00,9.78E-01,1.08E+00,1.19E+00,1.15E+00,1.24E+00,1.02E+00,1.21E+00,1.20E+00,1.13E+00,1.14E+00,1.23E+00,1.12E+00,1.03E+00,1.12E+00,1.16E+00,1.13E+00,1.16E+00,1.18E+00,1.08E+00,1.14E+00,1.21E+00,1.06E+00,1.10E+00,1.20E+00,1.06E+00,1.18E+00,1.25E+00,1.30E+00,1.18E+00,1.11E+00,1.07E+00,1.11E+00,1.17E+00,1.07E+00,1.24E+00,8.30E-01,1.07E+00,8.75E-01,1.09E+00,1.29E+00,1.18E+00,1.10E+00,1.15E+00,1.26E+00,1.01E+00,1.11E+00,1.23E+00,1.31E+00,1.25E+00,1.33E+00,1.32E+00,1.24E+00,1.33E+00,1.03E+00,1.22E+00,1.37E+00,1.30E+00,1.01E+00,1.26E+00,1.29E+00,1.30E+00,9.67E-01,9.61E-01,1.07E+00,1.24E+00,9.04E-01,1.18E+00,1.33E+00,1.30E+00,1.15E+00,9.89E-01,1.04E+00,1.11E+00,1.25E+00,1.31E+00
126_S_0680,1.02E+00,6.95E-01,1.11E+00,8.51E-01,9.26E-01,1.07E+00,1.05E+00,1.10E+00,9.53E-01,1.20E+00,9.92E-01,1.16E+00,9.16E-01,7.79E-01,1.00E+00,9.47E-01,1.01E+00,1.02E+00,9.27E-01,9.87E-01,9.32E-01,1.15E+00,1.03E+00,1.11E+00,1.08E+00,1.03E+00,1.11E+00,9.85E-01,1.09E+00,1.06E+00,1.10E+00,1.15E+00,1.05E+00,9.25E-01,1.01E+00,9.69E-01,9.87E-01,1.04E+00,1.08E+00,1.10E+00,1.08E+00,1.01E+00,1.06E+00,9.56E-01,1.01E+00,1.07E+00,1.25E+00,1.26E+00,1.10E+00,1.00E+00,1.13E+00,1.15E+00,9.95E-01,1.01E+00,8.97E-01,8.35E-01,1.16E+00,1.24E+00,1.14E+00,9.78E-01,1.13E+00,1.31E+00,1.18E+00,1.14E+00,1.22E+00,1.01E+00,1.20E+00,1.22E+00,1.10E+00,1.31E+00,1.37E+00,1.33E+00,1.29E+00,9.07E-01,1.17E+00,1.26E+00,1.31E+00,1.22E+00,1.30E+00,1.06E+00,1.28E+00,1.05E+00,1.03E+00,1.17E+00,1.11E+00,1.18E+00,1.23E+00,1.26E+00,1.23E+00,1.25E+00,1.25E+00,1.22E+00,1.34E+00,1.21E+00,1.21E+00,1.22E+00,1.10E+00,9.61E-01,1.17E+00,1.09E+00,1.30E+00,1.22E+00,1.32E+00,1.40E+00,1.24E+00,1.29E+00,9.11E-01,9.38E-01,1.34E+00,1.18E+00,1.18E+00,1.09E+00,1.01E+00,1.10E+00,9.31E-01,1.09E+00,1.02E+00,1.10E+00,1.08E+00,1.12E+00,8.56E-01,1.01E+00,9.81E-01,1.04E+00,1.12E+00,9.82E-01,1.10E+00,1.17E+00,1.15E+00,1.12E+00,1.08E+00,1.16E+00,1.20E+00,1.43E+00,1.04E+00,1.16E+00,1.11E+00,1.08E+00,1.26E+00,9.76E-01,1.16E+00,1.20E+00,1.23E+00,1.16E+00,1.14E+00,1.17E+00,9.00E-01,1.17E+00,1.15E+00,1.11E+00,1.18E+00,1.32E+00,1.25E+00,1.20E+00,1.07E+00,9.97E-01,1.18E+00,1.17E+00,1.01E+00,1.23E+00,9.00E-01,1.07E+00,9.37E-01,1.07E+00,1.32E+00,1.07E+00,1.21E+00,1.17E+00,1.22E+00,1.06E+00,1.14E+00,1.28E+00,1.33E+00,1.24E+00,1.30E+00,1.35E+00,1.33E+00,1.30E+00,1.15E+00,1.27E+00,1.50E+00,1.67E+00,1.04E+00,1.25E+00,1.21E+00,1.42E+00,9.86E-01,1.04E+00,1.13E+00,1.17E+00,9.02E-01,1.11E+00,1.30E+00,1.26E+00,1.03E+00,9.49E-01,1.03E+00,1.09E+00,1.26E+00,1.11E+00
126_S_4494,9.92E-01,6.87E-01,1.06E+00,8.52E-01,9.09E-01,1.09E+00,1.08E+00,1.08E+00,9.68E-01,1.10E+00,1.03E+00,1.16E+00,9.26E-01,9.43E-01,1.03E+00,1.03E+00,1.06E+00,1.11E+00,1.08E+00,1.03E+00,1.00E+00,1.12E+00,9.85E-01,1.07E+00,9.95E-01,1.05E+00,1.14E+00,1.08E+00,1.05E+00,1.06E+00,1.08E+00,1.00E+00,1.08E+00,1.01E+00,9.91E-01,9.80E-01,1.03E+00,1.04E+00,1.12E+00,1.04E+00,1.06E+00,9.59E-01,1.09E+00,9.57E-01,9.89E-01,1.07E+00,1.03E+00,1.21E+00,1.04E+00,9.73E-01,1.07E+00,1.06E+00,9.12E-01,9.59E-01,8.68E-01,8.56E-01,1.10E+00,1.09E+00,1.01E+00,9.95E-01,1.17E+00,1.23E+00,1.19E+00,1.09E+00,1.22E+00,1.01E+00,1.03E+00,1.08E+00,1.18E+00,1.21E+00,1.19E+00,1.23E+00,1.18E+00,9.11E-01,1.11E+00,1.16E+00,1.10E+00,1.09E+00,1.13E+00,1.06E+00,1.20E+00,1.02E+00,9.75E-01,1.00E+00,1.02E+00,1.00E+00,1.05E+00,1.20E+00,1.20E+00,1.14E+00,1.19E+00,1.13E+00,1.22E+00,1.24E+00,1.24E+00,1.10E+00,1.20E+00,1.02E+00,1.01E+00,9.98E-01,1.29E+00,1.23E+00,1.31E+00,1.31E+00,1.25E+00,1.36E+00,1.19E+00,1.13E+00,1.53E+00,1.34E+00,1.46E+00,1.19E+00,1.16E+00,1.25E+00,1.21E+00,1.14E+00,1.20E+00,1.18E+00,1.26E+00,1.21E+00,1.19E+00,1.17E+00,1.16E+00,1.14E+00,1.17E+00,9.47E-01,1.11E+00,1.18E+00,1.16E+00,1.28E+00,1.06E+00,1.14E+00,1.12E+00,1.22E+00,1.05E+00,1.15E+00,1.11E+00,1.02E+00,1.24E+00,1.19E+00,1.12E+00,1.12E+00,1.27E+00,1.17E+00,1.23E+00,1.16E+00,1.16E+00,1.11E+00,1.17E+00,1.20E+00,1.12E+00,1.29E+00,1.28E+00,1.12E+00,1.05E+00,1.15E+00,1.12E+00,1.17E+00,1.12E+00,1.29E+00,8.56E-01,9.34E-01,8.06E-01,1.10E+00,1.16E+00,1.06E+00,1.25E+00,1.20E+00,1.24E+00,1.08E+00,1.03E+00,1.07E+00,1.19E+00,1.15E+00,1.32E+00,1.33E+00,1.23E+00,1.32E+00,1.21E+00,1.23E+00,1.33E+00,1.34E+00,1.07E+00,1.18E+00,1.27E+00,1.27E+00,1.07E+00,1.07E+00,1.22E+00,1.12E+00,9.36E-01,1.22E+00,1.30E+00,1.20E+00,1.08E+00,1.01E+00,9.52E-01,1.08E+00,1.06E+00,1.10E+00
127_S_4148,9.72E-01,7.24E-01,1.03E+00,8.87E-01,9.25E-01,1.04E+00,1.06E+00,1.06E+00,9.64E-01,1.14E+00,9.94E-01,1.09E+00,9.21E-01,9.35E-01,9.89E-01,9.35E-01,9.94E-01,1.00E+00,9.62E-01,9.64E-01,1.04E+00,1.13E+00,1.02E+00,1.08E+00,1.09E+00,1.05E+00,1.06E+00,1.03E+00,1.08E+00,1.07E+00,1.09E+00,1.12E+00,1.07E+00,1.05E+00,1.00E+00,9.89E-01,1.01E+00,9.92E-01,1.11E+00,1.08E+00,1.03E+00,1.01E+00,1.11E+00,9.77E-01,1.01E+00,1.02E+00,1.08E+00,1.20E+00,1.12E+00,9.70E-01,1.02E+00,1.05E+00,9.61E-01,1.00E+00,8.84E-01,9.13E-01,1.15E+00,1.13E+00,1.09E+00,1.03E+00,1.06E+00,1.21E+00,1.15E+00,1.15E+00,1.14E+00,9.95E-01,1.12E+00,1.12E+00,1.16E+00,1.15E+00,1.19E+00,1.21E+00,1.17E+00,9.46E-01,1.20E+00,1.11E+00,1.15E+00,1.08E+00,1.21E+00,1.05E+00,1.16E+00,1.10E+00,1.01E+00,1.09E+00,1.09E+00,1.11E+00,1.12E+00,1.16E+00,1.15E+00,1.07E+00,1.07E+00,1.10E+00,1.18E+00,1.19E+00,1.23E+00,1.11E+00,1.13E+00,1.06E+00,1.08E+00,1.07E+00,1.28E+00,1.14E+00,1.24E+00,1.24E+00,1.21E+00,1.25E+00,1.23E+00,1.06E+00,1.45E+00,1.31E+00,1.45E+00,1.13E+00,1.15E+00,1.10E+00,1.20E+00,1.09E+00,1.03E+00,1.06E+00,1.06E+00,1.08E+00,1.08E+00,1.06E+00,1.01E+00,1.23E+00,1.22E+00,9.63E-01,1.10E+00,1.14E+00,1.12E+00,1.18E+00,1.08E+00,1.13E+00,1.12E+00,1.17E+00,1.12E+00,1.15E+00,1.13E+00,9.94E-01,1.20E+00,1.09E+00,1.14E+00,1.18E+00,1.20E+00,1.05E+00,1.15E+00,1.10E+00,1.08E+00,1.13E+00,1.25E+00,1.12E+00,1.09E+00,1.32E+00,1.19E+00,1.08E+00,1.08E+00,1.07E+00,1.08E+00,1.10E+00,1.12E+00,1.17E+00,8.44E-01,1.01E+00,9.10E-01,1.08E+00,1.18E+00,1.14E+00,1.05E+00,1.19E+00,1.20E+00,1.05E+00,1.11E+00,1.13E+00,1.21E+00,1.16E+00,1.24E+00,1.19E+00,1.21E+00,1.26E+00,9.71E-01,1.06E+00,1.38E+00,1.41E+00,1.13E+00,1.18E+00,1.16E+00,1.38E+00,1.10E+00,1.05E+00,1.10E+00,1.24E+00,9.92E-01,1.05E+00,1.24E+00,1.17E+00,1.14E+00,1.03E+00,1.07E+00,1.08E+00,1.21E+00,1.20E+00
127_S_4198,9.24E-01,6.95E-01,1.01E+00,8.15E-01,8.83E-01,1.02E+00,9.99E-01,9.92E-01,8.99E-01,1.09E+00,9.77E-01,1.13E+00,9.23E-01,8.98E-01,1.02E+00,9.86E-01,9.65E-01,1.04E+00,1.00E+00,9.54E-01,9.88E-01,1.13E+00,1.02E+00,1.07E+00,1.07E+00,1.04E+00,1.06E+00,1.03E+00,9.60E-01,9.79E-01,1.02E+00,1.07E+00,1.01E+00,1.03E+00,9.98E-01,9.92E-01,1.04E+00,9.95E-01,1.11E+00,1.07E+00,1.04E+00,9.72E-01,1.08E+00,9.18E-01,9.55E-01,1.04E+00,1.13E+00,1.23E+00,1.05E+00,9.64E-01,1.04E+00,1.06E+00,9.02E-01,9.68E-01,8.74E-01,8.99E-01,1.08E+00,1.16E+00,1.11E+00,1.11E+00,1.14E+00,1.17E+00,1.18E+00,1.08E+00,1.15E+00,9.79E-01,1.08E+00,1.14E+00,1.18E+00,1.16E+00,1.24E+00,1.23E+00,1.24E+00,8.82E-01,1.17E+00,1.16E+00,1.17E+00,1.13E+00,1.22E+00,1.06E+00,1.19E+00,1.03E+00,9.53E-01,1.05E+00,1.00E+00,1.10E+00,1.14E+00,1.22E+00,1.21E+00,1.15E+00,1.23E+00,1.15E+00,1.15E+00,1.17E+00,1.20E+00,1.13E+00,1.10E+00,9.62E-01,1.14E+00,1.09E+00,1.23E+00,1.11E+00,1.23E+00,1.19E+00,1.15E+00,1.27E+00,1.03E+00,1.04E+00,1.54E+00,1.26E+00,1.50E+00,1.12E+00,1.11E+00,1.19E+00,1.22E+00,1.16E+00,1.11E+00,1.14E+00,1.09E+00,1.12E+00,1.03E+00,1.11E+00,1.10E+00,1.19E+00,1.14E+00,9.45E-01,1.10E+00,1.13E+00,1.14E+00,1.19E+00,9.95E-01,1.17E+00,1.17E+00,1.25E+00,1.13E+00,1.17E+00,1.11E+00,9.73E-01,1.16E+00,1.09E+00,1.10E+00,1.15E+00,1.19E+00,1.11E+00,1.18E+00,1.16E+00,1.10E+00,1.18E+00,1.27E+00,1.17E+00,1.14E+00,1.22E+00,1.26E+00,1.13E+00,1.03E+00,1.14E+00,1.13E+00,1.14E+00,1.16E+00,1.20E+00,8.83E-01,1.02E+00,9.57E-01,1.03E+00,1.14E+00,1.18E+00,1.16E+00,1.21E+00,1.19E+00,1.08E+00,1.08E+00,1.11E+00,1.24E+00,1.21E+00,1.23E+00,1.20E+00,1.21E+00,1.29E+00,1.27E+00,1.19E+00,1.49E+00,1.50E+00,1.06E+00,1.22E+00,1.26E+00,1.37E+00,1.05E+00,1.07E+00,1.23E+00,1.18E+00,9.22E-01,1.23E+00,1.21E+00,1.18E+00,1.12E+00,9.81E-01,9.46E-01,1.01E+00,1.17E+00,1.17E+00
127_S_4500,9.99E-01,7.23E-01,9.92E-01,8.81E-01,9.35E-01,1.05E+00,1.09E+00,1.13E+00,9.81E-01,1.06E+00,1.01E+00,1.07E+00,9.72E-01,9.76E-01,1.06E+00,1.03E+00,1.04E+00,1.05E+00,1.04E+00,1.04E+00,1.04E+00,1.11E+00,1.01E+00,1.09E+00,1.07E+00,1.07E+00,1.08E+00,1.05E+00,1.13E+00,1.15E+00,1.09E+00,1.05E+00,1.10E+00,1.06E+00,1.07E+00,1.03E+00,1.09E+00,1.06E+00,1.16E+00,1.06E+00,1.02E+00,1.01E+00,1.10E+00,9.65E-01,9.97E-01,1.09E+00,1.08E+00,1.15E+00,1.07E+00,9.77E-01,1.04E+00,1.06E+00,9.70E-01,1.01E+00,9.49E-01,8.76E-01,1.12E+00,1.13E+00,1.11E+00,1.07E+00,1.12E+00,1.18E+00,1.19E+00,1.11E+00,1.19E+00,9.98E-01,1.10E+00,1.10E+00,1.16E+00,1.21E+00,1.16E+00,1.16E+00,1.24E+00,8.98E-01,1.12E+00,1.14E+00,1.10E+00,1.09E+00,1.19E+00,1.07E+00,1.17E+00,1.05E+00,1.04E+00,1.04E+00,1.10E+00,1.12E+00,1.10E+00,1.15E+00,1.16E+00,1.15E+00,1.25E+00,1.10E+00,1.13E+00,1.23E+00,1.27E+00,1.14E+00,1.09E+00,1.06E+00,1.15E+00,1.14E+00,1.34E+00,1.23E+00,1.16E+00,1.23E+00,1.28E+00,1.24E+00,1.16E+00,1.14E+00,1.28E+00,1.25E+00,1.31E+00,1.17E+00,1.15E+00,1.12E+00,1.19E+00,1.13E+00,1.15E+00,1.14E+00,1.17E+00,1.15E+00,1.17E+00,1.23E+00,1.20E+00,1.14E+00,1.14E+00,9.82E-01,1.10E+00,1.15E+00,1.17E+00,1.22E+00,1.18E+00,1.21E+00,1.16E+00,1.24E+00,1.14E+00,1.20E+00,1.18E+00,1.08E+00,1.30E+00,1.18E+00,1.15E+00,1.17E+00,1.28E+00,1.07E+00,1.17E+00,1.16E+00,1.19E+00,1.15E+00,1.24E+00,1.29E+00,1.20E+00,1.25E+00,1.21E+00,1.14E+00,1.09E+00,1.12E+00,1.13E+00,1.15E+00,1.11E+00,1.24E+00,9.64E-01,1.09E+00,9.89E-01,1.17E+00,1.23E+00,1.13E+00,1.17E+00,1.23E+00,1.21E+00,1.09E+00,1.13E+00,1.17E+00,1.23E+00,1.25E+00,1.32E+00,1.29E+00,1.27E+00,1.26E+00,1.19E+00,1.17E+00,1.35E+00,1.40E+00,1.06E+00,1.22E+00,1.22E+00,1.25E+00,1.07E+00,1.08E+00,1.15E+00,1.21E+00,1.02E+00,1.18E+00,1.35E+00,1.16E+00,1.04E+00,1.07E+00,1.12E+00,1.09E+00,1.19E+00,1.22E+00
127_S_4940,1.00E+00,7.35E-01,1.10E+00,9.03E-01,9.43E-01,1.11E+00,1.11E+00,1.13E+00,9.63E-01,1.12E+00,1.06E+00,1.13E+00,9.77E-01,9.94E-01,1.05E+00,1.03E+00,1.05E+00,1.05E+00,1.02E+00,1.03E+00,9.18E-01,1.12E+00,1.02E+00,1.09E+00,1.07E+00,1.04E+00,1.12E+00,1.08E+00,1.05E+00,1.06E+00,1.09E+00,1.07E+00,1.05E+00,1.05E+00,1.04E+00,1.01E+00,1.00E+00,9.92E-01,1.07E+00,1.09E+00,1.10E+00,1.02E+00,1.07E+00,9.68E-01,1.02E+00,1.08E+00,1.10E+00,1.18E+00,1.08E+00,9.43E-01,1.07E+00,1.05E+00,8.56E-01,9.24E-01,8.23E-01,8.58E-01,1.11E+00,1.11E+00,1.07E+00,1.03E+00,1.04E+00,1.15E+00,1.15E+00,1.07E+00,1.09E+00,9.25E-01,1.07E+00,1.12E+00,1.08E+00,1.18E+00,1.23E+00,1.27E+00,1.20E+00,8.96E-01,1.17E+00,1.16E+00,1.15E+00,1.11E+00,1.20E+00,1.08E+00,1.17E+00,1.07E+00,9.81E-01,1.10E+00,9.75E-01,1.11E+00,1.15E+00,1.23E+00,1.15E+00,1.21E+00,1.15E+00,1.15E+00,1.18E+00,1.18E+00,1.19E+00,1.19E+00,1.15E+00,9.79E-01,1.14E+00,1.09E+00,1.31E+00,1.27E+00,1.33E+00,1.29E+00,1.29E+00,1.36E+00,1.21E+00,1.11E+00,1.55E+00,1.20E+00,1.34E+00,1.19E+00,1.17E+00,1.22E+00,1.20E+00,1.16E+00,1.12E+00,1.20E+00,1.16E+00,1.16E+00,1.16E+00,1.15E+00,1.16E+00,1.05E+00,1.17E+00,9.55E-01,1.12E+00,1.15E+00,1.12E+00,1.23E+00,1.14E+00,1.16E+00,1.23E+00,1.16E+00,1.05E+00,1.20E+00,1.15E+00,1.08E+00,1.13E+00,1.13E+00,1.12E+00,1.11E+00,1.21E+00,1.19E+00,1.13E+00,1.14E+00,1.05E+00,1.10E+00,1.15E+00,1.09E+00,1.12E+00,1.24E+00,1.24E+00,1.18E+00,1.08E+00,9.97E-01,1.09E+00,1.10E+00,1.06E+00,1.17E+00,8.05E-01,9.56E-01,8.24E-01,1.05E+00,1.17E+00,1.06E+00,1.12E+00,1.17E+00,1.23E+00,9.55E-01,1.11E+00,1.14E+00,1.18E+00,1.16E+00,1.25E+00,1.23E+00,1.22E+00,1.23E+00,9.45E-01,1.20E+00,1.33E+00,1.31E+00,9.27E-01,1.16E+00,1.19E+00,1.29E+00,9.60E-01,9.42E-01,1.08E+00,1.17E+00,8.85E-01,1.19E+00,1.24E+00,1.21E+00,1.13E+00,9.96E-01,8.12E-01,1.09E+00,1.16E+00,1.19E+00
127_S_4992,1.07E+00,7.19E-01,8.77E-01,8.53E-01,8.08E-01,8.80E-01,1.10E+00,1.07E+00,9.44E-01,9.72E-01,9.49E-01,1.03E+00,9.60E-01,9.40E-01,1.05E+00,1.01E+00,1.01E+00,1.08E+00,1.03E+00,1.04E+00,1.06E+00,1.11E+00,9.99E-01,1.15E+00,1.05E+00,1.06E+00,1.12E+00,1.10E+00,1.12E+00,1.03E+00,8.99E-01,8.69E-01,8.74E-01,9.21E-01,1.01E+00,9.55E-01,9.28E-01,9.39E-01,1.09E+00,1.04E+00,1.18E+00,1.01E+00,1.17E+00,9.59E-01,9.67E-01,1.08E+00,1.05E+00,1.23E+00,1.06E+00,9.81E-01,1.13E+00,1.11E+00,9.66E-01,1.00E+00,8.97E-01,9.52E-01,1.03E+00,9.29E-01,1.05E+00,9.45E-01,1.15E+00,1.24E+00,1.15E+00,1.08E+00,1.24E+00,9.90E-01,1.06E+00,1.03E+00,1.19E+00,1.21E+00,1.25E+00,1.08E+00,1.05E+00,8.83E-01,9.28E-01,1.16E+00,1.07E+00,1.02E+00,9.79E-01,1.09E+00,1.20E+00,1.04E+00,1.04E+00,1.10E+00,1.14E+00,1.09E+00,1.03E+00,1.24E+00,1.27E+00,1.25E+00,1.31E+00,1.28E+00,1.26E+00,1.29E+00,1.21E+00,9.42E-01,1.08E+00,1.01E+00,1.04E+00,9.54E-01,1.46E+00,1.10E+00,1.15E+00,1.06E+00,9.34E-01,1.12E+00,1.17E+00,1.05E+00,1.14E+00,1.15E+00,1.34E+00,1.05E+00,1.17E+00,1.11E+00,1.33E+00,1.18E+00,1.07E+00,1.16E+00,1.11E+00,1.19E+00,1.22E+00,1.27E+00,1.10E+00,1.14E+00,1.04E+00,9.29E-01,1.02E+00,1.18E+00,1.14E+00,1.16E+00,1.17E+00,1.00E+00,9.18E-01,9.79E-01,9.66E-01,9.11E-01,1.14E+00,9.37E-01,1.07E+00,1.07E+00,1.09E+00,1.13E+00,1.21E+00,1.22E+00,1.25E+00,1.18E+00,1.17E+00,1.12E+00,1.19E+00,1.35E+00,1.07E+00,1.27E+00,1.29E+00,1.16E+00,1.05E+00,1.28E+00,1.18E+00,1.25E+00,1.19E+00,1.26E+00,8.76E-01,1.03E+00,8.88E-01,1.14E+00,9.44E-01,1.03E+00,1.20E+00,1.19E+00,1.18E+00,1.05E+00,1.10E+00,1.03E+00,9.84E-01,1.01E+00,1.28E+00,1.24E+00,1.31E+00,1.33E+00,1.34E+00,1.24E+00,1.10E+00,9.99E-01,9.65E-01,1.03E+00,1.22E+00,1.06E+00,1.07E+00,1.08E+00,1.28E+00,1.09E+00,9.62E-01,1.32E+00,1.22E+00,1.03E+00,1.01E+00,1.01E+00,1.01E+00,1.02E+00,1.05E+00,1.12E+00
127_S_5028,9.81E-01,7.08E-01,1.03E+00,8.47E-01,8.92E-01,1.05E+00,1.07E+00,1.04E+00,9.46E-01,1.09E+00,9.54E-01,1.09E+00,9.18E-01,9.19E-01,9.77E-01,9.94E-01,9.74E-01,9.98E-01,1.01E+00,9.66E-01,1.07E+00,1.17E+00,1.03E+00,1.09E+00,1.08E+00,1.06E+00,1.10E+00,1.02E+00,1.11E+00,1.04E+00,1.06E+00,9.70E-01,1.06E+00,1.02E+00,1.05E+00,1.05E+00,1.05E+00,1.04E+00,1.07E+00,1.10E+00,1.09E+00,1.03E+00,1.07E+00,8.93E-01,9.80E-01,1.02E+00,1.07E+00,1.15E+00,1.11E+00,9.79E-01,1.13E+00,1.05E+00,9.69E-01,9.77E-01,9.33E-01,9.89E-01,1.13E+00,1.03E+00,1.04E+00,1.02E+00,1.12E+00,1.22E+00,1.21E+00,1.10E+00,1.11E+00,1.00E+00,1.08E+00,1.04E+00,1.12E+00,1.16E+00,1.21E+00,1.24E+00,1.11E+00,9.13E-01,1.06E+00,1.15E+00,1.08E+00,1.05E+00,1.08E+00,1.09E+00,1.15E+00,1.03E+00,1.04E+00,1.05E+00,1.11E+00,1.06E+00,1.06E+00,1.12E+00,1.15E+00,1.10E+00,1.13E+00,1.24E+00,1.24E+00,1.29E+00,1.25E+00,1.07E+00,1.16E+00,1.07E+00,1.10E+00,9.91E-01,1.25E+00,1.14E+00,1.27E+00,1.21E+00,1.15E+00,1.28E+00,1.14E+00,1.14E+00,1.49E+00,1.23E+00,1.45E+00,1.15E+00,1.12E+00,1.11E+00,1.15E+00,1.04E+00,1.08E+00,1.13E+00,1.11E+00,1.09E+00,1.06E+00,1.08E+00,1.09E+00,1.23E+00,1.22E+00,9.43E-01,1.13E+00,1.14E+00,1.14E+00,1.25E+00,1.13E+00,1.10E+00,1.16E+00,1.14E+00,1.07E+00,1.11E+00,1.15E+00,9.44E-01,1.07E+00,1.11E+00,1.00E+00,1.21E+00,1.16E+00,1.13E+00,1.21E+00,1.21E+00,1.10E+00,1.14E+00,1.17E+00,1.11E+00,1.09E+00,1.25E+00,1.23E+00,1.09E+00,1.10E+00,1.16E+00,1.10E+00,1.17E+00,1.19E+00,1.20E+00,9.16E-01,1.01E+00,9.38E-01,1.09E+00,1.02E+00,1.11E+00,1.15E+00,1.19E+00,1.26E+00,1.07E+00,1.08E+00,1.10E+00,1.02E+00,1.12E+00,1.22E+00,1.22E+00,1.26E+00,1.27E+00,1.20E+00,1.10E+00,1.41E+00,1.17E+00,1.10E+00,1.09E+00,1.16E+00,1.27E+00,1.07E+00,1.07E+00,1.13E+00,1.19E+00,1.03E+00,1.18E+00,1.33E+00,1.08E+00,1.15E+00,1.04E+00,1.12E+00,1.08E+00,1.08E+00,1.14E+00
127_S_5058,1.05E+00,6.90E-01,1.12E+00,8.61E-01,8.81E-01,1.01E+00,1.16E+00,1.19E+00,9.78E-01,1.16E+00,9.46E-01,1.12E+00,9.43E-01,9.64E-01,1.04E+00,9.92E-01,1.05E+00,1.03E+00,1.01E+00,1.00E+00,1.13E+00,1.19E+00,1.02E+00,1.15E+00,1.06E+00,1.10E+00,1.12E+00,1.05E+00,1.10E+00,1.05E+00,1.05E+00,9.66E-01,1.06E+00,1.05E+00,1.07E+00,1.03E+00,1.10E+00,1.04E+00,1.08E+00,1.12E+00,1.15E+00,1.05E+00,1.13E+00,9.42E-01,9.98E-01,1.05E+00,1.04E+00,1.22E+00,1.13E+00,9.67E-01,1.07E+00,1.05E+00,1.00E+00,9.96E-01,9.11E-01,9.03E-01,1.05E+00,1.08E+00,1.04E+00,1.01E+00,1.06E+00,1.22E+00,1.16E+00,1.04E+00,1.17E+00,9.71E-01,9.70E-01,1.06E+00,1.17E+00,1.18E+00,1.18E+00,1.17E+00,1.16E+00,8.87E-01,1.11E+00,1.11E+00,1.17E+00,1.08E+00,1.19E+00,1.08E+00,1.16E+00,1.05E+00,1.04E+00,1.06E+00,1.16E+00,1.10E+00,1.06E+00,1.25E+00,1.20E+00,1.15E+00,1.19E+00,1.19E+00,1.24E+00,1.29E+00,1.27E+00,1.03E+00,1.08E+00,1.08E+00,1.06E+00,1.02E+00,1.41E+00,1.03E+00,1.51E+00,1.31E+00,1.08E+00,1.30E+00,1.36E+00,1.17E+00,1.69E+00,1.37E+00,1.43E+00,1.16E+00,1.24E+00,1.09E+00,1.17E+00,1.09E+00,1.13E+00,1.11E+00,1.16E+00,1.17E+00,1.07E+00,1.14E+00,1.12E+00,1.23E+00,1.14E+00,9.46E-01,1.08E+00,1.14E+00,1.17E+00,1.20E+00,1.04E+00,9.19E-01,9.30E-01,1.05E+00,9.39E-01,1.01E+00,1.22E+00,9.87E-01,1.07E+00,1.08E+00,1.04E+00,1.08E+00,1.13E+00,1.10E+00,1.21E+00,1.20E+00,1.06E+00,1.10E+00,1.16E+00,1.07E+00,9.93E-01,1.21E+00,1.25E+00,1.11E+00,1.05E+00,1.09E+00,1.12E+00,1.18E+00,1.18E+00,1.16E+00,9.01E-01,9.96E-01,9.52E-01,1.08E+00,9.45E-01,1.05E+00,1.09E+00,1.11E+00,1.09E+00,9.96E-01,1.02E+00,9.07E-01,9.17E-01,1.02E+00,1.19E+00,1.10E+00,1.25E+00,1.27E+00,1.04E+00,1.14E+00,1.30E+00,1.33E+00,9.94E-01,9.58E-01,1.13E+00,1.31E+00,1.03E+00,1.01E+00,1.16E+00,1.02E+00,9.86E-01,1.16E+00,1.27E+00,9.07E-01,1.05E+00,1.03E+00,1.18E+00,9.87E-01,8.65E-01,1.00E+00
127_S_5067,1.03E+00,7.08E-01,1.08E+00,8.47E-01,8.99E-01,1.03E+00,1.03E+00,1.09E+00,9.58E-01,1.14E+00,9.44E-01,1.07E+00,9.29E-01,9.08E-01,1.01E+00,9.72E-01,9.85E-01,1.02E+00,9.94E-01,9.72E-01,9.41E-01,1.00E+00,9.96E-01,1.08E+00,1.03E+00,1.04E+00,1.09E+00,1.05E+00,1.08E+00,1.05E+00,1.04E+00,1.11E+00,1.07E+00,1.04E+00,1.00E+00,9.67E-01,1.04E+00,1.02E+00,1.07E+00,1.03E+00,1.02E+00,9.84E-01,1.12E+00,9.45E-01,9.64E-01,1.01E+00,1.05E+00,1.18E+00,1.09E+00,9.61E-01,1.08E+00,1.03E+00,7.56E-01,8.53E-01,7.63E-01,8.51E-01,1.10E+00,1.14E+00,1.09E+00,1.08E+00,1.09E+00,1.20E+00,1.15E+00,1.12E+00,1.18E+00,9.67E-01,1.11E+00,1.10E+00,1.21E+00,1.18E+00,1.19E+00,1.19E+00,1.22E+00,8.70E-01,1.14E+00,1.15E+00,1.12E+00,1.09E+00,1.21E+00,9.90E-01,1.11E+00,1.00E+00,8.96E-01,1.04E+00,1.06E+00,1.10E+00,1.13E+00,1.12E+00,1.14E+00,1.18E+00,1.21E+00,1.12E+00,1.18E+00,1.18E+00,1.24E+00,1.13E+00,1.07E+00,9.88E-01,1.13E+00,1.11E+00,1.37E+00,1.21E+00,1.38E+00,1.34E+00,1.25E+00,1.29E+00,1.34E+00,1.19E+00,1.59E+00,1.24E+00,1.31E+00,1.14E+00,1.06E+00,1.11E+00,1.05E+00,1.10E+00,1.07E+00,1.05E+00,1.08E+00,1.09E+00,1.08E+00,1.04E+00,1.09E+00,1.08E+00,1.12E+00,9.60E-01,1.08E+00,1.16E+00,1.16E+00,1.20E+00,1.13E+00,1.12E+00,1.19E+00,1.25E+00,1.14E+00,1.22E+00,1.09E+00,1.02E+00,1.15E+00,1.06E+00,1.05E+00,1.14E+00,1.28E+00,1.12E+00,1.14E+00,1.14E+00,1.04E+00,1.11E+00,1.20E+00,1.10E+00,1.16E+00,1.24E+00,1.19E+00,1.13E+00,1.11E+00,1.02E+00,1.08E+00,1.17E+00,9.92E-01,1.15E+00,7.50E-01,8.96E-01,7.46E-01,1.07E+00,1.23E+00,1.14E+00,1.19E+00,1.15E+00,1.16E+00,1.06E+00,1.09E+00,1.15E+00,1.22E+00,1.17E+00,1.25E+00,1.24E+00,1.23E+00,1.22E+00,1.11E+00,1.14E+00,1.31E+00,1.39E+00,1.02E+00,1.18E+00,1.24E+00,1.27E+00,9.98E-01,1.00E+00,1.10E+00,1.17E+00,8.63E-01,1.20E+00,1.26E+00,1.15E+00,1.10E+00,1.06E+00,1.06E+00,1.06E+00,1.16E+00,1.17E+00
127_S_5095,9.90E-01,6.86E-01,1.05E+00,8.16E-01,8.53E-01,9.85E-01,9.80E-01,1.05E+00,9.16E-01,1.12E+00,9.87E-01,1.10E+00,9.23E-01,9.14E-01,1.01E+00,9.90E-01,9.80E-01,1.04E+00,1.02E+00,9.89E-01,9.91E-01,1.01E+00,9.57E-01,1.07E+00,1.05E+00,1.04E+00,1.01E+00,9.95E-01,1.05E+00,1.02E+00,9.91E-01,9.78E-01,1.03E+00,9.88E-01,1.02E+00,9.40E-01,9.96E-01,1.05E+00,1.02E+00,1.06E+00,1.20E+00,9.85E-01,1.02E+00,9.22E-01,9.40E-01,1.06E+00,1.03E+00,1.23E+00,1.03E+00,9.62E-01,1.08E+00,1.02E+00,8.67E-01,9.09E-01,8.06E-01,8.66E-01,9.37E-01,9.14E-01,9.48E-01,9.37E-01,1.17E+00,1.17E+00,1.12E+00,1.02E+00,1.08E+00,9.39E-01,8.69E-01,9.66E-01,1.09E+00,1.12E+00,1.20E+00,1.15E+00,1.15E+00,8.47E-01,8.80E-01,1.07E+00,1.10E+00,1.02E+00,1.13E+00,1.05E+00,1.11E+00,9.97E-01,9.10E-01,8.69E-01,9.09E-01,9.92E-01,1.05E+00,1.14E+00,1.13E+00,1.13E+00,1.15E+00,1.15E+00,1.14E+00,1.17E+00,1.16E+00,1.01E+00,1.11E+00,9.50E-01,1.08E+00,9.72E-01,1.24E+00,1.18E+00,1.33E+00,1.30E+00,1.24E+00,1.35E+00,1.23E+00,1.07E+00,1.47E+00,1.21E+00,1.52E+00,1.22E+00,1.17E+00,1.20E+00,1.27E+00,1.12E+00,1.15E+00,1.19E+00,1.18E+00,1.19E+00,1.17E+00,1.22E+00,1.13E+00,1.18E+00,1.21E+00,9.29E-01,1.13E+00,1.20E+00,1.17E+00,1.23E+00,1.06E+00,1.07E+00,1.14E+00,1.22E+00,1.08E+00,1.20E+00,1.23E+00,1.01E+00,1.28E+00,1.18E+00,1.12E+00,1.26E+00,1.26E+00,1.22E+00,1.27E+00,1.20E+00,1.08E+00,1.09E+00,1.25E+00,1.27E+00,1.12E+00,1.31E+00,1.35E+00,1.16E+00,1.06E+00,1.12E+00,1.07E+00,1.17E+00,1.15E+00,1.17E+00,8.81E-01,9.59E-01,8.83E-01,1.08E+00,1.10E+00,1.08E+00,1.27E+00,1.21E+00,1.28E+00,1.07E+00,1.01E+00,1.02E+00,1.11E+00,1.15E+00,1.31E+00,1.32E+00,1.23E+00,1.32E+00,1.14E+00,1.16E+00,1.51E+00,1.42E+00,1.06E+00,1.12E+00,1.31E+00,1.33E+00,1.02E+00,1.05E+00,1.14E+00,1.15E+00,9.92E-01,1.23E+00,1.25E+00,1.17E+00,1.15E+00,1.00E+00,9.75E-01,1.08E+00,1.06E+00,1.12E+00
128_S_4586,8.32E-01,7.12E-01,8.71E-01,8.25E-01,8.89E-01,9.24E-01,9.59E-01,9.39E-01,9.38E-01,1.02E+00,9.55E-01,9.78E-01,9.59E-01,9.37E-01,1.00E+00,9.49E-01,9.72E-01,1.03E+00,1.00E+00,9.90E-01,1.08E+00,1.13E+00,1.03E+00,1.07E+00,1.05E+00,1.03E+00,1.07E+00,1.03E+00,9.63E-01,9.67E-01,1.01E+00,1.02E+00,1.01E+00,9.78E-01,1.03E+00,9.54E-01,9.50E-01,9.78E-01,1.02E+00,1.06E+00,1.12E+00,1.02E+00,1.10E+00,1.00E+00,1.02E+00,1.07E+00,1.06E+00,1.25E+00,1.10E+00,1.00E+00,1.09E+00,1.11E+00,9.68E-01,1.00E+00,9.04E-01,9.59E-01,1.09E+00,1.10E+00,1.03E+00,1.02E+00,1.10E+00,1.22E+00,1.26E+00,1.12E+00,1.23E+00,9.98E-01,1.08E+00,1.11E+00,1.25E+00,1.17E+00,1.25E+00,1.15E+00,1.16E+00,9.23E-01,1.13E+00,1.21E+00,1.17E+00,1.12E+00,1.26E+00,1.09E+00,1.18E+00,1.07E+00,9.88E-01,1.07E+00,1.09E+00,1.09E+00,1.10E+00,1.24E+00,1.24E+00,1.27E+00,1.24E+00,1.20E+00,1.21E+00,1.26E+00,1.24E+00,1.06E+00,1.07E+00,1.01E+00,1.06E+00,1.06E+00,9.59E-01,1.04E+00,8.61E-01,1.02E+00,1.03E+00,1.05E+00,7.63E-01,8.75E-01,1.03E+00,1.06E+00,1.20E+00,1.07E+00,1.11E+00,1.14E+00,1.15E+00,1.13E+00,1.06E+00,1.10E+00,1.05E+00,1.11E+00,1.11E+00,1.15E+00,1.09E+00,1.13E+00,1.20E+00,9.81E-01,1.06E+00,1.19E+00,1.17E+00,1.23E+00,1.04E+00,1.15E+00,1.04E+00,1.10E+00,1.03E+00,1.04E+00,1.14E+00,1.02E+00,1.11E+00,1.06E+00,1.10E+00,1.15E+00,1.15E+00,1.16E+00,1.26E+00,1.18E+00,1.14E+00,1.14E+00,1.23E+00,1.08E+00,1.18E+00,1.31E+00,1.32E+00,1.18E+00,1.08E+00,1.22E+00,1.18E+00,1.26E+00,1.22E+00,1.22E+00,8.96E-01,1.03E+00,1.00E+00,1.01E+00,1.10E+00,1.11E+00,1.18E+00,1.23E+00,1.29E+00,1.08E+00,1.15E+00,1.13E+00,1.25E+00,1.19E+00,1.31E+00,1.35E+00,1.32E+00,1.33E+00,1.20E+00,1.24E+00,1.31E+00,1.41E+00,1.07E+00,1.25E+00,1.28E+00,1.34E+00,1.07E+00,1.12E+00,1.24E+00,1.17E+00,9.61E-01,1.28E+00,1.34E+00,1.12E+00,1.06E+00,9.73E-01,1.11E+00,1.04E+00,1.17E+00,1.19E+00
128_S_4774,1.00E+00,7.50E-01,1.06E+00,8.92E-01,9.09E-01,9.99E-01,1.04E+00,1.10E+00,9.73E-01,1.12E+00,1.01E+00,1.07E+00,9.70E-01,9.36E-01,9.96E-01,9.72E-01,9.99E-01,1.02E+00,1.03E+00,9.94E-01,1.02E+00,1.08E+00,1.01E+00,1.11E+00,1.04E+00,1.04E+00,1.09E+00,1.07E+00,1.04E+00,1.03E+00,1.00E+00,9.82E-01,9.87E-01,9.83E-01,9.86E-01,9.33E-01,9.19E-01,9.84E-01,1.04E+00,1.06E+00,1.20E+00,1.02E+00,1.06E+00,9.90E-01,1.03E+00,1.07E+00,1.03E+00,1.13E+00,1.09E+00,9.66E-01,1.03E+00,1.04E+00,8.40E-01,9.26E-01,7.96E-01,8.85E-01,1.04E+00,9.54E-01,9.62E-01,9.40E-01,1.09E+00,1.12E+00,1.11E+00,1.05E+00,1.11E+00,9.71E-01,9.86E-01,9.49E-01,1.10E+00,1.10E+00,1.17E+00,1.17E+00,1.12E+00,8.87E-01,9.36E-01,1.08E+00,1.13E+00,1.09E+00,1.17E+00,1.04E+00,1.12E+00,1.00E+00,8.94E-01,9.57E-01,1.04E+00,1.08E+00,9.89E-01,1.10E+00,1.13E+00,1.16E+00,1.12E+00,1.15E+00,1.15E+00,1.12E+00,1.13E+00,1.01E+00,1.12E+00,9.56E-01,1.07E+00,1.05E+00,1.25E+00,1.17E+00,1.14E+00,1.17E+00,1.14E+00,1.16E+00,1.22E+00,1.09E+00,1.43E+00,1.29E+00,1.34E+00,1.15E+00,1.10E+00,1.14E+00,1.23E+00,1.10E+00,1.09E+00,1.11E+00,1.08E+00,1.17E+00,1.12E+00,1.16E+00,1.16E+00,1.19E+00,1.23E+00,9.75E-01,1.09E+00,1.20E+00,1.15E+00,1.21E+00,1.12E+00,1.14E+00,1.11E+00,1.26E+00,1.01E+00,1.11E+00,1.16E+00,1.04E+00,1.10E+00,1.08E+00,1.11E+00,1.14E+00,1.27E+00,1.17E+00,1.23E+00,1.24E+00,1.15E+00,1.18E+00,1.20E+00,1.11E+00,1.16E+00,1.26E+00,1.23E+00,1.17E+00,1.11E+00,1.14E+00,1.20E+00,1.18E+00,1.11E+00,1.20E+00,9.22E-01,1.08E+00,9.23E-01,1.17E+00,1.08E+00,1.00E+00,1.14E+00,1.26E+00,1.17E+00,1.09E+00,1.14E+00,1.12E+00,1.06E+00,1.06E+00,1.21E+00,1.24E+00,1.24E+00,1.28E+00,1.01E+00,1.13E+00,1.37E+00,1.34E+00,1.11E+00,1.12E+00,1.19E+00,1.39E+00,1.08E+00,1.09E+00,1.15E+00,1.23E+00,9.61E-01,1.16E+00,1.29E+00,1.13E+00,1.18E+00,1.10E+00,1.20E+00,1.08E+00,1.20E+00,1.19E+00
128_S_4832,9.83E-01,7.08E-01,1.00E+00,8.30E-01,8.68E-01,9.87E-01,1.06E+00,1.09E+00,9.17E-01,1.09E+00,9.57E-01,1.01E+00,9.39E-01,9.33E-01,9.96E-01,9.83E-01,9.91E-01,1.04E+00,1.03E+00,1.01E+00,9.74E-01,1.10E+00,1.01E+00,1.10E+00,1.04E+00,1.05E+00,1.08E+00,1.05E+00,1.06E+00,1.02E+00,1.02E+00,1.02E+00,1.04E+00,1.02E+00,1.04E+00,1.03E+00,1.04E+00,1.03E+00,1.08E+00,1.07E+00,1.17E+00,1.02E+00,1.12E+00,9.63E-01,9.84E-01,1.10E+00,1.07E+00,1.25E+00,1.13E+00,9.94E-01,1.10E+00,1.09E+00,9.46E-01,9.89E-01,8.94E-01,8.95E-01,1.04E+00,1.12E+00,1.09E+00,1.02E+00,1.19E+00,1.22E+00,1.21E+00,1.10E+00,1.19E+00,9.84E-01,1.07E+00,1.10E+00,1.17E+00,1.17E+00,1.23E+00,1.21E+00,1.22E+00,9.09E-01,1.07E+00,1.21E+00,1.16E+00,1.09E+00,1.18E+00,1.07E+00,1.18E+00,1.05E+00,9.58E-01,1.06E+00,1.01E+00,1.05E+00,1.11E+00,1.21E+00,1.23E+00,1.20E+00,1.21E+00,1.16E+00,1.21E+00,1.22E+00,1.18E+00,1.08E+00,1.09E+00,9.43E-01,1.10E+00,1.05E+00,1.27E+00,1.21E+00,1.20E+00,1.17E+00,1.13E+00,1.17E+00,1.10E+00,1.08E+00,1.26E+00,1.22E+00,1.27E+00,1.13E+00,1.16E+00,1.17E+00,1.38E+00,1.15E+00,1.18E+00,1.20E+00,1.17E+00,1.15E+00,1.15E+00,1.25E+00,1.14E+00,1.23E+00,1.16E+00,9.94E-01,1.12E+00,1.19E+00,1.18E+00,1.24E+00,1.13E+00,1.13E+00,1.16E+00,1.14E+00,1.06E+00,1.09E+00,1.18E+00,1.07E+00,1.27E+00,1.12E+00,1.13E+00,1.17E+00,1.23E+00,1.20E+00,1.27E+00,1.27E+00,1.22E+00,1.17E+00,1.33E+00,1.31E+00,1.22E+00,1.32E+00,1.36E+00,1.15E+00,1.07E+00,1.21E+00,1.21E+00,1.18E+00,1.18E+00,1.24E+00,9.31E-01,1.08E+00,9.76E-01,1.14E+00,1.17E+00,1.21E+00,1.25E+00,1.22E+00,1.32E+00,1.10E+00,1.06E+00,1.13E+00,1.20E+00,1.27E+00,1.36E+00,1.35E+00,1.26E+00,1.32E+00,1.28E+00,1.27E+00,1.44E+00,1.45E+00,1.18E+00,1.17E+00,1.31E+00,1.35E+00,1.09E+00,1.09E+00,1.30E+00,1.21E+00,9.31E-01,1.26E+00,1.30E+00,1.19E+00,1.09E+00,1.03E+00,1.06E+00,9.96E-01,1.24E+00,1.13E+00
128_S_5123,1.00E+00,8.33E-01,1.06E+00,9.76E-01,1.00E+00,1.07E+00,1.10E+00,1.13E+00,1.03E+00,1.13E+00,1.02E+00,1.12E+00,1.04E+00,9.94E-01,1.05E+00,1.03E+00,1.03E+00,1.07E+00,1.07E+00,1.02E+00,1.06E+00,1.11E+00,1.07E+00,1.11E+00,1.11E+00,1.10E+00,1.10E+00,1.10E+00,1.12E+00,1.11E+00,1.11E+00,1.08E+00,1.06E+00,1.06E+00,1.08E+00,1.06E+00,1.04E+00,1.02E+00,1.11E+00,1.09E+00,1.21E+00,1.09E+00,1.12E+00,1.04E+00,1.08E+00,1.11E+00,1.14E+00,1.23E+00,1.14E+00,1.08E+00,1.17E+00,1.15E+00,1.04E+00,1.07E+00,9.53E-01,1.03E+00,1.17E+00,1.11E+00,1.14E+00,1.08E+00,1.15E+00,1.20E+00,1.16E+00,1.10E+00,1.12E+00,1.09E+00,1.16E+00,1.14E+00,1.23E+00,1.17E+00,1.27E+00,1.24E+00,1.21E+00,1.02E+00,1.16E+00,1.17E+00,1.18E+00,1.15E+00,1.22E+00,1.15E+00,1.24E+00,1.11E+00,9.82E-01,1.12E+00,1.10E+00,1.12E+00,1.11E+00,1.20E+00,1.24E+00,1.19E+00,1.20E+00,1.19E+00,1.19E+00,1.20E+00,1.20E+00,1.13E+00,1.14E+00,1.09E+00,1.14E+00,1.09E+00,1.22E+00,1.20E+00,1.17E+00,1.18E+00,1.20E+00,1.21E+00,1.14E+00,1.13E+00,1.36E+00,1.20E+00,1.32E+00,1.18E+00,1.14E+00,1.21E+00,1.34E+00,1.14E+00,1.11E+00,1.13E+00,1.12E+00,1.14E+00,1.09E+00,1.21E+00,1.09E+00,1.24E+00,1.21E+00,1.05E+00,1.13E+00,1.19E+00,1.18E+00,1.25E+00,1.15E+00,1.21E+00,1.11E+00,1.24E+00,1.15E+00,1.11E+00,1.19E+00,1.09E+00,1.20E+00,1.13E+00,1.14E+00,1.22E+00,1.26E+00,1.22E+00,1.27E+00,1.27E+00,1.23E+00,1.25E+00,1.27E+00,1.24E+00,1.24E+00,1.31E+00,1.28E+00,1.22E+00,1.15E+00,1.26E+00,1.20E+00,1.26E+00,1.22E+00,1.27E+00,1.05E+00,1.12E+00,1.07E+00,1.16E+00,1.15E+00,1.18E+00,1.20E+00,1.24E+00,1.25E+00,1.17E+00,1.17E+00,1.20E+00,1.24E+00,1.22E+00,1.35E+00,1.30E+00,1.28E+00,1.31E+00,1.32E+00,1.21E+00,1.37E+00,1.33E+00,1.17E+00,1.21E+00,1.25E+00,1.37E+00,1.15E+00,1.15E+00,1.28E+00,1.24E+00,1.06E+00,1.22E+00,1.32E+00,1.19E+00,1.18E+00,1.14E+00,1.14E+00,1.10E+00,1.19E+00,1.29E+00
129_S_0778,1.02E+00,7.10E-01,1.03E+00,8.58E-01,9.11E-01,1.06E+00,1.05E+00,1.10E+00,9.37E-01,1.06E+00,1.01E+00,1.08E+00,8.95E-01,9.36E-01,1.00E+00,9.39E-01,9.77E-01,9.94E-01,9.36E-01,9.22E-01,1.03E+00,1.12E+00,9.83E-01,1.12E+00,1.11E+00,1.04E+00,1.11E+00,1.06E+00,1.06E+00,1.13E+00,1.13E+00,1.11E+00,1.08E+00,9.56E-01,1.05E+00,9.77E-01,1.00E+00,9.71E-01,1.09E+00,1.13E+00,1.05E+00,1.05E+00,1.11E+00,9.72E-01,9.80E-01,1.05E+00,1.08E+00,1.24E+00,1.13E+00,9.74E-01,1.11E+00,1.10E+00,9.77E-01,1.06E+00,9.38E-01,9.13E-01,1.21E+00,1.19E+00,1.10E+00,1.05E+00,1.09E+00,1.35E+00,1.27E+00,1.11E+00,1.25E+00,9.82E-01,1.22E+00,1.17E+00,1.28E+00,1.22E+00,1.29E+00,1.25E+00,1.14E+00,9.06E-01,1.26E+00,1.16E+00,1.20E+00,1.12E+00,1.20E+00,1.07E+00,1.21E+00,1.04E+00,1.08E+00,1.17E+00,1.16E+00,1.15E+00,1.21E+00,1.19E+00,1.19E+00,1.16E+00,1.23E+00,1.04E+00,1.26E+00,1.26E+00,1.31E+00,1.17E+00,1.09E+00,9.65E-01,1.21E+00,1.04E+00,1.27E+00,1.21E+00,1.25E+00,1.31E+00,1.26E+00,1.30E+00,1.16E+00,1.01E+00,1.34E+00,1.24E+00,1.31E+00,1.10E+00,1.07E+00,1.17E+00,1.05E+00,1.08E+00,1.03E+00,1.09E+00,1.09E+00,1.12E+00,9.53E-01,9.62E-01,1.02E+00,1.13E+00,1.20E+00,9.58E-01,1.11E+00,1.14E+00,1.14E+00,1.23E+00,1.17E+00,1.20E+00,1.18E+00,1.24E+00,1.12E+00,1.20E+00,1.11E+00,1.01E+00,1.10E+00,1.09E+00,1.10E+00,1.11E+00,1.22E+00,8.96E-01,1.04E+00,1.13E+00,9.50E-01,1.06E+00,1.08E+00,9.83E-01,1.15E+00,1.30E+00,1.28E+00,1.07E+00,1.10E+00,1.04E+00,1.14E+00,1.12E+00,1.09E+00,1.19E+00,9.01E-01,1.09E+00,9.25E-01,1.00E+00,1.21E+00,1.06E+00,1.10E+00,1.12E+00,1.32E+00,1.05E+00,1.19E+00,1.24E+00,1.28E+00,1.18E+00,1.31E+00,1.24E+00,1.30E+00,1.37E+00,1.03E+00,1.20E+00,1.40E+00,1.26E+00,1.06E+00,1.23E+00,1.16E+00,1.32E+00,9.81E-01,1.04E+00,1.10E+00,1.24E+00,1.01E+00,1.19E+00,1.32E+00,1.27E+00,1.15E+00,8.53E-01,1.11E+00,1.10E+00,1.22E+00,1.22E+00
129_S_4369,1.03E+00,7.11E-01,1.08E+00,8.74E-01,9.24E-01,1.04E+00,1.07E+00,1.06E+00,9.52E-01,1.14E+00,9.93E-01,1.14E+00,9.09E-01,9.48E-01,9.84E-01,9.52E-01,9.72E-01,9.64E-01,9.59E-01,9.46E-01,1.02E+00,1.17E+00,9.77E-01,1.05E+00,1.06E+00,9.99E-01,1.01E+00,1.02E+00,1.07E+00,1.05E+00,1.09E+00,1.06E+00,1.09E+00,1.06E+00,1.05E+00,1.02E+00,1.04E+00,1.03E+00,1.05E+00,1.04E+00,1.01E+00,9.86E-01,1.07E+00,9.24E-01,9.35E-01,9.76E-01,1.05E+00,1.15E+00,1.06E+00,9.71E-01,9.48E-01,1.01E+00,9.24E-01,9.83E-01,8.62E-01,9.15E-01,1.17E+00,1.19E+00,1.10E+00,1.06E+00,1.05E+00,1.16E+00,1.14E+00,1.08E+00,1.12E+00,9.82E-01,1.10E+00,1.10E+00,1.13E+00,1.13E+00,1.20E+00,1.30E+00,1.15E+00,8.98E-01,1.17E+00,1.13E+00,1.16E+00,1.10E+00,1.23E+00,1.02E+00,1.15E+00,1.03E+00,9.46E-01,1.06E+00,1.07E+00,1.11E+00,1.12E+00,1.13E+00,1.11E+00,1.08E+00,1.09E+00,1.08E+00,1.11E+00,1.19E+00,1.17E+00,1.09E+00,1.13E+00,1.01E+00,1.09E+00,1.03E+00,1.26E+00,1.17E+00,1.43E+00,1.31E+00,1.28E+00,1.36E+00,1.23E+00,1.12E+00,1.63E+00,1.33E+00,1.54E+00,1.18E+00,1.18E+00,1.12E+00,1.11E+00,1.12E+00,1.08E+00,1.06E+00,1.11E+00,1.04E+00,9.86E-01,1.02E+00,1.02E+00,1.29E+00,1.22E+00,9.58E-01,1.09E+00,1.16E+00,1.13E+00,1.15E+00,1.04E+00,1.22E+00,1.14E+00,1.20E+00,1.13E+00,1.21E+00,1.16E+00,1.05E+00,1.11E+00,1.04E+00,1.12E+00,1.17E+00,1.25E+00,1.10E+00,1.19E+00,1.18E+00,1.05E+00,1.10E+00,1.16E+00,1.05E+00,1.10E+00,1.29E+00,1.25E+00,1.09E+00,1.05E+00,1.12E+00,1.07E+00,1.12E+00,1.12E+00,1.22E+00,8.50E-01,9.88E-01,9.03E-01,1.08E+00,1.26E+00,1.19E+00,1.11E+00,1.21E+00,1.20E+00,1.08E+00,1.13E+00,1.13E+00,1.26E+00,1.24E+00,1.22E+00,1.25E+00,1.18E+00,1.28E+00,1.08E+00,1.11E+00,1.50E+00,1.44E+00,1.09E+00,1.18E+00,1.28E+00,1.42E+00,1.05E+00,1.08E+00,1.21E+00,1.26E+00,9.47E-01,1.12E+00,1.23E+00,1.15E+00,1.14E+00,1.02E+00,1.16E+00,1.04E+00,1.21E+00,1.19E+00
129_S_4371,1.01E+00,7.31E-01,1.08E+00,8.78E-01,9.08E-01,1.03E+00,1.04E+00,1.11E+00,9.69E-01,1.11E+00,9.70E-01,1.10E+00,9.28E-01,9.61E-01,9.91E-01,9.95E-01,9.73E-01,9.92E-01,9.77E-01,9.72E-01,9.60E-01,1.08E+00,9.94E-01,1.07E+00,1.05E+00,1.00E+00,1.06E+00,1.04E+00,1.04E+00,1.07E+00,1.06E+00,1.01E+00,1.04E+00,1.03E+00,1.02E+00,9.83E-01,9.89E-01,9.95E-01,1.08E+00,1.02E+00,1.09E+00,1.01E+00,1.07E+00,9.64E-01,9.63E-01,1.06E+00,1.08E+00,1.15E+00,1.12E+00,9.89E-01,1.11E+00,1.05E+00,9.66E-01,1.02E+00,9.06E-01,8.96E-01,1.13E+00,1.10E+00,1.01E+00,9.83E-01,1.08E+00,1.20E+00,1.13E+00,1.08E+00,1.16E+00,9.77E-01,1.14E+00,1.11E+00,1.18E+00,1.17E+00,1.17E+00,1.19E+00,1.13E+00,8.92E-01,1.13E+00,1.14E+00,1.16E+00,1.10E+00,1.19E+00,1.04E+00,1.15E+00,1.05E+00,1.04E+00,1.08E+00,1.06E+00,1.10E+00,1.12E+00,1.16E+00,1.12E+00,1.12E+00,1.16E+00,1.17E+00,1.22E+00,1.19E+00,1.20E+00,1.12E+00,1.07E+00,9.70E-01,1.12E+00,1.10E+00,1.28E+00,1.18E+00,1.27E+00,1.27E+00,1.22E+00,1.28E+00,1.14E+00,1.05E+00,1.49E+00,1.19E+00,1.32E+00,1.15E+00,1.14E+00,1.08E+00,1.10E+00,1.10E+00,1.02E+00,1.05E+00,9.22E-01,9.71E-01,1.01E+00,1.01E+00,1.07E+00,1.23E+00,1.19E+00,9.77E-01,1.08E+00,1.15E+00,1.12E+00,1.22E+00,1.14E+00,1.19E+00,1.10E+00,1.16E+00,1.04E+00,1.16E+00,1.11E+00,1.04E+00,1.09E+00,9.96E-01,1.09E+00,1.14E+00,1.18E+00,1.16E+00,1.20E+00,1.20E+00,9.40E-01,1.11E+00,1.15E+00,1.05E+00,1.13E+00,1.25E+00,1.17E+00,1.17E+00,1.10E+00,1.05E+00,1.13E+00,1.18E+00,1.11E+00,1.16E+00,9.10E-01,1.00E+00,9.34E-01,1.06E+00,1.09E+00,1.02E+00,1.09E+00,1.21E+00,1.21E+00,1.04E+00,1.14E+00,1.16E+00,1.16E+00,1.16E+00,1.25E+00,1.20E+00,1.22E+00,1.21E+00,9.84E-01,1.09E+00,1.27E+00,1.26E+00,1.07E+00,1.19E+00,1.12E+00,1.26E+00,1.06E+00,1.03E+00,1.07E+00,1.22E+00,9.68E-01,1.10E+00,1.31E+00,1.15E+00,1.03E+00,9.92E-01,1.19E+00,1.07E+00,1.19E+00,1.19E+00
129_S_4396,9.83E-01,7.26E-01,1.03E+00,8.64E-01,9.09E-01,1.01E+00,1.04E+00,1.08E+00,9.50E-01,1.11E+00,9.79E-01,1.08E+00,9.35E-01,9.38E-01,9.62E-01,9.97E-01,9.83E-01,1.01E+00,9.81E-01,9.74E-01,8.86E-01,1.04E+00,9.78E-01,1.05E+00,1.06E+00,1.03E+00,1.03E+00,1.02E+00,1.06E+00,1.04E+00,1.09E+00,1.03E+00,1.05E+00,1.01E+00,1.01E+00,9.83E-01,9.85E-01,1.01E+00,1.06E+00,1.06E+00,1.08E+00,9.82E-01,1.07E+00,9.37E-01,9.62E-01,1.01E+00,1.10E+00,1.17E+00,1.09E+00,9.73E-01,1.09E+00,1.07E+00,9.59E-01,9.80E-01,9.05E-01,8.72E-01,1.15E+00,1.19E+00,1.13E+00,1.04E+00,1.07E+00,1.24E+00,1.15E+00,1.07E+00,1.18E+00,9.90E-01,1.14E+00,1.13E+00,1.13E+00,1.18E+00,1.25E+00,1.19E+00,1.16E+00,8.90E-01,1.20E+00,1.13E+00,1.15E+00,1.14E+00,1.25E+00,1.03E+00,1.19E+00,1.03E+00,1.01E+00,1.09E+00,9.61E-01,1.13E+00,1.11E+00,1.15E+00,1.18E+00,1.13E+00,1.11E+00,1.09E+00,1.23E+00,1.13E+00,1.17E+00,1.13E+00,1.09E+00,9.85E-01,1.14E+00,1.06E+00,1.26E+00,1.23E+00,1.31E+00,1.24E+00,1.20E+00,1.27E+00,1.17E+00,1.08E+00,1.43E+00,1.22E+00,1.36E+00,1.14E+00,1.11E+00,1.11E+00,1.02E+00,1.02E+00,1.01E+00,1.08E+00,1.09E+00,1.07E+00,9.49E-01,9.59E-01,1.04E+00,1.04E+00,1.10E+00,9.52E-01,1.07E+00,1.12E+00,1.11E+00,1.15E+00,1.14E+00,1.17E+00,1.12E+00,1.22E+00,1.09E+00,1.13E+00,1.13E+00,1.04E+00,1.10E+00,1.04E+00,1.07E+00,1.14E+00,1.15E+00,1.07E+00,1.13E+00,1.14E+00,9.12E-01,1.09E+00,1.19E+00,9.27E-01,1.16E+00,1.25E+00,1.24E+00,1.11E+00,1.05E+00,9.65E-01,1.13E+00,1.18E+00,1.11E+00,1.16E+00,9.30E-01,1.06E+00,9.77E-01,1.04E+00,1.19E+00,1.08E+00,1.05E+00,1.16E+00,1.21E+00,1.05E+00,1.14E+00,1.16E+00,1.24E+00,1.21E+00,1.29E+00,1.27E+00,1.26E+00,1.30E+00,9.27E-01,1.16E+00,1.40E+00,1.38E+00,1.08E+00,1.24E+00,1.24E+00,1.44E+00,1.00E+00,1.04E+00,1.05E+00,1.19E+00,1.00E+00,1.13E+00,1.29E+00,1.16E+00,1.17E+00,1.00E+00,9.86E-01,1.05E+00,1.20E+00,1.15E+00
129_S_4422,1.05E+00,7.08E-01,1.06E+00,8.58E-01,9.03E-01,1.05E+00,1.10E+00,1.14E+00,9.67E-01,1.15E+00,9.86E-01,1.10E+00,9.41E-01,9.18E-01,1.00E+00,1.00E+00,9.75E-01,1.04E+00,1.02E+00,9.93E-01,1.03E+00,1.21E+00,1.03E+00,1.13E+00,1.09E+00,1.08E+00,1.08E+00,1.05E+00,1.10E+00,1.10E+00,1.13E+00,1.08E+00,1.09E+00,1.05E+00,1.05E+00,1.05E+00,1.06E+00,1.08E+00,1.16E+00,1.07E+00,1.06E+00,1.02E+00,1.09E+00,9.72E-01,9.77E-01,1.03E+00,1.11E+00,1.15E+00,1.06E+00,9.75E-01,1.04E+00,1.04E+00,9.94E-01,1.03E+00,9.13E-01,8.94E-01,1.16E+00,1.22E+00,1.09E+00,1.08E+00,1.13E+00,1.21E+00,1.26E+00,1.05E+00,1.19E+00,1.00E+00,1.16E+00,1.16E+00,1.23E+00,1.17E+00,1.20E+00,1.19E+00,1.21E+00,9.11E-01,1.22E+00,1.20E+00,1.15E+00,1.13E+00,1.22E+00,1.05E+00,1.15E+00,1.01E+00,1.04E+00,1.14E+00,1.14E+00,1.15E+00,1.15E+00,1.11E+00,1.15E+00,1.12E+00,1.18E+00,1.09E+00,1.17E+00,1.21E+00,1.24E+00,1.19E+00,1.12E+00,1.05E+00,1.14E+00,1.10E+00,1.29E+00,1.22E+00,1.25E+00,1.29E+00,1.25E+00,1.30E+00,1.09E+00,1.02E+00,1.45E+00,1.21E+00,1.35E+00,1.19E+00,1.13E+00,1.17E+00,1.17E+00,1.12E+00,1.09E+00,1.12E+00,1.11E+00,1.13E+00,1.15E+00,1.13E+00,1.14E+00,1.26E+00,1.22E+00,9.74E-01,1.09E+00,1.18E+00,1.16E+00,1.23E+00,1.10E+00,1.20E+00,1.13E+00,1.22E+00,1.09E+00,1.17E+00,1.13E+00,1.05E+00,1.25E+00,1.09E+00,1.12E+00,1.16E+00,1.22E+00,1.13E+00,1.17E+00,1.16E+00,1.06E+00,1.13E+00,1.23E+00,1.01E+00,1.15E+00,1.17E+00,1.14E+00,1.12E+00,1.02E+00,1.13E+00,1.07E+00,1.06E+00,1.07E+00,1.16E+00,7.13E-01,8.84E-01,8.52E-01,1.07E+00,1.20E+00,1.10E+00,1.15E+00,1.16E+00,1.20E+00,1.06E+00,1.08E+00,1.15E+00,1.22E+00,1.20E+00,1.21E+00,1.27E+00,1.15E+00,1.20E+00,1.14E+00,1.11E+00,1.29E+00,1.39E+00,1.11E+00,1.20E+00,1.21E+00,1.36E+00,1.05E+00,1.03E+00,1.04E+00,1.17E+00,8.17E-01,1.07E+00,1.24E+00,1.26E+00,1.13E+00,1.04E+00,1.17E+00,1.06E+00,1.12E+00,1.18E+00
130_S_0886,9.99E-01,6.93E-01,1.02E+00,8.49E-01,9.08E-01,1.08E+00,1.08E+00,1.09E+00,9.40E-01,1.13E+00,9.48E-01,1.06E+00,9.18E-01,8.99E-01,9.86E-01,9.36E-01,9.64E-01,9.83E-01,1.00E+00,9.47E-01,1.02E+00,1.13E+00,1.01E+00,1.10E+00,1.05E+00,1.02E+00,1.05E+00,1.00E+00,1.07E+00,1.08E+00,1.02E+00,1.05E+00,1.09E+00,1.07E+00,1.03E+00,9.84E-01,9.79E-01,1.01E+00,1.08E+00,1.02E+00,1.12E+00,9.93E-01,1.05E+00,9.66E-01,9.62E-01,1.04E+00,1.12E+00,1.13E+00,1.08E+00,9.50E-01,1.05E+00,1.07E+00,9.36E-01,1.01E+00,8.59E-01,8.67E-01,1.12E+00,1.15E+00,1.07E+00,1.07E+00,1.12E+00,1.17E+00,1.14E+00,1.05E+00,1.12E+00,9.82E-01,1.12E+00,1.12E+00,1.14E+00,1.13E+00,1.19E+00,1.22E+00,1.19E+00,8.90E-01,1.18E+00,1.15E+00,1.20E+00,1.10E+00,1.23E+00,1.03E+00,1.11E+00,1.00E+00,9.45E-01,1.07E+00,9.70E-01,1.11E+00,1.08E+00,1.10E+00,1.10E+00,1.07E+00,1.17E+00,1.08E+00,1.18E+00,1.15E+00,1.22E+00,1.17E+00,1.09E+00,1.03E+00,1.11E+00,1.10E+00,1.23E+00,1.18E+00,1.22E+00,1.26E+00,1.23E+00,1.28E+00,1.10E+00,1.04E+00,1.49E+00,1.29E+00,1.27E+00,1.17E+00,1.16E+00,1.16E+00,1.27E+00,1.14E+00,1.13E+00,1.12E+00,1.12E+00,1.13E+00,1.12E+00,1.12E+00,1.12E+00,1.22E+00,1.18E+00,9.61E-01,1.08E+00,1.19E+00,1.16E+00,1.19E+00,1.11E+00,1.14E+00,1.21E+00,1.25E+00,1.11E+00,1.24E+00,1.14E+00,1.08E+00,1.14E+00,1.15E+00,1.10E+00,1.17E+00,1.19E+00,1.15E+00,1.26E+00,1.21E+00,1.06E+00,1.13E+00,1.24E+00,1.13E+00,1.17E+00,1.24E+00,1.21E+00,1.12E+00,1.05E+00,1.02E+00,1.13E+00,1.14E+00,1.12E+00,1.11E+00,8.66E-01,1.03E+00,9.28E-01,1.09E+00,1.29E+00,1.05E+00,1.20E+00,1.18E+00,1.22E+00,1.07E+00,1.10E+00,1.18E+00,1.28E+00,1.24E+00,1.22E+00,1.20E+00,1.22E+00,1.27E+00,1.01E+00,1.15E+00,1.47E+00,1.36E+00,1.11E+00,1.22E+00,1.24E+00,1.34E+00,1.03E+00,1.05E+00,1.05E+00,1.21E+00,8.97E-01,1.12E+00,1.25E+00,1.24E+00,1.04E+00,9.74E-01,1.02E+00,1.02E+00,1.21E+00,1.16E+00
130_S_4343,9.27E-01,6.67E-01,9.62E-01,8.16E-01,8.50E-01,9.77E-01,1.02E+00,1.05E+00,9.13E-01,1.01E+00,9.41E-01,1.04E+00,8.89E-01,8.96E-01,9.65E-01,9.36E-01,9.64E-01,9.96E-01,9.83E-01,9.19E-01,1.03E+00,1.13E+00,1.01E+00,1.06E+00,1.02E+00,1.03E+00,1.05E+00,9.84E-01,1.02E+00,9.56E-01,9.79E-01,1.04E+00,1.05E+00,9.81E-01,9.58E-01,9.83E-01,9.88E-01,1.00E+00,1.09E+00,1.01E+00,9.90E-01,9.61E-01,1.05E+00,9.12E-01,9.72E-01,1.02E+00,1.02E+00,1.18E+00,1.08E+00,9.61E-01,1.02E+00,1.07E+00,9.24E-01,9.88E-01,8.85E-01,8.22E-01,1.06E+00,1.15E+00,1.06E+00,1.02E+00,1.12E+00,1.22E+00,1.19E+00,1.06E+00,1.16E+00,9.78E-01,1.05E+00,1.10E+00,1.19E+00,1.15E+00,1.24E+00,1.20E+00,1.22E+00,9.03E-01,1.10E+00,1.21E+00,1.17E+00,1.11E+00,1.18E+00,1.02E+00,1.17E+00,1.01E+00,9.73E-01,1.05E+00,1.04E+00,1.05E+00,1.10E+00,1.16E+00,1.19E+00,1.14E+00,1.18E+00,1.06E+00,1.12E+00,1.15E+00,1.18E+00,1.11E+00,1.08E+00,1.01E+00,1.07E+00,9.74E-01,1.32E+00,1.15E+00,1.25E+00,1.23E+00,1.18E+00,1.24E+00,1.19E+00,1.04E+00,1.44E+00,1.24E+00,1.36E+00,1.15E+00,1.17E+00,1.15E+00,1.17E+00,1.12E+00,1.07E+00,1.08E+00,1.11E+00,1.09E+00,1.12E+00,1.15E+00,1.11E+00,1.31E+00,1.23E+00,9.70E-01,1.06E+00,1.16E+00,1.12E+00,1.22E+00,1.14E+00,1.17E+00,1.15E+00,1.30E+00,1.05E+00,1.20E+00,1.16E+00,1.04E+00,1.25E+00,1.13E+00,1.12E+00,1.19E+00,1.18E+00,1.07E+00,1.19E+00,1.16E+00,1.12E+00,1.12E+00,1.24E+00,1.17E+00,1.20E+00,1.33E+00,1.32E+00,1.11E+00,1.10E+00,1.12E+00,1.17E+00,1.15E+00,1.14E+00,1.25E+00,9.37E-01,1.08E+00,9.48E-01,1.16E+00,1.29E+00,1.16E+00,1.17E+00,1.25E+00,1.31E+00,1.10E+00,1.15E+00,1.18E+00,1.28E+00,1.21E+00,1.36E+00,1.34E+00,1.28E+00,1.34E+00,1.19E+00,1.22E+00,1.40E+00,1.51E+00,1.17E+00,1.23E+00,1.28E+00,1.41E+00,1.08E+00,1.08E+00,1.16E+00,1.29E+00,1.01E+00,1.29E+00,1.33E+00,1.19E+00,1.06E+00,1.05E+00,1.18E+00,1.05E+00,1.15E+00,1.27E+00
130_S_4352,9.63E-01,6.92E-01,1.04E+00,8.38E-01,9.15E-01,1.04E+00,1.12E+00,1.11E+00,9.43E-01,1.16E+00,9.64E-01,1.09E+00,9.26E-01,8.96E-01,1.00E+00,9.39E-01,9.36E-01,1.01E+00,1.01E+00,9.63E-01,1.01E+00,1.20E+00,1.03E+00,1.08E+00,1.09E+00,1.08E+00,1.07E+00,9.89E-01,1.03E+00,1.07E+00,1.09E+00,1.14E+00,1.07E+00,1.06E+00,1.02E+00,9.70E-01,1.00E+00,9.79E-01,1.07E+00,1.06E+00,1.09E+00,1.01E+00,1.06E+00,9.25E-01,9.73E-01,1.03E+00,1.10E+00,1.20E+00,1.09E+00,9.58E-01,1.15E+00,1.13E+00,9.79E-01,1.08E+00,8.61E-01,8.62E-01,1.18E+00,1.16E+00,1.06E+00,1.04E+00,1.09E+00,1.29E+00,1.24E+00,1.09E+00,1.20E+00,9.85E-01,1.18E+00,1.15E+00,1.20E+00,1.24E+00,1.30E+00,1.32E+00,1.22E+00,8.85E-01,1.19E+00,1.18E+00,1.20E+00,1.15E+00,1.31E+00,1.09E+00,1.25E+00,1.05E+00,1.01E+00,1.12E+00,1.13E+00,1.17E+00,1.17E+00,1.18E+00,1.18E+00,1.10E+00,1.16E+00,1.06E+00,1.22E+00,1.21E+00,1.23E+00,1.23E+00,1.11E+00,1.06E+00,1.16E+00,1.11E+00,1.19E+00,1.15E+00,1.15E+00,1.18E+00,1.29E+00,1.26E+00,1.11E+00,1.03E+00,1.47E+00,1.32E+00,1.33E+00,1.20E+00,1.09E+00,1.08E+00,9.08E-01,1.11E+00,1.06E+00,1.06E+00,1.03E+00,1.08E+00,8.69E-01,7.63E-01,1.07E+00,1.18E+00,1.19E+00,9.80E-01,1.13E+00,1.16E+00,1.16E+00,1.16E+00,1.09E+00,1.21E+00,1.19E+00,1.31E+00,1.21E+00,1.18E+00,1.09E+00,1.03E+00,1.04E+00,1.06E+00,1.10E+00,1.13E+00,1.24E+00,1.14E+00,1.15E+00,1.19E+00,8.71E-01,1.11E+00,1.17E+00,8.72E-01,1.12E+00,1.25E+00,1.23E+00,1.18E+00,1.07E+00,9.18E-01,1.18E+00,1.22E+00,1.11E+00,1.23E+00,8.85E-01,1.12E+00,9.80E-01,1.12E+00,1.26E+00,1.08E+00,1.11E+00,1.16E+00,1.23E+00,1.04E+00,1.16E+00,1.27E+00,1.27E+00,1.23E+00,1.31E+00,1.22E+00,1.29E+00,1.29E+00,7.46E-01,1.16E+00,1.50E+00,1.46E+00,1.06E+00,1.27E+00,1.22E+00,1.40E+00,9.91E-01,1.01E+00,9.63E-01,1.23E+00,9.36E-01,1.12E+00,1.32E+00,1.25E+00,1.10E+00,1.09E+00,1.10E+00,1.10E+00,1.22E+00,1.18E+00
130_S_4730,9.99E-01,6.28E-01,1.04E+00,7.91E-01,8.52E-01,1.05E+00,1.11E+00,1.16E+00,9.44E-01,1.08E+00,9.64E-01,1.17E+00,8.88E-01,8.75E-01,9.87E-01,1.05E+00,1.00E+00,1.07E+00,1.09E+00,9.83E-01,9.63E-01,1.04E+00,9.22E-01,1.03E+00,1.00E+00,9.89E-01,1.11E+00,1.05E+00,1.07E+00,1.07E+00,1.03E+00,1.15E+00,1.15E+00,1.07E+00,1.03E+00,1.02E+00,1.06E+00,1.10E+00,1.07E+00,1.05E+00,9.81E-01,9.52E-01,1.07E+00,8.70E-01,9.66E-01,1.10E+00,1.07E+00,1.14E+00,9.99E-01,9.29E-01,1.02E+00,1.03E+00,8.21E-01,9.34E-01,7.63E-01,8.35E-01,1.13E+00,1.15E+00,1.10E+00,1.08E+00,1.23E+00,1.21E+00,1.25E+00,1.03E+00,1.17E+00,9.68E-01,1.09E+00,1.17E+00,1.23E+00,1.20E+00,1.18E+00,1.27E+00,1.32E+00,8.64E-01,1.19E+00,1.21E+00,1.16E+00,1.11E+00,1.22E+00,9.88E-01,1.15E+00,9.71E-01,9.67E-01,1.08E+00,1.08E+00,1.10E+00,1.13E+00,1.13E+00,1.20E+00,1.18E+00,1.29E+00,9.96E-01,1.18E+00,1.04E+00,1.16E+00,1.15E+00,1.12E+00,1.03E+00,1.10E+00,1.07E+00,1.38E+00,1.21E+00,1.42E+00,1.36E+00,1.23E+00,1.39E+00,1.41E+00,1.25E+00,1.66E+00,1.29E+00,1.46E+00,1.23E+00,1.24E+00,1.31E+00,1.48E+00,1.21E+00,1.21E+00,1.32E+00,1.25E+00,1.27E+00,1.27E+00,1.31E+00,1.22E+00,1.06E+00,1.10E+00,9.04E-01,1.06E+00,1.18E+00,1.17E+00,1.25E+00,1.12E+00,1.15E+00,1.26E+00,1.35E+00,1.22E+00,1.33E+00,1.24E+00,1.01E+00,1.34E+00,1.23E+00,1.15E+00,1.20E+00,1.31E+00,1.06E+00,1.07E+00,1.11E+00,1.32E+00,1.17E+00,1.29E+00,1.44E+00,1.22E+00,1.31E+00,1.29E+00,1.08E+00,1.00E+00,1.25E+00,1.16E+00,1.16E+00,1.03E+00,1.19E+00,8.35E-01,1.04E+00,8.67E-01,1.09E+00,1.27E+00,1.22E+00,1.32E+00,1.28E+00,1.25E+00,1.12E+00,1.14E+00,1.17E+00,1.32E+00,1.31E+00,1.38E+00,1.40E+00,1.32E+00,1.28E+00,1.44E+00,1.31E+00,1.71E+00,1.63E+00,1.14E+00,1.26E+00,1.33E+00,1.38E+00,9.40E-01,1.04E+00,1.02E+00,1.23E+00,9.11E-01,1.24E+00,1.29E+00,1.18E+00,1.15E+00,1.10E+00,9.89E-01,1.09E+00,1.17E+00,1.12E+00
130_S_4971,1.03E+00,6.79E-01,1.04E+00,8.06E-01,8.74E-01,1.07E+00,1.07E+00,1.14E+00,9.39E-01,1.11E+00,9.90E-01,1.13E+00,9.56E-01,9.01E-01,1.04E+00,1.01E+00,1.02E+00,1.10E+00,1.04E+00,1.03E+00,8.56E-01,1.06E+00,9.56E-01,1.05E+00,1.08E+00,9.92E-01,1.13E+00,1.05E+00,1.10E+00,1.06E+00,1.09E+00,1.08E+00,1.11E+00,9.83E-01,1.01E+00,9.78E-01,1.04E+00,1.05E+00,1.13E+00,9.99E-01,1.07E+00,9.81E-01,1.10E+00,9.15E-01,9.93E-01,1.13E+00,1.05E+00,1.17E+00,1.09E+00,9.70E-01,1.07E+00,1.01E+00,8.78E-01,9.59E-01,8.54E-01,7.65E-01,1.11E+00,1.07E+00,1.03E+00,1.02E+00,1.23E+00,1.16E+00,1.16E+00,1.12E+00,1.27E+00,9.93E-01,1.09E+00,1.08E+00,1.18E+00,1.13E+00,1.16E+00,1.21E+00,1.22E+00,8.96E-01,1.05E+00,1.15E+00,1.11E+00,1.06E+00,1.14E+00,9.74E-01,1.07E+00,9.86E-01,9.84E-01,1.01E+00,1.06E+00,1.03E+00,1.08E+00,1.10E+00,1.19E+00,1.15E+00,1.25E+00,1.09E+00,1.14E+00,1.11E+00,1.25E+00,1.15E+00,1.14E+00,9.54E-01,1.14E+00,1.06E+00,1.35E+00,1.24E+00,1.20E+00,1.30E+00,1.36E+00,1.38E+00,1.34E+00,1.12E+00,1.45E+00,1.26E+00,1.40E+00,1.27E+00,1.18E+00,1.23E+00,1.40E+00,1.20E+00,1.20E+00,1.22E+00,1.24E+00,1.25E+00,1.24E+00,1.25E+00,1.24E+00,1.18E+00,1.22E+00,9.66E-01,1.12E+00,1.22E+00,1.17E+00,1.32E+00,1.19E+00,1.26E+00,1.29E+00,1.25E+00,1.15E+00,1.29E+00,1.20E+00,1.05E+00,1.27E+00,1.22E+00,1.16E+00,1.21E+00,1.30E+00,1.16E+00,1.18E+00,1.20E+00,1.19E+00,1.16E+00,1.24E+00,1.37E+00,1.20E+00,1.27E+00,1.26E+00,1.16E+00,1.10E+00,1.10E+00,1.10E+00,1.16E+00,9.20E-01,1.10E+00,8.83E-01,1.07E+00,8.80E-01,1.13E+00,1.32E+00,1.12E+00,1.29E+00,1.26E+00,1.24E+00,1.09E+00,1.12E+00,1.22E+00,1.23E+00,1.21E+00,1.35E+00,1.38E+00,1.24E+00,1.25E+00,1.25E+00,1.28E+00,1.51E+00,1.32E+00,9.90E-01,1.17E+00,1.24E+00,1.18E+00,9.53E-01,1.02E+00,1.06E+00,1.18E+00,1.01E+00,1.23E+00,1.30E+00,1.25E+00,1.18E+00,1.04E+00,1.06E+00,1.08E+00,1.21E+00,1.28E+00
130_S_4982,9.80E-01,6.68E-01,1.08E+00,8.42E-01,8.81E-01,1.02E+00,1.08E+00,1.12E+00,9.52E-01,1.09E+00,9.79E-01,1.12E+00,9.50E-01,9.19E-01,1.07E+00,1.03E+00,9.64E-01,1.06E+00,1.09E+00,9.92E-01,1.13E+00,1.21E+00,1.04E+00,1.14E+00,1.04E+00,1.10E+00,1.16E+00,1.03E+00,1.11E+00,1.03E+00,1.07E+00,9.96E-01,1.08E+00,9.51E-01,1.08E+00,1.03E+00,1.06E+00,1.07E+00,1.08E+00,1.08E+00,1.17E+00,1.03E+00,1.09E+00,9.37E-01,9.74E-01,1.08E+00,1.04E+00,1.01E+00,1.05E+00,9.47E-01,9.93E-01,9.88E-01,9.35E-01,9.79E-01,8.59E-01,8.75E-01,1.11E+00,9.49E-01,9.70E-01,9.96E-01,1.12E+00,1.06E+00,1.09E+00,1.06E+00,1.15E+00,9.50E-01,9.25E-01,9.15E-01,1.02E+00,9.57E-01,9.32E-01,1.19E+00,1.04E+00,7.99E-01,9.04E-01,9.71E-01,1.10E+00,9.66E-01,9.72E-01,9.88E-01,9.52E-01,9.78E-01,9.23E-01,8.71E-01,1.07E+00,1.05E+00,9.09E-01,9.64E-01,9.54E-01,1.08E+00,1.15E+00,1.10E+00,1.04E+00,1.06E+00,1.14E+00,1.11E+00,1.12E+00,1.02E+00,1.11E+00,9.88E-01,1.22E+00,1.01E+00,1.34E+00,1.25E+00,1.06E+00,1.12E+00,1.09E+00,1.09E+00,1.67E+00,1.29E+00,1.59E+00,1.14E+00,1.20E+00,1.24E+00,1.32E+00,1.19E+00,1.08E+00,1.12E+00,1.14E+00,1.20E+00,1.02E+00,1.27E+00,1.21E+00,1.30E+00,1.24E+00,9.56E-01,1.13E+00,1.23E+00,1.22E+00,1.33E+00,1.09E+00,1.08E+00,1.03E+00,1.06E+00,1.01E+00,1.10E+00,1.21E+00,1.06E+00,1.18E+00,1.13E+00,1.07E+00,1.17E+00,1.25E+00,1.21E+00,1.23E+00,1.23E+00,1.16E+00,1.08E+00,1.08E+00,1.32E+00,1.14E+00,1.22E+00,1.11E+00,1.17E+00,1.05E+00,1.15E+00,1.11E+00,1.17E+00,1.03E+00,1.08E+00,9.05E-01,1.06E+00,9.35E-01,1.13E+00,1.05E+00,1.06E+00,1.23E+00,1.22E+00,1.14E+00,1.01E+00,1.03E+00,1.03E+00,9.83E-01,1.13E+00,1.09E+00,1.21E+00,1.11E+00,1.08E+00,1.11E+00,1.08E+00,1.21E+00,1.16E+00,9.28E-01,1.02E+00,1.16E+00,1.19E+00,1.01E+00,1.02E+00,1.06E+00,1.13E+00,9.31E-01,1.09E+00,1.22E+00,1.11E+00,1.10E+00,1.04E+00,1.13E+00,1.11E+00,1.13E+00,1.15E+00
130_S_4984,9.54E-01,6.62E-01,9.96E-01,8.19E-01,8.12E-01,9.33E-01,1.05E+00,1.06E+00,9.17E-01,1.07E+00,9.47E-01,1.07E+00,9.41E-01,9.41E-01,1.02E+00,9.76E-01,1.00E+00,1.07E+00,1.08E+00,1.02E+00,9.60E-01,1.02E+00,9.42E-01,1.10E+00,9.99E-01,1.01E+00,1.13E+00,1.05E+00,1.03E+00,9.02E-01,9.08E-01,8.29E-01,8.51E-01,8.94E-01,9.57E-01,9.51E-01,9.54E-01,9.34E-01,1.05E+00,9.29E-01,1.23E+00,9.70E-01,1.04E+00,9.25E-01,9.56E-01,1.09E+00,9.09E-01,1.14E+00,9.97E-01,9.15E-01,1.08E+00,1.05E+00,8.67E-01,9.02E-01,7.97E-01,8.25E-01,8.40E-01,7.89E-01,8.37E-01,8.58E-01,1.02E+00,1.18E+00,1.14E+00,1.03E+00,1.03E+00,9.14E-01,8.20E-01,8.55E-01,1.05E+00,1.18E+00,1.27E+00,1.12E+00,1.01E+00,7.97E-01,8.86E-01,1.12E+00,1.01E+00,9.84E-01,9.88E-01,1.03E+00,1.19E+00,9.85E-01,9.10E-01,8.59E-01,9.16E-01,9.70E-01,9.48E-01,1.22E+00,1.19E+00,1.17E+00,1.14E+00,1.18E+00,1.14E+00,1.17E+00,1.18E+00,9.76E-01,1.02E+00,9.58E-01,9.40E-01,8.43E-01,1.32E+00,1.07E+00,1.25E+00,1.25E+00,1.16E+00,1.36E+00,1.13E+00,1.15E+00,1.45E+00,1.19E+00,1.51E+00,1.27E+00,1.20E+00,1.21E+00,1.30E+00,1.19E+00,1.13E+00,1.25E+00,1.22E+00,1.24E+00,1.20E+00,1.21E+00,1.25E+00,1.22E+00,1.26E+00,9.43E-01,1.10E+00,1.23E+00,1.21E+00,1.30E+00,1.08E+00,9.94E-01,1.04E+00,1.15E+00,9.37E-01,1.01E+00,1.12E+00,1.04E+00,1.12E+00,1.11E+00,1.11E+00,1.21E+00,1.23E+00,1.26E+00,1.27E+00,1.23E+00,1.16E+00,1.12E+00,1.09E+00,1.22E+00,1.09E+00,1.32E+00,1.35E+00,1.19E+00,1.05E+00,1.13E+00,1.17E+00,1.21E+00,1.15E+00,1.29E+00,8.57E-01,1.05E+00,8.75E-01,1.11E+00,1.04E+00,1.01E+00,1.23E+00,1.20E+00,1.22E+00,1.05E+00,1.04E+00,1.03E+00,1.09E+00,1.05E+00,1.36E+00,1.19E+00,1.29E+00,1.41E+00,1.20E+00,1.21E+00,1.42E+00,1.21E+00,9.86E-01,1.10E+00,1.30E+00,1.16E+00,1.02E+00,1.07E+00,1.19E+00,1.22E+00,8.72E-01,1.28E+00,1.37E+00,1.19E+00,1.06E+00,1.01E+00,1.01E+00,1.09E+00,1.07E+00,1.24E+00
130_S_4990,1.03E+00,7.14E-01,1.06E+00,8.74E-01,9.34E-01,1.07E+00,1.10E+00,1.12E+00,9.84E-01,1.12E+00,9.99E-01,1.13E+00,9.87E-01,9.70E-01,1.03E+00,1.04E+00,1.07E+00,1.13E+00,1.13E+00,1.03E+00,9.95E-01,1.18E+00,1.02E+00,1.15E+00,1.08E+00,1.07E+00,1.13E+00,1.06E+00,1.13E+00,1.09E+00,1.09E+00,1.02E+00,1.05E+00,1.09E+00,1.06E+00,1.06E+00,1.09E+00,1.11E+00,1.17E+00,1.12E+00,1.18E+00,1.06E+00,1.14E+00,9.70E-01,1.06E+00,1.14E+00,1.11E+00,1.20E+00,1.09E+00,1.02E+00,1.12E+00,1.11E+00,1.00E+00,1.08E+00,9.00E-01,8.75E-01,1.09E+00,1.06E+00,1.12E+00,1.08E+00,1.15E+00,1.22E+00,1.17E+00,1.09E+00,1.17E+00,9.98E-01,1.09E+00,1.04E+00,1.13E+00,1.27E+00,1.19E+00,1.20E+00,1.22E+00,8.89E-01,1.00E+00,1.12E+00,1.13E+00,1.09E+00,1.14E+00,1.05E+00,1.22E+00,1.02E+00,1.06E+00,1.10E+00,1.05E+00,1.08E+00,1.04E+00,1.21E+00,1.21E+00,1.26E+00,1.22E+00,1.19E+00,1.33E+00,1.25E+00,1.23E+00,1.13E+00,1.11E+00,1.04E+00,1.10E+00,1.01E+00,1.26E+00,1.19E+00,1.18E+00,1.27E+00,1.25E+00,1.30E+00,1.08E+00,1.08E+00,1.43E+00,1.23E+00,1.34E+00,1.17E+00,1.23E+00,1.14E+00,1.28E+00,1.16E+00,1.17E+00,1.20E+00,1.21E+00,1.25E+00,1.24E+00,1.24E+00,1.25E+00,1.20E+00,1.20E+00,1.00E+00,1.10E+00,1.26E+00,1.18E+00,1.27E+00,1.15E+00,1.09E+00,1.14E+00,1.20E+00,1.12E+00,1.12E+00,1.22E+00,1.09E+00,1.17E+00,1.22E+00,1.12E+00,1.17E+00,1.15E+00,1.24E+00,1.25E+00,1.24E+00,1.11E+00,1.12E+00,1.15E+00,1.31E+00,1.03E+00,1.25E+00,1.19E+00,1.18E+00,1.06E+00,1.06E+00,1.18E+00,1.21E+00,1.05E+00,1.22E+00,9.58E-01,1.08E+00,9.47E-01,1.16E+00,1.06E+00,1.08E+00,1.23E+00,1.15E+00,1.08E+00,1.03E+00,1.07E+00,1.04E+00,9.70E-01,1.03E+00,1.17E+00,1.20E+00,1.36E+00,1.22E+00,9.29E-01,1.20E+00,1.26E+00,1.20E+00,9.85E-01,9.87E-01,1.14E+00,1.16E+00,1.01E+00,1.02E+00,1.09E+00,1.19E+00,8.96E-01,1.10E+00,1.27E+00,1.16E+00,1.03E+00,9.92E-01,1.00E+00,1.13E+00,1.04E+00,1.11E+00
130_S_4997,9.70E-01,6.96E-01,1.04E+00,8.53E-01,8.89E-01,1.02E+00,1.09E+00,1.09E+00,9.54E-01,1.12E+00,9.77E-01,1.12E+00,9.52E-01,9.55E-01,1.02E+00,1.03E+00,1.01E+00,1.04E+00,1.07E+00,1.00E+00,1.02E+00,1.12E+00,9.95E-01,1.09E+00,1.02E+00,1.04E+00,1.13E+00,1.06E+00,1.03E+00,9.97E-01,1.03E+00,9.96E-01,1.03E+00,1.01E+00,1.05E+00,9.97E-01,1.03E+00,1.04E+00,1.11E+00,1.04E+00,1.11E+00,1.00E+00,1.10E+00,9.57E-01,9.94E-01,1.08E+00,9.38E-01,1.10E+00,1.03E+00,9.63E-01,1.06E+00,1.05E+00,9.69E-01,1.02E+00,9.40E-01,9.26E-01,9.97E-01,9.35E-01,9.82E-01,1.02E+00,1.14E+00,1.09E+00,1.08E+00,1.07E+00,1.12E+00,9.57E-01,8.76E-01,8.87E-01,1.11E+00,1.08E+00,1.07E+00,1.12E+00,1.05E+00,8.52E-01,8.84E-01,1.00E+00,1.03E+00,1.01E+00,1.03E+00,1.03E+00,1.08E+00,1.03E+00,9.65E-01,8.91E-01,1.07E+00,1.02E+00,9.71E-01,1.10E+00,1.13E+00,1.13E+00,1.13E+00,1.09E+00,1.12E+00,1.08E+00,1.18E+00,1.07E+00,1.12E+00,1.03E+00,1.06E+00,9.81E-01,1.31E+00,1.18E+00,1.27E+00,1.31E+00,1.21E+00,1.35E+00,1.21E+00,1.18E+00,1.60E+00,1.33E+00,1.40E+00,1.20E+00,1.23E+00,1.20E+00,1.27E+00,1.19E+00,1.17E+00,1.20E+00,1.18E+00,1.17E+00,1.15E+00,1.23E+00,1.21E+00,1.30E+00,1.22E+00,9.63E-01,1.08E+00,1.23E+00,1.16E+00,1.26E+00,1.10E+00,1.15E+00,1.14E+00,1.09E+00,1.06E+00,1.13E+00,1.12E+00,1.06E+00,1.11E+00,1.14E+00,1.13E+00,1.15E+00,1.23E+00,1.15E+00,1.19E+00,1.21E+00,1.18E+00,1.13E+00,1.15E+00,1.25E+00,1.06E+00,1.21E+00,1.19E+00,1.11E+00,1.03E+00,1.18E+00,1.15E+00,1.19E+00,1.11E+00,1.23E+00,9.64E-01,1.12E+00,9.75E-01,1.19E+00,1.07E+00,1.06E+00,1.21E+00,1.20E+00,1.19E+00,1.06E+00,9.66E-01,1.11E+00,9.31E-01,1.08E+00,1.13E+00,1.22E+00,1.20E+00,1.25E+00,1.22E+00,1.18E+00,1.33E+00,1.05E+00,1.02E+00,9.36E-01,1.17E+00,1.13E+00,1.08E+00,1.11E+00,1.20E+00,1.15E+00,1.04E+00,1.22E+00,1.25E+00,1.13E+00,1.21E+00,1.07E+00,1.12E+00,9.74E-01,1.04E+00,1.11E+00
130_S_5006,9.78E-01,6.56E-01,1.09E+00,8.25E-01,8.86E-01,1.06E+00,1.01E+00,1.07E+00,9.28E-01,1.11E+00,9.97E-01,1.14E+00,8.95E-01,8.53E-01,9.83E-01,9.64E-01,9.65E-01,1.00E+00,9.95E-01,9.40E-01,1.02E+00,1.12E+00,9.56E-01,1.05E+00,1.01E+00,1.00E+00,1.05E+00,1.02E+00,1.03E+00,1.05E+00,1.02E+00,1.07E+00,1.04E+00,9.96E-01,1.01E+00,9.59E-01,1.03E+00,9.69E-01,1.02E+00,1.04E+00,1.07E+00,9.61E-01,1.08E+00,9.07E-01,9.60E-01,1.02E+00,1.04E+00,1.19E+00,1.06E+00,9.68E-01,1.09E+00,1.08E+00,8.01E-01,8.83E-01,7.78E-01,9.37E-01,1.04E+00,1.13E+00,1.06E+00,9.60E-01,1.13E+00,1.26E+00,1.26E+00,1.08E+00,1.19E+00,9.85E-01,1.07E+00,1.06E+00,1.20E+00,1.28E+00,1.37E+00,1.21E+00,1.07E+00,8.49E-01,1.08E+00,1.17E+00,1.10E+00,1.04E+00,1.08E+00,1.01E+00,1.25E+00,1.03E+00,8.35E-01,9.61E-01,9.86E-01,1.08E+00,1.07E+00,1.21E+00,1.20E+00,1.18E+00,1.23E+00,1.17E+00,1.26E+00,1.24E+00,1.26E+00,1.10E+00,1.06E+00,9.75E-01,1.12E+00,9.83E-01,1.32E+00,1.21E+00,1.47E+00,1.38E+00,1.29E+00,1.35E+00,1.20E+00,1.12E+00,1.71E+00,1.38E+00,1.54E+00,1.17E+00,1.03E+00,1.15E+00,1.15E+00,1.10E+00,1.00E+00,1.05E+00,1.04E+00,1.12E+00,9.64E-01,1.16E+00,1.12E+00,1.17E+00,1.22E+00,9.16E-01,1.06E+00,1.13E+00,1.08E+00,1.18E+00,1.10E+00,1.06E+00,1.12E+00,1.08E+00,1.02E+00,9.98E-01,1.06E+00,9.67E-01,1.00E+00,9.03E-01,1.00E+00,1.11E+00,1.24E+00,1.15E+00,1.21E+00,1.14E+00,1.09E+00,1.03E+00,9.80E-01,1.18E+00,1.08E+00,1.35E+00,1.28E+00,1.10E+00,1.05E+00,1.13E+00,1.18E+00,1.22E+00,1.06E+00,1.28E+00,7.86E-01,9.03E-01,8.09E-01,1.06E+00,1.16E+00,1.03E+00,1.13E+00,1.21E+00,1.26E+00,1.03E+00,1.04E+00,1.13E+00,1.18E+00,1.11E+00,1.30E+00,1.36E+00,1.35E+00,1.45E+00,1.15E+00,1.19E+00,1.27E+00,1.11E+00,9.85E-01,1.08E+00,1.17E+00,1.13E+00,1.02E+00,1.04E+00,1.11E+00,1.12E+00,8.30E-01,1.23E+00,1.38E+00,1.04E+00,1.15E+00,1.01E+00,1.10E+00,1.04E+00,1.10E+00,1.10E+00
131_S_5138,9.72E-01,6.83E-01,1.02E+00,8.23E-01,8.63E-01,9.98E-01,1.05E+00,1.05E+00,9.32E-01,1.06E+00,9.51E-01,1.05E+00,9.16E-01,8.86E-01,9.60E-01,9.41E-01,9.64E-01,1.02E+00,9.67E-01,9.58E-01,1.01E+00,1.09E+00,9.76E-01,1.07E+00,1.03E+00,1.02E+00,1.02E+00,9.84E-01,1.05E+00,1.02E+00,1.05E+00,1.02E+00,1.05E+00,1.01E+00,9.78E-01,9.65E-01,1.00E+00,9.90E-01,1.06E+00,1.03E+00,1.04E+00,9.77E-01,1.10E+00,9.47E-01,9.72E-01,1.02E+00,1.04E+00,1.18E+00,1.08E+00,9.75E-01,1.03E+00,1.02E+00,9.24E-01,9.60E-01,8.83E-01,9.22E-01,1.12E+00,1.13E+00,1.03E+00,1.03E+00,1.15E+00,1.19E+00,1.19E+00,1.09E+00,1.17E+00,9.88E-01,1.11E+00,1.10E+00,1.16E+00,1.16E+00,1.20E+00,1.21E+00,1.17E+00,9.22E-01,1.14E+00,1.17E+00,1.13E+00,1.08E+00,1.15E+00,1.04E+00,1.13E+00,1.03E+00,9.70E-01,1.07E+00,1.02E+00,1.08E+00,1.14E+00,1.14E+00,1.15E+00,1.13E+00,1.16E+00,1.14E+00,1.15E+00,1.22E+00,1.23E+00,1.11E+00,1.08E+00,9.97E-01,1.12E+00,1.06E+00,1.28E+00,1.18E+00,1.24E+00,1.25E+00,1.21E+00,1.22E+00,1.16E+00,1.06E+00,1.43E+00,1.18E+00,1.39E+00,1.10E+00,1.11E+00,1.15E+00,1.24E+00,1.12E+00,1.04E+00,1.06E+00,1.07E+00,1.10E+00,1.10E+00,1.11E+00,1.06E+00,1.20E+00,1.16E+00,9.43E-01,1.04E+00,1.14E+00,1.12E+00,1.16E+00,1.11E+00,1.16E+00,1.12E+00,1.18E+00,1.08E+00,1.14E+00,1.13E+00,9.88E-01,1.17E+00,1.04E+00,1.10E+00,1.14E+00,1.19E+00,1.10E+00,1.19E+00,1.16E+00,1.17E+00,1.15E+00,1.24E+00,1.15E+00,1.12E+00,1.23E+00,1.20E+00,1.11E+00,1.06E+00,1.17E+00,1.08E+00,1.13E+00,1.14E+00,1.16E+00,8.78E-01,1.01E+00,9.33E-01,1.09E+00,1.14E+00,1.09E+00,1.12E+00,1.22E+00,1.21E+00,1.09E+00,1.11E+00,1.17E+00,1.20E+00,1.18E+00,1.32E+00,1.28E+00,1.19E+00,1.25E+00,1.23E+00,1.17E+00,1.35E+00,1.45E+00,1.15E+00,1.19E+00,1.22E+00,1.36E+00,1.09E+00,1.09E+00,1.19E+00,1.20E+00,9.46E-01,1.16E+00,1.27E+00,1.20E+00,1.11E+00,1.03E+00,1.09E+00,1.02E+00,1.18E+00,1.15E+00
135_S_4863,9.70E-01,7.17E-01,9.62E-01,8.40E-01,8.38E-01,9.23E-01,1.04E+00,1.06E+00,9.33E-01,1.05E+00,9.34E-01,9.66E-01,9.34E-01,9.37E-01,1.02E+00,9.89E-01,9.87E-01,1.08E+00,9.85E-01,9.67E-01,1.11E+00,1.15E+00,1.02E+00,1.11E+00,1.04E+00,1.03E+00,1.10E+00,1.04E+00,1.07E+00,9.84E-01,9.91E-01,9.53E-01,9.84E-01,9.93E-01,1.04E+00,9.92E-01,1.00E+00,9.41E-01,1.10E+00,1.06E+00,1.13E+00,1.03E+00,1.11E+00,9.32E-01,9.98E-01,1.06E+00,1.06E+00,1.19E+00,1.11E+00,9.62E-01,1.11E+00,1.05E+00,9.73E-01,9.94E-01,9.16E-01,9.28E-01,1.06E+00,1.02E+00,1.06E+00,1.04E+00,1.08E+00,1.13E+00,1.16E+00,1.10E+00,1.21E+00,1.00E+00,1.05E+00,1.08E+00,1.18E+00,1.10E+00,1.16E+00,1.17E+00,1.07E+00,9.16E-01,1.04E+00,1.14E+00,1.11E+00,1.11E+00,1.12E+00,1.07E+00,1.12E+00,1.03E+00,1.02E+00,1.03E+00,1.05E+00,1.06E+00,1.06E+00,1.17E+00,1.15E+00,1.13E+00,1.19E+00,1.17E+00,1.18E+00,1.12E+00,1.18E+00,1.01E+00,1.06E+00,1.01E+00,1.11E+00,1.02E+00,1.26E+00,1.07E+00,1.11E+00,1.05E+00,1.01E+00,1.06E+00,1.10E+00,1.07E+00,1.30E+00,1.16E+00,1.20E+00,1.11E+00,1.16E+00,1.17E+00,1.23E+00,1.09E+00,1.05E+00,1.14E+00,1.10E+00,1.13E+00,1.11E+00,1.14E+00,1.08E+00,1.24E+00,1.20E+00,9.72E-01,1.07E+00,1.20E+00,1.15E+00,1.23E+00,1.09E+00,1.08E+00,1.04E+00,1.15E+00,1.04E+00,1.03E+00,1.13E+00,9.84E-01,1.13E+00,1.02E+00,1.09E+00,1.15E+00,1.21E+00,1.18E+00,1.23E+00,1.20E+00,1.19E+00,1.14E+00,1.26E+00,1.25E+00,1.13E+00,1.22E+00,1.24E+00,1.12E+00,1.08E+00,1.19E+00,1.09E+00,1.18E+00,1.14E+00,1.15E+00,9.54E-01,1.05E+00,9.90E-01,1.12E+00,1.07E+00,1.10E+00,1.19E+00,1.22E+00,1.21E+00,1.08E+00,1.06E+00,1.03E+00,1.11E+00,1.15E+00,1.25E+00,1.26E+00,1.15E+00,1.24E+00,1.28E+00,1.18E+00,1.35E+00,1.28E+00,1.18E+00,1.13E+00,1.23E+00,1.29E+00,1.07E+00,1.07E+00,1.20E+00,1.11E+00,9.96E-01,1.18E+00,1.22E+00,1.07E+00,1.10E+00,1.09E+00,1.10E+00,1.00E+00,1.09E+00,1.20E+00
135_S_4954,9.49E-01,6.77E-01,9.98E-01,8.05E-01,8.62E-01,1.02E+00,1.02E+00,1.04E+00,9.12E-01,1.12E+00,9.34E-01,1.03E+00,9.19E-01,8.65E-01,9.69E-01,9.37E-01,9.54E-01,9.66E-01,9.93E-01,9.46E-01,9.75E-01,1.16E+00,9.93E-01,1.08E+00,1.05E+00,1.04E+00,1.03E+00,1.01E+00,1.05E+00,9.84E-01,1.04E+00,1.10E+00,1.07E+00,1.01E+00,9.72E-01,9.48E-01,9.77E-01,1.02E+00,1.03E+00,1.01E+00,1.05E+00,1.00E+00,1.10E+00,9.20E-01,9.54E-01,9.42E-01,1.07E+00,1.19E+00,1.06E+00,9.48E-01,1.12E+00,1.08E+00,9.46E-01,9.66E-01,8.72E-01,8.61E-01,1.13E+00,1.20E+00,1.07E+00,1.05E+00,1.08E+00,1.23E+00,1.19E+00,1.10E+00,1.19E+00,9.89E-01,1.13E+00,1.14E+00,1.16E+00,1.17E+00,1.27E+00,1.18E+00,1.20E+00,8.78E-01,1.16E+00,1.22E+00,1.18E+00,1.15E+00,1.26E+00,1.06E+00,1.23E+00,1.03E+00,1.03E+00,1.10E+00,1.05E+00,1.09E+00,1.18E+00,1.24E+00,1.18E+00,1.20E+00,1.17E+00,1.13E+00,1.23E+00,1.21E+00,1.26E+00,1.12E+00,1.09E+00,1.00E+00,1.12E+00,1.04E+00,1.13E+00,1.00E+00,1.15E+00,1.16E+00,1.07E+00,1.22E+00,9.59E-01,9.77E-01,1.50E+00,1.31E+00,1.37E+00,1.14E+00,1.10E+00,1.13E+00,1.23E+00,1.09E+00,1.04E+00,1.07E+00,1.07E+00,1.04E+00,1.12E+00,1.13E+00,1.15E+00,1.17E+00,1.17E+00,9.44E-01,1.09E+00,1.20E+00,1.12E+00,1.16E+00,1.04E+00,1.15E+00,1.13E+00,1.27E+00,1.14E+00,1.11E+00,1.12E+00,1.07E+00,1.30E+00,1.10E+00,1.09E+00,1.16E+00,1.21E+00,1.14E+00,1.25E+00,1.18E+00,1.19E+00,1.14E+00,1.25E+00,1.19E+00,1.16E+00,1.29E+00,1.25E+00,1.11E+00,1.04E+00,1.28E+00,1.20E+00,1.18E+00,1.20E+00,1.25E+00,8.86E-01,1.04E+00,9.24E-01,1.07E+00,1.23E+00,1.12E+00,1.15E+00,1.24E+00,1.29E+00,1.11E+00,1.12E+00,1.15E+00,1.29E+00,1.28E+00,1.34E+00,1.27E+00,1.26E+00,1.34E+00,1.34E+00,1.23E+00,1.41E+00,1.56E+00,1.11E+00,1.24E+00,1.29E+00,1.42E+00,1.06E+00,1.09E+00,1.27E+00,1.28E+00,1.02E+00,1.19E+00,1.37E+00,1.16E+00,1.07E+00,9.91E-01,1.02E+00,1.04E+00,1.16E+00,1.13E+00
135_S_5015,9.70E-01,7.07E-01,1.02E+00,8.39E-01,8.99E-01,1.02E+00,1.01E+00,1.10E+00,9.40E-01,1.06E+00,9.87E-01,1.08E+00,9.34E-01,9.35E-01,1.01E+00,9.66E-01,9.60E-01,9.83E-01,1.02E+00,9.85E-01,1.03E+00,1.18E+00,1.01E+00,1.07E+00,1.08E+00,1.05E+00,1.07E+00,1.01E+00,1.05E+00,1.02E+00,1.02E+00,1.04E+00,1.08E+00,1.03E+00,1.02E+00,9.81E-01,1.00E+00,1.05E+00,1.05E+00,1.04E+00,1.12E+00,9.96E-01,1.09E+00,9.20E-01,9.70E-01,1.04E+00,1.08E+00,1.20E+00,1.06E+00,9.87E-01,1.05E+00,1.04E+00,8.47E-01,8.95E-01,8.10E-01,9.05E-01,1.00E+00,1.14E+00,1.05E+00,1.02E+00,1.11E+00,1.19E+00,1.12E+00,1.08E+00,1.19E+00,9.80E-01,9.99E-01,1.10E+00,1.13E+00,1.17E+00,1.18E+00,1.19E+00,1.22E+00,9.10E-01,1.15E+00,1.13E+00,1.11E+00,1.09E+00,1.17E+00,1.05E+00,1.16E+00,1.04E+00,8.35E-01,9.51E-01,9.95E-01,1.09E+00,1.13E+00,1.18E+00,1.20E+00,1.19E+00,1.16E+00,1.16E+00,1.20E+00,1.21E+00,1.21E+00,1.16E+00,1.10E+00,9.66E-01,1.09E+00,1.07E+00,1.26E+00,1.11E+00,1.26E+00,1.18E+00,1.20E+00,1.32E+00,1.14E+00,1.11E+00,1.49E+00,1.21E+00,1.38E+00,1.10E+00,1.13E+00,1.12E+00,1.23E+00,1.14E+00,1.09E+00,1.09E+00,9.97E-01,1.02E+00,1.05E+00,1.13E+00,1.11E+00,1.24E+00,1.21E+00,9.78E-01,1.10E+00,1.15E+00,1.14E+00,1.17E+00,1.09E+00,1.17E+00,1.06E+00,1.19E+00,1.06E+00,1.11E+00,1.15E+00,1.02E+00,1.24E+00,1.08E+00,1.04E+00,1.16E+00,1.18E+00,1.19E+00,1.24E+00,1.17E+00,1.20E+00,1.17E+00,1.28E+00,1.21E+00,1.12E+00,1.28E+00,1.28E+00,1.14E+00,1.09E+00,1.22E+00,1.11E+00,1.18E+00,1.18E+00,1.21E+00,8.39E-01,9.25E-01,8.84E-01,1.04E+00,1.18E+00,1.02E+00,1.10E+00,1.18E+00,1.23E+00,1.08E+00,1.07E+00,1.03E+00,1.22E+00,1.15E+00,1.31E+00,1.23E+00,1.24E+00,1.24E+00,1.27E+00,1.19E+00,1.37E+00,1.46E+00,1.11E+00,1.18E+00,1.18E+00,1.34E+00,1.10E+00,1.10E+00,1.24E+00,1.22E+00,8.90E-01,1.24E+00,1.31E+00,1.25E+00,1.19E+00,1.03E+00,1.10E+00,1.05E+00,1.17E+00,1.14E+00
135_S_5275,1.01E+00,7.38E-01,1.03E+00,8.80E-01,9.16E-01,1.07E+00,1.07E+00,1.10E+00,9.81E-01,1.18E+00,1.02E+00,1.09E+00,9.79E-01,9.82E-01,1.04E+00,1.05E+00,1.02E+00,1.04E+00,1.02E+00,9.89E-01,1.07E+00,1.17E+00,1.03E+00,1.15E+00,1.11E+00,1.12E+00,1.14E+00,1.08E+00,1.12E+00,1.08E+00,1.08E+00,1.05E+00,1.07E+00,1.03E+00,1.14E+00,1.05E+00,1.05E+00,1.03E+00,1.11E+00,1.10E+00,1.14E+00,1.06E+00,1.13E+00,9.69E-01,1.01E+00,1.08E+00,1.11E+00,1.14E+00,1.11E+00,1.02E+00,1.08E+00,1.07E+00,9.79E-01,1.02E+00,9.60E-01,9.92E-01,1.14E+00,1.12E+00,1.11E+00,1.06E+00,1.08E+00,1.24E+00,1.22E+00,1.16E+00,1.20E+00,9.86E-01,1.09E+00,1.08E+00,1.19E+00,1.17E+00,1.11E+00,1.10E+00,1.12E+00,8.59E-01,1.08E+00,1.10E+00,1.09E+00,1.06E+00,1.09E+00,1.11E+00,1.20E+00,1.06E+00,1.06E+00,1.09E+00,1.13E+00,1.10E+00,1.05E+00,1.19E+00,1.12E+00,1.19E+00,1.13E+00,1.19E+00,1.22E+00,1.25E+00,1.23E+00,1.11E+00,1.11E+00,1.08E+00,1.08E+00,1.00E+00,1.21E+00,1.12E+00,1.18E+00,1.17E+00,1.22E+00,1.22E+00,1.15E+00,1.13E+00,1.36E+00,1.32E+00,1.27E+00,1.15E+00,1.16E+00,1.11E+00,1.20E+00,1.13E+00,1.07E+00,1.10E+00,1.08E+00,1.14E+00,1.08E+00,1.09E+00,1.14E+00,1.17E+00,1.17E+00,1.00E+00,1.13E+00,1.20E+00,1.18E+00,1.22E+00,1.10E+00,1.10E+00,1.12E+00,1.11E+00,1.01E+00,1.07E+00,1.17E+00,1.02E+00,1.01E+00,1.05E+00,1.07E+00,1.15E+00,1.19E+00,1.11E+00,1.19E+00,1.14E+00,1.05E+00,1.12E+00,1.16E+00,1.03E+00,1.10E+00,1.24E+00,1.18E+00,1.16E+00,1.07E+00,1.09E+00,1.15E+00,1.21E+00,1.18E+00,1.21E+00,9.73E-01,1.07E+00,9.65E-01,1.14E+00,1.19E+00,1.11E+00,1.06E+00,1.17E+00,1.22E+00,1.03E+00,1.10E+00,1.11E+00,1.09E+00,1.10E+00,1.15E+00,1.14E+00,1.27E+00,1.24E+00,1.05E+00,1.07E+00,1.19E+00,1.18E+00,9.52E-01,1.07E+00,1.11E+00,1.17E+00,1.11E+00,1.08E+00,1.20E+00,1.17E+00,1.10E+00,1.14E+00,1.25E+00,1.09E+00,1.07E+00,1.10E+00,1.10E+00,1.12E+00,1.05E+00,1.11E+00
136_S_0186,9.88E-01,6.75E-01,1.04E+00,8.36E-01,8.90E-01,1.01E+00,1.04E+00,1.04E+00,9.22E-01,1.07E+00,9.58E-01,1.08E+00,9.03E-01,8.63E-01,9.85E-01,9.36E-01,9.70E-01,9.83E-01,9.83E-01,9.82E-01,9.18E-01,1.11E+00,9.71E-01,1.03E+00,1.06E+00,1.04E+00,1.08E+00,1.03E+00,1.06E+00,1.08E+00,1.09E+00,1.15E+00,1.04E+00,1.07E+00,9.60E-01,9.32E-01,1.01E+00,1.01E+00,1.01E+00,1.00E+00,1.04E+00,9.85E-01,1.06E+00,9.15E-01,9.35E-01,1.03E+00,1.09E+00,1.17E+00,1.07E+00,9.12E-01,1.10E+00,1.10E+00,9.63E-01,1.00E+00,8.77E-01,8.71E-01,1.13E+00,1.18E+00,1.05E+00,9.72E-01,1.17E+00,1.25E+00,1.24E+00,1.09E+00,1.17E+00,9.40E-01,1.17E+00,1.17E+00,1.23E+00,1.25E+00,1.28E+00,1.32E+00,1.18E+00,8.58E-01,1.19E+00,1.26E+00,1.21E+00,1.14E+00,1.23E+00,1.08E+00,1.23E+00,9.94E-01,9.96E-01,1.15E+00,1.07E+00,1.14E+00,1.15E+00,1.21E+00,1.21E+00,1.19E+00,1.23E+00,1.18E+00,1.26E+00,1.20E+00,1.22E+00,1.15E+00,1.06E+00,9.82E-01,1.15E+00,1.07E+00,1.21E+00,1.20E+00,1.33E+00,1.25E+00,1.22E+00,1.26E+00,1.18E+00,1.07E+00,1.42E+00,1.24E+00,1.43E+00,1.11E+00,1.13E+00,1.11E+00,1.19E+00,1.09E+00,1.10E+00,1.09E+00,1.10E+00,1.06E+00,1.03E+00,1.07E+00,1.06E+00,1.16E+00,1.16E+00,9.50E-01,1.11E+00,1.17E+00,1.13E+00,1.21E+00,1.10E+00,1.14E+00,1.20E+00,1.18E+00,1.02E+00,1.13E+00,1.13E+00,1.00E+00,1.20E+00,1.08E+00,1.05E+00,1.16E+00,1.16E+00,1.10E+00,1.15E+00,1.18E+00,1.02E+00,1.18E+00,1.27E+00,1.15E+00,1.16E+00,1.30E+00,1.19E+00,1.14E+00,1.04E+00,1.03E+00,1.18E+00,1.18E+00,1.14E+00,1.26E+00,9.27E-01,1.06E+00,9.30E-01,1.12E+00,1.26E+00,1.05E+00,1.17E+00,1.20E+00,1.26E+00,1.01E+00,1.13E+00,1.21E+00,1.33E+00,1.19E+00,1.25E+00,1.24E+00,1.32E+00,1.30E+00,9.92E-01,1.25E+00,1.55E+00,1.57E+00,1.04E+00,1.23E+00,1.30E+00,1.50E+00,9.82E-01,9.87E-01,1.15E+00,1.24E+00,9.34E-01,1.26E+00,1.30E+00,1.21E+00,1.15E+00,1.00E+00,9.76E-01,1.01E+00,1.24E+00,1.17E+00
137_S_0438,9.74E-01,6.99E-01,1.12E+00,8.74E-01,8.68E-01,9.84E-01,1.01E+00,1.11E+00,9.38E-01,1.17E+00,1.03E+00,1.14E+00,9.51E-01,9.47E-01,1.03E+00,1.01E+00,9.97E-01,1.03E+00,1.03E+00,9.99E-01,9.61E-01,1.14E+00,9.80E-01,1.11E+00,1.05E+00,1.09E+00,1.13E+00,1.03E+00,9.63E-01,9.60E-01,1.02E+00,8.66E-01,7.74E-01,8.45E-01,1.05E+00,9.71E-01,9.35E-01,9.00E-01,1.06E+00,1.07E+00,1.09E+00,9.78E-01,1.06E+00,9.06E-01,9.69E-01,1.07E+00,9.96E-01,1.12E+00,1.03E+00,9.62E-01,1.02E+00,1.07E+00,9.07E-01,8.99E-01,8.81E-01,8.36E-01,9.48E-01,8.03E-01,8.94E-01,8.25E-01,9.17E-01,1.15E+00,1.02E+00,1.07E+00,1.13E+00,9.32E-01,9.48E-01,9.53E-01,1.07E+00,1.13E+00,1.20E+00,1.14E+00,9.80E-01,8.22E-01,9.58E-01,1.02E+00,1.16E+00,1.13E+00,1.17E+00,1.07E+00,1.18E+00,1.08E+00,9.71E-01,9.97E-01,1.05E+00,1.09E+00,9.76E-01,1.16E+00,1.13E+00,1.18E+00,1.16E+00,1.10E+00,1.17E+00,1.16E+00,1.17E+00,9.03E-01,1.14E+00,9.44E-01,1.08E+00,9.88E-01,1.35E+00,1.25E+00,1.49E+00,1.35E+00,1.29E+00,1.38E+00,1.26E+00,1.14E+00,1.77E+00,1.38E+00,1.57E+00,1.26E+00,1.18E+00,1.15E+00,1.19E+00,1.19E+00,1.11E+00,1.17E+00,1.16E+00,1.16E+00,9.98E-01,1.03E+00,1.20E+00,1.26E+00,1.26E+00,9.43E-01,1.11E+00,1.27E+00,1.27E+00,1.29E+00,1.09E+00,1.22E+00,1.19E+00,1.23E+00,1.12E+00,1.11E+00,1.25E+00,1.07E+00,1.19E+00,1.11E+00,1.12E+00,1.22E+00,1.24E+00,1.18E+00,1.21E+00,1.20E+00,1.12E+00,1.15E+00,1.23E+00,1.11E+00,1.20E+00,1.32E+00,1.25E+00,1.16E+00,1.08E+00,1.12E+00,1.18E+00,1.21E+00,1.17E+00,1.22E+00,9.26E-01,1.03E+00,9.75E-01,1.12E+00,1.20E+00,1.09E+00,1.16E+00,1.22E+00,1.21E+00,1.07E+00,1.15E+00,1.18E+00,1.24E+00,1.22E+00,1.33E+00,1.32E+00,1.31E+00,1.30E+00,1.07E+00,1.12E+00,1.44E+00,1.45E+00,1.08E+00,1.22E+00,1.22E+00,1.45E+00,1.10E+00,1.11E+00,1.15E+00,1.25E+00,9.92E-01,1.19E+00,1.34E+00,1.26E+00,1.20E+00,1.03E+00,1.12E+00,1.08E+00,1.20E+00,1.24E+00
137_S_0459,9.85E-01,7.32E-01,1.08E+00,8.86E-01,9.39E-01,1.06E+00,1.08E+00,1.10E+00,9.69E-01,1.17E+00,1.01E+00,1.14E+00,9.61E-01,9.54E-01,1.01E+00,9.18E-01,9.39E-01,9.54E-01,9.94E-01,9.51E-01,1.02E+00,1.16E+00,1.05E+00,1.13E+00,1.11E+00,1.08E+00,1.17E+00,1.10E+00,1.08E+00,1.04E+00,1.13E+00,1.09E+00,1.01E+00,9.99E-01,1.04E+00,1.03E+00,1.03E+00,9.71E-01,1.00E+00,1.11E+00,1.03E+00,1.01E+00,1.08E+00,9.60E-01,1.01E+00,1.06E+00,1.12E+00,1.21E+00,1.06E+00,1.00E+00,1.04E+00,1.07E+00,9.43E-01,9.62E-01,8.82E-01,8.08E-01,1.17E+00,1.14E+00,1.05E+00,1.04E+00,9.30E-01,1.23E+00,1.21E+00,1.06E+00,1.10E+00,9.96E-01,1.21E+00,1.18E+00,1.21E+00,1.21E+00,1.30E+00,1.15E+00,1.23E+00,9.20E-01,1.29E+00,1.12E+00,1.23E+00,1.16E+00,1.28E+00,1.07E+00,1.19E+00,1.10E+00,9.81E-01,1.15E+00,1.13E+00,1.18E+00,1.24E+00,1.21E+00,1.16E+00,1.21E+00,1.15E+00,1.05E+00,1.16E+00,1.16E+00,1.20E+00,1.20E+00,1.15E+00,9.80E-01,1.23E+00,1.14E+00,1.21E+00,1.19E+00,1.10E+00,1.31E+00,1.31E+00,1.38E+00,8.45E-01,9.36E-01,1.40E+00,1.29E+00,1.41E+00,1.18E+00,1.17E+00,1.11E+00,1.05E+00,1.09E+00,1.07E+00,1.08E+00,1.02E+00,1.03E+00,9.32E-01,9.11E-01,1.06E+00,1.10E+00,1.21E+00,9.69E-01,1.13E+00,1.17E+00,1.20E+00,1.23E+00,1.09E+00,1.25E+00,1.10E+00,1.12E+00,1.11E+00,1.07E+00,1.17E+00,1.05E+00,1.18E+00,1.08E+00,1.06E+00,1.17E+00,1.17E+00,1.10E+00,1.17E+00,1.15E+00,8.69E-01,1.16E+00,1.22E+00,8.76E-01,1.14E+00,1.27E+00,1.25E+00,1.13E+00,1.07E+00,9.37E-01,1.07E+00,1.09E+00,1.09E+00,1.21E+00,8.03E-01,1.00E+00,9.06E-01,1.02E+00,1.23E+00,1.06E+00,1.04E+00,1.18E+00,1.23E+00,9.82E-01,1.18E+00,1.26E+00,1.38E+00,1.16E+00,1.30E+00,1.24E+00,1.21E+00,1.35E+00,7.95E-01,1.05E+00,1.50E+00,1.36E+00,1.08E+00,1.30E+00,1.22E+00,1.42E+00,1.05E+00,9.92E-01,9.79E-01,1.25E+00,8.61E-01,1.14E+00,1.34E+00,1.31E+00,1.13E+00,9.67E-01,9.67E-01,9.98E-01,1.21E+00,1.26E+00
137_S_0686,1.04E+00,7.37E-01,1.08E+00,8.79E-01,9.26E-01,1.05E+00,1.09E+00,1.08E+00,9.69E-01,1.12E+00,1.01E+00,1.07E+00,9.61E-01,9.70E-01,1.02E+00,9.80E-01,1.00E+00,1.05E+00,1.01E+00,9.96E-01,9.13E-01,1.07E+00,9.52E-01,1.06E+00,1.07E+00,1.04E+00,1.09E+00,1.04E+00,1.13E+00,1.09E+00,1.08E+00,1.14E+00,1.08E+00,1.05E+00,1.05E+00,1.03E+00,1.03E+00,1.02E+00,1.15E+00,1.08E+00,1.05E+00,1.00E+00,1.09E+00,9.90E-01,9.89E-01,1.01E+00,1.06E+00,1.16E+00,1.06E+00,9.75E-01,1.07E+00,1.03E+00,9.77E-01,1.00E+00,9.56E-01,8.65E-01,1.18E+00,1.23E+00,1.06E+00,1.02E+00,1.16E+00,1.19E+00,1.11E+00,1.11E+00,1.19E+00,1.00E+00,1.16E+00,1.16E+00,1.18E+00,1.15E+00,1.21E+00,1.27E+00,1.19E+00,9.24E-01,1.23E+00,1.14E+00,1.14E+00,1.09E+00,1.19E+00,1.05E+00,1.13E+00,1.05E+00,1.04E+00,1.11E+00,1.08E+00,1.13E+00,1.17E+00,1.13E+00,1.13E+00,1.12E+00,1.12E+00,1.11E+00,1.16E+00,1.15E+00,1.20E+00,1.22E+00,1.15E+00,1.06E+00,1.14E+00,1.18E+00,1.30E+00,1.23E+00,1.31E+00,1.30E+00,1.28E+00,1.24E+00,1.23E+00,1.07E+00,1.40E+00,1.25E+00,1.37E+00,1.13E+00,1.15E+00,1.09E+00,1.24E+00,1.04E+00,1.16E+00,1.06E+00,1.09E+00,1.09E+00,1.09E+00,1.16E+00,1.08E+00,1.12E+00,1.17E+00,9.54E-01,1.07E+00,1.14E+00,1.11E+00,1.13E+00,1.17E+00,1.20E+00,1.19E+00,1.18E+00,1.12E+00,1.14E+00,1.15E+00,1.04E+00,1.15E+00,1.12E+00,1.11E+00,1.12E+00,1.17E+00,1.10E+00,1.16E+00,1.17E+00,1.10E+00,1.15E+00,1.26E+00,1.15E+00,1.14E+00,1.23E+00,1.20E+00,1.07E+00,1.06E+00,1.11E+00,1.07E+00,1.12E+00,1.11E+00,1.15E+00,9.21E-01,1.03E+00,9.78E-01,1.11E+00,1.23E+00,1.09E+00,1.13E+00,1.17E+00,1.18E+00,1.06E+00,1.14E+00,1.21E+00,1.29E+00,1.15E+00,1.25E+00,1.23E+00,1.18E+00,1.25E+00,1.11E+00,1.11E+00,1.42E+00,1.40E+00,1.07E+00,1.26E+00,1.21E+00,1.34E+00,1.05E+00,1.09E+00,1.06E+00,1.20E+00,9.95E-01,1.10E+00,1.21E+00,1.30E+00,1.12E+00,9.90E-01,1.01E+00,1.03E+00,1.15E+00,1.20E+00
137_S_0972,1.03E+00,7.56E-01,1.11E+00,9.03E-01,9.53E-01,1.09E+00,1.09E+00,1.15E+00,9.81E-01,1.16E+00,1.02E+00,1.15E+00,9.68E-01,9.60E-01,1.02E+00,9.90E-01,9.47E-01,1.01E+00,9.90E-01,9.15E-01,1.02E+00,1.12E+00,1.03E+00,1.11E+00,1.08E+00,1.06E+00,1.10E+00,1.03E+00,1.12E+00,1.11E+00,1.11E+00,1.05E+00,1.03E+00,1.01E+00,1.03E+00,9.84E-01,9.56E-01,9.45E-01,1.07E+00,1.08E+00,1.08E+00,1.02E+00,1.07E+00,9.71E-01,1.01E+00,1.08E+00,1.10E+00,1.15E+00,1.09E+00,1.01E+00,1.08E+00,1.05E+00,9.37E-01,9.85E-01,8.62E-01,8.62E-01,1.14E+00,1.17E+00,1.05E+00,1.01E+00,1.08E+00,1.23E+00,1.15E+00,1.10E+00,1.15E+00,1.03E+00,1.16E+00,1.12E+00,1.15E+00,1.17E+00,1.16E+00,1.23E+00,1.18E+00,9.41E-01,1.20E+00,1.13E+00,1.18E+00,1.16E+00,1.24E+00,1.08E+00,1.16E+00,1.08E+00,9.85E-01,1.10E+00,1.09E+00,1.11E+00,1.16E+00,1.14E+00,1.07E+00,1.16E+00,1.13E+00,1.13E+00,1.15E+00,1.17E+00,1.22E+00,1.23E+00,1.11E+00,1.06E+00,1.17E+00,1.11E+00,1.33E+00,1.23E+00,1.29E+00,1.30E+00,1.27E+00,1.38E+00,1.22E+00,1.20E+00,1.60E+00,1.35E+00,1.46E+00,1.21E+00,1.11E+00,1.05E+00,1.15E+00,1.08E+00,9.86E-01,1.06E+00,1.01E+00,1.07E+00,1.04E+00,1.06E+00,1.02E+00,1.18E+00,1.21E+00,9.83E-01,1.10E+00,1.19E+00,1.14E+00,1.16E+00,1.15E+00,1.19E+00,1.19E+00,1.23E+00,1.02E+00,1.16E+00,1.16E+00,1.00E+00,1.13E+00,1.04E+00,1.07E+00,1.15E+00,1.15E+00,1.13E+00,1.16E+00,1.19E+00,1.14E+00,1.15E+00,1.20E+00,1.11E+00,1.14E+00,1.29E+00,1.20E+00,1.14E+00,1.10E+00,1.07E+00,1.10E+00,1.13E+00,1.09E+00,1.15E+00,8.95E-01,1.05E+00,9.83E-01,1.14E+00,1.27E+00,1.06E+00,1.06E+00,1.20E+00,1.21E+00,1.09E+00,1.14E+00,1.22E+00,1.29E+00,1.16E+00,1.15E+00,1.19E+00,1.21E+00,1.22E+00,1.05E+00,1.10E+00,1.39E+00,1.41E+00,1.15E+00,1.20E+00,1.20E+00,1.34E+00,1.11E+00,1.10E+00,1.04E+00,1.21E+00,9.42E-01,1.08E+00,1.30E+00,1.30E+00,1.15E+00,1.08E+00,1.08E+00,1.04E+00,1.25E+00,1.17E+00
137_S_1041,1.09E+00,7.31E-01,1.16E+00,9.22E-01,9.77E-01,1.18E+00,1.14E+00,1.20E+00,9.97E-01,1.17E+00,1.08E+00,1.30E+00,9.60E-01,9.75E-01,1.12E+00,1.09E+00,1.08E+00,1.13E+00,1.15E+00,1.10E+00,9.25E-01,1.10E+00,9.67E-01,1.13E+00,1.14E+00,1.10E+00,1.21E+00,1.15E+00,1.09E+00,1.12E+00,1.18E+00,1.12E+00,1.11E+00,1.12E+00,1.10E+00,1.04E+00,1.15E+00,1.17E+00,1.19E+00,1.13E+00,1.18E+00,1.01E+00,1.09E+00,1.01E+00,1.00E+00,1.12E+00,1.09E+00,1.01E+00,1.06E+00,9.42E-01,9.99E-01,9.86E-01,9.08E-01,9.53E-01,8.89E-01,8.74E-01,1.14E+00,1.07E+00,1.09E+00,1.07E+00,1.13E+00,1.06E+00,1.07E+00,1.09E+00,1.17E+00,9.61E-01,1.01E+00,1.04E+00,1.04E+00,1.04E+00,1.02E+00,1.33E+00,1.29E+00,8.92E-01,1.12E+00,1.03E+00,1.13E+00,1.04E+00,1.13E+00,1.04E+00,1.01E+00,1.01E+00,9.21E-01,1.02E+00,1.02E+00,1.15E+00,1.15E+00,1.01E+00,1.01E+00,1.13E+00,1.15E+00,1.09E+00,1.05E+00,1.05E+00,1.11E+00,1.29E+00,1.18E+00,1.02E+00,1.24E+00,1.12E+00,1.40E+00,1.26E+00,1.41E+00,1.41E+00,1.39E+00,1.53E+00,1.32E+00,1.16E+00,1.75E+00,1.34E+00,1.63E+00,1.27E+00,1.32E+00,1.26E+00,1.31E+00,1.27E+00,1.24E+00,1.24E+00,1.31E+00,1.26E+00,1.29E+00,1.34E+00,1.27E+00,9.97E-01,1.07E+00,9.22E-01,1.03E+00,1.19E+00,1.16E+00,1.27E+00,1.11E+00,1.15E+00,1.23E+00,1.13E+00,1.13E+00,1.16E+00,1.33E+00,1.02E+00,1.30E+00,1.25E+00,1.11E+00,1.13E+00,1.15E+00,1.18E+00,1.12E+00,1.10E+00,1.14E+00,1.12E+00,1.24E+00,1.29E+00,1.05E+00,9.50E-01,9.12E-01,1.10E+00,9.48E-01,1.00E+00,9.79E-01,1.03E+00,9.72E-01,9.53E-01,8.19E-01,8.81E-01,8.22E-01,1.11E+00,9.82E-01,1.09E+00,1.10E+00,1.03E+00,1.00E+00,1.00E+00,9.94E-01,9.82E-01,9.26E-01,1.05E+00,9.71E-01,1.04E+00,1.04E+00,9.10E-01,1.12E+00,9.80E-01,1.24E+00,1.33E+00,1.03E+00,9.95E-01,1.00E+00,1.21E+00,9.39E-01,9.45E-01,8.79E-01,1.11E+00,8.00E-01,1.00E+00,1.01E+00,1.09E+00,1.08E+00,9.68E-01,7.88E-01,1.01E+00,1.19E+00,1.14E+00
137_S_4587,9.62E-01,6.90E-01,9.94E-01,8.18E-01,8.69E-01,1.03E+00,1.05E+00,1.08E+00,9.37E-01,1.10E+00,9.72E-01,1.09E+00,9.24E-01,9.02E-01,9.78E-01,9.78E-01,1.00E+00,1.05E+00,1.05E+00,1.01E+00,1.02E+00,1.07E+00,9.69E-01,1.05E+00,1.02E+00,9.90E-01,1.01E+00,9.90E-01,1.06E+00,1.01E+00,1.04E+00,1.09E+00,1.09E+00,1.06E+00,9.95E-01,9.89E-01,1.03E+00,1.03E+00,1.06E+00,1.03E+00,1.06E+00,1.01E+00,1.10E+00,9.13E-01,9.83E-01,1.05E+00,1.07E+00,1.19E+00,1.08E+00,9.55E-01,1.04E+00,1.05E+00,9.61E-01,9.93E-01,8.94E-01,9.12E-01,1.13E+00,1.19E+00,1.09E+00,1.09E+00,1.16E+00,1.20E+00,1.15E+00,1.06E+00,1.18E+00,9.97E-01,1.11E+00,1.12E+00,1.18E+00,1.16E+00,1.23E+00,1.18E+00,1.25E+00,8.75E-01,1.14E+00,1.14E+00,1.14E+00,1.14E+00,1.20E+00,1.06E+00,1.16E+00,1.01E+00,1.02E+00,1.09E+00,1.07E+00,1.09E+00,1.11E+00,1.19E+00,1.21E+00,1.17E+00,1.23E+00,1.18E+00,1.19E+00,1.26E+00,1.24E+00,1.13E+00,1.12E+00,1.02E+00,1.12E+00,1.02E+00,1.29E+00,1.18E+00,1.20E+00,1.19E+00,1.21E+00,1.25E+00,1.08E+00,1.08E+00,1.44E+00,1.25E+00,1.40E+00,1.15E+00,1.06E+00,1.16E+00,1.30E+00,1.06E+00,1.11E+00,1.12E+00,1.12E+00,1.16E+00,1.19E+00,1.25E+00,1.18E+00,1.13E+00,1.14E+00,9.55E-01,1.05E+00,1.14E+00,1.10E+00,1.12E+00,1.10E+00,1.12E+00,1.11E+00,1.22E+00,1.10E+00,1.18E+00,1.10E+00,1.07E+00,1.31E+00,1.17E+00,1.08E+00,1.13E+00,1.16E+00,1.11E+00,1.15E+00,1.14E+00,1.20E+00,1.20E+00,1.31E+00,1.34E+00,1.14E+00,1.23E+00,1.24E+00,1.15E+00,1.08E+00,1.19E+00,1.11E+00,1.15E+00,1.15E+00,1.20E+00,8.98E-01,1.02E+00,9.60E-01,1.09E+00,1.22E+00,1.13E+00,1.26E+00,1.16E+00,1.17E+00,1.10E+00,1.10E+00,1.13E+00,1.24E+00,1.21E+00,1.26E+00,1.23E+00,1.24E+00,1.29E+00,1.37E+00,1.26E+00,1.37E+00,1.48E+00,1.10E+00,1.15E+00,1.20E+00,1.39E+00,1.05E+00,1.06E+00,1.18E+00,1.19E+00,9.79E-01,1.20E+00,1.33E+00,1.16E+00,1.14E+00,1.01E+00,1.06E+00,1.06E+00,1.16E+00,1.14E+00
141_S_0717,9.93E-01,7.10E-01,9.68E-01,8.21E-01,8.78E-01,9.91E-01,1.05E+00,1.05E+00,9.33E-01,1.02E+00,9.05E-01,1.03E+00,9.07E-01,8.87E-01,9.41E-01,9.33E-01,9.23E-01,9.77E-01,9.85E-01,9.27E-01,9.14E-01,1.03E+00,9.65E-01,1.02E+00,1.01E+00,9.82E-01,1.01E+00,1.01E+00,1.09E+00,1.02E+00,1.03E+00,1.04E+00,1.03E+00,1.03E+00,1.00E+00,9.88E-01,1.02E+00,9.68E-01,1.04E+00,1.02E+00,1.02E+00,9.61E-01,1.01E+00,9.12E-01,9.59E-01,9.82E-01,1.04E+00,1.15E+00,1.05E+00,9.59E-01,1.04E+00,1.02E+00,9.26E-01,9.94E-01,8.89E-01,8.78E-01,1.13E+00,1.08E+00,1.01E+00,9.58E-01,1.11E+00,1.16E+00,1.15E+00,1.09E+00,1.13E+00,9.70E-01,1.09E+00,1.09E+00,1.14E+00,1.09E+00,1.22E+00,1.19E+00,1.21E+00,8.88E-01,1.16E+00,1.14E+00,1.17E+00,1.12E+00,1.18E+00,1.08E+00,1.17E+00,1.02E+00,9.39E-01,1.07E+00,9.82E-01,1.11E+00,1.13E+00,1.18E+00,1.17E+00,1.13E+00,1.17E+00,1.11E+00,1.13E+00,1.17E+00,1.17E+00,1.11E+00,1.06E+00,1.04E+00,1.09E+00,1.06E+00,1.39E+00,1.22E+00,1.10E+00,1.16E+00,1.17E+00,1.15E+00,1.14E+00,1.09E+00,1.24E+00,1.13E+00,1.29E+00,1.14E+00,1.10E+00,1.10E+00,1.22E+00,1.07E+00,1.07E+00,1.08E+00,1.11E+00,1.05E+00,1.12E+00,1.14E+00,1.08E+00,1.10E+00,1.17E+00,9.49E-01,1.05E+00,1.15E+00,1.13E+00,1.17E+00,1.17E+00,1.16E+00,1.07E+00,1.17E+00,1.12E+00,1.09E+00,1.16E+00,1.00E+00,1.23E+00,1.07E+00,1.07E+00,1.19E+00,1.19E+00,1.08E+00,1.14E+00,1.12E+00,1.10E+00,1.13E+00,1.23E+00,1.12E+00,1.14E+00,1.29E+00,1.26E+00,1.12E+00,1.08E+00,1.10E+00,1.09E+00,1.13E+00,1.16E+00,1.23E+00,9.03E-01,1.03E+00,9.41E-01,1.13E+00,1.21E+00,1.13E+00,1.15E+00,1.18E+00,1.24E+00,1.08E+00,1.13E+00,1.19E+00,1.23E+00,1.24E+00,1.30E+00,1.30E+00,1.24E+00,1.30E+00,1.16E+00,1.19E+00,1.36E+00,1.41E+00,1.14E+00,1.25E+00,1.27E+00,1.39E+00,1.10E+00,1.09E+00,1.19E+00,1.28E+00,9.82E-01,1.19E+00,1.28E+00,1.20E+00,1.11E+00,1.05E+00,1.01E+00,1.03E+00,1.17E+00,1.21E+00
941_S_1203,9.94E-01,7.24E-01,1.05E+00,8.47E-01,8.94E-01,9.95E-01,1.06E+00,1.07E+00,9.41E-01,1.12E+00,9.77E-01,1.09E+00,9.35E-01,8.87E-01,9.25E-01,9.11E-01,9.48E-01,9.72E-01,9.69E-01,9.18E-01,9.31E-01,1.06E+00,9.74E-01,1.02E+00,9.83E-01,1.00E+00,1.02E+00,1.00E+00,1.03E+00,1.05E+00,1.04E+00,1.03E+00,1.05E+00,9.64E-01,9.82E-01,9.66E-01,9.76E-01,9.81E-01,1.05E+00,1.01E+00,1.04E+00,9.51E-01,1.00E+00,9.55E-01,9.47E-01,1.00E+00,9.92E-01,1.10E+00,1.01E+00,9.33E-01,9.84E-01,1.03E+00,9.26E-01,9.74E-01,8.62E-01,8.86E-01,1.09E+00,1.12E+00,9.88E-01,9.81E-01,1.05E+00,1.15E+00,1.12E+00,1.04E+00,1.11E+00,9.58E-01,1.07E+00,1.08E+00,1.15E+00,1.13E+00,1.19E+00,1.23E+00,1.20E+00,8.98E-01,1.14E+00,1.10E+00,1.17E+00,1.11E+00,1.20E+00,1.05E+00,1.12E+00,1.02E+00,8.98E-01,1.02E+00,9.51E-01,1.06E+00,1.06E+00,1.12E+00,1.09E+00,1.15E+00,1.08E+00,1.07E+00,1.18E+00,1.12E+00,1.09E+00,1.11E+00,1.08E+00,1.02E+00,1.06E+00,1.01E+00,1.20E+00,1.16E+00,1.15E+00,1.19E+00,1.17E+00,1.26E+00,1.14E+00,1.09E+00,1.47E+00,1.26E+00,1.39E+00,1.13E+00,1.09E+00,1.07E+00,1.15E+00,1.06E+00,1.06E+00,1.03E+00,1.08E+00,1.05E+00,1.01E+00,1.05E+00,1.05E+00,1.17E+00,1.21E+00,9.55E-01,1.07E+00,1.12E+00,1.10E+00,1.17E+00,1.08E+00,1.13E+00,1.10E+00,1.25E+00,1.10E+00,1.14E+00,1.16E+00,1.02E+00,1.18E+00,1.06E+00,1.05E+00,1.17E+00,1.20E+00,1.12E+00,1.16E+00,1.10E+00,1.03E+00,1.13E+00,1.22E+00,1.04E+00,1.16E+00,1.28E+00,1.21E+00,1.11E+00,1.04E+00,1.05E+00,1.13E+00,1.12E+00,1.13E+00,1.19E+00,8.83E-01,1.01E+00,9.52E-01,1.09E+00,1.21E+00,1.12E+00,1.08E+00,1.15E+00,1.24E+00,1.07E+00,1.09E+00,1.16E+00,1.23E+00,1.22E+00,1.26E+00,1.24E+00,1.25E+00,1.23E+00,1.05E+00,1.14E+00,1.44E+00,1.41E+00,1.13E+00,1.19E+00,1.20E+00,1.36E+00,1.04E+00,1.04E+00,1.11E+00,1.18E+00,9.18E-01,1.12E+00,1.29E+00,1.22E+00,1.13E+00,1.04E+00,1.07E+00,1.07E+00,1.18E+00,1.16E+00